iter,Species,n_train,n_test,a0,a_DBH_cm,a_H_m,a_BA_sq_m_sq_m,SE_a0,SE_a_DBH_cm,SE_a_H_m,SE_a_BA_sq_m_sq_m,CI95_lo_a0,CI95_hi_a0,CI95_lo_a_DBH_cm,CI95_hi_a_DBH_cm,CI95_lo_a_H_m,CI95_hi_a_H_m,CI95_lo_a_BA_sq_m_sq_m,CI95_hi_a_BA_sq_m_sq_m,success
1,Alder,92,23,0.7461248626011779,-0.04453554980940523,0.8859274301225961,1.020858031628301,0.11671020137463423,0.05407090822665924,0.09703667930224717,0.030124558274732934,0.5141878622869626,0.9780618629153933,-0.15199011771046142,0.06291901809165096,0.6930874208283678,1.0787674394168243,0.9609918022864082,1.0807242609701937,True
1,Aspen,53,13,1.059728684976863,0.02921500889887133,0.7857224863036774,0.9429877789760723,0.3556024952941401,0.15742810721590816,0.24764148981246656,0.04603998434748907,0.3451187161723921,1.774338653781334,-0.28714861699034466,0.34557863478808737,0.2880682806907517,1.283376691916603,0.8504669665135405,1.0355085914386042,True
1,Birch,96,24,1.648930713615797,0.09025851914425564,0.6969351674111657,0.7859675867249416,0.38585397897600066,0.08923990421482829,0.1312423213791852,0.059812871426246625,0.882591405630413,2.415270021601181,-0.0869796335428443,0.2674966718313556,0.4362765887150632,0.9575937461072681,0.6671740612077159,0.9047611122421673,True
1,Oak,72,18,0.6510444439364078,-0.0003326474528279747,0.8987648477509314,0.9927821870180292,0.08759160836883534,0.040392554458075866,0.07344910658642176,0.0370903138569599,0.47625811078242664,0.825830777090389,-0.08093473493500639,0.08026944002935044,0.7521994375164476,1.0453302579854151,0.918769618059484,1.0667947559765745,True
1,Pine,366,92,0.8208885021247302,-0.3421114009905499,1.3771039184026042,0.8176112666616016,0.057349333230584436,0.03563675300141923,0.048033726198107994,0.02046109770809872,0.7081088124552259,0.9336681917942344,-0.4121924589196671,-0.27203034306143264,1.2826437315245545,1.4715641052806538,0.7773737238720694,0.8578488094511337,True
1,Spruce,6,1,8.338899059806936,0.08147496560892158,1.14959705752189,-0.0290016552267446,9.258108734887958,0.20583572861168856,0.7148869850360973,0.9675856910008194,-31.495527760182433,48.1733258797963,-0.8041646939711545,0.9671146251889976,-1.9263133800679189,4.225507495111699,-4.192186869826348,4.134183559372858,True
2,Alder,92,23,0.6582186030134577,-0.13160039266715431,1.0125621186281242,1.021692836591256,0.10816482514340686,0.055532135846300096,0.09967490486492972,0.0334883618197157,0.44326374227472964,0.8731734637521857,-0.24195884340693413,-0.021241941927374483,0.8144791904120383,1.21064504684421,0.955141754557136,1.0882439186253763,True
2,Aspen,53,13,1.1539650144210194,0.049057964209171766,0.7353510693616557,0.9469128242663079,0.3744530877891659,0.14723462981812135,0.2299637391225615,0.04951277263883223,0.40147336173333026,1.9064566671087086,-0.24682110192121529,0.3449370303395588,0.2732216337833076,1.197480504940004,0.8474131824497004,1.0464124660829153,True
2,Birch,96,24,1.8582146824914691,0.10152785438166843,0.6866149338151574,0.7489252728040989,0.4531205942293227,0.09403011644958188,0.13612106766980486,0.0631349850140406,0.9582780703638462,2.758151294619092,-0.08522407328016753,0.2882797820435044,0.4162667438673791,0.9569631237629357,0.6235337429467982,0.8743168026613997,True
2,Oak,72,18,0.7160326454683582,0.0021720685982857422,0.9025971537383568,0.9611074849827462,0.08764521383118887,0.03927022553280726,0.0740359608985506,0.03143256451614243,0.5411393442796957,0.8909259466570207,-0.07619044638267412,0.0805345835792456,0.7548606939567444,1.0503336135199692,0.8983847790556199,1.0238301909098726,True
2,Pine,366,92,0.8941566673303829,-0.3800371243580299,1.4365726398834107,0.7755705514897802,0.06763234275066177,0.03937860811359981,0.05395403012132077,0.02299650699930303,0.7611550403302385,1.0271582943305273,-0.4574766855960386,-0.3025975631200212,1.3304699455585087,1.5426753342083126,0.7303470279234967,0.8207940750560636,True
2,Spruce,6,1,2.612112491845964,0.06272139282365788,0.4020185394173984,1.0125987502272467,1.7785230260760028,0.21142367942656318,0.15365970770082918,0.31010585583502565,-5.040254461127391,10.26447944481932,-0.8469612785834463,0.972404064230762,-0.2591258213658856,1.0631629002006824,-0.3216790568760848,2.346876557330578,True
3,Alder,92,23,0.8179472582573256,-0.043294913466083176,0.8996070892446258,0.9823780238826663,0.1161173710205442,0.050471277346815675,0.08864224888125637,0.030704013174594546,0.5871883836973576,1.0487061328172935,-0.14359597140249294,0.05700614447032659,0.723449246447063,1.0757649320421887,0.9213602496911518,1.0433957980741806,True
3,Aspen,53,13,0.7552192550116956,-0.118178858362491,1.0549076397900703,0.9301877405155412,0.20721185960382582,0.124973535073122,0.19783135863639056,0.04782986889861292,0.3388114331123466,1.1716270769110446,-0.3693225797419395,0.13296486301695754,0.6573506403467461,1.4524646392333946,0.8340700203817507,1.0263054606493318,True
3,Birch,96,24,1.799174082877809,0.037225588519294604,0.8221269118188895,0.6864682315686323,0.42188763347102864,0.09502420137281337,0.1339329745907306,0.054836441086115885,0.9612688267501053,2.6370793390055125,-0.1515006776064588,0.22595185464504802,0.5561244635956761,1.088129360042103,0.5775583262572008,0.7953781368800639,True
3,Oak,72,18,0.6999524005944172,0.004163359775457398,0.8984148556075672,0.9687456554134144,0.08678111479716337,0.03554606252007465,0.06536852614680763,0.030236085675081632,0.5267833821818311,0.8731214190070034,-0.06676770361801437,0.07509442316892917,0.7679739925882532,1.0288557186268812,0.908410485840738,1.0290808249860908,True
3,Pine,366,92,0.8210023241635945,-0.3425432389575103,1.3707259822487998,0.8233092350351058,0.06145806832121117,0.03709229541653083,0.049591928620842406,0.022736761641299397,0.7001426474680517,0.9418620008591374,-0.4154866775391988,-0.2695998003758218,1.273201529828696,1.4682504346689036,0.7785965107967058,0.8680219592735058,True
3,Spruce,6,1,8.338899059807227,0.0814749656089249,1.1495970575219085,-0.02900165522677493,9.25810873525081,0.20583572861364496,0.7148869850519648,0.9675856910353813,-31.495527761743368,48.17332588135782,-0.8041646939795689,0.9671146251974186,-1.9263133801361727,4.22550749517999,-4.192186869975086,4.134183559521536,True
4,Alder,92,23,0.7081522601114821,-0.11729378576536428,0.9840075494992474,1.0136507676151305,0.11801337501897188,0.058056299309113026,0.10092142756957387,0.033785254465744756,0.4736254760217594,0.9426790442012049,-0.2326684809719694,-0.0019190905587591761,0.7834474193459403,1.1845676796525544,0.9465096738346139,1.080791861395647,True
4,Aspen,53,13,1.0654174400524494,0.025916135248750336,0.7593191797135729,0.9671396246885506,0.332634207855569,0.13957999204370686,0.2174307614181012,0.047583980471348875,0.3969639729237975,1.7338709071811014,-0.25458036036097925,0.30641263085848,0.32237570577760105,1.1962626536495446,0.8715160358492866,1.0627632135278147,True
4,Birch,96,24,1.9526228966638994,0.15041457818436263,0.687957257454917,0.6840230085510199,0.49045080233715566,0.10468804245425499,0.14947509462920233,0.058522555656103745,0.9785452690043713,2.9267005243234276,-0.0575049104824322,0.35833406685115743,0.3910868172868829,0.9848276976229511,0.5677921615294214,0.8002538555726185,True
4,Oak,72,18,0.6575918862588832,-0.00887403510652669,0.926656798517711,0.9731070079716155,0.08561958347214096,0.039194951782834477,0.06991699600090902,0.03162984728229422,0.4867406675182618,0.8284431049995047,-0.08708634365806364,0.06933827344501026,0.7871396052189924,1.0661739918164295,0.9099906304139267,1.0362233855293044,True
4,Pine,366,92,0.8315610320544787,-0.3325160939889037,1.3742333807745457,0.8074204719000255,0.06602421103349591,0.039383039590603956,0.05263692359434191,0.023673190490271525,0.701721858491769,0.9614002056171884,-0.40996436989843776,-0.2550678180793696,1.2707208275551578,1.4777459339939336,0.7608662239849678,0.8539747198150832,True
4,Spruce,6,1,3.702522748906452,0.08254528345141793,0.4015132732122307,0.8941062593400075,2.7380935549664005,0.22791018235850283,0.16524378448259394,0.3358255958877173,-8.078542959533145,15.483588457346048,-0.8980730847989398,1.0631636517017755,-0.3094733471571231,1.1124998935815844,-0.5508346575081129,2.339047176188128,True
5,Alder,92,23,0.9272336565798712,-0.01596688553733971,0.8209604931006065,0.9885336616452395,0.1499901481232729,0.05604754998055585,0.0969460809956989,0.03152773269349288,0.6291597553899653,1.2253075577697772,-0.12734961356231672,0.0954158424876373,0.6283005289027525,1.0136204572984604,0.9258789180023548,1.0511884052881242,True
5,Aspen,53,13,0.760569170711292,-0.07788653439879815,0.9619729549071795,0.9806246470232617,0.23563583766542776,0.13785280608550107,0.21815081113603327,0.04921699898999737,0.28704122635864304,1.234097115063941,-0.3549121198770001,0.19913905107940377,0.5235824868885495,1.4003634229258095,0.8817193846071482,1.079529909439375,True
5,Birch,96,24,2.1047322052489874,0.10930336067725033,0.728755745478906,0.6600502540266623,0.5133800060809838,0.09399925926499428,0.1394642165000787,0.058950787350872426,1.0851151997752575,3.124349210722717,-0.07738728195249656,0.2959940033069972,0.45176777338378965,1.0057437175740223,0.5429689018955988,0.7771316061577258,True
5,Oak,72,18,0.6569508102742779,-0.014281562870260753,0.9271861125333796,0.9785369834513548,0.08747650528782257,0.040383365220542006,0.07117540406502317,0.032349474653347386,0.4823941617423696,0.8315074588061863,-0.0948653135144368,0.0663021877739153,0.7851578050396605,1.0692144200270988,0.9139846118325229,1.0430893550701867,True
5,Pine,366,92,0.8658869553415898,-0.3726763979451448,1.4372012085644608,0.7784978525342784,0.06454993769544619,0.03962167527682782,0.05286654323862303,0.022945091848429754,0.7389469975184033,0.9928269131647762,-0.450593960193688,-0.29475883569660155,1.3332370994024791,1.5411653177264424,0.7333754388577383,0.8236202662108185,True
5,Spruce,6,1,1.2154888946906142,-0.14607749177969578,0.4284421638175613,1.408069664646435,1.4859318494940252,0.31521837464583463,0.15777833775582595,0.5829746928630228,-5.17795983367729,7.608937623058518,-1.5023526918999774,1.2101977083405857,-0.250423231814463,1.1073075594495856,-1.1002679889444202,3.9164073182372903,True
6,Alder,92,23,0.5766454095468103,-0.19396378569741665,1.1484795989364758,0.9955102978076223,0.10157739064866464,0.06125452738175618,0.10982416242233095,0.03347900650139709,0.3747816906147227,0.7785091284788979,-0.315694287138204,-0.07223328425662928,0.9302271540410054,1.3667320438319461,0.9289778075027791,1.0620427881124657,True
6,Aspen,53,13,0.7934412384038102,-0.10229940542683112,0.9841604408577336,0.963369246311673,0.2043281682264736,0.11808585215679808,0.18170057417155566,0.041190083758314004,0.38282841128791134,1.204054065519709,-0.33960180977643695,0.13500299892277473,0.6190194664304106,1.3493014152850566,0.8805946739756859,1.0461438186476602,True
6,Birch,96,24,2.040735575910589,0.09322068361381416,0.6872428272458706,0.7190059312360004,0.4348789913362054,0.08640893946625708,0.12525697914197859,0.055822888184799316,1.1770283616882427,2.9044427901329355,-0.0783949287223775,0.2648362959500058,0.4384716548693538,0.9360139996223874,0.6081368568394776,0.8298750056325233,True
6,Oak,72,18,0.7366344183206945,-0.00026684993047116344,0.8746140983241819,0.9824192006213568,0.06070387393454098,0.025208870740725406,0.04517042086367295,0.02071326794815703,0.6155017238668841,0.857767112774505,-0.05057036829001954,0.05003666842907721,0.7844779268711122,0.9647502697772516,0.9410865179624278,1.0237518832802857,True
6,Pine,366,92,0.8376377286145474,-0.33675455000559784,1.3793004988961781,0.8046701382935081,0.06106161751082533,0.038710716679981334,0.051601025993607455,0.021833463305658274,0.7175576878248793,0.9577177694042156,-0.4128806768168529,-0.26062842319434276,1.2778250785144203,1.480775919277936,0.7617337852914219,0.8476064912955943,True
6,Spruce,6,1,3.133229965375261,0.015125580284598006,0.42703387376568824,0.9804322111807605,1.960723083142732,0.20906996574039813,0.14920955718126572,0.2922741703417628,-5.30308056048705,11.569540491237571,-0.8844298785058049,0.9146810390750009,-0.21496303473703726,1.0690307822684137,-0.2771220456599003,2.2379864680214214,True
7,Alder,92,23,0.7060048164268332,-0.14966520554176788,1.0321577424170132,1.0005755772031202,0.11456270991720294,0.05915776091279694,0.10313725234555052,0.03497073528426491,0.4783355041207826,0.9336741287328838,-0.2672288242298747,-0.03210158685366103,0.827194126144166,1.2371213586898604,0.9310785894070068,1.0700725649992335,True
7,Aspen,53,13,0.7354289077826623,-0.14183491268462614,1.0426180328335122,0.9711594722381707,0.2212652742749586,0.13765902276696626,0.21871949223245277,0.04958591560895708,0.29077969176309615,1.1800781238022284,-0.4184710760045318,0.1348012506352795,0.603084757365694,1.4821513083013302,0.8715128441200303,1.070806100356311,True
7,Birch,96,24,1.742346202029319,0.15433758378221824,0.6799358249526682,0.7258010566512368,0.43526674018552713,0.10008797665472484,0.14017991813089062,0.06203291058189725,0.8778688851229209,2.606823518935717,-0.04444577714305489,0.35312094470749134,0.40152640764157677,0.9583452422637597,0.6025983417438777,0.849003771558596,True
7,Oak,72,18,0.7222563798209689,0.005876696530298554,0.8731460084526472,0.982862626936007,0.059784086000864045,0.023961541042292082,0.044113406571899286,0.0206353281882094,0.6029590936123148,0.841553666029623,-0.041937814168776365,0.053691207229373476,0.7851190761788891,0.9611729407264054,0.9416854706465767,1.0240397832254373,True
7,Pine,366,92,0.8431722853707149,-0.35810832344354593,1.4070284642338067,0.7992183474946789,0.06349486128220178,0.038122179377380314,0.05067067286946448,0.023058449355961283,0.7183071762643372,0.9680373944770926,-0.4330770688066263,-0.2831395780804656,1.3073826193800158,1.5066743090875976,0.7538730118798886,0.8445636831094692,True
7,Spruce,6,1,3.1332299653752753,0.015125580284599297,0.4270338737656878,0.9804322111807585,1.9607230831207434,0.20906996573860684,0.14920955718086382,0.29227417033871905,-5.303080560392427,11.569540491142977,-0.8844298784980963,0.9146810390672949,-0.21496303473530842,1.069030782266684,-0.2771220456468061,2.237986468008323,True
8,Alder,92,23,0.8228586034074677,-0.09914850964220324,0.962842624712359,0.9710912758032529,0.13149208854037717,0.05609947949979336,0.09992692889902208,0.03181107061670876,0.5615457085456935,1.0841714982692419,-0.21063443667444653,0.012337417390040031,0.7642588516876276,1.1614263977370904,0.907873457577239,1.034309094029267,True
8,Aspen,53,13,0.8417820578791667,-0.044429565409265515,0.8855518693268661,0.9879324361307753,0.2672921181874175,0.14436167253430246,0.22449172164858297,0.05376741711913765,0.3046384360899105,1.378925679668423,-0.33453520772476003,0.245676076906229,0.43441886456136375,1.3366848740923685,0.8798827661237575,1.095982106137793,True
8,Birch,96,24,1.5760839251531642,0.12471851695793253,0.7631437053002501,0.707621427666867,0.3979865430100538,0.09645826675508082,0.1394212615030252,0.060980404523276896,0.7856482977502139,2.3665195525561145,-0.06685592680115555,0.3162929607170206,0.4862410455370264,1.040046365063474,0.5865090806410419,0.828733774692692,True
8,Oak,72,18,0.6528674797077871,-0.009618481550103329,0.9356961956387849,0.9676761823606058,0.08668965857750763,0.03961186362305883,0.0703508159501528,0.03355787508598315,0.47988095934011,0.8258540000754643,-0.08866272472595321,0.06942576162574657,0.7953133281095159,1.076079063168054,0.9007124852217229,1.0346398794994889,True
8,Pine,366,92,0.853340307324342,-0.33394325908282574,1.388848001066174,0.7891742148688867,0.06526506175194152,0.03795633060989642,0.05041546771473221,0.022802833209737024,0.7249940302882979,0.981686584360386,-0.4085858564076421,-0.25930066175800937,1.2897040270543165,1.4879919750780313,0.7443315583267507,0.8340168714110228,True
8,Spruce,6,1,7.554501751738537,0.4603131683806105,0.11313196179128605,0.6171961481575882,22.534636319550646,1.3093281141075104,0.9796975587278202,1.1493978983753332,-89.40421272128587,104.51321622476296,-5.173271015851971,6.093897352613191,-4.102166413545616,4.328430337128188,-4.328263856794048,5.5626561531092245,True
9,Alder,92,23,0.692442168790886,-0.16868202142222086,1.0856665634826286,0.9746423087505292,0.11378198404336083,0.06133686289943222,0.10496310096834374,0.03487836375877076,0.4663243851011333,0.9185599524806388,-0.29057614740280147,-0.04678789544164025,0.8770744567469884,1.2942586702182688,0.9053288899508293,1.043955727550229,True
9,Aspen,53,13,0.9188850674979698,-0.009304454426771486,0.8363216556182611,0.9741938107196021,0.2660740191459182,0.1372074233704815,0.2132518931923893,0.04494759784474532,0.38418930737888135,1.4535808276170583,-0.2850330947823988,0.26642418592885586,0.4077759317879061,1.264867379448616,0.8838682311223583,1.064519390316846,True
9,Birch,96,24,2.124789337155176,0.1136607747700213,0.7318675103698179,0.6474416070002937,0.5011717429894165,0.09494421743875575,0.13402943868673625,0.05723612418343506,1.1294189959613474,3.1201596783490047,-0.07490663635872437,0.302228185898767,0.46567347612545057,0.9980615446141852,0.5337657239242577,0.7611174900763298,True
9,Oak,72,18,0.6630119026635863,-0.007920463093276917,0.9070191118346367,0.9882045925500342,0.08933779977781513,0.04023302782668289,0.07325470155640833,0.037659842101144814,0.48474109880465627,0.8412827065225164,-0.08820422013877499,0.07236329395222116,0.7608416307976584,1.053196592871615,0.9130555476746461,1.0633536374254222,True
9,Pine,366,92,0.8270217356643617,-0.3491553440988775,1.3996716419361614,0.8013683971826454,0.06384301568103092,0.037303087518015456,0.0492910421439284,0.02283975837457158,0.7014719674199404,0.9525715039087829,-0.422513313529506,-0.275797374668249,1.3027388944510683,1.4966043894212546,0.7564531258707039,0.8462836684945869,True
9,Spruce,6,1,8.33889905980696,0.08147496560892316,1.149597057521888,-0.029001655226745197,9.258108734811358,0.20583572861222366,0.7148869850274149,0.9675856909894363,-31.49552775985282,48.173325879466745,-0.8041646939734551,0.9671146251913015,-1.9263133800305636,4.225507495074339,-4.1921868697773705,4.134183559323881,True
10,Alder,92,23,0.7590439628493465,-0.11595683739497208,0.9511998734990732,1.0196571021171739,0.12178138050437247,0.05562822041457422,0.09640402100355185,0.034682072682252846,0.517029059647859,1.001058866050834,-0.22650623602344977,-0.005407438766494396,0.7596171396297435,1.1427826073684029,0.9507337705843948,1.088580433649953,True
10,Aspen,53,13,0.8929493724268189,-0.07126575242236823,0.9280215803066119,0.950619654594327,0.2371285043572149,0.12401273282775979,0.18930728773308036,0.04506011439396376,0.4164218020530669,1.369476942800571,-0.3204786694017587,0.1779471645570222,0.5475943426701138,1.30844881794311,0.8600679645260065,1.0411713446626474,True
10,Birch,96,24,2.030111236900148,0.09216237502522619,0.6870512931888105,0.724409438920913,0.4672265260689784,0.09139923325911495,0.13476428087058015,0.05579566582814436,1.1021590265579397,2.9580634472423566,-0.08936439153052665,0.273689141580979,0.4193977989379924,0.9547047874396286,0.6135944304744578,0.8352244473673682,True
10,Oak,72,18,0.7063556683526523,0.005581569324526411,0.895603886721764,0.9672096620417889,0.09075963799892112,0.04173367868962936,0.07869185162159698,0.0318080073177806,0.5252476304979857,0.8874637062073188,-0.0776966898949047,0.08885982854395753,0.7385767416541802,1.052631031789348,0.9037377716684647,1.0306815524151132,True
10,Pine,366,92,0.912733174902107,-0.3474562977112992,1.3958468771375272,0.7756933063492347,0.06778421401186381,0.03607150613861193,0.04781845642671149,0.02275130723236901,0.779432887172304,1.04603346263191,-0.4183923145585663,-0.27652028086403213,1.3018100266200887,1.4898837276549657,0.7309519776414454,0.8204346350570241,True
10,Spruce,6,1,3.8391498223522524,0.15464797317681556,0.3880040390736249,0.8281752533443502,2.3691045468579905,0.20410823651699103,0.13965817064415387,0.29352381954463935,-6.354284323121821,14.032583967826326,-0.7235588878264817,1.032854834180113,-0.21289657007281337,0.9889046482200632,-0.4347558100502301,2.0911063167389305,True
11,Alder,92,23,0.737178667133912,-0.11062671920243254,0.9713353387435423,1.0066338981197234,0.12252735159899994,0.05897029718319905,0.10053175406707106,0.035150014492180845,0.4936813031366143,0.9806760311312097,-0.22781779312068606,0.006564354715820966,0.7715496027923523,1.1711210746947323,0.9367806305707437,1.0764871656687032,True
11,Aspen,53,13,0.921877319410598,-0.040858043359425555,0.8741545266680442,0.9670293847681913,0.33297828707046057,0.16959621485447074,0.26626592160404766,0.056430349916009606,0.25273239921208923,1.591022239609107,-0.3816743970418201,0.299958310322969,0.33907312412115453,1.4092359292149337,0.8536283509544403,1.0804304185819422,True
11,Birch,96,24,0.9833568061902834,-0.09043527105866364,1.0525429761364196,0.7856017041343891,0.24268801879376733,0.0948155699106529,0.14229858447588692,0.05296112306616962,0.5013574527760034,1.4653561596045634,-0.27874717709213465,0.09787663497480736,0.769925704587346,1.3351602476854931,0.6804163422823047,0.8907870659864735,True
11,Oak,72,18,0.6910580734977755,-0.005885655850982507,0.8970957368507647,0.9846713284525443,0.06949817633337589,0.029740485064215876,0.05330826575615657,0.02592977155387567,0.5523766218334911,0.8297395251620598,-0.06523186980227857,0.05346055810031357,0.7907207487459489,1.0034707249555805,0.9329292749177122,1.0364133819873766,True
11,Pine,366,92,0.8290315684262679,-0.33353760141764033,1.384044357274383,0.8004799869660052,0.0616211787158391,0.03704258948429708,0.04968551071965151,0.022077600073517088,0.7078511288089654,0.9502120080435704,-0.4063832913543792,-0.2606919114809015,1.286335872024815,1.481752842523951,0.7570635295343638,0.8438964443976466,True
11,Spruce,6,1,2.6121124918460064,0.06272139282366201,0.4020185394173974,1.012598750227239,1.7785230260886675,0.21142367942767346,0.15365970770108514,0.31010585583696965,-5.040254461181841,10.264479444873853,-0.8469612785882192,0.9724040642355432,-0.2591258213669878,1.0631629002017826,-0.3216790568844565,2.346876557338935,True
12,Alder,92,23,0.7766683553120459,-0.06138802981352484,0.9023481030411831,1.0079430851683253,0.12503110291555394,0.054729615185144166,0.0964857669142299,0.03207193139692225,0.5281953116993028,1.025141398924789,-0.1701516393770719,0.0473755797500222,0.7106029163520715,1.0940932897302946,0.9442068609576612,1.0716793093789894,True
12,Aspen,53,13,1.1510177328919518,0.04376466084644165,0.7416102279950562,0.9482885125383964,0.4445552169086187,0.1814617031452188,0.2839073616250288,0.05173170767304516,0.2576505774557737,2.0443848883281297,-0.32089628428148714,0.40842560597437044,0.17107702443470219,1.3121434315554101,0.8443297538242361,1.0522472712525566,True
12,Birch,96,24,1.915789941307489,0.14668231223701794,0.6253550842301739,0.7537351200483424,0.45803565295532334,0.09634906518316201,0.14047438796044015,0.061454449151107496,1.0060915982971448,2.8254882843178333,-0.04467524777429266,0.33803987224832854,0.3463608244198592,0.9043493440404886,0.6316812794735588,0.8757889606231261,True
12,Oak,72,18,0.656600094022159,-0.011282037902412702,0.949068147950975,0.9556007695471436,0.08682161732306146,0.03927330640299389,0.0704377261645999,0.037657890070510375,0.48335025407749876,0.8298499339668193,-0.08965070066411174,0.06708662485928635,0.808511853788953,1.089624442112997,0.8804556198882397,1.0307459192060475,True
12,Pine,366,92,0.8691424415822584,-0.3529614468160236,1.4002000680329607,0.7916460044681118,0.06512416664814422,0.038459320190776344,0.0511325506879898,0.023216547001224802,0.7410732402363244,0.9972116429281924,-0.42859319267392837,-0.2773297009581188,1.2996459225224024,1.500754213543519,0.7459897636977445,0.8373022452384792,True
12,Spruce,6,1,8.338899059807243,0.08147496560892495,1.1495970575219092,-0.029001655226776238,9.258108734655258,0.20583572861298438,0.7148869850146023,0.9675856909696203,-31.49552775918089,48.17332587879538,-0.8041646939767265,0.9671146251945765,-1.9263133799754144,4.225507495019233,-4.19218686969214,4.134183559238588,True
13,Alder,92,23,0.8375925562102575,-0.06890863951344389,0.9059735378457087,0.9901438839031956,0.140089982289949,0.05559287123364433,0.09907089457839784,0.03333403750821777,0.559193154241064,1.115991958179451,-0.17938778907292952,0.04157051004604173,0.7090909531503015,1.102856122541116,0.9238994890092125,1.0563882787971788,True
13,Aspen,53,13,0.9186924145383172,-0.050787639528785296,0.9183620094912498,0.9406313223590609,0.3206526805641993,0.16024168131794844,0.2554468351777297,0.05383534885845626,0.27431672795739004,1.5630681011192444,-0.3728053542612896,0.271230075203719,0.4050223751150498,1.43170164386745,0.8324451384108933,1.0488175063072285,True
13,Birch,96,24,1.687927962617631,0.06757735267567865,0.7660681602985459,0.7284267003467958,0.38832370338125727,0.08930963353069733,0.13074569238918807,0.05393929104373943,0.9166835687843266,2.459172356450935,-0.10979928845155916,0.24495399380291644,0.5063959296440779,1.0257403909530138,0.6212986124587803,0.8355547882348113,True
13,Oak,72,18,0.6413583519797027,-0.015793072185819663,0.9412727923794176,0.9739345416097671,0.08850853549548991,0.04422707794158597,0.08319201370022145,0.03574512984627238,0.4647423192320971,0.8179743847273083,-0.10404683214618063,0.07246068777454129,0.7752657136975398,1.1072798710612954,0.902606245551605,1.0452628376679294,True
13,Pine,366,92,0.8568620771372158,-0.36111596180726513,1.4240916263179977,0.78080163908748,0.06060358593385531,0.035626033981324655,0.047709227383745,0.021142463478080017,0.7376827732210144,0.9760413810534173,-0.4311759403673343,-0.29105598324719595,1.3302695789530061,1.5179136736829892,0.739224164065764,0.8223791141091961,True
13,Spruce,6,1,2.61211249184602,0.06272139282366417,0.40201853941739524,1.0125987502272378,1.7785230260642149,0.21142367942533113,0.1536597077005966,0.3101058558329637,-5.040254461076616,10.264479444768657,-0.8469612785781389,0.9724040642254672,-0.259125821364888,1.0631629001996785,-0.32167905686722165,2.346876557321697,True
14,Alder,92,23,0.9461080871868822,-0.010920218684047875,0.8309962597956029,0.9708070723372465,0.12218283753201359,0.05073894730357973,0.08526984171042819,0.026958258299003356,0.7032953725031983,1.1889208018705661,-0.11175321441265464,0.0899127770445589,0.6615403675887108,1.000452152002495,0.9172331988461364,1.0243809458283566,True
14,Aspen,53,13,0.9527636959594586,-0.04000802604919683,0.8877269611298635,0.9414912234131564,0.270669715475902,0.12884860409620622,0.19895018616075552,0.04279853654433577,0.40883253829826904,1.4966948536206481,-0.29893899017960196,0.21892293808120827,0.4879215935989568,1.2875323286607703,0.8554843441882884,1.0274981026380243,True
14,Birch,96,24,1.876717495354744,0.12023792314885699,0.7231338425889503,0.693032985437146,0.46947583514096597,0.09788215412566116,0.1426384637905743,0.05944768855197463,0.944297963042067,2.809137027667421,-0.07416448383382025,0.31464033013153425,0.43984154138356146,1.0064261437943391,0.5749647446296968,0.8111012262445951,True
14,Oak,72,18,0.7059257309413896,-0.013610322509743015,0.9134565600830734,0.9714943301022916,0.06901998974970922,0.02855948027714354,0.051070402328425545,0.025890002807768937,0.5681984857482385,0.8436529761345406,-0.07059987810056632,0.0433792330810803,0.8115471589210779,1.015365961245069,0.9198316338647573,1.023157026339826,True
14,Pine,366,92,0.8523986390174494,-0.36676692290935514,1.4145240397493097,0.7959360160863198,0.06211472767929405,0.03720408551091751,0.05034008255389808,0.02221641264361952,0.7302476162076388,0.97454966182726,-0.4399302010505092,-0.2936036447682011,1.31552831358212,1.5135197659164994,0.7522465783479079,0.8396254538247317,True
14,Spruce,6,1,3.7025227489064436,0.08254528345141653,0.4015132732122327,0.8941062593400076,2.738093554999367,0.22791018236052207,0.16524378448292662,0.3358255958916345,-8.078542959674998,15.483588457487883,-0.8980730848076293,1.0631636517104623,-0.3094733471585525,1.112499893583018,-0.5508346575249671,2.3390471762049825,True
15,Alder,92,23,0.7857695788830847,-0.07637457847979102,0.9360748842774113,0.9889911601446962,0.13097336046769817,0.058991876546442806,0.10297601941557678,0.035458603034554,0.5254875470627489,1.0460516107034206,-0.19360853684790835,0.0408593798883263,0.7314316845721778,1.1407180839826447,0.9185246377130554,1.059457682576337,True
15,Aspen,53,13,1.0867997775589593,0.039059864844813434,0.7476854303475512,0.9609101889147255,0.355756713705544,0.15241758106900652,0.23755888723650878,0.048523057773190895,0.3718798952538216,1.801719659864097,-0.26723473177460044,0.3453544614642273,0.27029297319708573,1.2250778874980166,0.8633994535839296,1.0584209242455214,True
15,Birch,96,24,1.9693541002820194,0.015158281839903729,0.7997340907752916,0.6971583154464311,0.39904065818071666,0.07987564936088833,0.11868831717468019,0.05103458585011856,1.176824909162125,2.761883291401914,-0.14348165241334285,0.1737982160931503,0.5640088480527035,1.0354593334978797,0.5957992227982429,0.7985174080946194,True
15,Oak,72,18,0.6416050651820212,-0.012544832617456451,0.933921672855378,0.9770108664343736,0.08627543812108993,0.03858727499249997,0.06929176090418972,0.03300312450892561,0.4694451088658883,0.8137650214981541,-0.08954454101352989,0.06445487577861699,0.7956521167670023,1.0721912289437536,0.9111541568367018,1.0428675760320454,True
15,Pine,366,92,0.865240697565991,-0.355994817792016,1.4317013113710435,0.768860159432703,0.06526897010301946,0.03725520612894693,0.04944462906820467,0.02315117086807633,0.7368867346058592,0.9935946605261228,-0.4292586266126444,-0.28273100897138764,1.3344665292382671,1.5289360935038199,0.723332483365584,0.8143878354998221,True
15,Spruce,6,1,8.338899059806929,0.0814749656089227,1.1495970575218868,-0.02900165522674255,9.258108734336753,0.20583572860961175,0.7148869850035614,0.9675856909418403,-31.495527757810798,48.17332587742465,-0.8041646939622176,0.9671146251800629,-1.9263133799279317,4.225507494971705,-4.192186869572579,4.134183559119094,True
16,Alder,92,23,0.6721857340164861,-0.1624026174931655,1.0609311514747497,1.0009639037002542,0.10786845699541706,0.06058465905308598,0.10413690317504322,0.03313268423527721,0.4578198426945169,0.8865516253384552,-0.2828018963936152,-0.04200333859271581,0.8539809392400816,1.267881363709418,0.9351196561248364,1.066808151275672,True
16,Aspen,53,13,0.8595254939694638,-0.09326637889126635,0.9482931995950475,0.9678110911757639,0.2762862378042452,0.14505768181462628,0.22565984083181004,0.04984738159305553,0.3043075121184522,1.4147434758204753,-0.38477070422131177,0.19823794643877904,0.4948127714449164,1.4017736277451787,0.8676390274906276,1.0679831548609002,True
16,Birch,96,24,1.7510819365281798,0.048803118448047224,0.8222259727608111,0.6811397016140713,0.40092194080800614,0.09522968954973311,0.13602936346695893,0.05377385268217341,0.9548163557239079,2.547347517332452,-0.14033126493418174,0.23793750183027618,0.5520599152755121,1.09239203024611,0.5743401885922609,0.7879392146358818,True
16,Oak,72,18,0.7086602942200702,0.0066988788178522895,0.8827962795858383,0.9773235173794173,0.08174283623628192,0.03432096866544581,0.06274702903178679,0.03162533546913373,0.545545004143612,0.8717755842965283,-0.061787547850622,0.07518530548632658,0.7575865326133813,1.0080060265582953,0.9142161430047147,1.0404308917541198,True
16,Pine,366,92,0.8974766182093904,-0.3444688434835673,1.3901201513872872,0.783403355213017,0.06749915982487935,0.03845077184643376,0.050733930695308294,0.02279003343944876,0.7647369006019606,1.0302163358168202,-0.4200837786905397,-0.26885390827659494,1.2903499075637794,1.489890395210795,0.738585869915944,0.8282208405100899,True
16,Spruce,6,1,3.13322996537529,0.015125580284601056,0.4270338737656869,0.9804322111807563,1.9607230831378635,0.20906996573988504,0.14920955718103665,0.29227417034123826,-5.303080560466074,11.569540491216653,-0.8844298785035941,0.9146810390727963,-0.21496303473605305,1.069030782267427,-0.27712204565764764,2.23798646801916,True
17,Alder,92,23,0.6818163805960139,-0.1491898062316801,1.0517877816737728,0.9919930095431295,0.11799009674813002,0.06293252395443726,0.11008592533967779,0.03494478583292132,0.44733585717800606,0.9162969040140218,-0.27425497325457804,-0.02412463920878219,0.8330151379856704,1.2705604253618752,0.9225475908286691,1.06143842825759,True
17,Aspen,53,13,0.8760128962693853,-0.04536005116647394,0.8993540602330146,0.9648532164523572,0.2904361052681475,0.14904912174274526,0.23489925434328787,0.05481699242647348,0.292359691154255,1.4596661013845156,-0.34488547533655617,0.25416537300360825,0.42730633548462027,1.3714017849814089,0.854694345898215,1.0750120870064994,True
17,Birch,96,24,1.7939920431198795,0.10245355810283127,0.7488882323141732,0.6960122762384614,0.4066874614792264,0.09442773736996028,0.13471080187928788,0.054532406810116,0.9862756406003982,2.601708445639361,-0.08508807902830173,0.2899951952339643,0.48134095195620497,1.0164355126721416,0.5877062092424774,0.8043183432344454,True
17,Oak,72,18,0.7292611146530352,0.004112933184029528,0.9056386306354988,0.9508250154957706,0.08422642879402858,0.03419411667838002,0.06208200619125527,0.03279919089183849,0.5611898927892632,0.8973323365168072,-0.06412036428536484,0.0723462306534239,0.7817559160800137,1.029521345190984,0.8853752490950701,1.016274781896471,True
17,Pine,366,92,0.8827769870735619,-0.35940979940688506,1.4201833897925515,0.7759499843823874,0.06855478791033369,0.03834062275075527,0.050282045148655065,0.02364932706947728,0.7479613358645107,1.017592638282613,-0.43480812214204284,-0.28401147667172727,1.3213017964353495,1.5190649831497536,0.7294426648105209,0.8224573039542539,True
17,Spruce,6,1,3.133229965375265,0.015125580284598778,0.4270338737656875,0.9804322111807601,1.9607230831419875,0.20906996574027872,0.14920955718118192,0.29227417034173686,-5.303080560483843,11.569540491234374,-0.8844298785052903,0.9146810390744878,-0.2149630347366775,1.0690307822680525,-0.27712204565978926,2.2379864680213095,True
18,Alder,92,23,0.8835526455548028,0.013617311845509898,0.7741109568986259,1.0192376845001279,0.1225462436616695,0.050628127539635734,0.08833334218640722,0.029746989743363296,0.6400177375528362,1.1270875535567695,-0.08699545288938798,0.11423007658040779,0.5985670012449152,0.9496549125523365,0.9601217932739052,1.0783535757263505,True
18,Aspen,53,13,0.8102025302333774,-0.10142733240582681,0.9297179378376046,1.0093571349210866,0.3105530695340355,0.17441566524137664,0.26037620015092694,0.07601341692410687,0.18612277188330473,1.43428228858345,-0.45192873424232033,0.24907406943066673,0.40647237367649525,1.452963501998714,0.8566024545808207,1.1621118152613525,True
18,Birch,96,24,1.786725458969231,0.11910431520752905,0.7094159631314887,0.7171540862092415,0.43295013366578683,0.09589625844933557,0.13830976081902946,0.05693412916090755,0.926849122573449,2.646601795365013,-0.0713539315455055,0.3095625619605636,0.43472083966803077,0.9841110865949466,0.6040779913152347,0.8302301811032483,True
18,Oak,72,18,0.7428575887399756,0.010074706868952914,0.8587959297331357,0.9838063844828496,0.06256589300326296,0.02492965544957141,0.04516780660634512,0.020765249527287574,0.6180092930848006,0.8677058843951507,-0.039671646051917524,0.05982105978982335,0.7686649749493424,0.948926884516929,0.942369974197759,1.0252427947679403,True
18,Pine,366,92,0.8363624348982667,-0.3586135845748542,1.4209335842451343,0.7891186295154895,0.06270471913561752,0.038400545540081675,0.05020034252486761,0.022316673458995996,0.7130511709905467,0.9596736988059866,-0.43412974780097624,-0.28309742134873217,1.3222126622686943,1.5196545062215743,0.7452320249922658,0.8330052340387132,True
18,Spruce,6,1,2.6121124918459793,0.06272139282365993,0.4020185394173966,1.0125987502272449,1.7785230260732816,0.2114236794263236,0.1536597077008434,0.3101058558344574,-5.040254461115669,10.264479444807627,-0.8469612785824133,0.9724040642297332,-0.2591258213659484,1.0631629002007417,-0.3216790568736414,2.346876557328131,True
19,Alder,92,23,0.6985898730574772,-0.11407945350443847,0.9977363352501275,1.0030384808782666,0.11370193711504124,0.059201445708197076,0.10022930002754853,0.033758269325824035,0.47263116581708486,0.9245485802978696,-0.23172988654369123,0.003570979534814278,0.7985516631462579,1.196921007353997,0.9359510143928156,1.0701259473637177,True
19,Aspen,53,13,1.0198210550124376,0.05450140826504689,0.7580096655062964,0.9617763038195681,0.3546280448417727,0.16022651665816687,0.24805675250619863,0.05397184132162143,0.30716931770685363,1.7324727923180214,-0.26748583194268083,0.37648864847277463,0.2595209582671432,1.2564983727454497,0.853315827997369,1.070236779641767,True
19,Birch,96,24,1.4561541654990215,0.04352392741207034,0.8233759259572454,0.7476842206193929,0.3454878572148652,0.09201721486722332,0.1312409690473818,0.05607334526416356,0.7699854596118121,2.142322871386231,-0.139230203959674,0.22627805878381468,0.5627200331088336,1.0840318188056572,0.6363177168445612,0.8590507243942246,True
19,Oak,72,18,0.7620947466818999,0.016833821481001383,0.8655907451188581,0.9619203550126489,0.10420858769904283,0.051443801759738374,0.08119411746625893,0.030203763349759737,0.5541497475402778,0.970039745823522,-0.08582068664519246,0.11948832960719522,0.7035704063000733,1.027611083937643,0.901649683635944,1.0221910263893539,True
19,Pine,366,92,0.8427590945954401,-0.32521040146859503,1.3674575149755217,0.8025270347195086,0.06602054839872655,0.03820187413337578,0.05167284430834328,0.022860690775227302,0.7129271237461603,0.9725910654447198,-0.40033586966249396,-0.2500849332746961,1.2658408610903868,1.4690741688606566,0.7575705990292386,0.8474834704097786,True
19,Spruce,6,1,3.702522748906483,0.08254528345141966,0.40151327321223074,0.8941062593400034,2.7380935549967385,0.22791018236042065,0.16524378448293225,0.33582559589131994,-8.078542959663647,15.483588457476614,-0.8980730848071897,1.0631636517100291,-0.30947334715857866,1.1124998935830401,-0.5508346575236177,2.3390471762036245,True
20,Alder,92,23,0.8192170157280512,-0.08760907577296767,0.9536365419732628,0.9727355785718594,0.1346890616133432,0.05653607032813579,0.09970494090242753,0.0323373362573316,0.5515508086802334,1.086883222775869,-0.1999626353334541,0.02474448378751877,0.7554939234442779,1.1517791605022476,0.9084719179720269,1.036999239171692,True
20,Aspen,53,13,0.7083862588647876,-0.109457755463842,1.028023008972922,0.9703898328836517,0.2024843285639262,0.12473747518267397,0.19695056158784036,0.04605458357424618,0.3014787662759807,1.1152937514535943,-0.3601270967329667,0.1412115858052827,0.6322360374673008,1.4238099804785433,0.8778396821765475,1.0629399835907558,True
20,Birch,96,24,1.5631425767945943,0.06627711773733108,0.7682207117435673,0.753726878827549,0.37640158630475495,0.0938945307096776,0.13647340461716573,0.057073143651496,0.8155765365560207,2.310708617033168,-0.12020552494170728,0.25275976041636944,0.4971727502056793,1.0392686732814553,0.6403746891559265,0.8670790684991714,True
20,Oak,72,18,0.7166206958535886,0.0007067579805108296,0.888645222523348,0.9760805174906428,0.051244224697117945,0.02184640915746573,0.039065248704388385,0.020624929258043084,0.6143644375552798,0.8188769541518973,-0.04288707275651646,0.044300588717538114,0.810691732435161,0.966598712611535,0.9349241119432795,1.0172369230380063,True
20,Pine,366,92,0.8645441503141479,-0.36177174110458316,1.4222083680929147,0.7813429493821497,0.06445501162447104,0.03629597899467019,0.04884543343272494,0.022655667652945338,0.7377908682938531,0.9912974323344427,-0.43314919253564377,-0.29039428967352254,1.3261519274335958,1.5182648087522337,0.7367896996193091,0.8258961991449902,True
20,Spruce,6,1,3.702522748906475,0.0825452834514192,0.4015132732122304,0.8941062593400048,2.738093555013145,0.22791018236138735,0.16524378448313684,0.3358255958931533,-8.078542959734246,15.483588457547196,-0.8980730848113496,1.063163651714188,-0.3094733471594593,1.11249989358392,-0.5508346575315047,2.339047176211514,True
21,Alder,92,23,0.7878610517481007,-0.09492052581422034,0.9329845009544989,1.0073822324812016,0.13025163234240872,0.05979707975755481,0.10243240256748726,0.031370764049020734,0.5290133029163162,1.0467088005798852,-0.21375465636291008,0.023913604734469393,0.7294216255018253,1.1365473764071725,0.9450394310345727,1.0697250339278306,True
21,Aspen,53,13,0.9604156944151099,-0.022861773824648747,0.8517451287179576,0.9579492952989764,0.28414291060522634,0.1386612658202891,0.21406569830616612,0.050942467705225696,0.38940913745701977,1.5314222513732,-0.3015120199660968,0.25578847231679924,0.42156400228310753,1.2819262551528077,0.8555765736802988,1.060322016917654,True
21,Birch,96,24,2.0129507855677735,0.10299660108131474,0.7049603403476771,0.7006332560477343,0.4820193551207302,0.09239778733912743,0.135289074007157,0.055394811329189844,1.0556187398568837,2.9702828312786633,-0.08051338006948662,0.2865065822321161,0.43626456162907373,0.9736561190662805,0.5906143792367409,0.8106521328587277,True
21,Oak,72,18,0.6640991483319393,-0.012105661319817766,0.9352129368034965,0.966126300571459,0.10768115095148774,0.06202020166290812,0.1059218638577585,0.03746765054907148,0.4492247571076384,0.8789735395562401,-0.13586504685916445,0.1116537242195289,0.7238491483161977,1.1465767252907952,0.8913607679671165,1.0408918331758015,True
21,Pine,366,92,0.796776503062837,-0.337352313901912,1.3908023719437201,0.8109043433106916,0.059470252967690665,0.03761525279893481,0.05105649207553832,0.02245675845587491,0.6798259424120952,0.9137270637135788,-0.4113241684733865,-0.2633804593304375,1.2903977986465733,1.491206945240867,0.7667422562040552,0.855066430417328,True
21,Spruce,6,1,8.338899059806984,0.08147496560892299,1.1495970575218906,-0.02900165522674815,9.25810873458907,0.20583572861148597,0.7148869850141187,0.9675856909656397,-31.495527758896372,48.17332587851034,-0.8041646939702813,0.9671146251881273,-1.9263133799733525,4.225507495017133,-4.192186869674986,4.134183559221489,True
22,Alder,92,23,0.7089806019257495,-0.11035124501549369,0.9777119659552306,1.0111050107567832,0.1162205676708501,0.05761956306745724,0.10144532960632358,0.034279555183205725,0.4780166457085441,0.939944558142955,-0.2248580187154518,0.004155528684464421,0.7761106905941264,1.1793132413163347,0.9429815981702776,1.0792284233432887,True
22,Aspen,53,13,1.0653317067565224,0.038500982041698516,0.7529901637155553,0.9634504752745496,0.3458799402893468,0.14722201602632679,0.22988999127157952,0.04800855388100495,0.370259943731311,1.760403469781734,-0.2573527357250519,0.3343546998084489,0.291008929992332,1.2149713974387786,0.8669736742248972,1.059927276324202,True
22,Birch,96,24,1.7369823251129524,0.11143428093910487,0.7284814776134884,0.7194264518573277,0.43483475403706895,0.0944835823205311,0.13605773349141292,0.057233251152276274,0.8733629699851195,2.600601680240785,-0.07621826908422763,0.2990868309624374,0.45825907481080963,0.9987038804161671,0.6057562748691643,0.8330966288454911,True
22,Oak,72,18,0.6782207670002598,-0.0033540311210255407,0.897047506409619,0.9871778987548929,0.06966916134969922,0.02929581384106273,0.05357559254541864,0.025265621216221074,0.5391981200481621,0.8172434139523574,-0.061812917461818606,0.05510485521976752,0.7901390760022918,1.0039559368169462,0.9367611365846491,1.0375946609251367,True
22,Pine,366,92,0.8505660985311008,-0.34047557431640024,1.4006322543740533,0.7862463655125993,0.06711212296304009,0.03947715677980367,0.05184219264162256,0.022845383478606106,0.71858750393435,0.9825446931278515,-0.4181089353314199,-0.2628422133013806,1.2986825704186908,1.5025819383294157,0.7413200322152494,0.8311726988099492,True
22,Spruce,6,1,7.554501751736898,0.46031316838050806,0.11313196179136327,0.617196148157671,22.534636316879023,1.3093281139567774,0.9796975586205913,1.1493978982398005,-89.40421270979245,104.51321621326623,-5.173271015203522,6.093897351964538,-4.10216641308417,4.328430336666896,-4.328263856210815,5.562656152526157,True
23,Alder,92,23,0.6890671177144251,-0.13116928878696024,1.0020888138270934,1.0176309300063555,0.11192675772332247,0.05895910348269542,0.10019663842200499,0.03288994786677818,0.4666362064874526,0.9114980289413976,-0.24833811757765292,-0.014000459996267561,0.8029690498008896,1.2012085778532973,0.9522690699558817,1.0829927900568292,True
23,Aspen,53,13,0.767362666882951,-0.1319375064078498,0.9741374813851863,1.0119671847873797,0.28070877757222346,0.16642686996591977,0.24402012955411764,0.07653667053666416,0.20325725862899102,1.331468075136911,-0.46638482308429013,0.20250981026859055,0.4837606716721625,1.46451429109821,0.8581609869445803,1.165773382630179,True
23,Birch,96,24,2.007339884306905,0.09255528958387188,0.7346704921668209,0.6831672709309938,0.45460418509028505,0.09037041913519607,0.13215411062290003,0.05639663430360737,1.104456732670371,2.910223035943439,-0.08692816331767961,0.27203874248542337,0.47220102132983316,0.9971399630038087,0.5711586872185025,0.7951758546434852,True
23,Oak,72,18,0.7146855432262261,-0.00027394008578108864,0.897552010090424,0.9672187135738576,0.10064929795554255,0.03959745843388846,0.07212448605790381,0.03301050801213235,0.5138429961857157,0.9155280902667365,-0.07928943815419015,0.07874155798262797,0.753629838966532,1.041474181214316,0.9013472704249316,1.0330901567227837,True
23,Pine,366,92,0.8635976993098646,-0.36479467271985505,1.4236713781804364,0.7836646896065139,0.06357563645223775,0.037587460245371324,0.049693915573784136,0.021843160142115892,0.7385737426965241,0.9886216559232052,-0.4387118721560482,-0.2908774732836619,1.325946364459003,1.5213963919018698,0.7407092673991752,0.8266201118138526,True
23,Spruce,6,1,2.612112491845983,0.06272139282365985,0.40201853941739707,1.012598750227244,1.7785230260736242,0.21142367942623566,0.15365970770071485,0.31010585583463496,-5.040254461117138,10.264479444809105,-0.8469612785820351,0.9724040642293548,-0.25912582136539497,1.0631629002001892,-0.32167905687440634,2.346876557328894,True
24,Alder,92,23,0.7473620212934681,-0.07475834258344133,0.9364910583677479,1.0043495729142773,0.10704296277409482,0.05309287373409177,0.09249662900504281,0.029675039663969026,0.5346366262710094,0.9600874163159268,-0.18026927244996288,0.030752587283080238,0.7526734450149777,1.1203086717205182,0.9453766673516087,1.063322478476946,True
24,Aspen,53,13,0.7437389974022867,-0.11509868067401528,0.9299007750154322,1.0454346122557574,0.2743371020399109,0.15638622328927582,0.23619728527462544,0.07264547317050173,0.19243795051708423,1.295040044287489,-0.429368562424308,0.1991712010762774,0.4552445594503941,1.4045569905804705,0.8994480682827806,1.1914211562287342,True
24,Birch,96,24,1.9284022908237122,0.08638455976784593,0.748635461754086,0.687878555009895,0.44507075158507375,0.09295439884985573,0.1351054548069593,0.05381242185358537,1.0444533610254418,2.8123512206219825,-0.09823089988827041,0.27100001942396224,0.48030436661652487,1.016966556891647,0.5810024402844871,0.794754669735303,True
24,Oak,72,18,0.7124422073033165,0.00961154367571157,0.8852140557154011,0.9703842009467389,0.09125023153544175,0.035663981553867366,0.06487265330577831,0.030497325378377932,0.5303552052885627,0.8945292093180703,-0.06155482348611779,0.08077791083754093,0.755762691544301,1.0146654198865013,0.9095277356624789,1.031240666230999,True
24,Pine,366,92,0.8074044558564443,-0.33877784896576535,1.3861473329227696,0.8118005153074017,0.05960340637204011,0.03692997672678643,0.048867928248034924,0.022369338754613693,0.6901920438680315,0.9246168678448571,-0.41140208154407576,-0.26615361638745494,1.2900466553360632,1.482248010509476,0.7678103424362734,0.85579068817853,True
24,Spruce,6,1,8.338899059807199,0.08147496560892459,1.1495970575219068,-0.02900165522677208,9.258108734487738,0.2058357286087644,0.7148869850184368,0.9675856909623518,-31.495527758460163,48.17332587807456,-0.8041646939585698,0.9671146251764189,-1.9263133799919152,4.225507495035728,-4.192186869660863,4.134183559207318,True
25,Alder,92,23,0.6812843057547802,-0.11646890273628167,0.987951337081724,1.0206865145759139,0.08762004752455756,0.05202675572825765,0.0871698553255124,0.027820408954144227,0.5071578733532016,0.8554107381563587,-0.21986114709509508,-0.013076658377468284,0.814719567074534,1.161183107088914,0.9653992978258847,1.075973731325943,True
25,Aspen,53,13,0.7212954553302965,-0.12524604875016102,1.040590823156788,0.9667291365393594,0.21156881482367243,0.12770668923921738,0.20211275332416045,0.0476640704603743,0.29613200411186275,1.1464589065487303,-0.3818822490610514,0.1313901515607294,0.6344300389685447,1.4467516073450313,0.870944600841408,1.062513672237311,True
25,Birch,96,24,1.4356338178973773,0.10302375879896748,0.7734142021645871,0.7497115390386777,0.34081025024150474,0.09102769931304276,0.13056425589737214,0.05638139228220722,0.7587552432160342,2.1125123925787204,-0.07776510927020854,0.2838126268681435,0.5141023200439104,1.032726084285264,0.6377332272963319,0.8616898507810236,True
25,Oak,72,18,0.6695796991687781,0.00021423884570472818,0.9249429244135068,0.9604036168266159,0.090762173632877,0.03860175896049882,0.06969634923151105,0.03879872182726425,0.48846660153533117,0.8506927968022251,-0.07681437185851422,0.07724284954992369,0.7858660248879422,1.0640198239390712,0.8829819728411211,1.0378252608121106,True
25,Pine,366,92,0.8676853372114687,-0.37942497381487017,1.4317477269600942,0.7879569906819645,0.06618163654829083,0.038439129633247915,0.050966207324553994,0.023149169080541734,0.7375365802638354,0.997834094159102,-0.4550170141577491,-0.30383293347199125,1.3315207021299358,1.5319747517902527,0.7424332512077265,0.8334807301562024,True
25,Spruce,6,1,8.338899059807273,0.08147496560892531,1.1495970575219117,-0.02900165522677994,9.258108734454186,0.20583572861095936,0.7148869850071565,0.9675856909514393,-31.495527758315724,48.173325877930274,-0.8041646939680133,0.9671146251858639,-1.9263133799433754,4.225507494987198,-4.192186869613917,4.134183559160358,True
26,Alder,92,23,0.9526889798157946,0.006680262109548351,0.785192458846116,0.9940487780779322,0.15114999660358228,0.048428145405867894,0.08923100552984295,0.027976908254612902,0.6523101234962299,1.2530678361353593,-0.08956050042810305,0.10292102464719975,0.6078645859279651,0.9625203317642669,0.9384505518542285,1.049647004301636,True
26,Aspen,53,13,1.006289440969621,-0.02536240835695464,0.8806316766524545,0.9230818104800997,0.34528526008949995,0.15475096262664748,0.2400463133220682,0.05230568319981087,0.3124127325480329,1.700166149391209,-0.33634611077337784,0.28562129405946857,0.3982405496362595,1.3630228036686494,0.817969604760633,1.0281940161995666,True
26,Birch,96,24,1.807114962528236,0.14063568893701053,0.7250664860820321,0.6846516746860644,0.44416827951880866,0.10657004392492578,0.1477251172525736,0.05770172087159357,0.9249584201522052,2.6892715049042666,-0.07102161709916546,0.35229299497318656,0.43167165203669433,1.0184613201273698,0.570051076398459,0.7992522729736697,True
26,Oak,72,18,0.7338881187321814,0.0074413283124548195,0.8936539799682356,0.9564643447083553,0.0921850067216103,0.03715850781732927,0.06801518933712436,0.033730637286926546,0.5499358018755568,0.917840435588806,-0.0667073195753187,0.08158997620022834,0.7579317827806855,1.0293761771557857,0.8891559059649643,1.0237727834517463,True
26,Pine,366,92,0.8157686736837354,-0.3576062675241852,1.4091461024129308,0.8056685315991139,0.05904658389854898,0.035884595417571094,0.048443765319218325,0.021984723444108123,0.6996512747011207,0.9318860726663502,-0.42817471718405126,-0.2870378178643191,1.3138795576885702,1.5044126471372914,0.7624347196639804,0.8489023435342474,True
26,Spruce,6,1,3.839149822352253,0.1546479731768152,0.38800403907362535,0.8281752533443499,2.369104546870738,0.20410823651791365,0.1396581706443127,0.2935238195461842,-6.354284323176669,14.032583967881175,-0.7235588878304517,1.0328548341840822,-0.21289657007349638,0.9889046482207471,-0.43475581005687725,2.0911063167455772,True
27,Alder,92,23,0.6754642669270452,-0.11589271862154901,1.0102749708076362,1.00246714082576,0.10857726390253292,0.056347446151313034,0.0983878791284035,0.03332815092639462,0.4596897708224424,0.8912387630316481,-0.22787142726717347,-0.0039140099759245595,0.8147497357935258,1.2058002058217465,0.9362344442761724,1.0686998373753476,True
27,Aspen,53,13,0.9782320189177762,-0.019607379830416025,0.8589190536094488,0.9431835994392803,0.27274394662240636,0.12307347135601161,0.19092991255716757,0.045781682851655035,0.43013253770848925,1.5263315001270632,-0.2669327802149918,0.2277180205541597,0.47523102930731376,1.2426070779115839,0.85118186326649,1.0351853356120706,True
27,Birch,96,24,2.040390456221391,0.1721768402616709,0.6604104865882762,0.6761264289081143,0.5072275290282211,0.10160966252634455,0.14552710876765923,0.05821876182406896,1.0329928012375087,3.047788111205273,-0.029628720151924,0.3739824006752658,0.37138108711936935,0.949439886057183,0.5604989426594941,0.7917539151567344,True
27,Oak,72,18,0.6763855847410932,-0.004823482649386973,0.901757435117882,0.9850432008029877,0.06765548610300462,0.03245323428430751,0.06070494861546585,0.025715976824269772,0.541381164181764,0.8113900053004225,-0.06958290338813646,0.059935938089362505,0.7806225961716748,1.0228922740640891,0.9337277680087874,1.036358633597188,True
27,Pine,366,92,0.8823416694665535,-0.33924980859489323,1.3758983174005284,0.7945145453859387,0.06766160146094219,0.038616950311056775,0.05231333598084374,0.022706505837285024,0.7492825040770386,1.0154008348560684,-0.41519154020235005,-0.2633080769874364,1.273022111782332,1.4787745230187248,0.7498613203604366,0.8391677704114407,True
27,Spruce,6,1,2.6121124918459846,0.06272139282366013,0.40201853941739707,1.0125987502272435,1.7785230260701312,0.2114236794259896,0.15365970770066928,0.3101058558340963,-5.0402544611021085,10.264479444794077,-0.8469612785809761,0.9724040642282963,-0.2591258213651989,1.063162900199993,-0.3216790568720891,2.346876557326576,True
28,Alder,92,23,0.7478145897159092,-0.08990245775099004,0.9264164211386728,1.0230365143170903,0.11262403424908897,0.05357826434405098,0.09225308178727633,0.031887720631904024,0.5239979879162963,0.9716311915155221,-0.19637799945716777,0.01657308395518768,0.7430828067033777,1.109750035573968,0.9596663702927397,1.086406658341441,True
28,Aspen,53,13,0.7675618928340413,-0.07718945003502524,0.9624087804347793,0.9743985830904776,0.2073114908014929,0.12378295980340752,0.19142386368971684,0.04634116029593306,0.35095385454701505,1.1841699311210676,-0.325940620834517,0.17156172076446657,0.5777281241683213,1.3470894367012374,0.8812725348999337,1.0675246312810214,True
28,Birch,96,24,1.5152140196561004,0.059195996193256405,0.6902488656480112,0.8451975926847599,0.34611188334396287,0.08281297029794246,0.12173546218289759,0.05666475412282104,0.82780594401247,2.2026220952997306,-0.10527771098156746,0.22366970336808029,0.4484717299188366,0.9320260013771859,0.732656499868025,0.9577386855014949,True
28,Oak,72,18,0.680211929119132,-0.0040631509529139315,0.9109584953892544,0.973191866716156,0.09115538950494287,0.04041487727491712,0.07174064614621997,0.0323823315926364,0.49831418142963246,0.8621096768086315,-0.08470978292256105,0.0765834810167332,0.7678022648837703,1.0541147258947385,0.908573930095791,1.037809803336521,True
28,Pine,366,92,0.8404865074462438,-0.3409763864904712,1.3984096693714072,0.7914264566620733,0.06238888565271797,0.03633346223524026,0.049206959397137116,0.02221626680379951,0.7177963423409359,0.9631766725515516,-0.41242755016893146,-0.2695252228120109,1.3016422738713416,1.4951770648714728,0.7477373057233279,0.8351156076008188,True
28,Spruce,6,1,3.7025227489064627,0.08254528345141825,0.40151327321223135,0.8941062593400058,2.7380935550002117,0.2279101823607607,0.16524378448306387,0.33582559589161937,-8.078542959678611,15.483588457491535,-0.8980730848086542,1.0631636517114906,-0.3094733471591444,1.112499893583607,-0.5508346575249037,2.3390471762049154,True
29,Alder,92,23,0.7715540263693048,-0.09161307286890238,0.915522553497373,1.0247496995449281,0.1242980949426836,0.05823622953550033,0.10184132960877926,0.034332268193172394,0.5245376820718873,1.0185703706667222,-0.20734534159078377,0.024119195852979003,0.7131343113449156,1.1179107956498304,0.9565215309279711,1.0929778681618851,True
29,Aspen,53,13,0.8312030606880315,-0.05850751898828062,0.8997870640482177,0.9912065157930594,0.2800272593072314,0.155284858848406,0.2415268284193291,0.052515205542913286,0.2684672146630509,1.3939389067130121,-0.37056412603114663,0.2535490880545854,0.4144207305543713,1.3851533975420642,0.8856732591612687,1.0967397724248502,True
29,Birch,96,24,1.5364709355815116,0.10299890398499677,0.7229780344404563,0.77484075732096,0.3761827936284733,0.09559140127721319,0.13939196871043905,0.05597026219978218,0.7893394364835501,2.283602434679473,-0.08685387010986113,0.2928516780798547,0.44613355269177324,0.9998225161891393,0.6636789854098056,0.8860025292321144,True
29,Oak,72,18,0.6840569952524006,-0.005394559754833429,0.9116476456523629,0.9722259718407664,0.0906674553157278,0.041143842525608154,0.0730527256406899,0.03404914390518033,0.5031329050780622,0.864981085426739,-0.08749581923432648,0.07670669972465963,0.765873201280098,1.0574220900246278,0.9042819630361952,1.0401699806453375,True
29,Pine,366,92,0.832605845666091,-0.34839399096208107,1.4015278585675006,0.7977929354641902,0.06723184137783011,0.038712957266562306,0.052102880810246596,0.024198718457967398,0.7003918201600834,0.9648198711720986,-0.42452452397381046,-0.2722634579503517,1.2990655212105768,1.5039901959244244,0.7502052164035992,0.8453806545247812,True
29,Spruce,6,1,3.839149822352257,0.1546479731768154,0.3880040390736254,0.8281752533443495,2.369104546849088,0.2041082365165105,0.13965817064410907,0.29352381954356954,-6.3542843230835135,14.032583967788026,-0.7235588878244144,1.032854834178045,-0.21289657007262003,0.9889046482198709,-0.4347558100456278,2.0911063167343267,True
30,Alder,92,23,0.70695223339442,-0.13707765604912364,1.0124733674920174,1.0062632663058124,0.12004437899608758,0.05895641691096361,0.10193240344861607,0.03402658103457434,0.4683892556855435,0.9455152111032965,-0.2542411458430426,-0.01991416625520473,0.809904135220701,1.2150425997633338,0.9386425866809464,1.0738839459306784,True
30,Aspen,53,13,1.060509261535946,0.023351418814862617,0.7888848750014544,0.9490031165174737,0.3841760877647401,0.16191066856465916,0.25105010240533343,0.05544903589807771,0.28847850886673476,1.832540014205157,-0.30202025135971605,0.3487230889894413,0.28438080592893655,1.2933889440739723,0.8375741070540065,1.0604321259809408,True
30,Birch,96,24,1.3939663939619502,-0.026712692131604744,0.9330522835129468,0.7241108098555313,0.34892450045832374,0.10423830571345526,0.1536370598878052,0.055652740733309496,0.7009722179526652,2.086960569971235,-0.23373896481126702,0.18031358054805754,0.6279158210931755,1.238188745932718,0.6135796629842766,0.8346419567267861,True
30,Oak,72,18,0.7506135024919665,0.014749125799574216,0.8372130088681744,0.996615585756221,0.03167617983052226,0.012599895544103132,0.02316120609267088,0.011352103780783104,0.6874046697737747,0.8138223352101582,-0.01039357429794491,0.03989182589709334,0.7909955416958061,0.8834304760405427,0.973962815355301,1.019268356157141,True
30,Pine,366,92,0.8610173100016766,-0.3813224165265864,1.4505062242927245,0.7759429960620898,0.06250810904377024,0.03613723135449359,0.04898811362526749,0.021106183981294442,0.7380926874705055,0.9839419325328477,-0.45238768456184536,-0.3102571484913274,1.354169197496994,1.5468432510884549,0.734436866078901,0.8174491260452786,True
30,Spruce,6,1,3.133229965375271,0.015125580284599122,0.4270338737656872,0.9804322111807595,1.9607230831246982,0.20906996573889172,0.14920955718096185,0.2922741703391667,-5.303080560409446,11.569540491159989,-0.8844298784993222,0.9146810390685204,-0.21496303473573092,1.0690307822671052,-0.2771220456487311,2.2379864680102504,True
31,Alder,92,23,0.6844387591456412,-0.1177232107125924,0.9866130056911081,1.021018428185393,0.10905475585632733,0.05533899292101732,0.09650902252739392,0.03472057071166728,0.46771534812072435,0.9011621701705581,-0.22769783047449393,-0.007748590950690873,0.7948216033576552,1.178404408024561,0.9520185899089426,1.0900182664618432,True
31,Aspen,53,13,0.7435004660058344,-0.1267915118923211,1.0149818729488111,0.9829108624749135,0.26161779434151583,0.1555964400440936,0.22777085187768695,0.07537987832347205,0.2177598249047541,1.2692411071069147,-0.439474264790396,0.1858912410057538,0.5572592092755795,1.4727045366220428,0.831429325618249,1.134392399331578,True
31,Birch,96,24,1.5951203331276786,0.13339785631444254,0.7317738519431315,0.7238694535193562,0.38598755315561284,0.09710279034353844,0.1388687228541077,0.05672931022133755,0.8285157352918691,2.3617249309634882,-0.05945666692463347,0.32625237955351855,0.4559685816301095,1.0075791222561534,0.6112001467186818,0.8365387603200305,True
31,Oak,72,18,0.6295152479190979,-0.02034102502532043,0.9346672466704052,0.9897042775218587,0.08560270170633132,0.0445012019576907,0.08732496910945114,0.04081698013168427,0.45869771621765726,0.8003327796205384,-0.10914179094317715,0.0684597408925363,0.7604129838744247,1.1089215094663858,0.9082552617942936,1.0711532932494239,True
31,Pine,366,92,0.8688193344552386,-0.33060754409707105,1.3838696748357733,0.7855365953550351,0.0655604304696601,0.03995844465029805,0.05278087897639553,0.02287873401500533,0.7398922033717997,0.9977464655386775,-0.4091873763894081,-0.252027711804734,1.280074027770307,1.4876653219012395,0.7405446769334382,0.830528513776632,True
31,Spruce,6,1,8.338899059807135,0.08147496560892398,1.1495970575219028,-0.02900165522676562,9.258108734843766,0.2058357286103032,0.7148869850375498,0.9675856909989555,-31.495527759992093,48.17332587960636,-0.8041646939651913,0.9671146251830393,-1.9263133800741556,4.225507495117961,-4.192186869818349,4.134183559364819,True
32,Alder,92,23,0.8392478168625827,-0.052139695549725425,0.8746607930629907,1.0010171385771955,0.14182200226812852,0.05760149345773632,0.09983390510654229,0.031088356247749548,0.5574063891450678,1.1210892445800975,-0.1666105596974237,0.06233116859797285,0.6762618852782425,1.073059700847739,0.9392355632917821,1.062798713862609,True
32,Aspen,53,13,0.7602294795062545,-0.06866108319746711,0.9474722773270888,0.9818128228405889,0.1675169006788779,0.09879180890172706,0.1545547069650275,0.037284254104188154,0.4235916641013432,1.0968672949111657,-0.2671906559975818,0.12986848960264757,0.6368829654284036,1.258061589225774,0.9068873090579782,1.0567383366231997,True
32,Birch,96,24,1.2640801092024,-0.057491719363659446,0.9164532255635722,0.7981066517687403,0.32598578226810637,0.10559243657915758,0.15907689267006322,0.058256651430764333,0.6166442075191038,1.9115160108856966,-0.2672074128270543,0.15222397409973543,0.6005127856884561,1.2323936654386882,0.6824039134907078,0.9138093900467728,True
32,Oak,72,18,0.5723388717513959,-0.0970486492539175,1.0751777271294094,0.9658855243714459,0.09812144357239384,0.07558769437728946,0.12739681394113658,0.03590794207333209,0.37654057959563747,0.7681371639071543,-0.24788154498221288,0.05378424647437789,0.8209613429467231,1.3293941113120957,0.8942323415725292,1.0375387071703626,True
32,Pine,366,92,0.8275639614101119,-0.3770659327697723,1.4596963352821835,0.774737693718706,0.06093021003986615,0.03708680641690137,0.050202336937811225,0.02250304974937778,0.7077423385123388,0.947385584307885,-0.4499985770206476,-0.304133288518897,1.3609714912152815,1.5584211793490854,0.730484572986715,0.8189908144506971,True
32,Spruce,6,1,3.1332299653752864,0.015125580284600211,0.4270338737656871,0.9804322111807573,1.960723083130312,0.20906996573946732,0.14920955718107512,0.2922741703400552,-5.303080560433586,11.56954049118416,-0.8844298785017977,0.9146810390709981,-0.2149630347362183,1.0690307822675924,-0.2771220456525565,2.2379864680140713,True
33,Alder,92,23,0.7423557409369178,-0.10443849409934505,0.9665235650254879,1.0042111452514415,0.12362141982627844,0.055764921072068034,0.09801698922296301,0.03460899624839006,0.4966841462401157,0.9880273356337199,-0.21525955655897594,0.006382568360285834,0.7717353957614276,1.1613117342895483,0.935433037775036,1.072989252727847,True
33,Aspen,53,13,0.9682322376174168,0.0005127158927127176,0.8224520217619792,0.9659096288120411,0.33880574496915217,0.15680226602675865,0.24392381691638085,0.055368608411298634,0.28737660233028417,1.6490878729045495,-0.3145932350404129,0.3156186668258384,0.3322687595407739,1.3126352839831845,0.8546422444343896,1.0771770131896925,True
33,Birch,96,24,1.6843730127847452,0.09104062555321706,0.7645057629018912,0.7143927732217171,0.38900891386461256,0.08750758441359537,0.1264356181480507,0.05665714549003897,0.9117677317862174,2.4569782937832727,-0.08275699048007067,0.26483824158650476,0.5133937117227897,1.0156178140809926,0.6018667918064413,0.8269187546369929,True
33,Oak,72,18,0.6823645848554322,-0.003090372439677017,0.912940131756088,0.9694207367458585,0.09221837262207074,0.04031014718306049,0.07192316023376193,0.03406977470912724,0.49834568738106955,0.8663834823297948,-0.08352801876483844,0.07734727388548442,0.7694197000593657,1.0564605634528104,0.9014355598129808,1.0374059136787361,True
33,Pine,366,92,0.8706957077383481,-0.3557126933911329,1.4163843980533675,0.7785118861329716,0.067468070287626,0.0390195129701853,0.052588488472247785,0.022560892550839946,0.7380171289125901,1.0033742865641062,-0.4324460800922331,-0.2789793066900326,1.3129670943814662,1.5198017017252687,0.7341450152868809,0.8228787569790623,True
33,Spruce,6,1,8.338899059807224,0.08147496560892353,1.1495970575219123,-0.02900165522677699,9.25810873489623,0.20583572861247731,0.7148869850327796,0.9675856909983349,-31.495527760217733,48.173325879832184,-0.8041646939745463,0.9671146251923933,-1.9263133800536216,4.225507495097446,-4.19218686981569,4.134183559362136,True
34,Alder,92,23,0.6685632837235874,-0.1327812246270876,1.0290389790910264,1.0046012780374944,0.11015954757408841,0.05640768142636459,0.10025211003110883,0.03323511049279948,0.44964433131521453,0.8874822361319603,-0.24487963822432735,-0.020682811029847883,0.8298089768982646,1.2282689812837881,0.93855347979861,1.070649076276379,True
34,Aspen,53,13,0.7624515231714349,-0.1181917793943279,0.9719525691509106,1.0007546175207138,0.23298378737880918,0.13258528124608754,0.19641162355239242,0.06166656856354032,0.29425307340239615,1.2306499729404736,-0.3846318773942812,0.14824831860562537,0.5772486341756726,1.3666565041261485,0.8768310083766908,1.1246782266647368,True
34,Birch,96,24,1.2904737108706843,-0.024120114133671582,0.94217970411984,0.7388041428626312,0.34303493225010406,0.10882008600106641,0.16013100725380924,0.055471517081918574,0.6091767256924947,1.971770696048874,-0.2402461979498348,0.19200596968249165,0.6241457016934473,1.2602137065462327,0.6286329218057118,0.8489753639195505,True
34,Oak,72,18,0.7781499477589435,0.027333461266403795,0.8444393815236192,0.9665292093467213,0.06504599678880786,0.03126154596590606,0.048835705124044955,0.019566415013087105,0.6483526820529921,0.9079472134648949,-0.0350479824570277,0.0897149049898353,0.7469892492041182,0.9418895138431201,0.9274850360886435,1.005573382604799,True
34,Pine,366,92,0.8379399890881559,-0.32764824852972085,1.3710693110679881,0.803986856115764,0.06300761025260919,0.039415099379834805,0.05279772406567895,0.022664136445586444,0.7140330780429074,0.9618469001334045,-0.4051595712590983,-0.2501369258003434,1.267240537480646,1.4748980846553303,0.7594169521434996,0.8485567600880285,True
34,Spruce,6,1,3.7025227489064907,0.08254528345141979,0.4015132732122314,0.8941062593400021,2.738093554996857,0.22791018236041286,0.16524378448290977,0.3358255958913627,-8.07854295966415,15.483588457477131,-0.8980730848071561,1.0631636517099956,-0.3094733471584813,1.1124998935829442,-0.5508346575238029,2.339047176203807,True
35,Alder,92,23,0.6589498104741676,-0.12537263978717353,1.004303486330689,1.0241504644129809,0.10660392909023544,0.05716634655988358,0.09912740982338737,0.03269815248721228,0.44709690264196206,0.8708027183063731,-0.23897874091505633,-0.01176653865929074,0.8073085894617056,1.2012983831996724,0.9591697573764398,1.089131171449522,True
35,Aspen,53,13,0.9868534521221376,0.008167927064551632,0.8038668238271002,0.9655167668885682,0.30023869398293507,0.1427947694524323,0.2223412215656318,0.04946882297460991,0.3835012074660076,1.5902056967782676,-0.2787889056186352,0.2951247597477384,0.3570554107757408,1.2506782368784595,0.8661054452288621,1.0649280885482744,True
35,Birch,96,24,1.9917733940457516,0.029188193358730307,0.8320638525101205,0.6492838793052295,0.4536555495112489,0.09441093095365122,0.13445668033226807,0.05425366981146949,1.0907743145525142,2.8927724735389893,-0.1583200647789343,0.21669645149639488,0.5650212794795307,1.0991064255407101,0.5415314080482854,0.7570363505621736,True
35,Oak,72,18,0.6648123807660756,-0.005449389382698435,0.9341126814904316,0.9601945881417048,0.08194330828893433,0.039531949369168866,0.0773845829510941,0.03514452297138455,0.5012970549369296,0.8283277065952217,-0.08433416614773251,0.07343538738233563,0.7796941504398678,1.0885312125409954,0.8900647844423845,1.0303243918410252,True
35,Pine,366,92,0.8604557813154133,-0.3406796573060009,1.3823163034012251,0.7983239278945554,0.0625673107418245,0.0368945814509745,0.04934391805054594,0.021507714994124606,0.737414736347252,0.9834968262835747,-0.41323428370064763,-0.2681250309113542,1.285279573393522,1.4793530334089282,0.7560281715902096,0.8406196841989012,True
35,Spruce,6,1,3.839149822352216,0.15464797317681225,0.38800403907362624,0.8281752533443546,2.3691045468942002,0.2041082365195713,0.1396581706447016,0.2935238195488252,-6.354284323277657,14.032583967982088,-0.723558887837587,1.0328548341912116,-0.2128965700751687,0.9889046482224212,-0.43475581006823594,2.091106316756945,True
36,Alder,92,23,0.8389278617908659,-0.063643545015336,0.9019650490548913,0.9894162119591022,0.13829398944050778,0.05690523665035787,0.09783454077404813,0.03356497883159116,0.5640976182086761,1.1137581053730556,-0.1767307450664114,0.04944365503573937,0.7075394577442137,1.096390640365569,0.9227128697138084,1.056119554204396,True
36,Aspen,53,13,1.1085346384621202,0.047887219543829164,0.7590528125143973,0.9405330118532607,0.4022507795412776,0.16919414567168597,0.2609424078794583,0.056099960602545566,0.30018143278003573,1.9168878441442048,-0.2921211458652283,0.3878955849528867,0.23466941132296004,1.2834362137058344,0.8277959202224592,1.0532701034840621,True
36,Birch,96,24,1.438418659967652,0.033753338182391526,0.8907148814411074,0.7017878876268908,0.38113346607996007,0.11188668840966219,0.16223634556832725,0.05829782152707206,0.6814546980540858,2.1953826218812185,-0.18846328271701313,0.2559699590817962,0.5684994953956977,1.2129302674865172,0.586003381983914,0.8175723932698676,True
36,Oak,72,18,0.686350432949442,-0.018216803946183375,0.9124711750416298,0.9845744096351152,0.08090963334214399,0.048706438341465055,0.081027535864269,0.02664398463517979,0.5248977733618134,0.8478030925370705,-0.1154089884171802,0.07897538052481345,0.7507832446341636,1.074159105449096,0.9314071660861198,1.0377416531841106,True
36,Pine,366,92,0.9044902544657153,-0.3902062668534768,1.4451776021417073,0.7734968185690149,0.06710523977361642,0.038125691369783186,0.05071600055758242,0.021791196344445596,0.77252519592812,1.0364553130033105,-0.4651819186859267,-0.31523061502102695,1.345442618629951,1.5449125856534636,0.7306435851866402,0.8163500519513895,True
36,Spruce,6,1,1.2154888946906182,-0.14607749177969498,0.42844216381756134,1.4080696646464332,1.4859318494984612,0.31521837464656277,0.15777833775584565,0.582974692864733,-5.177959833696373,7.608937623077609,-1.5023526919031094,1.2101977083437194,-0.2504232318145478,1.1073075594496704,-1.1002679889517801,3.9164073182446466,True
37,Alder,92,23,0.9720663986869584,0.02013832893337138,0.7810576125317782,0.9810306967095396,0.13109847403587707,0.04837912872878577,0.0825894806139277,0.027011638873270256,0.7115357299406277,1.2325970674332891,-0.07600502325870702,0.11628168112544977,0.6169283747660493,0.945186850297507,0.92735074054421,1.034710652874869,True
37,Aspen,53,13,0.8889116470833006,-0.0350351315178734,0.864188365707079,0.9820764294719034,0.29629925262503115,0.14952674372401037,0.2335707228198932,0.04987119656625965,0.2934760062281372,1.484347287938464,-0.3355203729942146,0.2654501099584678,0.39481042500984426,1.3335663064043137,0.8818565078063433,1.0822963511374637,True
37,Birch,96,24,1.4206072991610421,-0.012431995227390346,0.9183803933193694,0.7165628303540351,0.40185611941566196,0.11571839771344485,0.1681450746922611,0.063253078345138,0.6224863590065166,2.218728239315568,-0.2422587215455721,0.21739473109079138,0.584429761210344,1.2523310254283948,0.5909367569477186,0.8421889037603516,True
37,Oak,72,18,0.626557899054168,-0.012328969892247646,0.9338015584939048,0.9836377227409421,0.08437285611700049,0.03827535277078035,0.072690043554188,0.04319844930666114,0.4581944860166931,0.794921312091643,-0.08870624718585701,0.06404830740136172,0.7887508349572405,1.078852282030569,0.8974365592635527,1.0698388862183315,True
37,Pine,366,92,0.8876408814119365,-0.3547520430176786,1.4049756168511494,0.7822510137048014,0.06682963912462266,0.038516059775119654,0.05205608481329534,0.022316592933152763,0.7562178022473404,1.0190639605765326,-0.4304953694704002,-0.279008716564957,1.3026053056385003,1.5073459280637984,0.7383645675387739,0.826137459870829,True
37,Spruce,6,1,3.8391498223522564,0.1546479731768156,0.38800403907362524,0.8281752533443495,2.3691045468780665,0.2041082365185257,0.13965817064450406,0.2935238195469359,-6.354284323208198,14.03258396791271,-0.7235588878330848,1.0328548341867159,-0.21289657007431972,0.9889046482215702,-0.434755810060112,2.091106316748811,True
38,Alder,92,23,0.721349006805834,-0.10569979677426414,0.9735549663921547,1.0073954457512564,0.11983535532760582,0.057025701305654944,0.09947154009939527,0.03488785103622459,0.48320141971484115,0.959496593896827,-0.21902639501388177,0.007626801465353494,0.7758761829134793,1.17123374987083,0.9380631729812277,1.0767277185212851,True
38,Aspen,53,13,0.8131914820698234,-0.060972381001726646,0.9268215105853315,0.9765673191934466,0.252029926239797,0.14576133377060757,0.22563034898335158,0.05286527387769085,0.30671838328281864,1.3196645808568281,-0.3538907478780696,0.23194598587461634,0.4734003485235596,1.3802426726471033,0.8703305739047839,1.0828040644821093,True
38,Birch,96,24,1.3686970364597224,0.00272371356587791,0.919044824106576,0.7188722843949347,0.36211581884974536,0.10550477375622813,0.15685532277467112,0.057622399630026994,0.6495037634906891,2.0878903094287558,-0.20681787396439144,0.21226530109614727,0.6075166138028487,1.2305730344103032,0.6044292249398482,0.8333153438500212,True
38,Oak,72,18,0.759014857340677,0.010877770788021846,0.8868748215084366,0.9500644787607071,0.09128107220345771,0.03424991945983248,0.061766708077310405,0.030614638053088353,0.5768663137310728,0.9411634009502812,-0.05746687939804828,0.07922242097409198,0.7636212745434668,1.0101283684734061,0.8889739196787995,1.0111550378426148,True
38,Pine,366,92,0.858988229628143,-0.3355777486268057,1.3845305787622675,0.791940655787397,0.06513521436555582,0.03822208444561478,0.05052134573829844,0.023064908841192354,0.7308973025171295,0.9870791567391566,-0.4107429611841356,-0.26041253606947584,1.2851783915076753,1.4838827660168596,0.7465826173441911,0.837298694230603,True
38,Spruce,6,1,3.133229965375283,0.015125580284599222,0.4270338737656887,0.980432211180757,1.960723083128782,0.209069965739362,0.149209557181036,0.2922741703398772,-5.303080560427007,11.569540491177573,-0.8844298785013456,0.914681039070544,-0.2149630347360485,1.0690307822674259,-0.27712204565179077,2.237986468013305,True
39,Alder,92,23,0.8516031348678554,-0.06689363808514127,0.8992115144729589,0.9898357042652138,0.14008710510805492,0.056417681326587824,0.09816652653156145,0.03249659997866447,0.5732094506930792,1.1299968190426317,-0.17901192438274394,0.0452246482124614,0.7041261712311068,1.094296857714811,0.9252555404861411,1.0544158680442866,True
39,Aspen,53,13,1.0643796508938779,0.0754993016901079,0.7011336844759868,0.9799189159055016,0.33596728158732114,0.14444382648574922,0.2262135809961071,0.04723066084499152,0.389228121330371,1.7395311804573848,-0.21477143517184635,0.36577003855206214,0.2465404738038804,1.1557268951480932,0.8850053494381571,1.0748324823728461,True
39,Birch,96,24,1.5995800713903172,0.059939147828010776,0.7729133557907986,0.7499324442598931,0.3936051186695145,0.09611775548985883,0.1364155531749271,0.05903611697787746,0.8178463309188687,2.381313811861766,-0.13095901116645223,0.2508373068224738,0.5019802922107566,1.0438464193708406,0.6326816201242045,0.8671832683955818,True
39,Oak,72,18,0.7210055102597773,0.004471259813600985,0.8956281717644391,0.9628642372703118,0.08587028150217081,0.035052889687377804,0.06258222868828965,0.02870535310103029,0.5496540313890607,0.892356989130494,-0.06547569251439898,0.07441821214160095,0.7707472787573196,1.0205090647715584,0.9055835969914825,1.020144877549141,True
39,Pine,366,92,0.8405187972744722,-0.34500463350383187,1.393775671774005,0.799365904046813,0.06366336060255592,0.03803299501090286,0.051219372814519645,0.022929860321070892,0.7153223277147366,0.9657152668342078,-0.4197979943487652,-0.27021127265889855,1.293050787181841,1.494500556366169,0.7542734437599978,0.8444583643336281,True
39,Spruce,6,1,2.612112491846005,0.06272139282366242,0.40201853941739657,1.0125987502272398,1.7785230260831348,0.21142367942714618,0.15365970770094986,0.31010585583614536,-5.040254461158037,10.264479444850048,-0.8469612785859502,0.972404064233275,-0.25912582136640666,1.0631629002011997,-0.32167905688090936,2.346876557335389,True
40,Alder,92,23,0.7268731660125,-0.11305632784743581,0.9649257495116929,1.0195876367957417,0.11551484117873183,0.05491930450162224,0.09622926552912646,0.03327347787777471,0.49731169290042404,0.9564346391245759,-0.2221969050670865,-0.003915750627785139,0.7736903054255124,1.1561611935978733,0.9534635914415559,1.0857116821499275,True
40,Aspen,53,13,0.7414890008349777,-0.15150870761492477,1.0727743461368813,0.9480866725020645,0.21777917831567575,0.13064043962775243,0.20592612570228191,0.046710610194225725,0.30384535692944264,1.1791326447405128,-0.41404050005853343,0.11102308482868392,0.6589503032476125,1.48659838902615,0.8542181869445518,1.0419551580595772,True
40,Birch,96,24,1.6591337556434875,0.12233786060642184,0.7234774900355511,0.7278378561427252,0.39171548409797263,0.09427509073083558,0.135476194711156,0.05579173198379158,0.8811529925386161,2.437114518748359,-0.06490060712341701,0.3095763283362607,0.4544100734471171,0.9925449066239851,0.6170306606507121,0.8386450516347383,True
40,Oak,72,18,0.6421873658285024,-0.009195804548134885,0.9383586606109486,0.9694530069918907,0.08691698930227755,0.03980438873208486,0.07173977296265201,0.038371620726693485,0.4687472140623875,0.8156275175946174,-0.08862422559756637,0.0702326165012966,0.7952041725161458,1.0815131487057514,0.8928836299831645,1.046022384000617,True
40,Pine,366,92,0.8737772641778156,-0.36290347641170156,1.413589757935991,0.7875813099912395,0.06364028040675465,0.03653685226328176,0.04884404876683353,0.021591606945619818,0.7486261827189236,0.9989283456367077,-0.4347546144743829,-0.2910523383490202,1.3175360402758898,1.5096434755960924,0.7451205769082213,0.8300420430742578,True
40,Spruce,6,1,7.554501751732135,0.4603131683802203,0.11313196179157664,0.6171961481579133,22.534636323317834,1.3093281143269322,0.9796975588882292,1.149397898564727,-89.40421273750117,104.51321624096543,-5.173271016796456,6.093897353556897,-4.102166414235509,4.328430337818662,-4.3282638576086185,5.562656153924445,True
41,Alder,92,23,0.5697565400550646,-0.1523089033961176,1.0873503621373202,1.0159481120713627,0.10069929210326628,0.057534488113365805,0.10291276843075668,0.0344568442037977,0.36963785746257016,0.769875222647559,-0.26664660850205885,-0.03797119829017638,0.8828328604731603,1.29186786380148,0.9474723748110889,1.0844238493316365,True
41,Aspen,53,13,0.8714951053482429,-0.054085600638302214,0.8973461289705736,0.9711855482667093,0.2613610873530596,0.13567813640921728,0.21232902721578942,0.045969183118109824,0.3462703362543623,1.3967198744421236,-0.32674102378610836,0.21856982250950396,0.47065497375398285,1.3240372841871644,0.8788070162014964,1.0635640803319224,True
41,Birch,96,24,1.9758113279043423,0.11828470245472326,0.709001819202323,0.6837205561376472,0.4475855798863013,0.0937368141388777,0.13121849915912026,0.054070834759121736,1.0868677320275224,2.8647549237811623,-0.06788470150109295,0.3044541064105395,0.44839055349153084,0.969613084913115,0.5763312110764299,0.7911099011988644,True
41,Oak,72,18,0.6972201328673047,-0.0061609658849183365,0.8971407061373715,0.9821982896103981,0.07920796248165216,0.04156975608747918,0.06644376389688622,0.026187222672420067,0.5391631046133071,0.8552771611213023,-0.08911212264459965,0.07679019087476298,0.7645542395938751,1.0297271726808679,0.9299425003671487,1.0344540788536476,True
41,Pine,366,92,0.8743775130644664,-0.3539951136483054,1.4080714355714856,0.7831251805782741,0.067941622472976,0.035986243548106485,0.04866804556501441,0.02351897140972573,0.7407676754864687,1.0079873506424641,-0.4247634583020884,-0.28322676899452237,1.3123638350388878,1.5037790361040835,0.7368742104707393,0.8293761506858088,True
41,Spruce,6,1,3.8391498223522262,0.15464797317681298,0.38800403907362646,0.828175253344353,2.369104546889956,0.2041082365194471,0.13965817064474287,0.293523819548272,-6.354284323259385,14.032583967963838,-0.7235588878370518,1.0328548341906778,-0.21289657007534601,0.9889046482225989,-0.4347558100658572,2.0911063167545634,True
42,Alder,92,23,0.666378484285619,-0.13585372960947065,1.0317911984864605,1.0063961000680437,0.10476708207200833,0.05549152319071502,0.09620141559127636,0.03323266648260312,0.45817592391598155,0.8745810446552564,-0.2461314712304224,-0.025575987988518914,0.8406111002995058,1.2229712966734152,0.940353158785852,1.0724390413502354,True
42,Aspen,53,13,0.7981798290006153,-0.030086940881402496,0.9177597990152946,0.9673046555852399,0.25367010552013003,0.13814748378344424,0.21669207073147628,0.05090132071900457,0.2884106665474008,1.3079489914538298,-0.30770470336432526,0.24753082160152026,0.48230077959106216,1.353218818439527,0.8650146219311549,1.069594689239325,True
42,Birch,96,24,1.7366308512311974,0.0555745388627643,0.8220134333881188,0.6799363507779974,0.4112213529486864,0.09944011443911524,0.1397551166074737,0.05653376575801028,0.9199097489016802,2.5533519535607145,-0.14192211178081698,0.25307118950634555,0.5444477085701057,1.099579158206132,0.5676554121602928,0.792217289395702,True
42,Oak,72,18,0.660750351619958,0.0009741765133860608,0.8953520683582099,0.9904099391453112,0.08870815333071028,0.03893849194812723,0.07105659487005565,0.03597737370108221,0.4837359876840108,0.8377647155559051,-0.07672637440583294,0.07867472743260506,0.7535608409218166,1.0371432957946032,0.9186182076903605,1.062201670600262,True
42,Pine,366,92,0.8532338506110796,-0.3606651447693477,1.4219073662357944,0.7849621549976024,0.06464055712945968,0.03713786281636812,0.049720009416924275,0.022858010203768552,0.7261156861537379,0.9803520150684213,-0.43369819341140137,-0.287632096127294,1.3241310379590583,1.5196836945125305,0.7400109907551456,0.8299133192400591,True
42,Spruce,6,1,7.554501751736898,0.46031316838050806,0.11313196179136327,0.617196148157671,22.534636316879023,1.3093281139567774,0.9796975586205913,1.1493978982398005,-89.40421270979245,104.51321621326623,-5.173271015203522,6.093897351964538,-4.10216641308417,4.328430336666896,-4.328263856210815,5.562656152526157,True
43,Alder,92,23,0.8372122985701731,-0.030411992189079175,0.8125580457459404,1.039098706727815,0.10380947025236177,0.04675366780843323,0.08197835512750432,0.025845767661060823,0.6309127904641618,1.0435118066761844,-0.12332508236846182,0.06250109799030348,0.6496432914655208,0.9754728000263599,0.9877356746062077,1.0904617388494224,True
43,Aspen,53,13,0.8629177658870191,-0.09237303746453325,0.9468548824631227,0.963774077415707,0.29000831896689083,0.1547114593583039,0.24085305200304216,0.04784611521224875,0.2801242295296772,1.4457113022443608,-0.40327735509110757,0.2185312801620411,0.4628425533708081,1.4308672115554373,0.8676237090923393,1.0599244457390746,True
43,Birch,96,24,1.662907857838344,0.06945469046619329,0.7231143536350013,0.7761422421665408,0.3728355762148606,0.08545621819920048,0.12604777943472487,0.05730005957390198,0.9224242214454192,2.403391494231269,-0.10026873519762891,0.2391781161300155,0.4727725836176202,0.9734561236523824,0.6623393778863295,0.8899451064467522,True
43,Oak,72,18,0.6657392401403087,-0.01411919692730611,0.9385775328952722,0.96438593988488,0.0906021280947213,0.04451741223573635,0.08313067738722171,0.03566874261196262,0.48494550840586537,0.8465329718747521,-0.10295230995137276,0.07471391609676055,0.7726928489203538,1.1044622168701905,0.8932100721795408,1.035561807590219,True
43,Pine,366,92,0.9152407923999177,-0.3828288613236683,1.4294180364884248,0.7770093805233329,0.06657251476425807,0.03913313398023733,0.051423093284165014,0.02168688295473034,0.7843233582696203,1.0461582265302152,-0.45978568815095244,-0.3058720344963841,1.3282925276858006,1.530543545291049,0.7343612834704978,0.819657477576168,True
43,Spruce,6,1,3.702522748906472,0.08254528345141933,0.40151327321223074,0.8941062593400046,2.738093555000903,0.227910182360502,0.1652437844828522,0.33582559589189,-8.078542959681577,15.48358845749452,-0.8980730848075401,1.0631636517103789,-0.30947334715823427,1.1124998935826957,-0.5508346575260692,2.3390471762060785,True
44,Alder,92,23,0.6692332504411556,-0.12311961657607401,0.9824858952347634,1.0355666728115078,0.1079185020619091,0.0547331038326489,0.09547578755134044,0.033491947611085024,0.454767905065762,0.8836985958165491,-0.23189015909344918,-0.01434907405869884,0.7927478302972106,1.1722239601723161,0.969008464770542,1.1021248808524735,True
44,Aspen,53,13,0.9496751229968264,-0.06986252741708225,0.9139553625638007,0.948057543753318,0.3059080652636148,0.1473045517251325,0.22960140298281684,0.052979081002975346,0.3349298502049508,1.564420395788702,-0.36588210688033174,0.2261570520461672,0.45255406871940046,1.375356656408201,0.8415920944838746,1.0545229930227613,True
44,Birch,96,24,1.6433214993839038,0.12579867166748734,0.6485325399291539,0.801616874384769,0.3925625589702038,0.0920391141964394,0.13560728025788094,0.05998530113341215,0.863658372465861,2.4229846263019468,-0.05699895366236343,0.30859629699733815,0.3792047761300195,0.9178603037282884,0.682480888585506,0.920752860184032,True
44,Oak,72,18,0.6957490123605452,0.007441541382441177,0.895592572454869,0.9698036116590513,0.08803698422860773,0.03735020674720863,0.0677337797109699,0.031513365410761045,0.5200739455155794,0.871424079205511,-0.06708963576409496,0.0819727185289773,0.7604319194333155,1.0307532254764225,0.9069196700570817,1.0326875532610207,True
44,Pine,366,92,0.8743538661857522,-0.326272274935812,1.3822746523312588,0.7812963143570055,0.06543097429433847,0.03756065362964327,0.049970316047803866,0.022522376804605684,0.7456813156956024,1.003026416675902,-0.4001367581217439,-0.25240779174988015,1.2840060863498695,1.4805432183126481,0.7370051862207773,0.8255874424932338,True
44,Spruce,6,1,2.612112491845998,0.06272139282366147,0.40201853941739707,1.0125987502272409,1.7785230260691813,0.21142367942606607,0.15365970770082077,0.3101058558337605,-5.040254461098007,10.264479444790004,-0.8469612785813037,0.9724040642286267,-0.2591258213658507,1.0631629002006449,-0.3216790568706469,2.3468765573251287,True
45,Alder,92,23,0.8979811388915321,-0.02214249176681937,0.8418203023818392,0.9854672411456156,0.11695983407368331,0.04721767782792413,0.08259634570535798,0.026264126302364865,0.665548046044566,1.1304142317384982,-0.11597770435511641,0.07169272082147767,0.6776774216894899,1.0059631830741886,0.9332728091362802,1.037661673154951,True
45,Aspen,53,13,1.1867439072214352,0.07276705527883788,0.6992836366546155,0.9506755108023174,0.4683970000446986,0.1877990758093106,0.290281576722674,0.0520797981202346,0.24546489478598554,2.128022919656885,-0.30462931702330953,0.45016342758098526,0.11594096827789824,1.2826263050313327,0.846017238145204,1.0553337834594307,True
45,Birch,96,24,1.6492155127297812,0.0648178776470154,0.7836156153769003,0.7194096960372866,0.4113981733600185,0.10152886842496574,0.13919902280949525,0.059862924152873365,0.8321432298007595,2.4662877956588027,-0.13682721870734066,0.2664629740013715,0.5071543408419935,1.060076889911807,0.6005167614845814,0.8383026305899917,True
45,Oak,72,18,0.7262346850465445,0.007526166997412544,0.8744968449770946,0.9769403964012866,0.08731858201631369,0.039207841874758904,0.07730306475217107,0.03533803821564849,0.551993167496482,0.9004762025966071,-0.07071186333208287,0.08576419732690796,0.7202409809598278,1.0287527089943613,0.9064244390442795,1.0474563537582937,True
45,Pine,366,92,0.8806895479741326,-0.36122083615455386,1.4110102033789258,0.7842773476409831,0.06559606970656319,0.03880713488336524,0.05130369538831526,0.021962634852712937,0.7516923309480755,1.0096867650001897,-0.4375365731049959,-0.28490509920411183,1.310119495172622,1.5119009115852295,0.7410869737781419,0.8274677215038243,True
45,Spruce,6,1,7.554501751741239,0.4603131683807755,0.11313196179116489,0.6171961481574492,22.53463631391958,1.3093281137828814,0.9796975584934993,1.149397898090768,-89.40421269705465,104.51321620053713,-5.17327101445504,6.09389735121659,-4.102166412537535,4.328430336119865,-4.328263855569802,5.5626561518847,True
46,Alder,92,23,0.7913591893404334,-0.061548692160551685,0.9154325178119465,0.9926425221502303,0.1129410209329791,0.05474300415715289,0.0937345016532917,0.0302285297409396,0.5669126431166391,1.0158057355642276,-0.17033890949247218,0.047241525171368814,0.7291548926913594,1.1017101429325336,0.9325696713673135,1.052715372933147,True
46,Aspen,53,13,0.7357046272317728,-0.15634540348159737,1.0430418515663638,0.9822782665964946,0.25422491374720274,0.1514896397397693,0.2210277248733669,0.07555518572868375,0.22482053590407736,1.2465887185594682,-0.46077523218426736,0.14808442522107262,0.5988700089418311,1.4872136941908964,0.8304444363194312,1.134112096873558,True
46,Birch,96,24,2.0014766097575287,0.14667721962199928,0.6955896766791965,0.6715069344771069,0.513250767344939,0.10373996385052196,0.14536760085873437,0.06130121861243899,0.9821162835690775,3.02083693594598,-0.05935930310252724,0.3527137423465258,0.4068770736856508,0.9843022796727421,0.5497574229785118,0.7932564459757019,True
46,Oak,72,18,0.6663784663612594,-0.0024485472231407647,0.8820373832312556,1.005037206137347,0.06651283927125445,0.028920373284609346,0.05441828889766003,0.03113833665302091,0.5336541620542844,0.7991027706682344,-0.06015825359793237,0.05526115915165084,0.7734473784344014,0.9906273880281098,0.9429016227698406,1.0671727895048533,True
46,Pine,366,92,0.8445289969748511,-0.34331370280781487,1.400441287736862,0.7901540622131856,0.0637010712174129,0.03816899751972265,0.0509404990894539,0.02296530105135941,0.7192583680273555,0.9697996259223466,-0.41837451786494106,-0.2682528877506887,1.300264819148829,1.5006177563248948,0.7449919063547145,0.8353162180716568,True
46,Spruce,6,1,7.5545017517436115,0.4603131683809221,0.11313196179105504,0.6171961481573288,22.534636318318974,1.3093281140378612,0.9796975586795958,1.1493978983108593,-89.40421271598133,104.51321621946856,-5.173271015551983,6.093897352313827,-4.102166413338354,4.328430336920464,-4.328263856516898,5.562656152831556,True
47,Alder,92,23,0.7072035094925777,-0.14713953187089887,1.0462552318246328,0.9852100298228573,0.1105755574811116,0.057262842824334394,0.10065914205474191,0.0333084375095753,0.48745782481230826,0.9269491941728472,-0.2609373990471188,-0.033341664694678905,0.8462163390166433,1.2462941246326222,0.919016509546716,1.0514035500989987,True
47,Aspen,53,13,0.7953840361545919,-0.11284210584200892,0.9938607720528854,0.962649895408976,0.22796517595673102,0.1330056569617572,0.20682840602554114,0.04787220071694067,0.3372708636241353,1.2534972086850484,-0.38012698047046245,0.15444276878644458,0.5782235289690458,1.409498015136725,0.8664471063013315,1.0588526845166206,True
47,Birch,96,24,1.8034359831482951,0.07301113103900397,0.7850457328211355,0.6852201293082845,0.40839700344835633,0.08876790674144766,0.12905676959343187,0.05496737994969574,0.9923242827156712,2.614547683580919,-0.1032895939245792,0.24931185600258715,0.5287278486217059,1.0413636170205653,0.5760501681115399,0.7943900905050291,True
47,Oak,72,18,0.6414164153532965,-0.015858875924326526,0.9396076229127174,0.9755131431496142,0.08590673741944538,0.03944763033070578,0.06981400709751508,0.03356915325601645,0.46999218983229174,0.8128406408743013,-0.09457539666777948,0.06285764481912642,0.8002959407710035,1.0789193050544312,0.9085269407728265,1.042499345526402,True
47,Pine,366,92,0.8324234696380076,-0.3335994689200126,1.3925053928040658,0.7928238312650221,0.06378813780640337,0.04022909384539025,0.05411349560334788,0.02296447890730036,0.7069816208639895,0.9578653184120257,-0.412711543359073,-0.25448739448095214,1.2860891034195019,1.4989216821886298,0.7476632921847525,0.8379843703452917,True
47,Spruce,6,1,2.612112491845997,0.0627213928236618,0.4020185394173959,1.0125987502272418,1.7785230260700755,0.2114236794260796,0.1536597077008223,0.31010585583388334,-5.040254461101856,10.26447944479385,-0.8469612785813615,0.9724040642286852,-0.25912582136585843,1.0631629002006502,-0.3216790568711747,2.3468765573256585,True
48,Alder,92,23,0.7319317068683246,-0.1108004776993529,0.9527748791177078,1.0248365069830034,0.12079999883575225,0.05758498008414816,0.10390921158129933,0.032465962032794046,0.4918670935104172,0.9719963202262321,-0.22523852498708524,0.0036375695883794495,0.7462771560795941,1.1592726021558215,0.9603172296832383,1.0893557842827686,True
48,Aspen,53,13,0.9098687791286314,-0.07311168380246122,0.9079588533782289,0.9679534137220507,0.3040445394029497,0.14753841334678286,0.23123883174896276,0.05236788158005,0.2988684017600983,1.5208691564971644,-0.36960122578949417,0.2233778581845717,0.4432670232328187,1.3726506835236392,0.8627162156778657,1.0731906117662355,True
48,Birch,96,24,1.9496920990766378,0.1400023022390376,0.6801833556509802,0.7016034666903909,0.4765362219725457,0.10085821917182779,0.14329674200810955,0.0570885015461191,1.0032500290853783,2.8961341690678974,-0.060310826810187707,0.3403154312882629,0.39558365708499765,0.9647830542169628,0.5882207749144003,0.8149861584663814,True
48,Oak,72,18,0.7354040961629595,0.007460533926639377,0.8721068720933277,0.9772454888224268,0.05725067166220425,0.022543614915234895,0.040259355859412545,0.019495981170289913,0.6211621595575401,0.849646032768379,-0.037524549238830286,0.052445617092109036,0.791770578276492,0.9524431659101634,0.938341864109372,1.0161491135354817,True
48,Pine,366,92,0.8478029130815916,-0.3183907423440284,1.3468371742128344,0.8121126030479643,0.06377192232063122,0.03709630329157538,0.049623845238135865,0.022199603691087748,0.7223929526897082,0.9732128734734751,-0.3913420625675477,-0.24543942212050912,1.249249956526059,1.4444243918996098,0.7684562207671036,0.855768985328825,True
48,Spruce,6,1,2.6121124918460046,0.06272139282366249,0.40201853941739607,1.0125987502272402,1.7785230260764862,0.21142367942671275,0.15365970770096976,0.31010585583492345,-5.0402544611294315,10.26447944482144,-0.8469612785840851,0.9724040642314101,-0.25912582136649276,1.0631629002012848,-0.32167905687565135,2.346876557330132,True
49,Alder,92,23,0.7108000631515676,-0.1250928720974346,1.0268302248619106,0.9825422004105209,0.12016444919798733,0.05833663244093384,0.10646939587609,0.03482798637956573,0.4719984711473875,0.9496016551557478,-0.2410246704956836,-0.009161073699185618,0.8152446735226595,1.2384157762011616,0.9133288960659319,1.05175550475511,True
49,Aspen,53,13,0.962670274125121,-0.01931690091724371,0.8444285675599887,0.9627815457423107,0.28516758247567925,0.13345720635827965,0.20762274871212585,0.04759738216237826,0.38960456194998583,1.535735986300256,-0.2875091980312894,0.248875396196802,0.4271950330833939,1.2616621020365835,0.8671310251966183,1.058432066288003,True
49,Birch,96,24,1.8240951208303042,0.08988915737824776,0.7780229789519162,0.6741490450557204,0.4715105184244063,0.10529148364927361,0.1515957181572959,0.06283335034923913,0.8876345318890573,2.760555709771551,-0.1192288175890582,0.29900713234555376,0.47694079741133083,1.0791051604925015,0.5493565876789,0.7989415024325407,True
49,Oak,72,18,0.7099320655451747,0.004734939500019301,0.8923528619957521,0.9697557253932041,0.08388283616659092,0.03537531993384366,0.06330104472528171,0.028671937085513455,0.5425464720945229,0.8773176589958266,-0.06585541236735655,0.07532529136739514,0.7660375939194015,1.0186681300721028,0.9125417657351509,1.0269696850512573,True
49,Pine,366,92,0.8169076296601547,-0.33997675133868127,1.4032413926814482,0.7946179828155032,0.06283217840822683,0.03773107678521909,0.050534898692778635,0.023683258813503454,0.6933457121458343,0.9404695471744752,-0.4141763782746034,-0.26577712440275914,1.3038625530158465,1.5026202323470499,0.748043935152033,0.8411920304789734,True
49,Spruce,6,1,8.338899059807162,0.08147496560892388,1.149597057521906,-0.029001655226769424,9.258108734674098,0.2058357286112242,0.714886985021463,0.9675856909764317,-31.49552775926204,48.17332587887636,-0.8041646939691542,0.967114625187002,-1.9263133800049366,4.225507495048749,-4.192186869721441,4.1341835592679015,True
50,Alder,92,23,0.8148035268024761,-0.03706306747437491,0.8826640603724241,0.9941097750904749,0.11764504720461959,0.05260437004587735,0.08875099557979432,0.0293316165372652,0.5810087168451512,1.048598336759801,-0.1416031989123753,0.06747706396362549,0.7062901063630229,1.0590380143818252,0.9358193508268535,1.0524001993540963,True
50,Aspen,53,13,0.6592800864696932,-0.1893835717320819,1.0295818105079395,1.0539986086654896,0.2313801465545577,0.1560406101155914,0.23158749234730486,0.07277309748123098,0.19430427359031965,1.1242558993490666,-0.5029589178069127,0.12419177434274889,0.5641893206579384,1.4949743003579408,0.9077555940380155,1.2002416232929636,True
50,Birch,96,24,1.6441439943049092,0.029406294130939956,0.8419996906362892,0.6979612614242677,0.36538579127825627,0.0870382646241784,0.12292079044048944,0.054774550342091825,0.9184562738388029,2.3698317147710153,-0.14345921229031233,0.20227180055219224,0.5978683906736159,1.0861309905989627,0.5891742764726883,0.8067482463758472,True
50,Oak,72,18,0.6674878848243816,-0.008014130142595373,0.9125121904807069,0.9820996354531416,0.07965136553705006,0.04980412734957203,0.08209846215122164,0.026528781749830744,0.5085460595492365,0.8264297100995267,-0.10739671892564172,0.09136845864045097,0.7486872599397751,1.0763371210216386,0.9291622756826713,1.0350369952236118,True
50,Pine,366,92,0.8491043811687148,-0.3489586549148145,1.4059717663042808,0.7906285218170935,0.06328201671512913,0.03760675914038444,0.049704067464507964,0.022255923345207974,0.7246578391645173,0.9735509231729123,-0.4229138063770894,-0.27500350345253954,1.3082267884957186,1.503716744112843,0.7468613847504983,0.8343956588836887,True
50,Spruce,6,1,2.6121124918459806,0.06272139282365963,0.4020185394173973,1.0125987502272442,1.778523026063863,0.211423679425198,0.1536597077004763,0.31010585583302563,-5.040254461075142,10.264479444767103,-0.8469612785775705,0.9724040642248898,-0.25912582136436835,1.063162900199163,-0.32167905686748166,2.34687655732197,True
51,Alder,92,23,0.5930627844133759,-0.16397328484504697,1.1018187386641876,1.0030047932323884,0.1099365477517724,0.06097565954505194,0.10963950417811527,0.03319876288898501,0.37458699729175077,0.811538571535001,-0.2851495950603246,-0.04279697462976932,0.8839332632259045,1.3197042141024706,0.9370292282181754,1.0689803582466015,True
51,Aspen,53,13,0.7862163840959434,-0.13068431254318488,1.0084095628216223,0.9718619948897855,0.2498499701759915,0.14489576194117376,0.22537249445328472,0.05340025559298873,0.2841240710327918,1.2883086971590951,-0.42186324770514105,0.16049462261877126,0.5555065788382544,1.4613125468049901,0.8645501635937431,1.079173826185828,True
51,Birch,96,24,2.0431642046424274,0.09459017546005934,0.7347246028049492,0.6747903039418152,0.47721103465859366,0.09252157179665003,0.1350865519557696,0.05660236593827767,1.095381898408903,2.990946510875952,-0.08916565230807887,0.2783460032281975,0.4664310503614873,1.0030181552484112,0.5623731194447412,0.7872074884388891,True
51,Oak,72,18,0.7234700939370609,-0.0003411832951034911,0.9053170245067381,0.9580666442447212,0.08238734076942712,0.03450135371996862,0.0619119722759606,0.03229262789565361,0.5590687150885457,0.887871472785576,-0.06918756273557232,0.06850519614536534,0.7817736073465129,1.0288604416669633,0.8936277085647197,1.0225055799247227,True
51,Pine,366,92,0.8181744020846354,-0.36780603396683204,1.4270300501796809,0.7977761607145977,0.06050027567321389,0.03654621063544885,0.048649988997683115,0.02202913080879598,0.6991982618057158,0.9371505423635551,-0.43967557563160187,-0.2959364923020622,1.3313579585875606,1.5227021417718012,0.7544550199732443,0.8410973014559511,True
51,Spruce,6,1,7.554501751739408,0.46031316838066383,0.11313196179124704,0.6171961481575432,22.53463631801234,1.30932811402082,0.9796975586667789,1.1493978982964912,-89.4042127146662,104.51321621814502,-5.173271015478919,6.093897352240246,-4.102166413283015,4.328430336865509,-4.328263856454863,5.562656152769949,True
52,Alder,92,23,0.7411699551462351,-0.1027892497428603,0.9637233924738211,1.003667205986769,0.11856922752565457,0.05645145974764707,0.09974894979963059,0.033324882313852305,0.5055385310036409,0.9768013792888293,-0.21497466355428402,0.009396164068563431,0.7654933155094622,1.1619534694381801,0.9374410051177589,1.0698934068557793,True
52,Aspen,53,13,0.9041317529509407,-0.053923005497346285,0.8438441442659044,1.0128173462069041,0.3886417099339821,0.1904630374413777,0.2751416779147172,0.08223427545287479,0.1231269965520454,1.685136509349836,-0.4366728091279582,0.3288267981332656,0.29092624162629965,1.396762046905509,0.8475613826135421,1.1780733098002663,True
52,Birch,96,24,2.1439059049859552,0.11867125829022847,0.7061652744610923,0.6614428995121839,0.5158389215714834,0.09519309966171074,0.13720976752571562,0.05767883266331552,1.119405281102005,3.1684065288699053,-0.0703904544160605,0.3077329709965174,0.43365483262622306,0.9786757162959616,0.5468877591818591,0.7759980398425088,True
52,Oak,72,18,0.6995992842558553,-0.004107341011549319,0.8982044394938064,0.9780751089449471,0.07148409939039657,0.029014843645978172,0.052812665438311535,0.02852807843705628,0.5569549848310759,0.8422435836806347,-0.06200556005739336,0.05379087803429473,0.792818406425657,1.0035904725619558,0.9211482147504076,1.0350020031394866,True
52,Pine,366,92,0.8590089531891302,-0.34322622218319765,1.3781752206812294,0.8045015130397909,0.06271568865123008,0.03859130320063271,0.05032542049055948,0.022656486084375156,0.7356761173032037,0.9823417890750566,-0.41911751775257683,-0.26733492661381847,1.2792083280306665,1.4771421133317924,0.7599466537997782,0.8490563722798036,True
52,Spruce,6,1,1.2154888946906026,-0.14607749177969828,0.4284421638175614,1.40806966464644,1.4859318494986569,0.31521837464662283,0.15777833775580838,0.5829746928648996,-5.17795983369723,7.608937623078436,-1.5023526919033712,1.2101977083439746,-0.2504232318143874,1.1073075594495103,-1.1002679889524902,3.91640731824537,True
53,Alder,92,23,0.7711571653520497,-0.0203756330974583,0.8543826817307167,1.0180544787154768,0.11180863258267752,0.049477746318945894,0.08767199317124692,0.02683553163152074,0.5489610030198626,0.9933533276842368,-0.11870225689178715,0.07795099069687056,0.6801530182719503,1.0286123451894833,0.9647244986867994,1.0713844587441543,True
53,Aspen,53,13,0.9944577839763517,-0.019723106659467974,0.8465755887512246,0.9530388268786947,0.35404053654612566,0.15977229346480842,0.25153746217841094,0.05323223999894848,0.2829866887933079,1.7059288791593954,-0.3407975511856928,0.3013513378667569,0.3410921335471573,1.352059043955292,0.8460646355598872,1.0600130181975023,True
53,Birch,96,24,1.7182032457587486,0.11102777519394717,0.7417682795158832,0.715554060601939,0.405353451654937,0.09111906239612635,0.1312131235560288,0.05755420268267287,0.9131363018979668,2.5232701896195304,-0.06994254784441563,0.29199809823231,0.4811676902168364,1.00236886881493,0.6012464461708504,0.8298616750330277,True
53,Oak,72,18,0.683201105535007,-0.0041905716683225715,0.8959153808640591,0.9868246004268517,0.07002279575084841,0.02913777218533651,0.053719384214513895,0.027257551785943152,0.5434727921223313,0.8229294189476827,-0.06233409079524223,0.05395294745859709,0.7887200186484539,1.0031107430796644,0.9324330026911621,1.0412161981625414,True
53,Pine,366,92,0.8325829410408652,-0.37107772293785013,1.4147164217293848,0.805928683115589,0.05981225714724657,0.03703266360198356,0.04980599715897561,0.02207289458444562,0.7149598158969861,0.9502060661847442,-0.44390389324177104,-0.2982515526339292,1.3167709952205047,1.512661848238265,0.7625214792108386,0.8493358870203394,True
53,Spruce,6,1,1.215488894690605,-0.14607749177969734,0.4284421638175609,1.408069664646439,1.4859318495015532,0.31521837464718866,0.15777833775589495,0.5829746928659565,-5.17795983370969,7.6089376230909,-1.5023526919058048,1.21019770834641,-0.2504232318147604,1.1073075594498822,-1.1002679889570386,3.9164073182499166,True
54,Alder,92,23,0.7478371058541804,-0.11456648407675464,0.980834987799683,0.9960320422446116,0.12946444753655104,0.05904514585256583,0.10712558530563654,0.03343537858607678,0.4905537214088259,1.005120490299535,-0.23190630399703685,0.002773335843527569,0.7679453978576847,1.1937245777416814,0.9295862532537081,1.0624778312355152,True
54,Aspen,53,13,0.8947964849168506,-0.018885696690880412,0.852085536467479,0.9761632644077104,0.25491226073572715,0.13015915617896462,0.20378769028053004,0.04847242301383092,0.38253111810170115,1.4070618517320002,-0.280450313833765,0.24267892045200418,0.4425588404479628,1.2616122324869952,0.8787542834354622,1.0735722453799585,True
54,Birch,96,24,1.2536511237609511,-0.015382098283621602,0.9581908560454284,0.723337560272578,0.3271773804361948,0.10819943951707657,0.16065860273055763,0.05824619597475648,0.6038486052607103,1.903453642261192,-0.23027552461026876,0.19951132804302554,0.6391090034617805,1.2772727086290763,0.6076555874326601,0.8390195331124959,True
54,Oak,72,18,0.67736908162079,0.008405230436398778,0.9157658302351912,0.9571134409465294,0.10261009872869604,0.056870528102361005,0.08963129817480459,0.03808964747536401,0.47261381755672816,0.8821243456848519,-0.10507814150587043,0.12188860237866798,0.7369093594436442,1.0946223010267382,0.8811067328003254,1.0331201490927335,True
54,Pine,366,92,0.8707379757100187,-0.3423173016267689,1.4030554025416633,0.7786637446183576,0.06402276355783047,0.03802095018565485,0.051080189520498,0.023034488421800354,0.7448347262894048,0.9966412251306325,-0.41708697585536214,-0.2675476273981756,1.302604227299246,1.5035065777840806,0.7333655291105788,0.8239619601261364,True
54,Spruce,6,1,3.1332299653752793,0.015125580284599656,0.42703387376568797,0.9804322111807576,1.960723083121361,0.2090699657387103,0.1492095571809325,0.29227417033878605,-5.30308056039508,11.569540491145638,-0.8844298784985412,0.9146810390677405,-0.2149630347356039,1.0690307822669798,-0.2771220456470954,2.237986468008611,True
55,Alder,92,23,0.7206761665363837,-0.1149629280775486,0.9783211752592438,1.0106783769270928,0.1203176552084701,0.0580359805630245,0.09997818866553874,0.03544677612676239,0.48157010978033993,0.9597822232924274,-0.2302972440459859,0.0003713878908887108,0.7796355342200402,1.1770068162984475,0.9402353579894385,1.0811213958647472,True
55,Aspen,53,13,0.7090730400075912,-0.1507202428583344,1.0493170159203344,0.9828938180223339,0.22084064948004933,0.13661097909320288,0.21802203920141186,0.050146736385794206,0.2652771394609458,1.1528689405542365,-0.4252502835640152,0.12380979784734636,0.6111853247927568,1.487448707047912,0.882120178358594,1.0836674576860736,True
55,Birch,96,24,1.2870998276283652,-0.08226529251362183,1.0277992470335973,0.7094411870069985,0.34206973670711727,0.10998661002848506,0.1687166564044295,0.055715245736546695,0.6077198041112839,1.9664798511454464,-0.30070819373903596,0.1361776087117923,0.6927134043070146,1.36288508976018,0.5987858998040734,0.8200964742099237,True
55,Oak,72,18,0.6587389236538658,-0.003543652586590429,0.9068806964089576,0.9864111942905144,0.06638355333107468,0.029097360942044414,0.052212768861701495,0.02463393576639989,0.5262726054237902,0.7912052418839414,-0.06160653233304026,0.0545192271598594,0.8026917383215048,1.0110696544964106,0.937254940809825,1.0355674477712038,True
55,Pine,366,92,0.8619037462388941,-0.3643989252997453,1.4145353487373014,0.7912786961987989,0.062268955721795916,0.03573864598879451,0.04827310751847888,0.021972663211730414,0.7394494279975261,0.9843580644802621,-0.4346803597432586,-0.29411749085623207,1.3196044092017525,1.5094662882728502,0.748068601178724,0.8344887912188738,True
55,Spruce,6,1,8.338899059807174,0.08147496560892489,1.149597057521904,-0.02900165522676896,9.25810873475169,0.20583572861307672,0.7148869850195746,0.9675856909794069,-31.49552775959588,48.17332587921023,-0.804164693977124,0.9671146251949737,-1.9263133799968135,4.225507495040622,-4.1921868697342415,4.134183559280704,True
56,Alder,92,23,0.6545538745916785,-0.12701683568296152,1.0194153382148796,1.0151814114613635,0.11755737304333291,0.05719783280716143,0.10306214613880257,0.03478901496635926,0.4209332986064861,0.8881744505768708,-0.24068550911094116,-0.013348162254981866,0.8146009797454885,1.2242296966842707,0.9460455546112579,1.0843172683114692,True
56,Aspen,53,13,0.9575582663632382,0.004392935388804665,0.8082743694671731,0.9751600230442223,0.2764796760293607,0.1300546662465551,0.2033976401056775,0.04974896950951706,0.4019515558451203,1.513164976881356,-0.2569617013733804,0.2657475721509897,0.3995315086202785,1.2170172303140678,0.8751857258451993,1.0751343202432453,True
56,Birch,96,24,1.78173905822347,0.07268813119036498,0.7603692831983863,0.7138049139742408,0.4589930266714342,0.10138414113579965,0.1493537601046324,0.059008764745012106,0.8701392883753495,2.6933388280715906,-0.12866952427528888,0.27404578665601886,0.4637398238693743,1.0569987425273983,0.5966084137339841,0.8310014142144976,True
56,Oak,72,18,0.7798525169798118,0.0274475795609011,0.8474859863300728,0.9625556539621382,0.09671054766192416,0.04552455941717526,0.07297991376157786,0.027193612147846182,0.5868696237788771,0.9728354101807466,-0.06339526437310403,0.11829042349490623,0.7018568358004149,0.9931151368597306,0.9082916457877579,1.0168196621365184,True
56,Pine,366,92,0.8921842274297398,-0.37792343226395536,1.4211432335904477,0.7882748764492498,0.06666513018000118,0.03702664247263889,0.04969788455719515,0.022797343065954566,0.7610846614897468,1.0232837933697327,-0.4507377617833248,-0.3051091027445859,1.3234104147090904,1.518876052471805,0.7434430164879482,0.8331067364105513,True
56,Spruce,6,1,7.554501751747237,0.46031316838114383,0.1131319617908901,0.6171961481571444,22.534636322326627,1.309328114268278,0.9796975588464188,1.1493978985121096,-89.40421273322124,104.51321623671572,-5.173271016543165,6.093897353305453,-4.102166414056301,4.32843033763808,-4.328263857382994,5.562656153697282,True
57,Alder,92,23,0.7892822219176218,-0.05600461206596135,0.883066159433033,1.015806562163187,0.13556924679418356,0.05934823127618884,0.10278268847607004,0.03393973578671618,0.5198668317807453,1.0586976120544982,-0.17394675057678763,0.06193752644486492,0.6788071643444397,1.0873251545216265,0.9483584692191983,1.0832546551071758,True
57,Aspen,53,13,1.1362804031100158,0.05657690474181607,0.7229081439902219,0.9573129583987355,0.41508820574652366,0.170898847996315,0.2656082097391575,0.05875454028546257,0.3021294236173948,1.9704313826026367,-0.2868571882454925,0.4000109977291247,0.18914846292018161,1.256667825060262,0.8392412891721577,1.0753846276253134,True
57,Birch,96,24,1.9462901242562962,0.06786314094615509,0.7811379724402095,0.6701683071413319,0.45937519641676094,0.09221130505519431,0.13694773813776767,0.0545892092594156,1.0339313323062296,2.858648916206363,-0.11527647029217292,0.2510027521844831,0.5091479435873827,1.0531280012930364,0.5617494255780247,0.7785871887046392,True
57,Oak,72,18,0.7030079732367092,0.008086210549067862,0.8736972258730608,0.9874796288589007,0.057725902818075034,0.023631992250367804,0.04304272704755434,0.01930213388634307,0.587817727624502,0.8181982188489163,-0.03907069577433192,0.05524311687246765,0.7878068013256511,0.9595876504204705,0.948962820378404,1.0259964373393975,True
57,Pine,366,92,0.8636394094911312,-0.37289048652717693,1.418374828788992,0.7952607013490273,0.061138198891528446,0.036534992418035483,0.048331246286393105,0.021421341007895087,0.7434087684439947,0.9838700505382676,-0.4447379671319962,-0.30104300592235766,1.323329557109828,1.5134201004681558,0.7531348028409931,0.8373865998570614,True
57,Spruce,6,1,3.1332299653752806,0.015125580284600211,0.42703387376568674,0.9804322111807582,1.9607230831379907,0.2090699657399429,0.14920955718113887,0.29227417034114356,-5.303080560466631,11.569540491217191,-0.884429878503844,0.9146810390730444,-0.21496303473649297,1.0690307822678664,-0.2771220456572383,2.2379864680187547,True
58,Alder,92,23,0.7064457316718379,-0.11030258757606047,1.007928861089487,0.9859875740722597,0.11887190015337883,0.059257575491192746,0.1048856630391613,0.0353594718518906,0.4702128092838055,0.9426786540598703,-0.2280645667641757,0.00745939161205475,0.7994906459656645,1.2163670762133094,0.9157180540352144,1.0562570941093048,True
58,Aspen,53,13,0.7502608611001174,-0.11520209486727473,1.011683823254359,0.9710917693513136,0.2432005884440709,0.14612232799385327,0.230734425478914,0.05638869154872196,0.261530980907653,1.2389907412925818,-0.40884590679539895,0.1784417170608495,0.5480056354586915,1.4753620110500265,0.8577744511608831,1.084409087541744,True
58,Birch,96,24,1.7105705448167128,0.0904583537808339,0.6642924106518177,0.8069182616529307,0.42999839472217005,0.09437029091678613,0.13899515396316753,0.06567109001321648,0.8565566167480598,2.5645844728853655,-0.09696918973569253,0.27788589729736035,0.388236037243055,0.9403487840605803,0.6764898083584154,0.9373467149474459,True
58,Oak,72,18,0.6850133754001607,-0.004325231327455031,0.9220120030016514,0.9614161589312796,0.09123542457290108,0.039607761523621846,0.07038657382454862,0.03448058505674591,0.5029559202191257,0.8670708305811957,-0.08336128889132478,0.07471082623641472,0.7815577817449716,1.0624662242583311,0.8926112227130191,1.0302210951495403,True
58,Pine,366,92,0.8930935703400953,-0.34005320298602537,1.3976223816304982,0.7752654994229028,0.06585677516470377,0.03831494650895658,0.05078955979708418,0.02314825023555547,0.7635836659119717,1.022603474768219,-0.41540103239512666,-0.2647053735769241,1.297742741019243,1.4975020222417534,0.729743566892993,0.8207874319528126,True
58,Spruce,6,1,3.7025227489064543,0.08254528345141801,0.40151327321223174,0.8941062593400063,2.738093554965182,0.2279101823584536,0.16524378448259436,0.3358255958875852,-8.078542959527898,15.483588457340808,-0.8980730847987278,1.063163651701564,-0.3094733471571238,1.1124998935815873,-0.5508346575075457,2.339047176187558,True
59,Alder,92,23,0.7742603410555096,-0.0779459785794667,0.9255260864874766,1.0047922659936244,0.13293504194656722,0.05867220482961043,0.104129072535307,0.03295652631936538,0.5100798795141902,1.038440802596829,-0.19454465658464987,0.038652699425716475,0.7185914360037914,1.132460736971162,0.9392980952591079,1.0702864367281408,True
59,Aspen,53,13,0.9890015870224204,-0.03736054199712852,0.8485985036381601,0.9647602686127991,0.3356258173468363,0.15523499415032868,0.2419885838583613,0.052529746101347356,0.314536255540957,1.6634669185038837,-0.3493169421775314,0.27459585818327437,0.3623042378484248,1.3348927694278956,0.8591977916348452,1.070322745590753,True
59,Birch,96,24,1.9356027847896875,0.10091910798135148,0.7508766243171302,0.6732587973349804,0.4775481928581811,0.09797662194788467,0.1413794913211357,0.05982672025901421,0.9871508532693146,2.8840547163100605,-0.09367092025043605,0.295509136213139,0.47008475110671155,1.0316684975275487,0.5544377668404893,0.7920798278294715,True
59,Oak,72,18,0.6278259104264148,-0.03586873948620293,0.9902333367169751,0.9555784711789425,0.08606113735953495,0.046818643387528225,0.08938646356274321,0.03712940231370779,0.4560935846219466,0.799558236230883,-0.12929388777770878,0.05755640880530293,0.8118654257871353,1.1686012476468148,0.8814879024193792,1.0296690399385058,True
59,Pine,366,92,0.8798418429186272,-0.3425804463993968,1.4020056391366353,0.7781917410713677,0.06643446363631901,0.03869708285079297,0.051191956481636235,0.022893209372559127,0.7491958916895327,1.0104877941477217,-0.4186797617563898,-0.26648113104240373,1.3013346698271833,1.5026766084460874,0.7331713562973162,0.8232121258454191,True
59,Spruce,6,1,7.554501751742554,0.4603131683808553,0.11313196179110495,0.617196148157383,22.53463631491052,1.3093281138398445,0.9796975585356094,1.149397898139637,-89.40421270131701,104.5132162048021,-5.1732710147000525,6.093897351461763,-4.1021664127187805,4.32843033630099,-4.3282638557801345,5.562656152094901,True
60,Alder,92,23,0.8903451724897697,-0.07263011456310545,0.9265325482072498,0.9571267048751565,0.14236583985507162,0.057635550586646794,0.10195485436747001,0.03290464332522265,0.6074229818476087,1.1732673631319308,-0.18716866009791278,0.04190843097170187,0.7239186994524388,1.1291463969620608,0.891735640689057,1.0225177690612561,True
60,Aspen,53,13,0.8410239628961217,-0.05850235600306436,0.9140712348427753,0.9732140528356881,0.2503999113393221,0.13234118830041808,0.20926223686376297,0.04899295172973154,0.33782650168926287,1.3442214241029804,-0.3244519308638424,0.20744721885771367,0.4935430255750837,1.334599444110467,0.8747590302457514,1.0716690754256246,True
60,Birch,96,24,1.8818058660640096,0.03697937102055449,0.7833432569748336,0.7052311132103093,0.42485208298661903,0.09261224130216589,0.13851245105781565,0.056099883926111184,1.0380129573160994,2.7255987748119197,-0.14695653421185348,0.22091527625296245,0.508245573201543,1.0584409407481243,0.5938119013621133,0.8166503250585053,True
60,Oak,72,18,0.6481571004433835,-0.006373858243477762,0.8894092742368785,1.009931395777387,0.07365401262591548,0.03975640414273744,0.06569267957177172,0.028796125784742378,0.5011828065732278,0.7951313943135392,-0.08570652753567905,0.07295881104872352,0.7583215731290321,1.020496975344725,0.9524696214283878,1.0673931701263861,True
60,Pine,366,92,0.8665131656105124,-0.3751461968947537,1.4289772460500059,0.7869695963652743,0.06417832414249333,0.03893086143309334,0.05146742743363237,0.022223846592696852,0.7403040002624623,0.9927223309585624,-0.45170524690737396,-0.29858714688213345,1.3277645524217345,1.5301899396782772,0.7432655394774715,0.8306736532530771,True
60,Spruce,6,1,8.338899059806932,0.0814749656089227,1.1495970575218861,-0.02900165522674216,9.258108734449175,0.20583572861232852,0.7148869850021256,0.9675856909476552,-31.4955277582945,48.17332587790837,-0.8041646939739069,0.9671146251917522,-1.9263133799217542,4.225507494965527,-4.192186869597599,4.134183559144114,True
61,Alder,92,23,0.8210368532765027,-0.0452145486812999,0.8735584790432833,1.0060876262061542,0.12372181987368999,0.052113033207953824,0.09140322202270103,0.02966179235006519,0.575165734583051,1.0669079719699543,-0.14877825140107667,0.058349154038476875,0.6919137823046565,1.0552031757819103,0.947141046896143,1.0650342055161655,True
61,Aspen,53,13,0.9760448254430713,-0.018690035567157523,0.8370167798396023,0.9633746676750099,0.3257183055102582,0.1494790578646361,0.23375868360378035,0.05645097556335332,0.32148938440996,1.6306002664761825,-0.319079448721339,0.2816993775870239,0.3672611178055165,1.3067724418736881,0.8499321850711072,1.0768171502789126,True
61,Birch,96,24,1.132114366142227,-0.11440115940653313,1.036835079327578,0.771529261652819,0.2908217730530069,0.10528367049891313,0.15440160932254476,0.05400090048633863,0.5545172220101832,1.7097115102742708,-0.32350361678281586,0.09470129796974959,0.7301801557368378,1.343490002918318,0.6642788120938622,0.8787797112117758,True
61,Oak,72,18,0.6549818310075426,-0.00946532341889405,0.8905930625172628,1.0091132324534478,0.07486786097276256,0.042001746961195845,0.06789829002099962,0.02772569364124121,0.505585340473786,0.8043783215412992,-0.0932785045457382,0.07434785770795009,0.755104134283145,1.0260819907513805,0.9537874721900089,1.0644389927168865,True
61,Pine,366,92,0.8466373580058939,-0.33899419431659006,1.3892529368777227,0.7963342086072789,0.06356758991958461,0.03726105105957097,0.05032854780251634,0.022802281089835133,0.7216292252113219,0.9716454908004659,-0.41226949742014707,-0.26571889121303305,1.2902798942468179,1.4882259795086275,0.751492637830359,0.8411757793841987,True
61,Spruce,6,1,2.6121124918459855,0.06272139282366006,0.40201853941739746,1.0125987502272433,1.778523026059382,0.21142367942513624,0.15365970770064385,0.31010585583214895,-5.0402544610558575,10.264479444747828,-0.8469612785773044,0.9724040642246246,-0.25912582136508905,1.063162900199884,-0.3216790568637107,2.3468765573181973,True
62,Alder,92,23,0.7133955595688036,-0.12577041038270437,0.9952252233129729,1.0090380446796738,0.11639098714903799,0.058321146641562745,0.10140775743879947,0.03614053315004271,0.4820929304498256,0.9446981886877817,-0.24167143400881438,-0.00986938675659435,0.7936986147395891,1.1967518318863566,0.9372163294409991,1.0808597599183485,True
62,Aspen,53,13,0.9046898236353678,-0.02193233035809196,0.8723357082341106,0.9598852667185259,0.2924167492770024,0.14436834083859773,0.22703266466448616,0.05064474221121622,0.3170563653664742,1.4923232819042613,-0.31205137313277187,0.268186712416588,0.4160964873048926,1.3285749291633284,0.8581108468800719,1.06165968655698,True
62,Birch,96,24,1.8360275058207416,0.18344810371688822,0.6854065581773064,0.6784728797404428,0.4458973788769352,0.09803749272684542,0.1369787077061776,0.05837765522545521,0.9504368228688868,2.7216181887725965,-0.011262819136095392,0.3781590265698718,0.4133550210884188,0.9574580952661941,0.5625298174814756,0.79441594199941,True
62,Oak,72,18,0.6846158575243426,-0.01672611913347172,0.9110027442149455,0.985600717815805,0.06740040593414895,0.029587911273220135,0.05236245688432183,0.02532023380999873,0.5501204415169887,0.8191112735316965,-0.07576787682508533,0.04231563855814188,0.8065150883289466,1.0154904001009444,0.9350749779114131,1.036126457720197,True
62,Pine,366,92,0.8531954758848704,-0.36163521411660626,1.4193725270990922,0.7881926564871321,0.062310961849837636,0.0364367482300335,0.048341805300691654,0.02213269597940571,0.7306585509623452,0.9757324008073957,-0.4332894937126161,-0.2899809345205964,1.3243064907084885,1.514438563489696,0.7446678508181505,0.8317174621561138,True
62,Spruce,6,1,3.133229965375285,0.015125580284599528,0.4270338737656886,0.9804322111807566,1.9607230831331917,0.20906996573978123,0.14920955718117457,0.29227417034046443,-5.303080560445977,11.569540491196548,-0.884429878503149,0.9146810390723481,-0.2149630347366448,1.069030782268022,-0.27712204565431775,2.237986468015831,True
63,Alder,92,23,0.6725714603103323,-0.144516454926218,1.0408067242403547,1.0028459121654922,0.10901022274121652,0.05706864079898686,0.10010557188251382,0.033536020220251594,0.45593654949372453,0.8892063711269401,-0.2579283863857351,-0.03110452346670088,0.8418679358251069,1.2397455126556025,0.9362001190750131,1.0694917052559714,True
63,Aspen,53,13,0.7542447453719509,-0.09969919809945707,0.9946263150925657,0.968292320300677,0.2146438994036184,0.12454777419222225,0.1947713997653011,0.04696000084289375,0.3229016803295798,1.1855878104143218,-0.34998732095571106,0.15058892475679694,0.6032185332232167,1.3860340969619147,0.8739226654712295,1.0626619751301245,True
63,Birch,96,24,1.7405718831966355,0.12814131915199617,0.6233634698364557,0.8036272629307746,0.3937278484273921,0.08800626984444744,0.1288408595149502,0.05751623233928499,0.9585943908323835,2.5225493755608874,-0.046646729191969744,0.3029293674959621,0.36747440168959034,0.8792525379833211,0.6893950608791386,0.9178594649824106,True
63,Oak,72,18,0.7276088140111319,0.007864419781705385,0.8707997594446457,0.9808250845938329,0.061031077617708505,0.02507539388269966,0.04528440155711377,0.02121607090750616,0.6058231947733113,0.8493944332489525,-0.04217274965458774,0.05790158921799851,0.780436143059032,0.9611633758302595,0.9384890742508918,1.023161094936774,True
63,Pine,366,92,0.8125899183957319,-0.3297310752941798,1.3885610357285225,0.7988274626231113,0.06231998139952854,0.03950448255594373,0.052391658115021215,0.02259984309254816,0.6900352561786681,0.9351445806127957,-0.4074181735085608,-0.25204397707979875,1.2855308065935875,1.4915912648634575,0.7543839940249831,0.8432709312212395,True
63,Spruce,6,1,3.839149822352244,0.15464797317681425,0.38800403907362635,0.8281752533443506,2.369104546880992,0.20410823651854126,0.13965817064431546,0.2935238195475385,-6.3542843232207975,14.032583967925286,-0.7235588878331531,1.0328548341867816,-0.21289657007350715,0.9889046482207599,-0.4347558100627037,2.091106316751405,True
64,Alder,92,23,0.828573483974217,-0.10181872414222438,0.9304482729167031,1.0003573050102477,0.1297102117163059,0.05825249937447887,0.09924994263824276,0.0322436939157785,0.5708016948652972,1.0863452730831369,-0.21758332575021025,0.01394587746576148,0.7332098678266483,1.1276866780067578,0.9362797388867026,1.0644348711337928,True
64,Aspen,53,13,0.9324734584934163,-0.0035486962442850094,0.8139442992408703,0.982415924640111,0.27481284330456335,0.14117742696750354,0.21974180973859198,0.05004495210877568,0.3802163737434878,1.4847305432433449,-0.28725535751980186,0.28015796503123186,0.37235659982823105,1.2555319986535096,0.8818468281389966,1.0829850211412253,True
64,Birch,96,24,1.9450760813376826,0.06800947487991423,0.7785683696199631,0.669334054978407,0.4302263139778289,0.08732460698630974,0.12665483794416413,0.05402137839568387,1.0906094859539959,2.7995426767213694,-0.1054247321887306,0.24144368194855903,0.527020929003396,1.0301158102365302,0.5620429345239,0.7766251754329141,True
64,Oak,72,18,0.7200318303780971,-0.007787149510144629,0.9191055763223481,0.9543478605360354,0.08988713825346172,0.04064397861065531,0.07694238488672206,0.03244454091885514,0.5406648386581753,0.899398822098019,-0.08889094607740639,0.07331664705711713,0.7655694377707771,1.0726417148739191,0.8896057871379557,1.019089933934115,True
64,Pine,366,92,0.887615836390926,-0.38327305718317123,1.4438511934083618,0.7747887500112391,0.06456036951136668,0.037709229345447286,0.0492332827750384,0.022092159316255446,0.760655363996847,1.014576308785005,-0.4574297202808281,-0.30911639408551433,1.3470320319639768,1.5406703548527467,0.7313436612636721,0.8182338387588062,True
64,Spruce,6,1,1.2154888946906097,-0.1460774917796968,0.4284421638175613,1.408069664646437,1.485931849496436,0.31521837464623514,0.1577783377557557,0.5829746928640764,-5.177959833687668,7.608937623068886,-1.5023526919017016,1.210197708342308,-0.2504232318141608,1.1073075594492834,-1.1002679889489515,3.9164073182418253,True
65,Alder,92,23,0.6705291197598301,-0.0743750709913254,0.931155765228298,1.0371692352087911,0.11426794507463893,0.05447941919002001,0.09648401882849812,0.032796757311178266,0.44344559063791544,0.8976126488817447,-0.18264146858954083,0.03389132660689005,0.739414052492244,1.1228974779643521,0.971992571804959,1.1023458986126233,True
65,Aspen,53,13,0.8273335421865606,-0.08974615872793579,0.9690573443037044,0.9586041330541127,0.26595134872733583,0.15040709551782136,0.23480456363120272,0.05786972745838611,0.2928842975029836,1.3617827868701378,-0.39200053336908186,0.21250821591321029,0.49719990766550254,1.4409147809419063,0.842310561774322,1.0748977043339034,True
65,Birch,96,24,1.6677322617374415,0.13659397196164463,0.7243579620271494,0.7146999748069324,0.41300506125494085,0.09810494539514651,0.137405511155339,0.05898950872030468,0.8474685607474401,2.487995962727443,-0.05825091771289362,0.33143886163618286,0.45145875644785477,0.9972571676064441,0.5975417186938659,0.8318582309199989,True
65,Oak,72,18,0.7536151288802385,0.026402233478393176,0.8299150937975495,0.9898741190925605,0.06454161754008139,0.02992004592387028,0.049080440829679786,0.021091226519318874,0.6248243362947786,0.8824059214656984,-0.0333022885896441,0.08610675554643045,0.7319765989810427,0.9278535886140562,0.9477872318475105,1.0319610063376106,True
65,Pine,366,92,0.8178925807810283,-0.33737286479555406,1.400768174527594,0.7932460953709919,0.06416794111472948,0.03934849924304036,0.0523221272732316,0.023472674563988532,0.6917038340600673,0.9440813275019894,-0.41475321577100677,-0.25999251382010136,1.2978746804917047,1.5036616685634832,0.7470861698074961,0.8394060209344877,True
65,Spruce,6,1,3.839149822352242,0.15464797317681395,0.38800403907362613,0.8281752533443512,2.3691045468803593,0.2041082365185782,0.13965817064447952,0.2935238195472155,-6.354284323218078,14.032583967922562,-0.7235588878333123,1.0328548341869401,-0.21289657007421325,0.9889046482214655,-0.43475581006131336,2.0911063167500155,True
66,Alder,92,23,0.7776718208589436,-0.042592330253173404,0.8958592943671226,1.0015228623461734,0.1167219719122406,0.05001424279944071,0.08814422561549025,0.029015833302254882,0.5457114290746394,1.0096322126432478,-0.1419851280657072,0.05680046755936039,0.720691168158067,1.0710274205761783,0.9438599909049715,1.0591857337873751,True
66,Aspen,53,13,0.6935044397856321,-0.14472835663058983,1.005952707588105,1.0251476720572015,0.26095667867482836,0.16304745401974144,0.2415285120600405,0.07228227224727667,0.1690923603572051,1.217916519214059,-0.4723844827056305,0.18292776944445086,0.5205829906915767,1.4913224244846333,0.8798910076656402,1.1704043364487626,True
66,Birch,96,24,2.0101544497330717,0.0736138603400248,0.751177260186979,0.683842510293343,0.4916580703503402,0.10165302299613944,0.14576908011145792,0.056309808629703986,1.033679083591665,2.9866298158744784,-0.12827781770932634,0.2755055383893759,0.46166728474305924,1.0406872356308987,0.5720063698637512,0.7956786507229348,True
66,Oak,72,18,0.7187984700839749,-0.0005236732061123003,0.8982997954527016,0.9669452138267411,0.08391228003558185,0.034182027582631225,0.06144410361128187,0.02917018092727871,0.5513541223075307,0.8862428178604191,-0.06873284726053086,0.06768550084830627,0.7756899956768324,1.0209095952285707,0.908737024062169,1.0251534035913132,True
66,Pine,366,92,0.8589579258297351,-0.3695582944022492,1.4426358099291885,0.7726153809239968,0.06270552709476203,0.03577036897271989,0.0482821800046522,0.02146972813321068,0.7356450730389985,0.9822707786204716,-0.43990211332490037,-0.299214475479598,1.3476870289974536,1.5375845908609234,0.7303943272560037,0.81483643459199,True
66,Spruce,6,1,2.6121124918459837,0.06272139282366004,0.4020185394173975,1.0125987502272433,1.7785230260633837,0.21142367942528525,0.1536597077005104,0.31010585583299166,-5.0402544610730775,10.264479444765044,-0.8469612785779456,0.9724040642252657,-0.2591258213645149,1.06316290019931,-0.32167905686733644,2.3468765573218233,True
67,Alder,92,23,0.70932560848755,-0.13837931844134238,1.0245937162041625,0.9944424708028397,0.11732534504691076,0.05880069008430379,0.10427214779110701,0.03471065108946702,0.47616613938800445,0.9424850775870955,-0.2552333338909579,-0.02152530299172685,0.8173747337147178,1.2318126986936073,0.9254623456910509,1.0634225959146284,True
67,Aspen,53,13,0.8440945639303457,-0.06165380002729829,0.9352829901761152,0.9606720571977112,0.28894382369053995,0.15250492400023805,0.23897885058917784,0.05241167428391842,0.2634402109203996,1.4247489169402918,-0.36812391883845336,0.24481631878385676,0.45503700983449497,1.4155289705177354,0.8553468544202654,1.065997259975157,True
67,Birch,96,24,1.4707660467010562,0.09616411532163759,0.6626864925565844,0.8497461992086325,0.3357117987830334,0.08510630294482636,0.1279329310326985,0.05731282295923482,0.8040134366990225,2.1375186567030897,-0.07286434844337973,0.2651925790866549,0.4086006487450893,0.9167723363680795,0.7359179857434537,0.9635744126738113,True
67,Oak,72,18,0.6460796834567004,-0.015591459638282274,0.9495670115930076,0.963744048657676,0.10026470477397985,0.05676070960394787,0.09096486801808754,0.03762941641395784,0.4460045801612381,0.8461547867521627,-0.12885569217887177,0.09767277290230723,0.7680494436112977,1.1310845795747175,0.888655717295787,1.0388323800195651,True
67,Pine,366,92,0.8335436346168861,-0.34140409740570515,1.4135532862171454,0.7816504409702012,0.06335471877685839,0.03854813349256274,0.0512223015807358,0.022085000784487847,0.7089541211865485,0.9581331480472236,-0.41721049806864,-0.2655976967427703,1.3128226420925446,1.5142839303417461,0.7382194297531958,0.8250814521872066,True
67,Spruce,6,1,3.1332299653752775,0.015125580284599954,0.42703387376568747,0.980432211180758,1.9607230831323623,0.20906996573964298,0.14920955718111212,0.29227417034037895,-5.3030805604424165,11.56954049119297,-0.8844298785025537,0.9146810390717537,-0.21496303473637712,1.069030782267752,-0.2771220456539487,2.237986468015465,True
68,Alder,92,23,0.7021098401604046,-0.11821475684047573,0.9870442453055046,1.0142064824982402,0.1116217470568986,0.05527904216665716,0.09519669007152802,0.032803794002186755,0.4802850735394816,0.9239346067813275,-0.22807023707584834,-0.008359276605103133,0.797860827960883,1.1762276626501262,0.9490158351496849,1.0793971298467955,True
68,Aspen,53,13,0.7764680751024934,-0.12050173385649242,0.9676004128573539,1.0062408458626497,0.29540641126513617,0.17726625071732652,0.2531492668773896,0.07838963027585928,0.18282666613485965,1.3701094840701271,-0.47673160167677514,0.23572813396379028,0.45887791484313056,1.4763229108715772,0.8487109860125663,1.1637707057127331,True
68,Birch,96,24,1.3949680762342718,0.036198418297224665,0.7761270936932284,0.814305911541271,0.31718327497672527,0.08845868999670677,0.13161383763069784,0.057595681221791734,0.76501471383725,2.0249214386312935,-0.13948817552065643,0.21188501211510577,0.5147306516534718,1.037523535732985,0.6999159171511913,0.9286959059313507,True
68,Oak,72,18,0.6649621313079133,-0.0036695138161377135,0.9171360166043818,0.9732972154510791,0.08860864546369902,0.03868588141102502,0.06880868011595132,0.032902216356136216,0.48814633222901993,0.8417779303868066,-0.08086598825681746,0.07352696062454203,0.7798304332203065,1.054441599988457,0.9076418649372264,1.0389525659649317,True
68,Pine,366,92,0.8392006426576768,-0.3442513313970324,1.3928892925326284,0.8001947759177583,0.06364710842071983,0.037538790963411575,0.04942793554024574,0.02358049324223967,0.7140361336443097,0.9643651516710439,-0.41807282080127467,-0.27042984199279013,1.295687338870501,1.4900912461947557,0.7538228207387682,0.8465667310967485,True
68,Spruce,6,1,1.2154888946905802,-0.14607749177970392,0.42844216381756456,1.4080696646464477,1.4859318494927827,0.31521837464543184,0.15777833775569036,0.5829746928626695,-5.177959833671978,7.608937623053138,-1.5023526918982524,1.2101977083388447,-0.25042323181387643,1.1073075594490056,-1.100267988942887,3.916407318235782,True
69,Alder,92,23,0.6835405800374849,-0.16156360250091106,1.0969600414026783,0.9615754039456283,0.11195905253608687,0.05758675289940925,0.10389114634203887,0.0356378689715262,0.461045489656419,0.9060356704185507,-0.276005172886444,-0.04712203211537812,0.8904982192314527,1.3034218635739039,0.8907526281343331,1.0323981797569235,True
69,Aspen,53,13,0.8809776730607297,-0.05949507585261713,0.9399403758920045,0.9385390650656348,0.2908013233880964,0.15065298306367245,0.23440825290987743,0.052132850890420676,0.29659053465559915,1.4653648114658604,-0.36224358001702406,0.24325342831178978,0.4688793554655868,1.4110013963184223,0.8337741788752944,1.0433039512559752,True
69,Birch,96,24,1.8051094435921924,0.09625488044013468,0.7294447662535376,0.7189489680088291,0.44084141678678695,0.09524619967083654,0.1431025429005859,0.05825054631742847,0.9295603377666046,2.68065854941778,-0.092912293467709,0.28542205434797835,0.44523076387777183,1.0136587686293033,0.6032583550128564,0.8346395810048018,True
69,Oak,72,18,0.6450543665821175,-0.01990967629325199,0.9557954101240456,0.9632755206136789,0.08781783690363558,0.04394329158452381,0.08259154221918993,0.036387008812261944,0.4698166014155395,0.8202921317486954,-0.10759714939493174,0.06777779680842776,0.7909865536267758,1.1206042666213154,0.8906663750211463,1.0358846662062116,True
69,Pine,366,92,0.8831317657460184,-0.30274124142741876,1.3426334422919353,0.7918971267408229,0.06742018247539458,0.039232290247195094,0.052382322075522264,0.022609392899161692,0.7505473601616596,1.015716171330377,-0.37989306290217895,-0.22558941995265858,1.23962157284103,1.4456453117428405,0.7474348780773372,0.8363593754043086,True
69,Spruce,6,1,3.839149822352257,0.15464797317681553,0.388004039073625,0.8281752533443497,2.369104546866947,0.2041082365176109,0.13965817064421407,0.2935238195457805,-6.354284323160353,14.032583967864866,-0.7235588878291487,1.0328548341827797,-0.21289657007307228,0.9889046482203223,-0.4347558100551404,2.09110631674384,True
70,Alder,92,23,0.6522123893858253,-0.17550749751453862,1.0742468190299799,1.0070331542661708,0.105335789561529,0.05928164767823769,0.10376903832808394,0.033728177265824916,0.4428796423862098,0.8615451363854407,-0.29331731511599257,-0.057697679913084665,0.8680276608773015,1.2804659771826583,0.9400054894265679,1.0740608191057737,True
70,Aspen,53,13,0.7776019367537882,-0.10586871767650938,0.9804686195479116,0.9766267734497219,0.21862205110916857,0.12543596255551742,0.1968961609561256,0.046491658255507995,0.3382644765544,1.2169393969531763,-0.3579417218735478,0.146204286520529,0.5847909702046685,1.3761462688911548,0.8831982882863779,1.070055258613066,True
70,Birch,96,24,1.3486780772707552,0.048333305961747154,0.8207759337252208,0.7716392026850942,0.3174526485472866,0.09053233577857078,0.1292387992297101,0.05654634239122769,0.7181897157110932,1.979166438830417,-0.1314717273696975,0.2281383392931918,0.5640965229558994,1.0774553444945423,0.6593332857882432,0.8839451195819452,True
70,Oak,72,18,0.6547894788422787,-0.0036539894509259947,0.9036444062450057,0.9900681214828666,0.087931277701189,0.03879726917317299,0.07219242879289574,0.038420184359345085,0.4793253460886262,0.8302536115959311,-0.08107273471031352,0.07376475580846152,0.7595866575043211,1.0477021549856904,0.9134018372539867,1.0667344057117465,True
70,Pine,366,92,0.8498004387723911,-0.3407933623990835,1.3909149549876678,0.7949498122439198,0.06505198526897105,0.038245122714760695,0.0502525644261998,0.023111307333340953,0.7218731849101416,0.9777276926346405,-0.41600388060686183,-0.2655828441913051,1.292091336615395,1.4897385733599406,0.7495005293650616,0.840399095122778,True
70,Spruce,6,1,7.554501751734067,0.46031316838033726,0.11313196179148997,0.617196148157815,22.53463631980537,1.309328114123451,0.9796975587397269,1.149397898388586,-89.40421272238632,104.51321622585445,-5.173271015920831,6.0938973526815055,-4.102166413596642,4.328430337179622,-4.328263856850843,5.562656153166473,True
71,Alder,92,23,0.7309879381521706,-0.06690580971052125,0.9354482002261696,1.0047083231015037,0.10252200143064895,0.050807488792146444,0.08883070644282315,0.028663855458709968,0.5272470037868353,0.9347288725175058,-0.16787501724467707,0.034063397823634586,0.7589158376265543,1.1119805628257848,0.9477449336614238,1.0616717125415835,True
71,Aspen,53,13,0.9414761297549555,-0.04989605344491494,0.8928872263860493,0.9510273154296653,0.3317146777574001,0.16459158952637434,0.2558669303388639,0.0516893975133227,0.27487052754137886,1.6080817319685323,-0.38065523599685713,0.28086312910702727,0.3787033791767963,1.4070710735953025,0.8471535821647623,1.0549010486945682,True
71,Birch,96,24,1.4774830638801573,-0.00357698401042323,0.9279979865445191,0.6908140500488416,0.3916606998630744,0.10757483402954579,0.15900805195246184,0.06007944026821071,0.6996111069946019,2.2553550207657125,-0.21722988992479292,0.21007592190394647,0.6121942702766803,1.243801702812358,0.5714910958020656,0.8101370042956175,True
71,Oak,72,18,0.7157065902329491,0.003061559208337818,0.8963150267547625,0.9657723613968705,0.08416053791226645,0.035119539850589396,0.06256427908709411,0.02934193484994614,0.547766851576598,0.8836463288893003,-0.0670183914496256,0.07314150986630125,0.7714699516191603,1.0211601018903647,0.9072214420157644,1.0243232807779765,True
71,Pine,366,92,0.8459666426046654,-0.3635345499755153,1.398398947173058,0.8084263204473311,0.06061248578505989,0.036265089827321906,0.04874884067140231,0.021658695345557775,0.7267698367856446,0.9651634484236862,-0.4348512566600994,-0.29221784329093126,1.3025324599278874,1.4942654344182287,0.7658336554219657,0.8510189854726965,True
71,Spruce,6,1,1.215488894690607,-0.14607749177969703,0.4284421638175616,1.4080696646464377,1.4859318494961198,0.31521837464623614,0.15777833775586395,0.5829746928637832,-5.177959833686309,7.608937623067524,-1.502352691901706,1.210197708342312,-0.2504232318146262,1.1073075594497495,-1.1002679889476892,3.9164073182405645,True
72,Alder,92,23,0.7016208001658972,-0.12153572958547253,0.9910726716172225,1.0153944392744783,0.11296445285900182,0.05406165912295447,0.09493934709060219,0.03190638501452885,0.47712768791300453,0.9261139124187899,-0.22897191683647744,-0.014099542334467599,0.8024006693703802,1.1797446738640647,0.951987203711704,1.0788016748372526,True
72,Aspen,53,13,0.8396520435135992,-0.07565594197640899,0.9275215100494218,0.9747485090783446,0.2640696542174494,0.1437472510759268,0.22609907358555467,0.04754157068993567,0.3089842055209321,1.3703198815062665,-0.364526858143991,0.213214974191173,0.4731584106340294,1.3818846094648143,0.8792101458856206,1.0702868722710686,True
72,Birch,96,24,1.5975911247720513,0.06749965504321766,0.7793449040498072,0.7359114318214387,0.3791363200076861,0.09581866342320776,0.1383044413759538,0.056527257792232395,0.8445936673455811,2.3505885821985215,-0.12280448129016099,0.2578037913765963,0.5046603454594556,1.0540294626401587,0.6236434185855168,0.8481794450573606,True
72,Oak,72,18,0.6503664134374203,-0.010125017633142382,0.9420269753237991,0.9631584968149445,0.10238458016426705,0.054940815182797254,0.08701993555372992,0.039579156695040266,0.4460611646621372,0.8546716622127034,-0.11975770739784335,0.09950767213155857,0.7683813975113039,1.1156725531362943,0.8841795192977981,1.0421374743320908,True
72,Pine,366,92,0.8777996128986492,-0.33719608753750646,1.3643297844256281,0.8045694338718843,0.06426965243008802,0.037943872851765606,0.051215322795169854,0.022476814311641228,0.7514108469283641,1.004188378868934,-0.4118141861974417,-0.2625779888775712,1.263612864353707,1.4650467044975493,0.7603679061464653,0.8487709615973033,True
72,Spruce,6,1,1.2154888946906146,-0.14607749177969592,0.4284421638175617,1.4080696646464346,1.485931849486129,0.3152183746442384,0.15777833775564282,0.5829746928599933,-5.177959833643316,7.608937623024545,-1.5023526918931094,1.2101977083337176,-0.25042323181367465,1.107307559448798,-1.1002679889313853,3.9164073182242545,True
73,Alder,92,23,0.7440297031067812,-0.07004576478028479,0.922733885463942,1.010491510388995,0.13234528657676875,0.05974995388896982,0.10440635437669993,0.03406475914382952,0.4810212564345921,1.0070381497789702,-0.18878624256796422,0.04869471300739463,0.7152481955871548,1.1302195753407291,0.9427949597945477,1.0781880609834424,True
73,Aspen,53,13,0.8825427950642001,-0.06770944813331777,0.9083244611574641,0.9669402918953632,0.22723794784966192,0.11684724383232253,0.18353669684930898,0.041363261048191706,0.42589104212945395,1.3391945479989462,-0.3025227758655554,0.16710387959891987,0.5394936600645966,1.2771552622503317,0.8838177067660047,1.0500628770247218,True
73,Birch,96,24,1.5974277845164748,0.032533448428436244,0.8178584093331491,0.7364918390433246,0.44761193285627804,0.11105527586112957,0.1621620107959181,0.0679450741219262,0.7084318493665731,2.4864237196663765,-0.1880319153845863,0.2530988122414588,0.49579065856209475,1.1399261601042034,0.6015470570255367,0.8714366210611125,True
73,Oak,72,18,0.7383683941520025,0.01661324561482697,0.8797505548325141,0.958182242516691,0.09818077644816374,0.04980971248531652,0.07831522066573862,0.030553559836603895,0.5424517050860329,0.9342850832179721,-0.08278048813307533,0.11600697936272926,0.7234749651359602,1.036026144529068,0.8972135631181652,1.0191509219152168,True
73,Pine,366,92,0.8656985162587291,-0.33654977710729056,1.3846666478702534,0.7909443071050015,0.06566132419123837,0.038238312485576,0.05184968311897162,0.02204141968112291,0.7365729737558679,0.9948240587615902,-0.41174690273505515,-0.26135265147952597,1.2827022336004599,1.486631062140047,0.7475989998192552,0.8342896143907479,True
73,Spruce,6,1,3.702522748906464,0.08254528345141866,0.40151327321223046,0.8941062593400061,2.7380935549954,0.22791018236018556,0.16524378448284582,0.3358255958911915,-8.078542959657907,15.483588457470836,-0.8980730848061792,1.0631636517090166,-0.3094733471582071,1.112499893582668,-0.5508346575230624,2.3390471762030747,True
74,Alder,92,23,0.704840330634897,-0.11448232770056457,0.9808073154799006,1.0146355274461576,0.1160955571141765,0.05637460831137422,0.09890728597556438,0.03378459531631328,0.4741248066299659,0.9355558546398282,-0.22651501543158553,-0.0024496399695436155,0.7842498685027035,1.1773647624570978,0.9474957435866256,1.0817753113056896,True
74,Aspen,53,13,0.9763049456456196,0.00952197120315649,0.7781394450369009,0.9904847602462515,0.3226747833129033,0.14751081985166914,0.23158963818445674,0.050991007593347834,0.32786569145396605,1.6247441998372731,-0.28691211957939006,0.3059560619857031,0.3127426429656964,1.2435362471081053,0.8880144940703907,1.0929550264221124,True
74,Birch,96,24,1.8873294292173828,0.08594672491063898,0.7659578035774447,0.6788578784254443,0.49708909412201846,0.10490934452409716,0.1491805980696194,0.062106116927023204,0.9000675810760095,2.874591277358756,-0.12241228876898233,0.2943057385902603,0.46967225899678744,1.062243348158102,0.5555097693977166,0.8022059874531721,True
74,Oak,72,18,0.6738276696350596,-0.0022876931867958773,0.9146601133719406,0.970386898091463,0.09220757395764709,0.040475934118632456,0.07297843309482092,0.03314237377375089,0.48983032056005527,0.8578250187100639,-0.08305616219112813,0.07848077581753637,0.769033917466794,1.0602863092770873,0.9042523209121078,1.036521475270818,True
74,Pine,366,92,0.8855263618932347,-0.3445803170083211,1.3954050672748717,0.7831400067464326,0.06538174409539498,0.03840075656234292,0.05102109635268665,0.023234646843173744,0.7569506245000549,1.0141020992864147,-0.42009689521791016,-0.269063738798732,1.2950701010405095,1.495740033509234,0.7374481719343723,0.8288318415584929,True
74,Spruce,6,1,3.1332299653752655,0.015125580284598572,0.4270338737656879,0.98043221118076,1.9607230831355307,0.20906996573979442,0.14920955718106996,0.2922741703408786,-5.30308056045606,11.569540491206592,-0.8844298785032068,0.9146810390724038,-0.21496303473619527,1.069030782267571,-0.27712204565609655,2.2379864680176165,True
75,Alder,92,23,0.7540393385308602,-0.10862114649224493,0.990574129667188,0.9824299470921124,0.12230475388261708,0.056125384124434456,0.09829976481510884,0.034127431713499426,0.5109843407192648,0.9970943363424557,-0.2201585535224897,0.002916260537999857,0.7952240033348347,1.1859242559995413,0.9146088479351572,1.0502510462490675,True
75,Aspen,53,13,0.8725380359725912,-0.019724310258244282,0.8621981937004728,0.9801707193822239,0.29120311370558527,0.15302675244122108,0.24345487308349628,0.04954613690662255,0.28734346969491664,1.4577326022502657,-0.32724308258242857,0.28779446206594,0.3729573093934368,1.3514390780075087,0.8806040295592601,1.0797374092051877,True
75,Birch,96,24,1.7323368706763451,0.06387716178289382,0.7854025256958989,0.7081834409004673,0.4088995645344128,0.0938993022330756,0.13291865499391817,0.05751965541716521,0.9202270405472723,2.544446700805418,-0.12261495755347632,0.25036928111926393,0.52141460374493,1.0493904476468678,0.5939444403206915,0.822422441480243,True
75,Oak,72,18,0.6745889399606577,-0.006686061725031875,0.9010754692556117,0.9884399334524414,0.0675511149770442,0.029461949872250384,0.05304567931510547,0.024613848508894382,0.5397927887405208,0.8093850911807946,-0.06547646735445097,0.052104343904387215,0.795224464235728,1.0069264742754953,0.9393237634700219,1.037556103434861,True
75,Pine,366,92,0.8771538803331459,-0.3280190430897585,1.3885296962654599,0.7772490895230527,0.06846851326940379,0.03813606868005558,0.050796157860464604,0.02342293291626245,0.7425078915540188,1.011799869112273,-0.4030151023056284,-0.25302298387388855,1.2886370803064797,1.48842231222444,0.7311869828404085,0.8233111962056969,True
75,Spruce,6,1,2.6121124918459744,0.06272139282365849,0.4020185394173984,1.012598750227245,1.7785230260682499,0.21142367942592732,0.15365970770075854,0.3101058558336588,-5.040254461094023,10.264479444785973,-0.8469612785807097,0.9724040642280267,-0.2591258213655816,1.0631629002003784,-0.32167905687020526,2.3468765573246957,True
76,Alder,92,23,0.7139772870668136,-0.1427999883906831,1.046619763603968,0.9769007581771972,0.11671906773465962,0.06385008703504721,0.1122016009607682,0.034086050679901475,0.48202266672518185,0.9459319074084453,-0.26968861922402043,-0.015911357557345768,0.8236426591968022,1.2695968680111338,0.9091618951289074,1.044639621225487,True
76,Aspen,53,13,0.8948730507441995,-0.06305457159062593,0.9054706329566263,0.9676016353743364,0.30108636951208234,0.14954074491405864,0.23491093050609674,0.054439896951896,0.28981733833557477,1.4999287631528242,-0.36356794951177845,0.23745880633052657,0.4333994440805866,1.377541821832666,0.8582005665479386,1.0770027042007342,True
76,Birch,96,24,1.7272871072252285,0.056771018891651634,0.7678038488796216,0.7354496916053653,0.3844689204233583,0.08685848957930084,0.12499253145554885,0.055573291227007805,0.9636986450794237,2.4908755693710334,-0.11573743877284008,0.22927947655614334,0.5195578924346723,1.0160498053245708,0.6250763383114648,0.8458230448992659,True
76,Oak,72,18,0.6725115037107992,-0.009246812935702913,0.9249829907721936,0.9689181752112772,0.09237119193519418,0.03999053412772752,0.07163858275619096,0.03443978581900937,0.48818766004497627,0.856835347376622,-0.08904668133886803,0.07055305546746221,0.7820304245905488,1.0679355569538385,0.900194652604346,1.0376416978182086,True
76,Pine,366,92,0.8942255378437582,-0.364528052938925,1.4238958591953896,0.7727354247119658,0.06536621980964606,0.03735596302142568,0.04981291181119964,0.022325130197979257,0.7656803295610402,1.0227707461264763,-0.4379900040992407,-0.29106610177860925,1.325936834754536,1.5218548836362433,0.7288321896833042,0.8166386597406273,True
76,Spruce,6,1,2.612112491845963,0.06272139282365764,0.4020185394173984,1.012598750227247,1.7785230260726914,0.21142367942619375,0.15365970770079054,0.31010585583437894,-5.040254461113145,10.26447944480507,-0.846961278581857,0.9724040642291722,-0.25912582136571927,1.063162900200516,-0.32167905687330167,2.346876557327796,True
77,Alder,92,23,0.721126787380752,-0.07226223600780272,0.9432203130592174,1.0064599439052748,0.11250008202883595,0.05486206982029959,0.0950061162382694,0.030962256750926946,0.49755651457217115,0.9446970601893327,-0.18128907132534405,0.036764599309738605,0.7544156211619326,1.1320250049565022,0.9449289648718573,1.0679909229386924,True
77,Aspen,53,13,0.7738646149059486,-0.14094867871825392,1.0152803668468884,0.973915299725566,0.21847810274320847,0.12900533048525054,0.2022090237832731,0.042709032976283326,0.334816429778219,1.2129128000336782,-0.40019459631908716,0.11829723888257934,0.6089261199279452,1.4216346137658316,0.8880882846546909,1.059742314796441,True
77,Birch,96,24,1.7083547250311517,0.11669155505784717,0.7138384779790674,0.7341268367908584,0.3991452716969237,0.09395756073175937,0.13389783648210096,0.05621328705353937,0.9156177624381504,2.501091687624153,-0.06991627068560491,0.30329938080129926,0.44790581707260685,0.9797711388855279,0.6224823965429778,0.8457712770387391,True
77,Oak,72,18,0.8006489833838191,0.020821485678754127,0.8567490443166683,0.9529112612551345,0.08423072030178796,0.03131300298219549,0.056509124281907165,0.027642235545547456,0.6325691979496442,0.968728768817994,-0.041662638921987016,0.08330561027949526,0.7439868424698148,0.9695112461635218,0.8977520390287289,1.0080704834815402,True
77,Pine,366,92,0.8793927941356472,-0.354786697558238,1.3963347045674592,0.793480328101632,0.06629121523822955,0.0378242052826482,0.04994182293107808,0.02261160083103304,0.7490285464412254,1.009757041830069,-0.4291694652989052,-0.2804039298175708,1.2981221714060005,1.494547237728918,0.749013737454426,0.8379469187488381,True
77,Spruce,6,1,8.338899059807122,0.08147496560892185,1.149597057521906,-0.02900165522676635,9.258108734603452,0.20583572861198843,0.7148869850132449,0.9675856909659426,-31.495527758958115,48.173325878572356,-0.8041646939724444,0.9671146251902881,-1.9263133799695769,4.225507495013389,-4.1921868696763065,4.134183559222774,True
78,Alder,92,23,0.7620320580788631,-0.0755260168539037,0.9191229102967782,1.0116439125649122,0.12188383034032926,0.05249545623205083,0.09182222167162607,0.03189069371951835,0.5198135573567251,1.0042505588010011,-0.17984970497354655,0.02879767126573915,0.7366455398024747,1.1016002807910816,0.9482678601536783,1.075019964976146,True
78,Aspen,53,13,0.6553044108169683,-0.14788578393047627,1.0848184636679719,0.9735108998615946,0.1730429406629731,0.11646244303281693,0.18278688794110096,0.04245994151322693,0.30756160230063323,1.0030472193333035,-0.3819258255047999,0.08615425764384738,0.7174944599896181,1.4521424673463255,0.8881844528266579,1.0588373468965313,True
78,Birch,96,24,1.6370066778136687,0.07263914991988152,0.8051860676608038,0.6981378173005597,0.3784453169374026,0.08848735569429939,0.12253799184779035,0.05966725447241493,0.8853816121300597,2.3886317434972777,-0.10310437644775416,0.2483826762875172,0.5618150387452383,1.0485570965763693,0.5796334996228553,0.8166421349782641,True
78,Oak,72,18,0.665710343366735,-0.008573707143644202,0.9209545094184916,0.9743339009980865,0.09368830908031772,0.0395611638475544,0.07174673804818398,0.032446538392250986,0.47875823335876444,0.8526624533747055,-0.08751678049264454,0.07036936620535612,0.777786122711905,1.0641228961250782,0.909587841703904,1.039079960292269,True
78,Pine,366,92,0.8486327832765764,-0.33043494348065955,1.3801660496339974,0.7946230191481757,0.06395165331937326,0.03735216688573363,0.05084177707105224,0.022978111927064806,0.7228693748998556,0.9743961916532973,-0.4038894293927993,-0.2569804575685198,1.2801837217268006,1.480148377541194,0.7494356702054076,0.8398103680909438,True
78,Spruce,6,1,3.1332299653752624,0.015125580284597538,0.42703387376568885,0.9804322111807603,1.9607230831220863,0.20906996573858777,0.1492095571807951,0.2922741703389902,-5.303080560398218,11.569540491148743,-0.884429878498016,0.9146810390672111,-0.21496303473501172,1.0690307822663894,-0.27712204564797116,2.237986468009492,True
79,Alder,92,23,0.7098194385007942,-0.1479973605859901,1.0267166795147502,1.0002562825648953,0.1100159398647715,0.057746221742740876,0.0998967802998736,0.03395414360386451,0.4911858762376584,0.92845300076393,-0.26275584178763234,-0.033238879384347886,0.8281928204955454,1.225240538533955,0.9327795571119133,1.0677330080178773,True
79,Aspen,53,13,0.9828485810942277,-0.031620811010309315,0.858337147660569,0.9548600649833648,0.32752131895246556,0.1517071007132034,0.23492346205484926,0.05715562369463416,0.32466984889544537,1.64102731329301,-0.3364876439002345,0.27324602187961583,0.38624077569447335,1.3304335196266646,0.8400015389439508,1.0697185910227789,True
79,Birch,96,24,1.5571786556332858,-0.024798216184128558,0.9523887908891597,0.66578467524829,0.40371387235949674,0.10635062141330125,0.15577731470493514,0.05760922846476985,0.7553680577767343,2.3589892534898373,-0.23601973017233602,0.1864232978040789,0.643001597662298,1.2617759841160214,0.551367774864299,0.780201575632281,True
79,Oak,72,18,0.7553276681536344,0.01047392023552802,0.8717004654747499,0.9652058052578621,0.09208066793525647,0.03449864124527688,0.0625529582788622,0.02934911468462833,0.5715835561035219,0.9390717802037469,-0.05836704654596616,0.0793148870170222,0.7468779806602531,0.9965229502892466,0.9066405587397149,1.0237710517760095,True
79,Pine,366,92,0.858105132180577,-0.3045767744811087,1.343805309277809,0.8001049258563426,0.06527439087466025,0.038843667678831864,0.051253295957101,0.022420937886529498,0.7297405090626199,0.9864697552985342,-0.3809643545917653,-0.2281891943704521,1.2430137135091166,1.4445969050465015,0.7560132812896102,0.844196570423075,True
79,Spruce,6,1,3.7025227489064534,0.08254528345141747,0.40151327321223207,0.8941062593400065,2.738093554978751,0.22791018235923613,0.16524378448265703,0.33582559588927074,-8.078542959586283,15.48358845739919,-0.8980730848020954,1.0631636517049303,-0.30947334715739316,1.1124998935818573,-0.5508346575147977,2.3390471761948106,True
80,Alder,92,23,0.6962052335531149,-0.12725397633303612,1.015438954695524,1.0003303198815903,0.11620424901783877,0.055790022781875497,0.09798080728747571,0.03225572040726853,0.4652737072296466,0.9271367598765832,-0.2381249231661573,-0.016383029499914922,0.8207226894251476,1.2101552199659005,0.9362288536333976,1.064431786129783,True
80,Aspen,53,13,0.6322574019621799,-0.18760519931873917,1.0409821102556256,1.0586636235718163,0.21487036613172825,0.15357998432504003,0.22477346989371216,0.07502805858740114,0.20045923499096557,1.0640555689333944,-0.49623573273703636,0.12102533409955804,0.5892829111936069,1.4926813093176443,0.9078890949446932,1.2094381521989395,True
80,Birch,96,24,1.7630168103344928,0.13024005772838015,0.6586210062365782,0.7654015379900152,0.42803319682913726,0.09408602721563049,0.13744438331982894,0.06093938540196583,0.9129059349112935,2.613127685757692,-0.056622913540875175,0.3171030289976355,0.38564459718327976,0.9315974152898765,0.6443706584797595,0.8864324175002709,True
80,Oak,72,18,0.6488175620139155,-0.010272319792854378,0.9245531519767264,0.9801054865128487,0.08998100375270196,0.045879406735858184,0.0926784902365161,0.047343608893150715,0.46926326460652656,0.8283718594213044,-0.10182325052669247,0.08127861094098371,0.7396161040979344,1.1094901998555184,0.8856327858648008,1.0745781871608966,True
80,Pine,366,92,0.8739838125265582,-0.34814312822614446,1.40493680885203,0.7821434643912848,0.0623350501622039,0.03545633990571564,0.04781059610583203,0.021330472852971693,0.7513995170028368,0.9965681080502796,-0.4178693968002755,-0.2784168596520134,1.3109154159606797,1.4989582017433802,0.7401962616367286,0.824090667145841,True
80,Spruce,6,1,8.338899059807126,0.08147496560892421,1.1495970575219014,-0.02900165522676425,9.258108734836018,0.20583572861161786,0.7148869850318744,0.9675856909940703,-31.49552775995876,48.173325879573014,-0.8041646939708477,0.9671146251886961,-1.9263133800497378,4.225507495093541,-4.192186869797329,4.1341835593438,True
81,Alder,92,23,0.7918334356539602,-0.06530618830044636,0.9168070640852716,0.9941583700044451,0.1310806754120307,0.05663484143162028,0.09978860713714842,0.033234054100223606,0.5313381379324074,1.0523287333755131,-0.1778560346738257,0.04724365807293299,0.7184981764959972,1.115115951674546,0.9281126711238199,1.0602040688850702,True
81,Aspen,53,13,0.897589365227093,-0.03836319250525038,0.8554836077014447,0.988518254334424,0.2788907201680034,0.1413095230506873,0.22253395553892655,0.05190879459862044,0.337137480112333,1.458041250341853,-0.3223353107984551,0.24560892578795435,0.40828488122999873,1.3026823341728906,0.8842036261198083,1.0928328825490397,True
81,Birch,96,24,1.4464123437282939,-0.029475527955953405,0.9574373664543688,0.6903867941371103,0.36101547639790244,0.10525942214138341,0.15308133040494645,0.05410516319954202,0.7294044458468262,2.1634202416097614,-0.2385298260011378,0.179578770089231,0.6534046307564296,1.261470102152308,0.5829292698300921,0.7978443184441286,True
81,Oak,72,18,0.7426922444949362,0.009793482683762867,0.8913318605335974,0.9528718807374882,0.08758042300567202,0.035108518101380694,0.0636256453469622,0.03150922038963426,0.5679282313856342,0.9174562576042382,-0.06026447441608459,0.07985143978361033,0.7643688620015605,1.0182948590656342,0.8899962103963973,1.0157475510785792,True
81,Pine,366,92,0.8764679318078304,-0.37122441545490403,1.433891962877976,0.7771758141234946,0.0621677094853042,0.03683206721902636,0.049083775850677726,0.02130266317238313,0.754212718220144,0.9987231453955169,-0.4436561051860905,-0.29879272572371757,1.3373668126030853,1.5304171131528668,0.7352833001851793,0.8190683280618098,True
81,Spruce,6,1,2.6121124918460215,0.06272139282366389,0.40201853941739657,1.0125987502272367,1.7785230260572882,0.2114236794248855,0.15365970770057855,0.31010585583181516,-5.040254461046812,10.264479444738855,-0.8469612785762217,0.9724040642235494,-0.25912582136480894,1.0631629001996021,-0.32167905686228115,2.3468765573167545,True
82,Alder,92,23,0.8212622447932736,-0.003151288711898563,0.8129808688210679,1.0216168824766776,0.11150604121572111,0.04640727587517889,0.08301159196524106,0.027606386210431426,0.5996674192178244,1.0428570703687228,-0.0953759977130656,0.08907342028926846,0.6480127734450438,0.977948964197092,0.9667549909560723,1.076478773997283,True
82,Aspen,53,13,0.7915017346957589,-0.11889096785630163,1.0274430303681032,0.9418885483380588,0.22888510981649868,0.13006312446119594,0.20389958108329168,0.04829176965447765,0.3315398858609165,1.2514635835306014,-0.3802626020371793,0.14248066632457604,0.6176914813620947,1.4371945793741117,0.8448426038832713,1.0389344927928463,True
82,Birch,96,24,1.3426962200098962,-0.02363324155622275,0.9307292729034643,0.7319513207841981,0.36650374651024215,0.11091144451464811,0.16081698272790704,0.05913616305251913,0.6147881439545788,2.0706042960652136,-0.24391294390004983,0.1966464607876043,0.611332863974202,1.2501256818327267,0.6145017965085989,0.8494008450597973,True
82,Oak,72,18,0.6961951675388218,-0.0036373153642498273,0.8941588727398413,0.9828917340542326,0.06820775896634496,0.030599826430709996,0.05374782809924565,0.02560341957213481,0.5600887036390252,0.8323016314386185,-0.06469831831387739,0.057423687585377726,0.7869067516359647,1.001410993843718,0.9318009057596748,1.0339825623487904,True
82,Pine,366,92,0.8284178492062384,-0.3583036026498833,1.4019050548831167,0.8067129829068204,0.061002513190687065,0.03714286491795311,0.04997114308470012,0.022170598686537826,0.7084540393561092,0.9483816590563676,-0.43134648811884796,-0.28526071718091867,1.3036348625015715,1.500175247264662,0.7631136400931642,0.8503123257204765,True
82,Spruce,6,1,7.554501751742698,0.4603131683808656,0.11313196179109707,0.6171961481573756,22.534636314279883,1.3093281138052628,0.9796975585105729,1.149397898108216,-89.40421269860346,104.51321620208884,-5.173271014551249,6.093897351312981,-4.102166412611066,4.328430336193259,-4.328263855644948,5.562656151959699,True
83,Alder,92,23,0.6852018354769589,-0.13050243274800227,0.9945921907585021,1.0254814616379149,0.1107467356788885,0.05602298842133715,0.10077946711873055,0.03289000414889921,0.4651159700991674,0.9052877008547504,-0.24183634983527952,-0.019168515660725027,0.7943141771703629,1.1948702043466415,0.9601194897385523,1.0908434335372774,True
83,Aspen,53,13,0.7967277773093898,-0.07459669232542296,0.9587680086446901,0.9665800111237994,0.247876910962865,0.14760991636973778,0.2323471077108414,0.053102219475965884,0.29860047518232696,1.2948550794364526,-0.371229925016766,0.22203654036592005,0.491849014570383,1.4256870027189974,0.8598671058282964,1.0732929164193026,True
83,Birch,96,24,1.8575139542603827,0.13251917727299592,0.7337444143393889,0.6736595953711754,0.45431962262669556,0.09860512677364745,0.14322530294761596,0.05877020920838601,0.9551959682391016,2.759831940281664,-0.06331911579337682,0.3283574703393687,0.4492865999139485,1.0182022287648294,0.5569368870180447,0.7903823037243061,True
83,Oak,72,18,0.8190323060575235,0.04456619307301875,0.8233749006479982,0.9538714685617565,0.09658636039797358,0.045947902340220205,0.0720933502500655,0.02704699702041077,0.6262972246834815,1.0117673874315656,-0.047121418511263266,0.13625380465730075,0.6795148600613026,0.9672349412346939,0.8999000263190513,1.0078429108044618,True
83,Pine,366,92,0.8343452996509596,-0.3413425387793703,1.3823788884192831,0.8063424602856439,0.0609337672069869,0.03665443383785254,0.04829986283552749,0.02176209638053501,0.7145166814459809,0.9541739178559383,-0.4134249055720811,-0.2692601719866595,1.2873953335143171,1.4773624433242492,0.7635464531117421,0.8491384674595458,True
83,Spruce,6,1,3.1332299653752957,0.015125580284601299,0.42703387376568686,0.9804322111807555,1.960723083122044,0.20906996573865788,0.1492095571808532,0.29227417033893377,-5.303080560398001,11.569540491148594,-0.8844298784983139,0.9146810390675165,-0.21496303473526363,1.0690307822666374,-0.277122045647733,2.237986468009244,True
84,Alder,92,23,0.7630091056228001,-0.06452751024951923,0.8883910440041222,1.0322628199952317,0.10610618829056967,0.048803912767218745,0.08321283047982447,0.02873239310250904,0.5521453530370833,0.9738728582085169,-0.16151503145591756,0.03246001095687907,0.7230230293676528,1.0537590586405916,0.9751632263902705,1.089362413600193,True
84,Aspen,53,13,0.877584183690801,-0.0256723630942278,0.891937066945352,0.9542194509447988,0.2704657017951697,0.1398009145951421,0.21820050284744721,0.04872705815546753,0.33406300687044665,1.4211053605111554,-0.3066128191926451,0.25526809300418946,0.4534467396939739,1.3304273941967302,0.8562987614974149,1.0521401403921826,True
84,Birch,96,24,1.6333654263821342,0.1038760447309945,0.7465524626491579,0.728594139504403,0.41447304526672507,0.10279194514808965,0.1414671870035138,0.06167555805468094,0.8101861824328253,2.4565446703314433,-0.10027763102041744,0.30802972048240645,0.4655864182439124,1.0275185070544033,0.6061011575616762,0.8510871214471298,True
84,Oak,72,18,0.7395730161127735,0.01418560119030311,0.8596055668767543,0.9801037126473061,0.0642370779963791,0.02756258712148546,0.054496150558209465,0.024090330191487118,0.6113899227251633,0.8677561095003836,-0.04081468508044944,0.06918588746105567,0.7508601915553241,0.9683509421981844,0.9320322072023072,1.028175218092305,True
84,Pine,366,92,0.9043597363332692,-0.3436288920234358,1.3967934546457532,0.7749034351566495,0.06747017504104005,0.03804219329840362,0.05051055938800994,0.0231410883143368,0.7716770184282317,1.0370424542383068,-0.418440341657748,-0.26881744238912353,1.2974624791676488,1.4961244301238577,0.7293955868227884,0.8204112834905106,True
84,Spruce,6,1,7.554501751742683,0.46031316838086306,0.11313196179109919,0.6171961481573763,22.53463631909403,1.3093281140829731,0.9796975587122262,1.1493978983501207,-89.40421271931707,104.51321622280243,-5.173271015746143,6.093897352507869,-4.102166413478707,4.328430337060905,-4.32826385668578,5.562656153000532,True
85,Alder,92,23,0.8382457012130142,-0.08454010815979279,0.9248373052017835,0.9887715183747495,0.14587825217239744,0.05965374241604468,0.1048075914102995,0.033522034255349636,0.5483433291715234,1.128148073254505,-0.2030893858624476,0.03400916954286201,0.7165542410347291,1.133120369368838,0.9221535194505699,1.0553895172989292,True
85,Aspen,53,13,0.6377235909079763,-0.1285436885891521,1.062677927088751,0.986140368688076,0.16268990482067508,0.11013124651250245,0.17424563426623105,0.041575949215524065,0.3107859868494347,0.9646611949665178,-0.34986071441485295,0.09277333723654874,0.7125182152894549,1.412837638888047,0.9025903706844159,1.069690366691736,True
85,Birch,96,24,1.7767340379100138,-0.000335169137892152,0.8326508069950065,0.7132423509132063,0.3916744805077931,0.09110367829989102,0.1293660601882752,0.05295985358797626,0.998834711474544,2.5546333643454835,-0.18127493803322328,0.180604599757439,0.5757186449771967,1.0895829690128163,0.6080595103543914,0.8184251914720212,True
85,Oak,72,18,0.6878995074492568,-0.0015489271286948149,0.9092681640741372,0.9686958500146234,0.09599484378531167,0.04024319989102153,0.07180211549507548,0.0340388125368981,0.4963447790982061,0.8794542358003075,-0.08185298221254914,0.07875512795515952,0.7659892733927768,1.0525470547554978,0.9007724571344786,1.0366192428947683,True
85,Pine,366,92,0.891021104450077,-0.35132911493454644,1.3959012699795845,0.7875662833130332,0.06621041476087434,0.03769423250072065,0.05079276358452132,0.022989076038599874,0.7608157540304435,1.0212264548697103,-0.4254562861549832,-0.27720194371410967,1.2960153289959873,1.4957872109631818,0.7423573730193868,0.8327751936066797,True
85,Spruce,6,1,8.338899059807604,0.08147496560892598,1.1495970575219414,-0.029001655226819353,9.258108734534057,0.20583572861375093,0.7148869850016872,0.9675856909523824,-31.49552775865905,48.173325878274255,-0.8041646939800238,0.9671146251978757,-1.9263133799198129,4.225507494963695,-4.192186869618015,4.134183559164376,True
86,Alder,92,23,0.7766467408829345,-0.0025802195478168903,0.8671681750471631,0.9923837720481361,0.12014059607526602,0.05296362350731714,0.09120376177554806,0.029129123382589474,0.5378925519477831,1.015400929818086,-0.10783429174864209,0.10267385265300832,0.6859198636361401,1.0484164864581862,0.9344957603784995,1.0502717837177729,True
86,Aspen,53,13,0.9684353878022591,-0.02935620466875443,0.856046168630526,0.9590810850509409,0.31988927677552664,0.14568702412544798,0.2271843331016918,0.054482860471639305,0.32559381857097924,1.611276957033539,-0.3221252407223048,0.26341283138479593,0.39950215856564547,1.3125901786954064,0.8495936777991671,1.0685684923027148,True
86,Birch,96,24,1.3179550072229027,0.08667916013610938,0.786290334865319,0.7785604640098709,0.32110018322585404,0.09208916364366755,0.1317098874251748,0.05676082783766124,0.6802223269475333,1.9556876874982723,-0.0962178677160522,0.269576187988271,0.5247031296430056,1.0478775400876323,0.6658285605026731,0.8912923675170686,True
86,Oak,72,18,0.7229460948413665,0.015255332956433689,0.8691454811963182,0.975094825920034,0.08729890640797669,0.039378143729686045,0.08065650088449788,0.039552099388406314,0.5487438393564473,0.8971483503262857,-0.06332252943353371,0.0938331953464011,0.708197939563459,1.0300930228291774,0.8961698404176439,1.0540198114224242,True
86,Pine,366,92,0.8994239048380456,-0.3388612011560814,1.3866663644505768,0.780130001730755,0.06651743427176623,0.039131311014015915,0.05199889453532007,0.022177759415230952,0.7686147886340455,1.0302330210420456,-0.4158144430495373,-0.26190795926262556,1.2844085201392643,1.4889242087618892,0.7365165770661979,0.8237434263953121,True
86,Spruce,6,1,8.338899059807277,0.08147496560892532,1.1495970575219128,-0.029001655226780963,9.258108734771495,0.20583572861213859,0.7148869850262255,0.9675856909857775,-31.495527759680996,48.17332587929555,-0.804164693973087,0.9671146251909376,-1.926313380025421,4.225507495069246,-4.192186869761665,4.134183559308102,True
87,Alder,92,23,0.754966943907259,-0.08882100105962434,0.9439729626539525,1.005008292825095,0.13433306277598392,0.058676016333560156,0.1036478944240294,0.03465416520744215,0.48800820974081704,1.0219256780737012,-0.20542725362797656,0.027785251508727876,0.7379945525539878,1.1499513727539172,0.9361404215341602,1.0738761641160297,True
87,Aspen,53,13,0.7113979474315708,-0.13895978532242825,1.0599262322705312,0.9615852690148835,0.2192820104857863,0.14203673904889164,0.22310977291170977,0.04499908920742817,0.27073424921142036,1.1520616456517212,-0.4243932988776686,0.14647372823281207,0.6115703574656313,1.508282107075431,0.8711562136502662,1.0520143243795008,True
87,Birch,96,24,1.8340126152492775,0.1370625546225329,0.7089552960046251,0.6960872412086213,0.4564634932449076,0.0987229592365857,0.14337397446751096,0.057976442262921334,0.9274367171278519,2.740588513370703,-0.05900976388617413,0.3331348731312399,0.42420220710780093,0.9937083849014494,0.580941022524726,0.8112334598925166,True
87,Oak,72,18,0.7132566108870837,-0.0020846298458275362,0.9009063888256146,0.968211451119731,0.08849727743447548,0.0368692559374899,0.06594633250518517,0.030677088413100743,0.5366630432504604,0.889850178523707,-0.07565608459402393,0.07148682490236885,0.7693125311697756,1.0325002464814537,0.906996274284662,1.0294266279547999,True
87,Pine,366,92,0.8455916089695206,-0.3452418768606682,1.3820550456793566,0.8075710362564538,0.06076494833518633,0.03640109720046068,0.04823462146439413,0.022057249290077484,0.7260949796282219,0.9650882383108192,-0.4168260473233172,-0.27365770639801923,1.2871997904629056,1.4769103008958075,0.7641945994303114,0.8509474730825961,True
87,Spruce,6,1,7.554501751748318,0.46031316838120845,0.11313196179084092,0.6171961481570907,22.534636321215242,1.3093281142034427,0.9796975587990606,1.1493978984562838,-89.40421272843827,104.5132162319349,-5.173271016264136,6.093897353026554,-4.102166413852584,4.328430337434265,-4.328263857142848,5.56265615345703,True
88,Alder,92,23,0.6605614565037928,-0.133391141731943,1.0304197618173947,1.006284934975011,0.10476536762225094,0.0565136973303418,0.09893925410309327,0.03308591401915314,0.45236230324278204,0.8687606097648036,-0.24570023966066756,-0.021082043803218445,0.8337987849043618,1.2270407387304276,0.9405336333760724,1.0720362365739495,True
88,Aspen,53,13,0.8332520519288669,-0.09653428843819509,0.9639628471609389,0.964322332133989,0.27411576957357575,0.15038375608334065,0.234402062266425,0.05285603960334381,0.28239578928718434,1.3841083145705495,-0.3987417607297601,0.20567318385336994,0.4929142672983051,1.4350114270235728,0.8581041438143868,1.0705405204535912,True
88,Birch,96,24,1.5576243993443566,0.11643640538744633,0.7566296947051024,0.7220912147295723,0.36459160382482775,0.0918883409202547,0.132670696512072,0.05497873445947402,0.8335140037125989,2.2817347949761144,-0.06606177120161215,0.2989345819765048,0.49313423970210024,1.0201251497081048,0.6128987024963213,0.8312837269628233,True
88,Oak,72,18,0.6946449468350812,0.012276568925957826,0.8940351475182844,0.9662333764825056,0.08155227754814513,0.03302177818930249,0.06287116238629872,0.036526168930456224,0.5319099107004139,0.8573799829697484,-0.053617363511362925,0.07817050136327858,0.7685776962935447,1.0194925987430241,0.8933465411976222,1.039120211767389,True
88,Pine,366,92,0.8326410915307715,-0.378098959315387,1.4456032279605677,0.7859676362888482,0.0622916664541236,0.03837967283144543,0.05166045256492326,0.022147772314915985,0.7101421117528206,0.9551400713087224,-0.45357407554985363,-0.3026238430809204,1.344010942919823,1.5471955130013124,0.7424131824209352,0.8295220901567613,True
88,Spruce,6,1,1.215488894690605,-0.14607749177969775,0.4284421638175621,1.4080696646464383,1.48593184949678,0.31521837464624064,0.15777833775576303,0.5829746928641627,-5.177959833689152,7.608937623070362,-1.5023526919017263,1.2101977083423305,-0.2504232318141915,1.1073075594493158,-1.1002679889493214,3.9164073182421983,True
89,Alder,92,23,0.6736287723369792,-0.13991124656228343,1.0116419848981981,1.0257792827600016,0.10953190762987577,0.05591867184482793,0.09738171264731138,0.03361304238250144,0.4559571224285033,0.891300422245455,-0.25103785637433,-0.028784636750236833,0.818116294334295,1.2051676754621012,0.9589804243071159,1.0925781412128872,True
89,Aspen,53,13,0.9005299911547079,-0.058646067985735365,0.8742276058779066,0.986486626878205,0.29552495545281493,0.14911094966300628,0.23350064110775726,0.04758830293518257,0.3066503587230093,1.4944096235864066,-0.3582957400133373,0.2410036040418666,0.40499049965395584,1.3434647121018575,0.8908543517226574,1.0821189020337525,True
89,Birch,96,24,1.6494848947538896,-0.0062721221368006105,0.8576975809229324,0.7176803288907487,0.38107365715922326,0.08811321769952099,0.12874468742775558,0.05388339357168281,0.8926397185194302,2.406330070988349,-0.1812725781523554,0.16872833387875416,0.6019995188425169,1.1133956430033478,0.6106632582071371,0.8246973995743604,True
89,Oak,72,18,0.6891501349091842,-0.006700898657129225,0.8993013463379635,0.984153190583989,0.07969352115819446,0.04262873044367603,0.06860949098471533,0.02704021609399377,0.5301241894017603,0.8481760804166081,-0.09176520584378227,0.07836340852952382,0.7623932386767481,1.0362094539991789,0.9301952794692752,1.0381111016987028,True
89,Pine,366,92,0.8976975316152674,-0.3802078873632114,1.4379206817006116,0.7744212180798253,0.06197022615045858,0.036136769658590306,0.04823243842500332,0.02165517147885849,0.7758306766703787,1.019564386560156,-0.451272247455557,-0.30914352727086586,1.3430697195158519,1.5327716438853713,0.7318354828750941,0.8170069532845565,True
89,Spruce,6,1,3.133229965375274,0.015125580284598896,0.42703387376568847,0.9804322111807583,1.9607230831255693,0.20906996573904083,0.1492095571809538,0.29227417033943576,-5.303080560413192,11.569540491163739,-0.884429878499964,0.9146810390691618,-0.214963034735695,1.069030782267072,-0.27712204564989007,2.2379864680114068,True
90,Alder,92,23,0.6842055613231897,-0.12156143766707553,1.0021459520434137,1.0098306631440026,0.10928673662064793,0.05721359372427144,0.09964268706863837,0.034764591265063156,0.46702113727650263,0.9013899853698767,-0.23526143260588833,-0.00786144272826271,0.804127049927365,1.2001648541594625,0.9407433432679444,1.0789179830200608,True
90,Aspen,53,13,0.9696775861390611,-0.017512990402198194,0.8616250800329199,0.9434726230066803,0.3392560785117523,0.15677204434398215,0.24513275375583685,0.05297760493202122,0.2879169717162704,1.6514382005618518,-0.3325582085899918,0.29753222778559546,0.36901236827589057,1.3542377917899493,0.8370101400128747,1.049935106000486,True
90,Birch,96,24,1.4992552976901712,-0.03289320592929849,0.9331022806886317,0.7034443880130061,0.38531833388559295,0.10865406651241885,0.16205659847383966,0.053946539166007834,0.7339798270895881,2.2645307682907543,-0.24868956071071155,0.1829031488521146,0.6112438878880952,1.254960673489168,0.5963019047285297,0.8105868712974825,True
90,Oak,72,18,0.680198822476936,-0.00588146131273414,0.9128106203103051,0.973334687160987,0.09387072199322012,0.03999725269984232,0.07180859647863659,0.03462527727683736,0.4928827131685771,0.8675149317852948,-0.08569473641781791,0.07393181379234964,0.7695187970276034,1.0561024435930069,0.9042410221129143,1.0424283522090598,True
90,Pine,366,92,0.88826293560113,-0.3762606705206111,1.4228548927615539,0.7870383044085235,0.06520211169475464,0.036834466340401724,0.04880450293805738,0.02233322711094266,0.7600404522957936,1.0164854189064663,-0.44869707821709814,-0.303824262824124,1.326878943508614,1.5188308420144938,0.7431191464862579,0.8309574623307892,True
90,Spruce,6,1,2.6121124918459926,0.06272139282366061,0.40201853941739735,1.012598750227242,1.7785230260751852,0.21142367942653442,0.15365970770088203,0.31010585583478073,-5.040254461123846,10.26447944481583,-0.8469612785833197,0.972404064230641,-0.259125821366114,1.0631629002009086,-0.3216790568750356,2.3468765573295194,True
91,Alder,92,23,0.8002018900497567,-0.09027633823757143,0.9373065296109211,0.9934996937904053,0.1304783583191881,0.056575650184455276,0.09598088374870518,0.033197105306926385,0.5409035709822245,1.059500209117289,-0.20270855444537306,0.022155877970230192,0.7465646921195807,1.1280483671022616,0.9275274228722175,1.059471964708593,True
91,Aspen,53,13,0.8343430939900373,-0.0902254502260095,0.9075692121292056,1.010975351523002,0.32385884245373486,0.17101103666989703,0.2457313691753241,0.08174436536411347,0.18352438386967196,1.4851618041104024,-0.43388499479363496,0.2534340943416159,0.41375353764861095,1.4013848866098002,0.8467038991124345,1.1752468039335695,True
91,Birch,96,24,2.1923814494896825,0.1276269751821358,0.5649241242517852,0.7851161972989983,0.5200565291500264,0.09078382847588534,0.13792287445878437,0.0602768105779732,1.1595042929037185,3.2252586060756467,-0.05267754435425842,0.30793149471853004,0.29099739049462503,0.8388508580089453,0.6654012485806305,0.904831146017366,True
91,Oak,72,18,0.6822385678555213,0.0029803821276266824,0.8809027096784968,0.9920888554218643,0.09688945095563371,0.03963095023906268,0.07326312460597689,0.03640364218329646,0.48889867869025866,0.8755784570207839,-0.07610194779746503,0.08206271205271838,0.7347084207077966,1.027096998649197,0.9194465184542073,1.0647311923895213,True
91,Pine,366,92,0.8441519559499681,-0.36358214491968976,1.4391671105286787,0.7744627052668448,0.06368106423341408,0.03660067686252602,0.04915555525021296,0.022148312911442893,0.7189206715130275,0.9693832403869086,-0.43555879653397783,-0.2916054933054017,1.3425008032786634,1.535833417778694,0.7309071882948797,0.8180182222388099,True
91,Spruce,6,1,1.215488894690639,-0.14607749177969057,0.42844216381756023,1.4080696646464252,1.4859318495061975,0.31521837464800667,0.1577783377559172,0.5829746928677849,-5.177959833729638,7.608937623110917,-1.5023526919093175,1.2101977083499365,-0.25042323181485676,1.1073075594499773,-1.1002679889649194,3.91640731825777,True
92,Alder,92,23,0.6967384525082447,-0.1332430679381309,1.026199632126203,0.9934217083380167,0.1136437034126817,0.057499570036599945,0.10323666876289705,0.03347158349512822,0.47089547251434305,0.9225814325021464,-0.24751138070401593,-0.018974755172245866,0.8210384466147651,1.231360817637641,0.9269039696982981,1.0599394469777352,True
92,Aspen,53,13,0.9278083916656497,-0.047530644509243866,0.8852566229289905,0.96044447342109,0.31681265170267847,0.15651875740488883,0.24483891707433905,0.051372424481863806,0.2911495319946964,1.564467251336603,-0.36206686353634726,0.2670055745178595,0.3932343980908594,1.3772788477671216,0.8572077213110445,1.0636812255311354,True
92,Birch,96,24,1.8493292657828349,0.10656958223367533,0.7150309077078003,0.7151348235503819,0.4743779675763795,0.10309405157906303,0.14925398147094,0.05921290286987134,0.9071736753163007,2.791484856249369,-0.0981841029665558,0.3113232674339065,0.4185996173578889,1.0114621980577116,0.5975328873735741,0.8327367597271897,True
92,Oak,72,18,0.788829170133408,0.026809233341929622,0.85503681631944,0.9525616984019935,0.08050610205509136,0.029708523284766242,0.05361516663837306,0.02546542817833643,0.628181744691953,0.9494765955748631,-0.03247320187148149,0.08609166855534074,0.7480494170391326,0.9620242155997473,0.901746227646565,1.0033771691574218,True
92,Pine,366,92,0.8659705718451902,-0.36772191330224036,1.4160978859573221,0.7916657981131006,0.06545035327421304,0.03699839126519015,0.049304142588146374,0.02241868037978028,0.7372599118389702,0.9946812318514102,-0.4404806857256616,-0.2949631408788191,1.3191393759402132,1.513056395974431,0.7475785930210099,0.8357530032051912,True
92,Spruce,6,1,3.839149822352239,0.15464797317681428,0.38800403907362524,0.8281752533443519,2.369104546857848,0.20410823651706522,0.1396581706441542,0.2935238195446642,-6.354284323121222,14.0325839678257,-0.7235588878268022,1.0328548341804307,-0.21289657007281437,0.9889046482200649,-0.43475581005033537,2.0911063167390394,True
93,Alder,92,23,0.7398115573953536,-0.11041726564960531,0.9708337313141736,1.0070432532124165,0.1249923756891855,0.05849840985042559,0.10223263061693666,0.0349312686896646,0.4914154760070655,0.9882076387836418,-0.2266705626540959,0.005836031354885279,0.7676678606341067,1.1739996019942405,0.9376246969797517,1.0764618094450813,True
93,Aspen,53,13,1.2157534609421095,0.09591125419201414,0.6645579375082076,0.9554646510992948,0.43624322552469935,0.16392419172957307,0.2587419795621792,0.04699587308481815,0.33908987756228737,2.0924170443219317,-0.23350674227416163,0.4253292506581899,0.1445964625742524,1.1845194124421627,0.8610229083007757,1.049906393897814,True
93,Birch,96,24,1.6901163295288348,0.07665461818050866,0.7664056133353523,0.7203862133459668,0.3675433695761025,0.08625230820959462,0.12595739458921507,0.05195511046598437,0.9601434723276254,2.4200891867300443,-0.09464991096001883,0.24795914732103613,0.516243355422898,1.0165678712478066,0.6171988793537908,0.8235735473381427,True
93,Oak,72,18,0.6444766381934046,-0.014486211381570878,0.9373740931001681,0.974493561657834,0.08764749836942513,0.04418332952160304,0.08276844672552006,0.034028860515005324,0.4695787782796689,0.8193744981071404,-0.10265267272905676,0.07368024996591499,0.7722122291566866,1.1025359570436495,0.9065900277281811,1.0423970955874868,True
93,Pine,366,92,0.8911853680224495,-0.3586937183942896,1.3951215425776664,0.7929287126095411,0.06461378396743998,0.03681050223482578,0.04969489404727742,0.02192576824003144,0.7641198540273532,1.0182508820175458,-0.43108299974705444,-0.28630443704152475,1.2973946046501315,1.4928484805052014,0.7498108383714238,0.8360465868476584,True
93,Spruce,6,1,8.338899059807181,0.08147496560892423,1.1495970575219052,-0.029001655226769705,9.258108734811689,0.20583572861096783,0.7148869850326531,0.9675856909931507,-31.495527759854028,48.17332587946839,-0.8041646939680508,0.9671146251858992,-1.9263133800530847,4.225507495096895,-4.192186869793377,4.134183559339838,True
94,Alder,92,23,0.7236622828279938,-0.110356512517672,0.9798218207389193,1.0058355482176362,0.11805978751206,0.0580988930503669,0.10258637595790207,0.03381700746577141,0.4890432636611556,0.9582813019948321,-0.2258158538345762,0.00510282879923217,0.7759529555280207,1.183690685949818,0.9386313520219887,1.0730397444132838,True
94,Aspen,53,13,0.9454492036858115,-0.012002710501028704,0.8355026946293687,0.9677343420358163,0.3540836059044299,0.17666077135089134,0.2780137070686411,0.050423534520643784,0.23389155738684064,1.6570068499847825,-0.36701582197993055,0.34301040097787316,0.27681323332172525,1.394192155937012,0.8664044556945992,1.0690642283770335,True
94,Birch,96,24,1.9727767707674784,0.08935831622423078,0.746860091184463,0.6773204536329269,0.4550142736817029,0.09180467044246986,0.13484015912881306,0.05385157129991921,1.0690791477907915,2.8764743937441652,-0.09297368357376644,0.271690316022228,0.4790558961632143,1.0146642862057116,0.5703665847278392,0.7842743225380147,True
94,Oak,72,18,0.6735226320085071,-0.01441593712119508,0.9351048315874304,0.9646860550736419,0.08838483906851434,0.0400514641924074,0.07100403840594446,0.03650637646950664,0.4971534316378602,0.8498918323791541,-0.09433738957541891,0.06550551533302874,0.7934184789423169,1.076791184232544,0.89183871502966,1.037533395117624,True
94,Pine,366,92,0.8534450984685571,-0.34305693454128894,1.4036791476840447,0.7844453708086092,0.06218363187662672,0.036661000838962794,0.04926660555743473,0.021970173492136227,0.7311585728803469,0.9757316240567673,-0.41515221559656484,-0.27096165348601303,1.3067944556947366,1.5005638396733527,0.7412401719187486,0.8276505696984698,True
94,Spruce,6,1,1.2154888946906017,-0.14607749177969884,0.4284421638175624,1.4080696646464397,1.4859318494947023,0.3152183746458037,0.15777833775570135,0.5829746928634506,-5.177959833680216,7.6089376230614185,-1.502352691899847,1.2101977083404496,-0.2504232318139259,1.1073075594490507,-1.1002679889462559,3.916407318239135,True
95,Alder,92,23,0.7007717520217933,-0.17048965089233753,1.0901011532106946,0.9686864474833955,0.11659861018715159,0.06127934108713624,0.10939367836179331,0.03474174928096165,0.46905651574346663,0.93248698830012,-0.2922694643583356,-0.048709837426339456,0.8727042049257019,1.3074981014956872,0.8996445212508348,1.0377283737159562,True
95,Aspen,53,13,0.9966901687587347,0.03338064601335667,0.789419692591129,0.9558099054917314,0.31291380886957043,0.14048438556732473,0.22200709754854836,0.04804908684257917,0.3678663270986542,1.6255140104188153,-0.2489332964260555,0.3156945884527688,0.3432797268906307,1.2355596582916273,0.859251650406212,1.0523681605772508,True
95,Birch,96,24,2.1330408238198673,0.0860776574089208,0.7407150369807038,0.6587094228751673,0.4831366416038502,0.08840997898804456,0.13037137605402074,0.055043377837745155,1.1734897507127382,3.0925918969269963,-0.08951219214117141,0.26166750695901303,0.48178623087772304,0.9996438430836847,0.5493885233128506,0.768030322437484,True
95,Oak,72,18,0.6676721937766957,-0.0025845411881251197,0.924422059188185,0.9641699866979732,0.08930426770359526,0.03895131742258455,0.07067831517121344,0.03590850601922445,0.48946830213007786,0.8458760854233136,-0.08031068494315456,0.07514160256690432,0.783385677138222,1.065458441238148,0.8925156785625492,1.035824294833397,True
95,Pine,366,92,0.870474390780972,-0.32245170706898224,1.3596848655134723,0.7971773794169942,0.06603655582502554,0.038280550071609375,0.05167294145175627,0.02257869719427958,0.740610940706587,1.0003378408553572,-0.3977318945490282,-0.2471715195889363,1.2580680205920454,1.4613017104348993,0.7527754950485365,0.8415792637854519,True
95,Spruce,6,1,3.133229965375262,0.015125580284598034,0.427033873765688,0.9804322111807606,1.9607230831293192,0.20906996573941117,0.14920955718109985,0.2922741703398741,-5.303080560429338,11.569540491179863,-0.8844298785015583,0.9146810390707543,-0.21496303473632383,1.0690307822676999,-0.2771220456517738,2.237986468013295,True
96,Alder,92,23,0.9740521121899081,0.00947376198326859,0.8006478264026432,0.9699042486616131,0.12954792156907735,0.05509508239081103,0.09720211960850522,0.0287044266560205,0.7166028406457374,1.2315013837340787,-0.10001613685402838,0.11896366082056556,0.6074790392645537,0.9938166135407327,0.9128602324923139,1.0269482648309123,True
96,Aspen,53,13,0.8406520173553839,-0.0777177191861572,0.9585887736700689,0.9522303685723864,0.27274825054827967,0.14726146983379118,0.2316719079533895,0.05568807613573437,0.2925438870832394,1.3887601476275284,-0.3736507223473985,0.21821528397508405,0.49302664430845283,1.424150903031685,0.8403209897666468,1.064139747378126,True
96,Birch,96,24,1.234602356530472,-0.0870969144092882,1.0220135691893044,0.7366215738424859,0.35664622175499683,0.1148681777987169,0.16944585749574817,0.059547144631320575,0.5262721755105544,1.9429325375503896,-0.3152350305884294,0.14104120176985302,0.6854794701529479,1.358547668225661,0.6183558046767103,0.8548873430082616,True
96,Oak,72,18,0.7029901646722375,0.024270193744751024,0.867976277476782,0.9749654602008396,0.09332305184349203,0.04760975131149379,0.07577968441705234,0.033665047208973925,0.5167669141323326,0.8892134152121425,-0.07073358583043608,0.11927397331993812,0.7167602715889958,1.0191922833645681,0.9077879044202132,1.042143015981466,True
96,Pine,366,92,0.8668928171190493,-0.3396405456945736,1.3606628969927905,0.8140507400319384,0.06204595370080863,0.03504138930479224,0.04743094261400423,0.021070427617838054,0.744877041007221,0.9889085932308777,-0.4085507978067145,-0.27073029358243267,1.2673881074284246,1.4539376865571565,0.7726149263252808,0.8554865537385961,True
96,Spruce,6,1,8.338899059807185,0.08147496560892226,1.1495970575219125,-0.029001655226774715,9.258108734879126,0.20583572861357383,0.7148869850270447,0.9675856909933518,-31.495527760144185,48.17332587975855,-0.8041646939792655,0.9671146251971099,-1.9263133800289465,4.225507495072772,-4.192186869794248,4.1341835593406975,True
97,Alder,92,23,0.8572046083509726,-0.03652525628950735,0.8408739796002537,1.0128165446873931,0.12012193244484215,0.05302952706642767,0.09353080727293177,0.02910054332770018,0.6184875094594033,1.0959217072425418,-0.14191029796540922,0.0688597853863945,0.655001154257279,1.0267468049432285,0.9549853298711742,1.070647759503612,True
97,Aspen,53,13,0.6351059532132712,-0.2038710092710009,1.0447751667244594,1.059769704222379,0.17254991972444408,0.12149286042833483,0.17875694778897575,0.05743559024205064,0.2883539073663902,0.9818579990601523,-0.4480200530757815,0.04027803453377968,0.6855496309829293,1.4040007024659893,0.9443485643420523,1.1751908441027057,True
97,Birch,96,24,1.7748406868088151,0.1025273147528304,0.6934278527967285,0.7535037414887661,0.442544449160556,0.09775015336638389,0.14586830752756397,0.061845186132064335,0.8959092116883598,2.6537721619292705,-0.09161292732801908,0.2966675568336799,0.40372080313941416,0.9831349024540428,0.6306738635425774,0.8763336194349548,True
97,Oak,72,18,0.6756867356065331,-0.006792838320043824,0.9180984002020516,0.9713013020930409,0.10551666654225383,0.055620205648498185,0.08971765196142306,0.034812283529064826,0.46513150577342277,0.8862419654396435,-0.11778123065136063,0.10419555401127299,0.7390696131121961,1.097127187291907,0.9018344718786652,1.0407681323074167,True
97,Pine,366,92,0.8554937074095815,-0.3356409949880635,1.3957249925841124,0.7842485034318107,0.06605384440348189,0.037651516581936745,0.05019366141900601,0.023148675965751313,0.7255962586746489,0.9853911561445141,-0.4096841636962997,-0.2615978262798273,1.2970172092616596,1.4944327759065652,0.7387257336869473,0.8297712731766742,True
97,Spruce,6,1,3.8391498223522342,0.15464797317681375,0.38800403907362585,0.8281752533443523,2.369104546884099,0.20410823651903945,0.13965817064464758,0.293523819547623,-6.354284323234176,14.032583967938645,-0.7235588878352971,1.0328548341889245,-0.21289657007493662,0.9889046482221884,-0.43475581006306574,2.0911063167517705,True
98,Alder,92,23,0.7839211512217575,-0.03381560189289393,0.8730960516854746,1.0085029468281546,0.10926209535824048,0.04950140037634566,0.0847895644858321,0.0284564110957624,0.5667856965061095,1.0010566059374055,-0.13218923315575548,0.0645580293699676,0.7045946095393316,1.0415974938316175,0.9519518094680767,1.0650540841882323,True
98,Aspen,53,13,0.8733858653196026,-0.12048667130412136,0.9871257407251791,0.9482287170532006,0.26313491327257965,0.13355146353879882,0.20814167946649212,0.04859884815512427,0.34459645958287644,1.4021752710563287,-0.38886838531406,0.1478950427058173,0.568849375854825,1.4054021055955332,0.8505656752476588,1.0458917588587424,True
98,Birch,96,24,1.5773341612805218,0.1211693766757663,0.745235388904584,0.724757835637223,0.3922942963554278,0.09906199820066945,0.1416432763156985,0.05749768997970318,0.7982038270710352,2.3564644954900085,-0.07557630248042077,0.31791505583195334,0.4639196159258471,1.026551161883321,0.6105624603122364,0.8389532109622095,True
98,Oak,72,18,0.6519201134828306,-0.003421401500544501,0.9258983706808007,0.9704554069839215,0.0867610900530027,0.03893253444483957,0.07045903688835903,0.033331651844227865,0.4787910538250769,0.8250491731405843,-0.0811100644070441,0.0742672614059551,0.785299551631611,1.0664971897299904,0.9039431312955286,1.0369676826723144,True
98,Pine,366,92,0.8647928551827965,-0.35989517576553315,1.4083762037592595,0.791203909245248,0.06325122346393591,0.03651281850066366,0.048941962891821546,0.021501446948881082,0.7404068693022338,0.9891788410633592,-0.4316990505012154,-0.2880913010298509,1.3121299341720765,1.5046224733464426,0.7489204792951522,0.8334873391953438,True
98,Spruce,6,1,7.554501751743391,0.4603131683809051,0.11313196179106798,0.6171961481573406,22.534636314551957,1.309328113818595,0.979697558518165,1.1493978981233777,-89.4042126997734,104.51321620326017,-5.173271014608574,6.093897351370384,-4.10216641264376,4.328430336225896,-4.328263855710219,5.5626561520249,True
99,Alder,92,23,0.6751861521744758,-0.14958604060625402,1.0330544622487265,1.0103489502431482,0.10994679107280912,0.06051160309475724,0.10672414736706602,0.035031935538289705,0.45669000860477216,0.8936822957441793,-0.2698401361411515,-0.029331945071356558,0.8209626458534082,1.245146278644045,0.9407303398024862,1.0799675606838102,True
99,Aspen,53,13,0.7711725094815455,-0.08256832533894286,0.9128430283012607,1.0197550598795384,0.21673388328221238,0.1242241486371995,0.18483780576692246,0.0577754118610027,0.33562946459075255,1.2067155543723385,-0.33220609829372094,0.16706944761583525,0.5413975509467492,1.2842885056557722,0.9036510228887245,1.1358590968703524,True
99,Birch,96,24,1.9785296221364108,0.0480974266196832,0.8239938510457417,0.6416412396001945,0.3882753615682275,0.08007590031863283,0.11952366631260863,0.05433824163310481,1.2073812393165015,2.74967800495632,-0.11094022332069611,0.2071350765600625,0.586609532830437,1.0613781692610464,0.5337208014055008,0.7495616777948881,True
99,Oak,72,18,0.6428281299646418,-0.016491011034600957,0.9464260933551325,0.9693807833601725,0.08740723643336586,0.03949153566820171,0.07115837391378285,0.03493116266491887,0.46840970527971754,0.817246554649566,-0.09529514351495098,0.06231312144574906,0.804431768999111,1.088420417711154,0.8996767335236048,1.0390848331967402,True
99,Pine,366,92,0.9059244071959178,-0.3390045818736889,1.3754782434317971,0.7895380383640851,0.0655942816399836,0.03601765376394105,0.048600900611590975,0.022062043746427028,0.7769307064721889,1.0349181079196468,-0.4098346959360199,-0.26817446781135795,1.2799026860561706,1.4710538008074237,0.7461521730534465,0.8329239036747237,True
99,Spruce,6,1,3.133229965375269,0.015125580284599321,0.4270338737656872,0.9804322111807596,1.9607230831230882,0.20906996573875566,0.14920955718082296,0.29227417033919145,-5.30308056040252,11.56954049115306,-0.8844298784987366,0.9146810390679352,-0.21496303473513328,1.0690307822665077,-0.2771220456488376,2.237986468010357,True
100,Alder,92,23,0.9091957512011699,-7.03068326020536e-05,0.8071358406613506,0.9950860902546123,0.11740243464072861,0.046863011225682503,0.08036636318458662,0.02657954924384765,0.6758830827331462,1.1425084196691937,-0.09320069407687019,0.0930600804116661,0.6474245816312808,0.9668470996914204,0.9422648214305328,1.0479073590786916,True
100,Aspen,53,13,0.7911284607260509,-0.10938643496803963,0.9693393656317232,0.9869037013305906,0.24786231746701953,0.14675760451280742,0.22680162613249946,0.0510533788878943,0.29303048532686227,1.2892264361252397,-0.40430688285738375,0.1855340129213045,0.5135644340152083,1.425114297248238,0.8843080953457014,1.0894993073154797,True
100,Birch,96,24,1.9905781409479886,0.05601032715609084,0.7930810233763088,0.6621288158823513,0.4632563870857831,0.08965234600093676,0.13104779671482472,0.056915840562358974,1.0705109693166985,2.9106453125792786,-0.12204697051893804,0.2340676248311197,0.5328087874544022,1.0533532592982153,0.5490890437236781,0.7751685880410245,True
100,Oak,72,18,0.6790179483779437,-0.005192681606210142,0.90201854929781,0.9842705993405217,0.06763068990236999,0.029539599272018734,0.05269247690102825,0.02512640031736285,0.5440630078665983,0.8139728888892891,-0.06413803420041114,0.053752670987990865,0.7968723487217234,1.0071647498738965,0.9341316481485552,1.0344095505324882,True
100,Pine,366,92,0.7990207979300714,-0.36156952521532887,1.4095235505391153,0.8151170777139207,0.057892868345085204,0.036389977533757015,0.04776342458018428,0.0218420087615458,0.6851722253619394,0.9128693704982034,-0.4331318284218229,-0.29000722200883483,1.3155949222837966,1.503452178794434,0.772163919741161,0.8580702356866804,True
100,Spruce,6,1,3.7025227489064743,0.08254528345141848,0.4015132732122318,0.8941062593400042,2.7380935549879926,0.2279101823600979,0.16524378448293472,0.3358255958903066,-8.078542959626025,15.483588457438975,-0.8980730848058023,1.0631636517086394,-0.30947334715858826,1.112499893583052,-0.5508346575192569,2.3390471761992653,True
101,Alder,92,23,0.6711121005781578,-0.10236666429800158,1.0060068679912362,0.9977255061322586,0.12170646639884124,0.06086305115183946,0.1065545786442676,0.03337457056786929,0.4292460734193254,0.9129781277369903,-0.22331918899475314,0.018585860398749987,0.7942520338001274,1.2177617021823448,0.9314005602996394,1.064050451964878,True
101,Aspen,53,13,0.9838656577570262,-0.042526075369959504,0.8819508891253943,0.9439150877449386,0.33092928242980585,0.1468077919878926,0.22972907553195307,0.055686481215294355,0.31883836654514,1.6488929489689124,-0.33754737876644886,0.25249522802652985,0.4202930276877887,1.3436087505629999,0.8320089140518205,1.0558212614380567,True
101,Birch,96,24,1.094286893559483,-0.1463744756603926,1.0507951590612097,0.7970091588683373,0.2728701325422876,0.10121891066854653,0.14826097989459125,0.057199529573493106,0.5523432570126043,1.6362305301063615,-0.34740396915589167,0.05465501783510643,0.7563360555547953,1.345254262567624,0.6834059558463812,0.9106123618902935,True
101,Oak,72,18,0.729823695113792,0.00182688528934713,0.8948372840881688,0.9629233097594222,0.09052646272509927,0.038867726986640205,0.0738213446004969,0.031635497167166876,0.5491809512736145,0.9104664389539694,-0.07573245634779069,0.07938622692648495,0.747529084461501,1.0421454837148365,0.8997956580320039,1.0260509614868405,True
101,Pine,366,92,0.8163746743907105,-0.35735964266091175,1.4291698047532007,0.7871608368937381,0.06160261805485344,0.03766495265267539,0.050171845716311725,0.021690958650469234,0.6952307350336222,0.9375186137477989,-0.4314292339237431,-0.2832900513980804,1.3305049228568184,1.5278346866495829,0.7445047248270444,0.8298169489604317,True
101,Spruce,6,1,7.554501751735602,0.4603131683804358,0.11313196179141598,0.6171961481577366,22.53463632036994,1.309328114153873,0.979697558761004,1.1493978984171451,-89.40421272481395,104.51321622828515,-5.173271016051627,6.093897352812499,-4.102166413688264,4.328430337271096,-4.328263856973802,5.562656153289275,True
102,Alder,92,23,0.7295216281318405,-0.09541079955671275,0.9627565770000981,1.0041182392588923,0.12204318261932945,0.05981883062833821,0.10415513916287795,0.03420400590371797,0.48698644824070764,0.9720568080229735,-0.2142881553904616,0.023466556277036088,0.7557701245716307,1.1697430294285653,0.9361449649898081,1.0720915135279765,True
102,Aspen,53,13,0.6881043804533609,-0.17172745339708523,0.9942418407770715,1.0609479721911736,0.25228729692153634,0.16412007839483914,0.23609828714045766,0.07940093599792906,0.18111407591756956,1.1950946849891522,-0.5015390988550634,0.15808419206089303,0.519784569410979,1.468699112143164,0.9013858174048518,1.2205101269774956,True
102,Birch,96,24,1.3167386450795109,-0.054024427153627985,0.9811671698812918,0.7192516734601843,0.35031933186360115,0.10434687133418942,0.15954391327591505,0.056791454313225964,0.6209742135017506,2.0125030766572714,-0.26126632052712173,0.15321746621986573,0.6642991867711592,1.2980351529914245,0.6064589431289309,0.8320444037914376,True
102,Oak,72,18,0.7177430614723931,0.006374979242987809,0.8925355022375414,0.9646376741559366,0.08625115136343048,0.034383110494406136,0.06237116443237532,0.028127590351299834,0.5456315686266148,0.8898545543181714,-0.062235449514519044,0.07498540800049466,0.7680757813956344,1.0169952230794483,0.9085099414939319,1.0207654068179413,True
102,Pine,366,92,0.8572303981628318,-0.32364746320147736,1.374986264984907,0.7922011392468075,0.06458485793844777,0.03817661596283791,0.04955072796889134,0.022738276725836216,0.7302217683264404,0.9842390279992231,-0.39872326022268056,-0.24857166618027413,1.2775428352459657,1.4724296947238482,0.7474854355358616,0.8369168429577534,True
102,Spruce,6,1,3.133229965375297,0.015125580284601163,0.4270338737656874,0.9804322111807551,1.960723083119962,0.20906996573858552,0.14920955718092593,0.29227417033852016,-5.303080560389042,11.569540491139637,-0.8844298784980027,0.9146810390672051,-0.21496303473557615,1.069030782266951,-0.2771220456459538,2.237986468007464,True
103,Alder,92,23,0.7643716485186484,-0.11129161330301156,0.9885471165600288,0.9828954160757138,0.1261856077228799,0.05718858068069787,0.09852366825439121,0.03384278236585378,0.5136042692034075,1.0151390278338892,-0.22494190007384202,0.002358673467818914,0.7927520291920888,1.1843422039279687,0.9156399976823656,1.050150834469062,True
103,Aspen,53,13,0.9036530218666875,-0.0511664611681085,0.9092127222394886,0.9510177480534419,0.2865001179979832,0.14342539817038957,0.22395122124806796,0.053609731608802745,0.32790947930333525,1.4793965644300398,-0.33939058970672475,0.23705766737050774,0.4591658936945196,1.3592595507844576,0.8432849589432472,1.0587505371636365,True
103,Birch,96,24,2.101145653424955,0.12371971671725884,0.7361111789521722,0.6386967332499766,0.49673010963567055,0.10282556085292348,0.142097788913256,0.056013329211742645,1.114596779459915,3.0876945273899947,-0.08050072272555825,0.32794015616007594,0.45389270472254445,1.0183296531817998,0.5274494265356555,0.7499440399642976,True
103,Oak,72,18,0.6474712836505891,-0.015628631615581465,0.9506243658362434,0.9624131917257748,0.0862471558375767,0.039990837314491066,0.07273248724978884,0.036962524204486515,0.47536776375251677,0.8195748035486615,-0.09542910501851366,0.06417184178735073,0.8054889472236726,1.0957597844488143,0.8886556230484983,1.0361707604030512,True
103,Pine,366,92,0.8347995263482269,-0.3469399159552057,1.3918314991142289,0.806504361700656,0.06195429570772017,0.03705968645610947,0.048546916402072364,0.022646721887246715,0.7129639992372837,0.95663505345917,-0.41981922775059,-0.27406060415982136,1.2963621037818833,1.4873008944465744,0.7619687041332693,0.8510400192680426,True
103,Spruce,6,1,3.1332299653752793,0.015125580284599637,0.42703387376568697,0.9804322111807585,1.9607230831426,0.20906996574050057,0.149209557181282,0.2922741703418361,-5.303080560486463,11.56954049123702,-0.884429878506244,0.9146810390754433,-0.2149630347371086,1.0690307822684826,-0.2771220456602178,2.237986468021735,True
104,Alder,92,23,0.6966239812136646,-0.15256104847932825,1.050873324933689,0.9895776364342402,0.11711416241438444,0.05986363609644474,0.10597444794530726,0.03608111277039567,0.463884193219367,0.9293637692079623,-0.2715274457657342,-0.03359465119292229,0.8402713786009016,1.2614752712664765,0.9178740067138025,1.061281266154678,True
104,Aspen,53,13,0.8201343678227341,-0.08975455136477348,0.9508188156432383,0.9772456370064357,0.26393957766799603,0.14836030948493298,0.23051087369297044,0.05342923649285097,0.2897279284427796,1.3505408072026885,-0.38789575547852506,0.20838665274897808,0.48758987198081905,1.4140477593056575,0.8698755664116805,1.0846157076011909,True
104,Birch,96,24,1.4514585685197212,-0.0834860824984073,1.0072430834048685,0.6907815513627912,0.3628420923249101,0.10015952376042793,0.15081768643428348,0.055308346588060255,0.7308228537392987,2.1720942833001438,-0.2824115421513348,0.11543937715452021,0.707706140023512,1.306780026786225,0.580934400991054,0.8006287017345284,True
104,Oak,72,18,0.710626219414016,0.002716071668796197,0.893212122691096,0.970841737056436,0.0893627352978748,0.03661297110970154,0.06617724108399531,0.030821735764894567,0.5323056574995179,0.8889467813285142,-0.07034397466795167,0.07577611800554407,0.7611574941402407,1.025266751241951,0.9093379209248488,1.032345553188023,True
104,Pine,366,92,0.8439419727352786,-0.37832215892427284,1.4371571385845827,0.7888349088884435,0.06290123969482524,0.03797223437049543,0.05060267937539575,0.02204679362849646,0.7202442435204206,0.9676397019501366,-0.452996031611572,-0.3036482862369737,1.3376450055758762,1.5366692715932893,0.7454790335266107,0.8321907842502764,True
104,Spruce,6,1,7.554501751736635,0.46031316838049696,0.11313196179137071,0.6171961481576842,22.53463631954275,1.3093281141070399,0.9796975587280007,1.149397898374654,-89.40421272125378,104.51321622472706,-5.17327101585006,6.093897352611054,-4.102166413546307,4.328430337129049,-4.32826385679103,5.562656153106398,True
105,Alder,92,23,0.6900925568664202,-0.0910281498652652,0.9731998763772745,1.0073286333875724,0.1182589677335667,0.05679699355962125,0.09911625157157528,0.0334195157724649,0.4550777088641069,0.9251074048687336,-0.20390023951918168,0.02184393978865129,0.7762271541890264,1.1701725985655225,0.9409143684053876,1.0737428983697572,True
105,Aspen,53,13,0.7134894694151708,-0.14390249303334837,1.0478127203484808,0.9768982797348065,0.2179606139446979,0.1348352047188428,0.2120828910414505,0.04878344150699691,0.27548121696241984,1.1514977218679217,-0.4148639815295865,0.12705899546288976,0.6216161942928032,1.4740092464041585,0.8788642837004028,1.0749322757692101,True
105,Birch,96,24,1.7081389397808044,0.09296448686830716,0.7573140492469161,0.7163499648098919,0.41489366042008485,0.09397659015505344,0.13686069979274915,0.05919078522819547,0.8841243178307053,2.5321535617309037,-0.09368113295236874,0.27961010668898306,0.4854968860601807,1.0291312124336516,0.5987919561785798,0.8339079734412039,True
105,Oak,72,18,0.6782214429898877,-0.010233828432187795,0.9358577688582402,0.9572752624140203,0.09095417245740563,0.03982237160842835,0.07236847746873235,0.03632916330030214,0.49672521766722283,0.8597176683125527,-0.08969813375266046,0.06923047688828486,0.7914487204545042,1.0802668172619763,0.884781545743426,1.0297689790846145,True
105,Pine,366,92,0.8554442636971855,-0.3622819317189875,1.4295688860309819,0.7783229169212805,0.06333986935749976,0.03756537470082579,0.050070492121554414,0.02211993122421867,0.7308839522263599,0.9800045751680111,-0.43615569907463636,-0.2884081643633386,1.3311033199124773,1.5280344521494864,0.7348232136388063,0.8218226202037547,True
105,Spruce,6,1,3.7025227489064743,0.0825452834514196,0.4015132732122308,0.8941062593400042,2.738093554984077,0.2279101823599923,0.1652437844830095,0.3358255958897524,-8.078542959609177,15.483588457422126,-0.8980730848053469,1.063163651708186,-0.309473347158911,1.1124998935833725,-0.5508346575168726,2.339047176196881,True
106,Alder,92,23,0.7527443991673499,-0.08109000255871764,0.9312067363898817,1.0083028292281273,0.12204674153277106,0.05659683890176874,0.09958422382010199,0.03160219975204835,0.5102021466836046,0.9952866516510952,-0.19356432688968508,0.03138432177224981,0.7333040176951143,1.129109455084649,0.9455000979545115,1.071105560501743,True
106,Aspen,53,13,0.9031009141918627,-0.02728496645149444,0.8568995659554278,0.974930577213314,0.25494997362121574,0.1301774037092406,0.20420691968875235,0.04239087781097442,0.39075976049591465,1.4154420678878106,-0.28888625337936036,0.2343163204763715,0.44653039689847174,1.267268735012384,0.8897429188842084,1.0601182355424195,True
106,Birch,96,24,1.880866538563579,0.16503626445859018,0.6493873382869216,0.719483241122443,0.43460052833507484,0.09741445986227842,0.14019539531460107,0.0602896654821705,1.0177123758975548,2.744020701229603,-0.028437261347066062,0.35850979026424645,0.3709471819530379,0.9278274946208054,0.5997427614547433,0.8392237207901427,True
106,Oak,72,18,0.6993444214159276,-0.005871199606909628,0.9081938668629044,0.970438176142627,0.09109456460211107,0.04140549283917218,0.07819101971094708,0.032228507032557675,0.5175680479302861,0.881120794901569,-0.08849457415801858,0.07675217494419932,0.752166116312891,1.0642216174129178,0.9061271916527899,1.034749160632464,True
106,Pine,366,92,0.8535592129273878,-0.3608985794335698,1.4042846695233324,0.800266942970118,0.05815340371243142,0.035630441381108054,0.047382622126481144,0.020642151425458725,0.739198287447338,0.9679201384074376,-0.43096722531637527,-0.2908299335507643,1.31110490407312,1.4974644349735449,0.7596733510182483,0.8408605349219878,True
106,Spruce,6,1,3.1332299653752904,0.015125580284601073,0.4270338737656872,0.980432211180756,1.9607230831258535,0.20906996573905418,0.149209557180968,0.2922741703394468,-5.303080560414399,11.56954049116498,-0.8844298785000192,0.9146810390692214,-0.21496303473575734,1.0690307822671317,-0.2771220456499399,2.237986468011452,True
107,Alder,92,23,0.6817153501513512,-0.12092237616084504,0.9956269483111455,1.0182966149537795,0.11288583299355014,0.05649882038000146,0.09693935115879798,0.03483616067088495,0.45737847836024503,0.9060522219424574,-0.23320190927693862,-0.00864284304475145,0.8029803582499566,1.1882735383723344,0.9490670659228997,1.0875261639846594,True
107,Aspen,53,13,0.7300305381201442,-0.157455350602562,1.0658633502183097,0.9649472898053663,0.20970250620261136,0.1328606593819359,0.20639362673201667,0.04714071425115255,0.3086175744914356,1.1514435017488527,-0.42444884168516295,0.10953814048003896,0.6510998288363535,1.4806268716002657,0.8702144777856646,1.0596801018250679,True
107,Birch,96,24,1.5878198641922305,0.008120567203685305,0.8392189385557958,0.734767891905512,0.36255056167911803,0.08739522825532345,0.12771008584765312,0.05268653168577218,0.8677631544383875,2.3078765739460736,-0.16545389980103337,0.181695034208404,0.5855756845171178,1.0928621925944737,0.6301278922367877,0.8394078915742362,True
107,Oak,72,18,0.6893872690026412,-0.0067925821740156475,0.8988497922858256,0.9846464610120524,0.06798634689258004,0.02991390278111044,0.053727729714180224,0.025059400687874482,0.5537226260170859,0.8250519119881966,-0.06648484579153432,0.05289968144350302,0.791637776884919,1.0060618076867323,0.9346412054991473,1.0346517165249576,True
107,Pine,366,92,0.8205887041269531,-0.36142332652930514,1.4183803918308797,0.8000575854250606,0.05911558594494328,0.03563418229424236,0.04812991881260893,0.021460212031610363,0.7043356099419613,0.9368417983119448,-0.43149932906298344,-0.29134732399562685,1.323731038442937,1.5130297452188224,0.7578552455402082,0.8422599253099129,True
107,Spruce,6,1,3.702522748906439,0.08254528345141685,0.4015132732122317,0.8941062593400086,2.738093555011692,0.22791018236141147,0.16524378448308139,0.33582559589319344,-8.07854295972803,15.483588457540908,-0.8980730848114556,1.0631636517142893,-0.3094733471592194,1.1124998935836827,-0.5508346575316736,2.339047176211691,True
108,Alder,92,23,0.9135933509127963,-0.03172946858885142,0.8388256467804082,0.9907875607994888,0.14185678934814897,0.05570490431508846,0.09624210315026137,0.030718727547842644,0.6316827911837297,1.1955039106418628,-0.14243126035561676,0.07897232317791393,0.6475646906198578,1.0300866029409586,0.929740544883151,1.0518345767158266,True
108,Aspen,53,13,0.5483748711233897,-0.19099662930167544,1.0583456212375166,1.0911721335906774,0.19504106759030948,0.1519511625177241,0.22409939187055095,0.07357308420151627,0.15642517147065343,0.9403245707761259,-0.49635392275029444,0.11436066414694357,0.6080010326787357,1.5086902097962975,0.9433214854600859,1.2390227817212691,True
108,Birch,96,24,1.7561503764384834,0.06761886052431466,0.8029774536065809,0.6844117004551553,0.398831906851441,0.08747725114125406,0.12793468360151275,0.054641406360929866,0.9640357834773088,2.548264969399658,-0.10611851101182763,0.24135623206045698,0.5488881290421443,1.0570667781710175,0.5758891509427461,0.7929342499675646,True
108,Oak,72,18,0.642820147874514,-0.008916107274864459,0.9444620830425196,0.9631673687840847,0.08460817589051002,0.03893036379374558,0.0694606042485076,0.036355235734902604,0.4739871615400497,0.8116531342089783,-0.08660043871454502,0.06876822416481611,0.8058556053062789,1.0830685607787602,0.8906216253802786,1.0357131121878909,True
108,Pine,366,92,0.8245779212076373,-0.32885481520482573,1.379074680495186,0.8030023454374173,0.06125802484481241,0.037791369742693995,0.0502278987906543,0.02197640084845224,0.704111637772622,0.9450442046426526,-0.40317301058174326,-0.2545366198279082,1.2802995680525484,1.4778497929378234,0.7597849002096619,0.8462197906651727,True
108,Spruce,6,1,7.55450175174028,0.4603131683807155,0.11313196179120821,0.6171961481574995,22.53463631273369,1.3093281137152841,0.9796975584443529,1.1493978980315394,-89.40421269195313,104.51321619543369,-5.173271014164252,6.093897350925683,-4.102166412326032,4.3284303359084495,-4.328263855314911,5.56265615162991,True
109,Alder,92,23,0.6974967782517867,-0.13809013159917272,1.0258261233425752,0.9982062852187407,0.11899348316681528,0.06338913115303904,0.11272641202136165,0.03764018271705702,0.46102223517341634,0.933971321330157,-0.26406270948006094,-0.012117553718284518,0.8018060672337407,1.2498461794514095,0.9234043315947399,1.0730082388427413,True
109,Aspen,53,13,0.8094968087972015,-0.07958050809122008,0.951636973557572,0.9719574065083709,0.28480397753081255,0.16035914033340581,0.25421195663637935,0.05396492613960456,0.23716178811536825,1.3818318294790348,-0.4018342655525651,0.2426732493701249,0.44077892051893197,1.462495026596212,0.8635108272647132,1.0804039857520287,True
109,Birch,96,24,2.261121336597076,0.03189910852431175,0.8008871584446278,0.6322872461187482,0.4839219338536092,0.08259475342527958,0.11966566394421808,0.05132594803933332,1.300010605297893,3.2222320678962593,-0.13214120110558852,0.195939418154212,0.563220820676144,1.0385534962131115,0.5303494830132837,0.7342250092242127,True
109,Oak,72,18,0.6583325526739878,-0.005659339313455591,0.9283828357432613,0.9680701972748124,0.10307843146038571,0.05535228579938257,0.08891706849228492,0.036884535062656855,0.4526427451942676,0.864022360153708,-0.11611310590974883,0.10479442728283764,0.7509515880930873,1.1058140833934353,0.8944682535070458,1.0416721410425789,True
109,Pine,366,92,0.8495269426270056,-0.3486424020970089,1.3884541075139936,0.8029865567922909,0.06286257960157332,0.03754441457897748,0.050180149988362274,0.021964226398140937,0.7259052399860226,0.9731486452679885,-0.4224749505595282,-0.2748098536344896,1.2897728949443144,1.4871353200836728,0.7597930530935937,0.8461800604909882,True
109,Spruce,6,1,7.554501751739171,0.46031316838064906,0.11313196179125767,0.6171961481575556,22.53463631071127,1.3093281135987351,0.9796975583609422,1.149397897928872,-89.40421268325248,104.51321618673082,-5.173271013662848,6.093897350424147,-4.1021664119670955,4.32843033554961,-4.3282638548731125,5.562656151188223,True
110,Alder,92,23,0.648368537748471,-0.11123246529702616,1.012169002776554,1.010618938624599,0.11475939129232589,0.060365536115749616,0.10337823400807748,0.034887028936679235,0.42030836253903747,0.8764287129579046,-0.23119628340495527,0.008731352810902954,0.8067264860881567,1.2176115194649513,0.9412882996046645,1.0799495776445334,True
110,Aspen,53,13,0.7975050844902568,-0.08395816490685097,0.9743273002775246,0.960694354711277,0.25045382220836193,0.1475817573326167,0.23134504371317458,0.05498049934948984,0.2941992853359634,1.3008108836445502,-0.38053480989449406,0.2126184800807921,0.5094220291989475,1.4392325713561016,0.8502069046935419,1.071181804729012,True
110,Birch,96,24,1.8267279645949714,0.11595342701124085,0.7473331437609709,0.6831315874699134,0.45871379734085566,0.10092093628350002,0.14196204784021332,0.0591306324132834,0.9156827682996044,2.7377731608903386,-0.08448426363531537,0.3163911176577971,0.4653842630191615,1.0292820245027803,0.5656930475212243,0.8005701274186026,True
110,Oak,72,18,0.7288001610358227,-0.011332249517590655,0.935873229515956,0.9391790744465157,0.08510139722189387,0.03897513140536926,0.07591337832379073,0.03545000857282958,0.5589829668582634,0.8986173552133819,-0.08910591333540059,0.06644141430021928,0.7843904415909518,1.08735601744096,0.8684396837205127,1.0099184651725188,True
110,Pine,366,92,0.9604867956630292,-0.35683318150031246,1.4074582095834889,0.7602665611865348,0.07075167178025142,0.037089719054894776,0.04930858306421987,0.022143006303572712,0.821350887057208,1.0996227042688504,-0.4297715535668486,-0.2838948094337763,1.3104909671978355,1.5044254519691422,0.7167214798649092,0.8038116425081604,True
110,Spruce,6,1,2.612112491845985,0.06272139282366017,0.40201853941739696,1.0125987502272435,1.7785230260633433,0.2114236794254938,0.15365970770070206,0.31010585583280376,-5.040254461072902,10.264479444764872,-0.8469612785788427,0.9724040642261631,-0.25912582136534,1.063162900200134,-0.32167905686652776,2.346876557321015,True
111,Alder,92,23,0.7092102926921325,-0.11204136973052078,0.989652210457632,1.0037888422898489,0.1228393225209782,0.059636171748910644,0.1048422178864614,0.0355869416108031,0.46509295204346535,0.9533276333407997,-0.23055572942446179,0.006472989963420231,0.7813003334454461,1.198004087469818,0.9330672739063612,1.0745104106733365,True
111,Aspen,53,13,0.6281417509812052,-0.15034576867673555,0.9752029525918342,1.0866682216498962,0.19231933834100015,0.13232667698502978,0.19080543956940338,0.0691518937701061,0.24166157103005131,1.014621930932359,-0.4162661819574511,0.11557464460397998,0.5917650661236016,1.3586408390600668,0.9477022883288992,1.2256341549708931,True
111,Birch,96,24,1.5617735998195892,0.08943095312405347,0.7160045444474581,0.7867231609463482,0.37961594076898186,0.093938820487329,0.1366753246508085,0.05870155485577972,0.8078235741617836,2.3157236254773945,-0.09713965287635914,0.2760015591244661,0.44455555229363386,0.9874535366012823,0.670136806063528,0.9033095158291684,True
111,Oak,72,18,0.6795699892751722,-0.0015470350820700105,0.8750096625826854,1.0052018777763605,0.06761658637378197,0.028976089265251616,0.05388129172482939,0.02926653857323999,0.5446431919169478,0.8144967866333966,-0.05936792096521741,0.056273850801077385,0.7674912189604804,0.9825281062048904,0.946801409322967,1.063602346229754,True
111,Pine,366,92,0.8864339021202816,-0.3247796173659489,1.3805626730491534,0.7779706574698535,0.06889155126425252,0.03904736634734899,0.0513886517258207,0.022879459755337433,0.7509559927051181,1.021911811535445,-0.40156777881430106,-0.24799145591759678,1.2795048949077765,1.4816204511905302,0.7329773118517257,0.8229640030879813,True
111,Spruce,6,1,3.839149822352227,0.15464797317681284,0.3880040390736263,0.8281752533443533,2.369104546898744,0.20410823651991952,0.13965817064474678,0.2935238195493949,-6.354284323297196,14.03258396800165,-0.7235588878390846,1.0328548341927104,-0.21289657007536306,0.9889046482226156,-0.4347558100706884,2.091106316759395,True
112,Alder,92,23,0.6615123635350086,-0.12878147100757958,0.9846860118425049,1.0428518378178093,0.10431305086201252,0.05626277270755253,0.09576233968408257,0.03300861851370447,0.45421209478731295,0.8688126322827043,-0.24059190897659843,-0.016971033038560734,0.794378484755808,1.1749935389292019,0.977254144793446,1.1084495308421727,True
112,Aspen,53,13,1.161951392107464,0.10866174395085582,0.656307525509305,0.9670729759275882,0.396540988947916,0.15752874352691,0.24744972451203714,0.047129997574777344,0.3650724402109925,1.9588303440039354,-0.20790411817690552,0.42522760607861715,0.15903868669546295,1.1535763643231471,0.8723616998753545,1.061784251979822,True
112,Birch,96,24,1.7491198404854928,0.10997352878678353,0.7650563136890326,0.6843246654667862,0.452926999415658,0.09429818927526701,0.13626045947864537,0.0611034484147172,0.8495677243683221,2.6486719566026635,-0.07731081464609206,0.2972578722196591,0.4944312795770211,1.035681347801044,0.5629679426517871,0.8056813882817853,True
112,Oak,72,18,0.7235473611109403,0.0058265399782812515,0.8884982589651406,0.9667752538547467,0.09032136713353571,0.03710719143026189,0.06671999366776625,0.030682408469962993,0.5433138791517013,0.9037808430701794,-0.0682197076534261,0.0798727876099886,0.7553605844959171,1.021635933434364,0.9055494610114957,1.0280010466979979,True
112,Pine,366,92,0.8292977678031075,-0.3280531253084915,1.3724898417206886,0.8063544513393884,0.062458084837046,0.03863278619816943,0.05097357403203438,0.022801351000488346,0.7064715198160246,0.9521240157901903,-0.40402599880258594,-0.2520802518143971,1.2722483299743494,1.4727313534670277,0.7615147096192681,0.8511941930595087,True
112,Spruce,6,1,7.554501751738607,0.46031316838061725,0.11313196179128099,0.6171961481575842,22.53463631680196,1.3093281139479604,0.9796975586122849,1.1493978982367186,-89.40421270945916,104.51321621293638,-5.173271015165476,6.09389735192671,-4.102166413048512,4.328430336631075,-4.328263856197641,5.562656152512809,True
113,Alder,92,23,0.8302639951102619,-0.07743570010673109,0.9182755718215945,0.9903359915552427,0.13199057082843543,0.0520599802602661,0.09271731263051845,0.03205588418669547,0.5679604714496316,1.0925675187708923,-0.18089397124126863,0.026022571027806446,0.7340193961365822,1.1025317475066068,0.926631657802821,1.0540403253076642,True
113,Aspen,53,13,0.8578922866024794,-0.07852669724544019,0.936751108475018,0.9656431657369623,0.28548706440753946,0.14887100230922742,0.23410513191284674,0.05493289453839212,0.28418455144836774,1.4316000217565912,-0.3776941770126735,0.2206407825217931,0.466299232498087,1.407202984451949,0.8552513811687774,1.0760349503051472,True
113,Birch,96,24,1.7507726788903961,0.08971418240485561,0.7167861470309134,0.7482237271323993,0.4360311296709557,0.09934607310059237,0.14566624932172684,0.059187914997855355,0.8847772184861671,2.616768139294625,-0.10759569402305762,0.2870240588327688,0.42748040241143986,1.006091891650387,0.6306714190262922,0.8657760352385063,True
113,Oak,72,18,0.7225269680926245,0.01841831282725687,0.8791278512881171,0.9632630356827646,0.09742904815736037,0.04970718162009841,0.08017173267090473,0.030416330670944628,0.5281103294758298,0.9169436067094192,-0.08077082376459008,0.11760744941910381,0.7191476495644278,1.0391080530118064,0.9025681928207979,1.0239578785447312,True
113,Pine,366,92,0.8881246896492785,-0.32872529660867555,1.3581589759431447,0.8015053328869812,0.06373920619320053,0.03672244195782139,0.04909434197953581,0.021554698828577887,0.7627790667917824,1.0134703125067746,-0.4009414040088709,-0.2565091892084802,1.2616130469657567,1.4547049049205327,0.7591171810486226,0.8438934847253399,True
113,Spruce,6,1,3.133229965375274,0.01512558028459913,0.42703387376568774,0.9804322111807587,1.960723083123382,0.20906996573879563,0.14920955718086928,0.2922741703391437,-5.303080560403781,11.569540491154328,-0.8844298784989088,0.9146810390681069,-0.21496303473533201,1.0690307822667076,-0.2771220456486331,2.2379864680101504,True
114,Alder,92,23,0.7513631478970924,-0.11757074352227376,0.9874076102390282,0.9941918982369994,0.12831343783586324,0.05787108538370096,0.10100048678760055,0.03581231565222213,0.4963671533642371,1.0063591424299476,-0.23257736497208187,-0.0025641220724656327,0.7866903665030153,1.188124853975041,0.9230224463052037,1.065361350168795,True
114,Aspen,53,13,0.8157495994962685,-0.09455186475987695,0.9478319211329058,0.9818112695650183,0.25891236389568567,0.1510873183020841,0.23318444635215876,0.05326237119817529,0.2954457244249039,1.336053474567633,-0.39817319826400854,0.2090694687442546,0.4792302320599159,1.4164336102058956,0.8747765273343796,1.088846011795657,True
114,Birch,96,24,1.5850620150973573,0.10130387740754747,0.6974713909886692,0.7882900720897356,0.3757069966814332,0.09488145633124749,0.13939767494980732,0.060303126556292226,0.8388754898055593,2.331248540389155,-0.08713888474433933,0.28974663955943425,0.42061557615605555,0.9743272058212828,0.6685228575669112,0.9080572866125599,True
114,Oak,72,18,0.7267791676382004,0.015623441884557783,0.8620427685262352,0.9799484460585246,0.08635146113949933,0.03510988962733213,0.06468490249251939,0.032766743353939656,0.554467509750758,0.8990908255256428,-0.0544372520527144,0.08568413582182996,0.7329660552698439,0.9911194817826264,0.9145634277116027,1.0453334644054464,True
114,Pine,366,92,0.8519106163165595,-0.3559736357949182,1.3967411424406035,0.8014876865239096,0.06354265593780505,0.03856936215600177,0.05223288122532679,0.023823428771195403,0.7269515171649075,0.9768697154682116,-0.43182178344844363,-0.28012548814139276,1.2940231542217822,1.499459130659425,0.7546379891982904,0.8483373838495287,True
114,Spruce,6,1,7.554501751735778,0.46031316838044206,0.11313196179141187,0.617196148157728,22.53463631472954,1.309328113827839,0.979697558524828,1.1493978981330308,-89.40421270054509,104.51321620401663,-5.17327101464881,6.093897351409694,-4.1021664126720845,4.328430336254908,-4.3282638557513655,5.562656152066821,True
115,Alder,92,23,0.7241126032205598,-0.12846077815318055,0.9892135811013597,1.0107503380606875,0.11604467180480749,0.05790399162190016,0.1009927199659463,0.03526955087606154,0.4934982030752066,0.954727003365913,-0.24353279383665166,-0.013388762469709437,0.7885117722913022,1.1899153899114172,0.9406595170675431,1.0808411590538318,True
115,Aspen,53,13,0.9012750395443877,-0.0016760143246421497,0.8332014116245713,0.9811574918583543,0.29249877008810243,0.14507416691186964,0.22754256839643955,0.04884780128555436,0.31347675428457833,1.4890733248041972,-0.2932134676978895,0.2898614390486052,0.37593750078230004,1.2904653224668425,0.8829941600066944,1.0793208237100143,True
115,Birch,96,24,1.2065867530839134,-0.14019447568864496,1.1259489884342793,0.6906568706855736,0.2994234865679763,0.1057708331998809,0.15465414807681083,0.05381338211690899,0.6119058634374552,1.8012676427303715,-0.35026448023944873,0.06987552886215881,0.8187925010791914,1.433105475789367,0.583778848794318,0.7975348925768292,True
115,Oak,72,18,0.6900249622792369,0.0016621536972697439,0.9007728864672644,0.9732990330612125,0.08824491095986649,0.04030573243558068,0.07698905409587671,0.032960098389697684,0.5139349841020304,0.8661149404564434,-0.07876668313645561,0.0820909905309951,0.7471436209587708,1.0544021519757578,0.9075281807476999,1.039069885374725,True
115,Pine,366,92,0.8177736135644822,-0.34020813477952394,1.3844184503524264,0.8098411106695029,0.060155493411415316,0.03630815409542326,0.04885462524230374,0.022904960935719393,0.6994755009852544,0.93607172614371,-0.4116095290187617,-0.2688067405402862,1.2883439336428135,1.4804929670620393,0.7647976159903892,0.8548846053486167,True
115,Spruce,6,1,8.33889905980709,0.08147496560892271,1.149597057521901,-0.02900165522676133,9.258108734691552,0.20583572861088445,0.7148869850235701,0.9675856909791755,-31.495527759337207,48.17332587895139,-0.8041646939676935,0.967114625185539,-1.9263133800140078,4.22550749505781,-4.192186869733238,4.134183559279716,True
116,Alder,92,23,0.8051023558685314,-0.03361399029595711,0.8851418631713198,0.9914552199858342,0.11982784718788338,0.05264667680845644,0.09248572713396626,0.03002859915826428,0.5669696896275127,1.04323502210955,-0.13823819753444475,0.07101021694253051,0.7013459149964476,1.068937811346192,0.9317796892235378,1.0511307507481307,True
116,Aspen,53,13,0.9224221766648867,-0.049803334629488334,0.8778960343277492,0.9713130851377676,0.3062287356103578,0.1461467553179858,0.22914632601517765,0.054950667787686994,0.3070324926849147,1.5378118606448585,-0.3434962351032986,0.24388956584432192,0.41740925188850453,1.3383828167669938,0.8608855838879165,1.0817405863876188,True
116,Birch,96,24,1.7117449901666957,0.07284002906018495,0.7519886632833029,0.7325457194443493,0.42409211243567396,0.09297507558442547,0.13172921316151298,0.06102996854032819,0.8694614485313035,2.554028531802088,-0.11181649637553957,0.25749655449590947,0.4903630754804833,1.0136142510861226,0.6113349340024455,0.8537565048862531,True
116,Oak,72,18,0.6814887782440027,-0.0031975841487270973,0.9076494277609645,0.97467381799892,0.09257849662586387,0.03969095126727065,0.0715891706086086,0.032945673089440235,0.49675126450860874,0.8662262919793966,-0.08239964426146167,0.07600447596400746,0.7647954619846555,1.0505033935372734,0.9089317509238977,1.0404158850739422,True
116,Pine,366,92,0.8803692817117944,-0.33739054026112114,1.393416899600881,0.7796828919071521,0.06607249073121547,0.03854067185939477,0.05158222112482556,0.02286781697733835,0.750435164249663,1.0103033991739259,-0.4131822673328265,-0.2615988131894158,1.291978459723447,1.4948553394783153,0.7347124422638449,0.8246533415504593,True
116,Spruce,6,1,3.8391498223522382,0.1546479731768141,0.3880040390736253,0.8281752533443522,2.369104546888559,0.20410823651903084,0.13965817064441868,0.2935238195484028,-6.354284323253362,14.032583967957839,-0.7235588878352597,1.032854834188888,-0.2128965700739523,0.9889046482212029,-0.43475581006642094,2.091106316755125,True
117,Alder,92,23,0.8421659869174903,-0.0944454994150182,0.9406910552362135,0.9794057333807441,0.1333939585671244,0.054397389098219735,0.0957874580929328,0.031466189636609125,0.5770735250273351,1.1072584488076456,-0.2025488794431878,0.013657880613151402,0.7503336105901879,1.1310484998822392,0.9168732936310552,1.041938173130433,True
117,Aspen,53,13,0.9399478939738553,-0.03928422127571373,0.8782119849223639,0.9575562753361304,0.3153322185305678,0.14920943756738636,0.23334626294765792,0.05579273177160112,0.3062640761458002,1.5736317118019103,-0.3391318121571147,0.2605633696056872,0.4092851132261023,1.3471388566186255,0.845436583156127,1.0696759675161338,True
117,Birch,96,24,1.8494619020355016,0.08954783738004106,0.7429979015141818,0.705541987900444,0.49314464062772406,0.09696553120022819,0.1431608341216262,0.0630677691655711,0.8700340790069966,2.828889725064007,-0.10303407735263002,0.28212975211271213,0.4586681277419095,1.027327675286454,0.5802839545200709,0.8308000212808171,True
117,Oak,72,18,0.6983467389629008,-0.0042244857592315535,0.8965675125170124,0.9806662681753088,0.06815168332809195,0.028957792197930706,0.05228790305239111,0.02502846490926707,0.562352172257048,0.8343413056687535,-0.0620088604130038,0.05355988889454069,0.7922286264863503,1.0009063985476745,0.9307227440474842,1.0306097923031332,True
117,Pine,366,92,0.8816388918051603,-0.33926990690577213,1.3813115200722101,0.7911661788348946,0.06772315729584681,0.03808274242625075,0.05117282605530822,0.02301703762144595,0.7484586744771691,1.0148191091331515,-0.4141610979738092,-0.2643787158377351,1.280678171488632,1.4819448686557883,0.7459022810033221,0.8364300766664671,True
117,Spruce,6,1,3.8391498223522356,0.1546479731768142,0.3880040390736251,0.8281752533443525,2.3691045468928436,0.2041082365194811,0.1396581706446901,0.2935238195486374,-6.3542843232718,14.03258396797627,-0.7235588878371969,1.0328548341908252,-0.21289657007512036,0.9889046482223705,-0.4347558100674298,2.091106316756135,True
118,Alder,92,23,0.7601274682106529,-0.057470915143891396,0.903331691228262,1.013622937195075,0.10104672227265908,0.047123047573108014,0.0825393351292649,0.027933877087927873,0.5593183411637875,0.9609365952575183,-0.15111806998588595,0.03617623969810317,0.7393021070759705,1.0673612753805533,0.9581102263727962,1.0691356480173535,True
118,Aspen,53,13,0.684738627905281,-0.17982876247537952,1.0416504142857617,1.021955125341263,0.22065648284909387,0.1488446210457629,0.22111058464787547,0.06498300605139432,0.2413128240597091,1.1281644317508528,-0.4789432271088303,0.1192857021580713,0.5973120587102225,1.4859887698613008,0.8913668855461616,1.1525433651363646,True
118,Birch,96,24,1.7768914037182277,0.1319382548435604,0.7145507541614965,0.710150211663285,0.4292885423771332,0.09190082025562606,0.13438864326977315,0.05924997935176922,0.9242873036791082,2.6294955037573473,-0.05058470678272378,0.3144612164698446,0.44764330860977347,0.9814581997132195,0.5924746383930991,0.8278257849334708,True
118,Oak,72,18,0.6478155767854408,-0.016330002978712,0.9435751769217482,0.9692632881149457,0.09169362034648192,0.04515437285238834,0.08636847362567815,0.034507945036746965,0.46484380617371274,0.8307873473971688,-0.10643415112385209,0.07377414516642809,0.7712295711466897,1.1159207826968067,0.9004037559066285,1.0381228203232629,True
118,Pine,366,92,0.8823765564860263,-0.373392189925158,1.422384718806059,0.7871635685057594,0.06265815016629106,0.03553204698671303,0.047530481979963096,0.02156617440605842,0.7591568722639455,1.0055962407081072,-0.4432673394124522,-0.30351704043786376,1.3289141812151624,1.5158552563969556,0.7447528494988893,0.8295742875126295,True
118,Spruce,6,1,7.5545017517436905,0.4603131683809285,0.11313196179105042,0.6171961481573244,22.53463631671967,1.3093281139427486,0.9796975586091188,1.1493978982312958,-89.40421270910001,104.51321621258738,-5.17327101514274,6.093897351904596,-4.10216641303512,4.328430336617221,-4.328263856174568,5.562656152489217,True
119,Alder,92,23,0.7547286986685207,-0.08131014397793525,0.8999603410358309,1.035303282148915,0.12325862088972422,0.05786045406453484,0.10154415237102331,0.03458769281316927,0.5097780906213043,0.999679306715737,-0.19629563791491475,0.033675349959044254,0.6981626761960243,1.1017580058756375,0.9665675107734099,1.1040390535244202,True
119,Aspen,53,13,0.9009572699158227,-0.051053356546593306,0.8815917341047247,0.9750086624549459,0.28266352452903765,0.142836783857773,0.2204189768901271,0.05298905437223674,0.3329236505825952,1.4689908892490502,-0.3380946203383554,0.23598790724516877,0.4386432163529631,1.3245402518564862,0.8685231709496041,1.0814941539602878,True
119,Birch,96,24,1.0440503610419969,-0.11598515556813214,1.0584794776940856,0.7799553448415485,0.2621530353704063,0.10274945083568883,0.15282884623246956,0.06034351324315839,0.5233918045456273,1.5647089175383666,-0.32005443394713656,0.08808412281087229,0.7549481973563494,1.3620107580318217,0.6601079188725523,0.8998027708105447,True
119,Oak,72,18,0.7159067370916578,0.01276238604397287,0.8864693846839643,0.9650606942206054,0.09963154330089731,0.05097894258808088,0.08042274164266461,0.03078962055645271,0.51709508784431,0.9147183863390055,-0.08896451004768823,0.11448928213563396,0.725988302355618,1.0469504670123106,0.9036209629896903,1.0265004254515204,True
119,Pine,366,92,0.8599600103073218,-0.3392612046461038,1.3819947833685837,0.7979625638013707,0.06462837688405708,0.03669728536177944,0.0497955358376775,0.023035544148326335,0.7328657987753102,0.9870542218393334,-0.41142784062379206,-0.2670945686684156,1.2840699294540665,1.479919637283101,0.7526622721664031,0.8432628554363382,True
119,Spruce,6,1,3.839149822352222,0.15464797317681278,0.388004039073626,0.8281752533443539,2.369104546862746,0.20410823651726986,0.13965817064414113,0.2935238195452689,-6.354284323142314,14.032583967846758,-0.7235588878276842,1.0328548341813097,-0.21289657007275742,0.9889046482200095,-0.43475581005293507,2.091106316741643,True
120,Alder,92,23,0.8133978377435208,-0.028063808815067377,0.8740316794636896,0.9933168666038079,0.11629533126777815,0.0503907510205167,0.08760782976155683,0.03094056790023055,0.582285304587882,1.0445103708991597,-0.1282048375993711,0.07207721996923633,0.6999295272986933,1.048133831628686,0.9318289896035592,1.0548047436040566,True
120,Aspen,53,13,0.8395875923621705,-0.025393344243368428,0.8994759110598791,0.9644622360115517,0.2653179893792951,0.14570404200960427,0.22938517448266157,0.05119948461277839,0.30641113094062045,1.3727640537837207,-0.31819657901550763,0.2674098905287708,0.43850914465495244,1.3604426774648057,0.8615730195799327,1.0673514524431706,True
120,Birch,96,24,1.611237783876624,0.07766183940199692,0.7729145021876874,0.7277899873968534,0.3836174730109261,0.09316600477680215,0.13004062112640258,0.058694613394700404,0.8493403697862544,2.373135197966994,-0.10737388789021343,0.2626975666942073,0.5146426039207133,1.0311864004546616,0.6112174188549024,0.8443625559388044,True
120,Oak,72,18,0.725932970336787,0.0047998324023216035,0.8944521730714017,0.961844056880164,0.08851593027861518,0.035344505609163336,0.06405784091862046,0.030890941346799986,0.5493021815292003,0.9025637591443738,-0.06572903043751166,0.07532869524215488,0.7666267417038192,1.022277604438984,0.900202143160003,1.023485970600325,True
120,Pine,366,92,0.8562532679459746,-0.40012571025625976,1.4450042597873047,0.7982341958462275,0.06022672130288761,0.036010645308136434,0.04821432255821855,0.021571088133250413,0.7378150829536333,0.9746914529383158,-0.4709420419182352,-0.32930937859428433,1.3501889231576996,1.53981959641691,0.7558138138041203,0.8406545778883346,True
120,Spruce,6,1,3.839149822352239,0.15464797317681428,0.38800403907362524,0.8281752533443519,2.369104546857848,0.20410823651706522,0.1396581706441542,0.2935238195446642,-6.354284323121222,14.0325839678257,-0.7235588878268022,1.0328548341804307,-0.21289657007281437,0.9889046482200649,-0.43475581005033537,2.0911063167390394,True
121,Alder,92,23,0.8330875277266496,-0.0899270236476998,0.9372082486627048,0.9832501041765436,0.14569254089570804,0.06174848809715493,0.10608761566492034,0.03350636322044586,0.5435542178231084,1.122620837630191,-0.21263916821182388,0.03278512091642426,0.7263814052677042,1.1480350920577054,0.9166632481411997,1.0498369602118875,True
121,Aspen,53,13,0.7421033474365751,-0.11280848759412512,0.9414588684818617,1.0319548826285683,0.24375259848296635,0.1417727735005374,0.21203310417893245,0.0658021383949177,0.2522641615392997,1.2319425333338505,-0.39771154251993757,0.17209456733168735,0.5153623928722346,1.3675553440914887,0.8997205347599905,1.1641892304971462,True
121,Birch,96,24,1.7837512969632574,0.08090501384985656,0.7551347575541089,0.7106416221487023,0.4447286775653288,0.09485765940538546,0.1387500663547597,0.057526548954982513,0.9004817556949869,2.6670208382315277,-0.10749048555319017,0.2693005132529033,0.47956514929085925,1.0307043658173585,0.5963889304077922,0.8248943138896124,True
121,Oak,72,18,0.6719120476464386,-0.008244757677886447,0.9049733880169449,0.9876244572271582,0.06847242723523862,0.030097554771404352,0.05404023983788332,0.02504507517871685,0.5352774464389293,0.808546648853948,-0.06830349313623188,0.051813977780458986,0.7971377683734314,1.0128090076604583,0.937647787822704,1.0376011266316123,True
121,Pine,366,92,0.8506327822136259,-0.36784904929106427,1.433071527884028,0.7820193487578898,0.06246443986658499,0.03659312223408023,0.049881247717734764,0.02146344057533307,0.7277940368143,0.9734715276129519,-0.4398108444352996,-0.2958872541468289,1.334978118230685,1.531164937537371,0.739810659816499,0.8242280376992807,True
121,Spruce,6,1,8.338899059807096,0.08147496560892263,1.1495970575219032,-0.029001655226763443,9.258108734389694,0.20583572861023886,0.7148869850042201,0.9675856909455822,-31.495527758038413,48.17332587765261,-0.8041646939649159,0.9671146251827611,-1.926313379930749,4.225507494974556,-4.1921868695887,4.134183559135173,True
122,Alder,92,23,0.6550449280113871,-0.11898294669565046,1.0006071709873992,1.023296743536697,0.110054200547498,0.0560506171684696,0.09995735523557317,0.03237641956589652,0.4363353306812475,0.8737545253415268,-0.230371770112082,-0.007594123279218906,0.8019629320124158,1.1992514099623826,0.9589554130738693,1.0876380739995248,True
122,Aspen,53,13,1.3244063946301843,0.11273742251329327,0.6670337874028579,0.9141115994127151,0.4757967516691232,0.16607828518315051,0.25795292448883506,0.051574687643146204,0.36825702456938403,2.2805557646909844,-0.2210093868156539,0.44648423184224045,0.14865797800502634,1.1854095968006895,0.8104683842623731,1.017754814563057,True
122,Birch,96,24,1.683416874648403,0.11298559299439617,0.7444719614757005,0.7138862773127571,0.4082407205728578,0.09368641109239319,0.13541795875521956,0.057723937013861304,0.8726155654963804,2.4942181838004256,-0.0730837061604645,0.29905489214925685,0.47552020652250643,1.0134237164288946,0.5992415558489783,0.8285309987765359,True
122,Oak,72,18,0.7372463135781196,0.009934776791481885,0.8812895472999325,0.9642009250849811,0.09286774606653911,0.03717606025248711,0.0706123132108845,0.042643644877531105,0.5519316115704248,0.9225610155858145,-0.06424889643532004,0.08411845001828382,0.7403848701112193,1.0221942244886455,0.8791068566089404,1.0492949935610218,True
122,Pine,366,92,0.8564263755643656,-0.3805779416267655,1.4385568196672618,0.7865065682038784,0.062274482018697404,0.03643950865071642,0.048087467182926336,0.02164738107197914,0.7339611896456515,0.9788915614830798,-0.45223764969718716,-0.30891823355634385,1.3439909490567443,1.5331226902777793,0.7439361531366407,0.8290769832711161,True
122,Spruce,6,1,8.338899059807122,0.0814749656089227,1.1495970575219048,-0.02900165522676586,9.258108734571461,0.20583572861043836,0.7148869850182583,0.9675856909671842,-31.49552775882047,48.17332587843471,-0.8041646939657741,0.9671146251836196,-1.9263133799911494,4.225507495034959,-4.192186869681649,4.134183559228116,True
123,Alder,92,23,0.6657048811897365,-0.1814810040719146,1.1157125764801508,0.9704012278247108,0.11424097735619246,0.06719150036416596,0.11929245141086264,0.03551252436244868,0.43867494474136814,0.8927348176381048,-0.31500999174842137,-0.047952016395407776,0.8786438968404787,1.3527812561198227,0.8998275480846466,1.0409749075647752,True
123,Aspen,53,13,1.16852924166145,0.09846870477357914,0.6580901805099578,0.9722940252090523,0.4650843972045299,0.1883116742734043,0.2957258691711561,0.05377216792784238,0.23390715386404726,2.1031513294588526,-0.27995777270860145,0.4768951822557598,0.06380679684508128,1.2523735641748344,0.8642348080945051,1.0803532423235995,True
123,Birch,96,24,1.9861124053954489,0.10014814850332461,0.7030623164307986,0.7077201274849009,0.4494321524185896,0.09275774674532815,0.13330406716853993,0.0587174406559417,1.0935013570789933,2.8787234537119044,-0.08407674309878983,0.28437304010543907,0.43830893263342713,0.9678157002281702,0.5911022220317451,0.8243380329380566,True
123,Oak,72,18,0.6505063985893981,-0.010018047389548614,0.9346743629980903,0.9699692648351408,0.08692875337297307,0.03924708486180013,0.07142542225747504,0.03296470834363742,0.4770427719857031,0.823970025193093,-0.08833438588046132,0.06829829110136408,0.7921471519690412,1.0772015740271392,0.9041892135017662,1.0357493161685154,True
123,Pine,366,92,0.8521104526499107,-0.3676591748051291,1.4025909685563087,0.8070689089059251,0.06342129179150452,0.03768509467833303,0.050111522136770274,0.022744042377067186,0.7273900208024058,0.9768308844974156,-0.4417683761431788,-0.2935499734670794,1.3040447153204042,1.5011372217922132,0.762341866818054,0.8517959509937961,True
123,Spruce,6,1,7.554501751743843,0.46031316838093456,0.11313196179104607,0.6171961481573172,22.534636320051263,1.3093281141356548,0.9796975587493398,1.1493978983986937,-89.40421272343454,104.51321622692222,-5.173271015972742,6.0938973527346105,-4.1021664136384475,4.3284303372205395,-4.32826385689483,5.562656153209465,True
124,Alder,92,23,0.7137709700532016,-0.10277208024160564,0.9678895461879226,1.0119635702349186,0.11569281023626249,0.05518501602223879,0.09668170149391075,0.03518539279808244,0.4838558208368414,0.9436861192695617,-0.21244070327314646,0.006896542789935178,0.7757549806944413,1.1600241116814038,0.9420399957371857,1.0818871447326515,True
124,Aspen,53,13,0.8844031788078563,-0.07035119163048315,0.934111988391526,0.9502411197351367,0.30603964684350204,0.15790620596016708,0.25003028664076954,0.052527219448350704,0.269393482931377,1.4994128746843356,-0.38767559291706444,0.24697320965609815,0.4316573158259097,1.4365666609571424,0.8446837202564778,1.0557985192137957,True
124,Birch,96,24,1.4554957169898002,0.07708597118356118,0.7976060439031212,0.7461473649929734,0.34132255712860615,0.0879682284928606,0.12902032039906133,0.056113886979728536,0.7775996566099052,2.1333917773696953,-0.09762652375253976,0.2517984661196621,0.5413605509498947,1.0538515368563477,0.6347003418715924,0.8575943881143544,True
124,Oak,72,18,0.7178147047507328,0.01021607374716049,0.8918270655899891,0.9615018699529497,0.08720634072526172,0.039552572694874014,0.074087519973013,0.030483619886639862,0.543797161209788,0.8918322482916776,-0.06870985622358096,0.08914200371790194,0.7439877212771537,1.0396664099028246,0.900672753551643,1.0223309863542565,True
124,Pine,366,92,0.8784889690172505,-0.32111949281678753,1.3654053184081738,0.78889192465625,0.06349580379608255,0.035722013486141034,0.048510506860968305,0.02137855508083949,0.753622006420745,1.0033559316137561,-0.3913682187982836,-0.25087076683529147,1.2700075238515551,1.4608031129647925,0.7468501663343998,0.8309336829781002,True
124,Spruce,6,1,7.55450175173887,0.4603131683806338,0.11313196179126873,0.6171961481575706,22.534636320046193,1.3093281141398212,0.9796975587544094,1.1493978983978892,-89.4042127234177,104.51321622689544,-5.173271015990969,6.093897352752237,-4.102166413660037,4.328430337242575,-4.328263856891116,5.562656153206257,True
125,Alder,92,23,0.7647217496332627,-0.11472928218635084,0.9754096688330701,0.9974654170997903,0.12611174133912378,0.059700432870073004,0.09929907867801557,0.03482426367025883,0.514101164233812,1.0153423350327133,-0.2333713473550805,0.003912782982378821,0.7780736161891769,1.1727457214769632,0.9282595108576767,1.066671323341904,True
125,Aspen,53,13,0.7498432655316928,-0.0661355950398613,0.9278419441865741,1.0037649858950226,0.21892869200757706,0.1324595400660896,0.2064138838341469,0.049865498436887354,0.30988958737617184,1.1897969436872138,-0.33232300667820336,0.20005181659848073,0.513037714633801,1.3426461737393471,0.9035565150491469,1.1039734567408983,True
125,Birch,96,24,1.8792502796595474,0.0737759987131085,0.7892737886296097,0.6689775626736959,0.43194384661835405,0.09318177822327321,0.13313851250261605,0.05397881896191897,1.0213725161995968,2.737128043119498,-0.1112910560053092,0.2588430534315262,0.5248492106889371,1.0536983665702824,0.5617709689282464,0.7761841564191454,True
125,Oak,72,18,0.7138804936793632,0.010782427590050462,0.8850236014393263,0.9684914993864644,0.08788922828399776,0.035242728942659285,0.064112506587405,0.031427972988709404,0.5385002692313007,0.8892607181274258,-0.05954334307382948,0.08110819825393041,0.7570890864280685,1.012958116450584,0.9057779557096785,1.0312050430632502,True
125,Pine,366,92,0.8271285302478696,-0.31684254289122893,1.3608433588770368,0.8070162044782873,0.06115458350584911,0.03810146653433495,0.051283643355071504,0.0223541638618986,0.7068656682207436,0.9473913922749956,-0.39177055564454316,-0.2419145301379147,1.2599920837723766,1.461694633981697,0.7630558736226589,0.8509765353339156,True
125,Spruce,6,1,8.338899059807245,0.08147496560892373,1.149597057521913,-0.029001655226778725,9.258108734949296,0.2058357286122831,0.714886985038403,0.9675856910061649,-31.495527760446038,48.17332588006053,-0.8041646939737104,0.9671146251915579,-1.9263133800778167,4.225507495121643,-4.192186869849381,4.134183559395824,True
126,Alder,92,23,0.7136838969977449,-0.0972175814495066,0.9562417467866433,1.017659573551669,0.12068025364528834,0.06001680738981532,0.1034850090525393,0.03432633799995305,0.47385725204320867,0.9535105419522811,-0.21648837449481098,0.02205321159579779,0.7505870371345702,1.1618964564387164,0.9494431899475932,1.0858759571557446,True
126,Aspen,53,13,0.9325868011484659,-0.04118460154828993,0.8899251588112674,0.9506981060151629,0.3057039223358984,0.1469685818382299,0.23074146813953467,0.054352637990682386,0.31825176892896423,1.5469218333679677,-0.33652902424639886,0.25415982114981894,0.42623281825921316,1.3536174993633217,0.8414723906364376,1.0599238213938882,True
126,Birch,96,24,1.7727663719600173,0.1136699204693336,0.6456502671946793,0.7906146729960967,0.4234466003656326,0.10203568811708913,0.14856902353771623,0.05953166392536383,0.9317648730143611,2.6137678709056735,-0.08898176354071015,0.31632160447937735,0.35057936242363075,0.9407211719657279,0.6723796498485983,0.908849696143595,True
126,Oak,72,18,0.7329493494885506,0.009448081661764422,0.8660385915328219,0.9814921956265064,0.05430755857321878,0.024428860700985884,0.045964181517495394,0.018876074839918162,0.6245803036138862,0.8413183953632151,-0.039298950897280374,0.058195114220809224,0.774318495356058,0.9577586877095858,0.9438255747361051,1.0191588165169077,True
126,Pine,366,92,0.8154834455347719,-0.3569162931607878,1.4124666674946398,0.8021976752270121,0.061314021753781645,0.039094232544406755,0.05335896243689355,0.023511134232096078,0.6949070420048881,0.9360598490646558,-0.4337966188046488,-0.28003596751692683,1.3075341968672343,1.5173991381220453,0.7559621172334666,0.8484332332205576,True
126,Spruce,6,1,3.1332299653752695,0.015125580284598723,0.4270338737656875,0.9804322111807597,1.9607230831348397,0.2090699657395759,0.1492095571809858,0.2922741703407623,-5.303080560453084,11.569540491203623,-0.8844298785022663,0.9146810390714638,-0.2149630347358336,1.0690307822672087,-0.2771220456555963,2.237986468017116,True
127,Alder,92,23,0.6839815317114293,-0.11406526372949449,0.9890543677567334,1.0172382777467432,0.11225585874234956,0.059117665179932034,0.10151805261761973,0.03478955469203842,0.4608966013648386,0.90706646205802,-0.23154920057405592,0.003418673115066939,0.7873085706923404,1.1908001648211264,0.9481013483052656,1.086375207188221,True
127,Aspen,53,13,0.6957335937210806,-0.17544472802330077,1.059414861367788,0.9961233361739422,0.21754595672236257,0.1388441814841916,0.20114865298595475,0.06284165216963318,0.2585586261542315,1.1329085612879297,-0.4544625569534103,0.10357310090680874,0.6551915093453109,1.4636382133902652,0.8698383081135584,1.122408364234326,True
127,Birch,96,24,1.7907872690192759,-0.03859937769088518,0.8661473676564757,0.7078272354662805,0.37041983395816724,0.08799967278288776,0.12748574579233574,0.0513622272945882,1.0551015052676505,2.5264730327709013,-0.2133743237011553,0.13617556831938496,0.6129496723320076,1.1193450629809438,0.605817418628365,0.8098370523041959,True
127,Oak,72,18,0.6481887030792978,-0.0032721776578357818,0.9089350865044885,0.9875684037342809,0.08897932108423118,0.039936772678352925,0.07363223823093303,0.03687431331990394,0.4706332323159941,0.8257441738426015,-0.08296476675906526,0.07642041144339369,0.7620042427630209,1.055865930245956,0.913986857136603,1.0611499503319588,True
127,Pine,366,92,0.823002504855513,-0.3716427500696619,1.434786199436881,0.7926290179180319,0.06230718794659156,0.03794850658790372,0.050541225510887404,0.02273960895387602,0.7004730014601958,0.9455320082508302,-0.4462699611515597,-0.2970155389877641,1.3353949178379088,1.534177481035853,0.7479106943289385,0.8373473415071252,True
127,Spruce,6,1,8.338899059806984,0.0814749656089229,1.1495970575218917,-0.029001655226749214,9.258108734561189,0.20583572861135668,0.7148869850126885,0.9675856909626293,-31.49552775877641,48.17332587839038,-0.8041646939697252,0.967114625187571,-1.9263133799671976,4.225507495010981,-4.1921868696620335,4.134183559208535,True
128,Alder,92,23,0.7286611885131167,-0.10674978240843534,0.9521473705435352,1.0240869429652733,0.11141148429778108,0.052430651327098066,0.09055452242551801,0.03187585869947646,0.5072542749423394,0.9500681020838939,-0.2109446843972742,-0.002554880419596478,0.7721892859126764,1.1321054551743939,0.9607403720390132,1.0874335138915332,True
128,Aspen,53,13,0.7182826034408535,-0.14301699496075493,1.0959984216074348,0.9344684797339746,0.20810568535783538,0.1261614654538047,0.20041561617237819,0.04935514478952778,0.3000785714399385,1.1364866354417684,-0.39654795181665686,0.110513961895147,0.6932481622134252,1.4987486810014443,0.8352856029400114,1.033651356527938,True
128,Birch,96,24,1.831546844649547,0.034919960187337236,0.8110263563318824,0.6868088913527592,0.4088941617896309,0.09153571428720249,0.13216686976729483,0.05265881579714125,1.0194477448379597,2.6436459444611344,-0.14687786947082368,0.21671778984549814,0.5485315447327961,1.0735211679309686,0.582223937831207,0.7913938448743115,True
128,Oak,72,18,0.6715915184006663,-0.012937934874386844,0.9304583880382981,0.9680479644437802,0.09098477109543539,0.040883413664476065,0.07264290304462567,0.03730590504273636,0.490034234446469,0.8531488023548637,-0.09451951665264316,0.06864364690386948,0.7855017319238772,1.075415044152719,0.8936051899721278,1.0424907389154325,True
128,Pine,366,92,0.8412777197222858,-0.36182002693618087,1.4147543403949976,0.7955041218839716,0.06367372533871109,0.037159752321647414,0.04999408512371542,0.02276756263934058,0.7160608675066196,0.9664945719379521,-0.43489612213995293,-0.2887439317324088,1.3164390316032908,1.5130696491867044,0.7507308262874595,0.8402774174804837,True
128,Spruce,6,1,7.554501751746119,0.4603131683810721,0.11313196179094308,0.6171961481572023,22.53463632036038,1.309328114154082,0.9796975587625911,1.1493978984141988,-89.4042127247623,104.51321622825454,-5.173271016051891,6.093897352814035,-4.102166413695566,4.328430337277452,-4.32826385696166,5.562656153276063,True
129,Alder,92,23,0.7054254382485017,-0.10901120824982391,0.9847107543110212,1.006579195230889,0.11498639733246058,0.05682904683332939,0.09874625494963198,0.03333768458205427,0.476914136236253,0.9339367402607504,-0.22194699704971527,0.003924580550067433,0.7884733226595829,1.1809481859624595,0.9403275525440341,1.0728308379177436,True
129,Aspen,53,13,0.8485069717158544,-0.06362877225556011,0.9421455867965077,0.9507539453409444,0.2754466389128304,0.1485137830944404,0.23445612901477675,0.0499185373290782,0.2949762270061512,1.4020377164255575,-0.36207839313453066,0.2348208486234104,0.4709883557352341,1.4133028178577813,0.8504388888507173,1.0510690018311715,True
129,Birch,96,24,1.8738371752569516,0.08797646908434816,0.7619833139318737,0.6844015636123714,0.4857362325894793,0.0982897356863215,0.145390816672072,0.061377164111679997,0.9091230900635953,2.838551260450308,-0.10723543005899817,0.2831883682276945,0.4732246023291213,1.050742025534626,0.5625012177968998,0.806301909427843,True
129,Oak,72,18,0.6821646845737415,-0.0046903703806983315,0.903071431873787,0.9806077864662586,0.09023537730352599,0.039638852547749244,0.0732748741033856,0.03868502299275734,0.5021027926487057,0.8622265764987772,-0.08378846911726065,0.07440772835586398,0.7568536971460479,1.0492891666015263,0.9034130249725622,1.0578025479599549,True
129,Pine,366,92,0.8488265274945567,-0.3323192347640174,1.3555147790653466,0.8182648459117063,0.06196499546327124,0.036908445344831266,0.04917519342835348,0.022817352428349022,0.726969958899038,0.9706830960900753,-0.404901125044026,-0.25973734448400887,1.258809852575811,1.4522197055548822,0.7733936367626425,0.8631360550607702,True
129,Spruce,6,1,8.33889905980692,0.08147496560892374,1.1495970575218828,-0.029001655226739594,9.258108734878672,0.20583572861150815,0.7148869850351982,0.9675856909994295,-31.495527760142494,48.173325879756334,-0.804164693970376,0.9671146251882236,-1.9263133800640575,4.2255074951078235,-4.192186869820363,4.134183559366884,True
130,Alder,92,23,0.6226677675402196,-0.14501246767775416,1.072184282909352,0.9978445809895408,0.1066789245710794,0.05791551592174313,0.10182221611275367,0.034998389162506006,0.41066582194902473,0.8346697131314145,-0.2601073854855025,-0.029917549870005847,0.8698340248138277,1.2745345410048763,0.9282926369214756,1.067396525057606,True
130,Aspen,53,13,0.8444787453626549,-0.05197760586243448,0.9193783126546204,0.9649473559222761,0.2675490868982468,0.14269450408926895,0.21947514689457812,0.05758071481898821,0.306818725615399,1.3821387651099108,-0.3387329477546664,0.2347777360297974,0.4783264922899739,1.360430133019267,0.8492345772858367,1.0806601345587155,True
130,Birch,96,24,2.133004941566198,0.12759699390458654,0.7375697586990306,0.6279689118337376,0.46450739748833375,0.09165654400668244,0.13013825710736812,0.05428346320723834,1.2104531552920386,3.0555567278403575,-0.05444081400611456,0.30963480181528763,0.47910394694621866,0.9960355704518427,0.5201572683211214,0.7357805553463538,True
130,Oak,72,18,0.6716266446368847,-0.008272194210284377,0.909871960254393,0.9833081023171997,0.07553431026038249,0.04149036900936884,0.06619382466677337,0.026334923109125212,0.520900275255309,0.8223530140184604,-0.09106493652203951,0.07452054810147074,0.7777842396793323,1.0419596808294536,0.9307575814413465,1.0358586231930529,True
130,Pine,366,92,0.9134790298663963,-0.37543432789625036,1.4309029841521297,0.7699540719508062,0.06832638953943002,0.0383836283809846,0.05115006866330855,0.02306947888565119,0.7791125329184413,1.0478455268143514,-0.4509172228724106,-0.29995143292009013,1.3303143888631905,1.5314915794410688,0.724587046337797,0.8153210975638154,True
130,Spruce,6,1,3.702522748906446,0.08254528345141714,0.4015132732122315,0.894106259340008,2.7380935550017806,0.22791018236085356,0.16524378448309734,0.33582559589184224,-8.078542959685379,15.483588457498271,-0.8980730848090549,1.0631636517118892,-0.3094733471592882,1.1124998935837511,-0.5508346575258605,2.3390471762058764,True
131,Alder,92,23,0.681654268375087,-0.11506605994258284,0.9970893048824828,1.0110285011407028,0.11212586830836146,0.05753497913986197,0.10113129206503645,0.03406261791370096,0.4588276667004859,0.9044808700496881,-0.22940474086050328,-0.0007273790246624251,0.796112113144355,1.1980664966206105,0.9433362057911883,1.0787207964902172,True
131,Aspen,53,13,0.861330862445193,-0.05558719736120683,0.9168998752551796,0.9596581778810994,0.2554794334876881,0.13599285461194688,0.21564791367751948,0.046192342774983214,0.34792571931252836,1.3747360055778577,-0.3288750704158922,0.21770067569347856,0.48353916799025254,1.3502605825201066,0.8668311896955074,1.0524851660666914,True
131,Birch,96,24,1.3989157637556608,0.07144277382783136,0.8115013912498732,0.7455987279372716,0.3469431698330202,0.09413685327972682,0.13388522897134306,0.06064761722534411,0.7098566813906474,2.0879748461206744,-0.11552114239187018,0.2584066900475329,0.5455937699480198,1.0774090125517266,0.6251473252103259,0.8660501306642172,True
131,Oak,72,18,0.7544908917110985,0.01647216843872296,0.8687589180105028,0.9632493313707617,0.08076683386444261,0.03516121348888559,0.06636206205771665,0.027136227022635732,0.5933231840446476,0.9156585993775495,-0.053690940669720175,0.08663527754716609,0.7363354849487099,1.0011823510722955,0.9090998334308652,1.0173988293106584,True
131,Pine,366,92,0.870019229066346,-0.35745055827579475,1.392213447108864,0.8009006387671818,0.061304398146674585,0.03515423905156901,0.04637235336027424,0.021123452427304266,0.7494617507333545,0.9905767073993375,-0.4265827337949541,-0.2883183827566354,1.301020414398464,1.483406479819264,0.7593605497146829,0.8424407278196806,True
131,Spruce,6,1,7.554501751735053,0.46031316838040065,0.11313196179144092,0.617196148157766,22.53463631895913,1.309328114074163,0.9796975587048343,1.1493978983449944,-89.40421271874428,104.51321622221437,-5.173271015708699,6.0938973524695,-4.10216641344656,4.328430337029443,-4.328263856663333,5.562656152978865,True
132,Alder,92,23,0.6803088256833615,-0.17875361130851314,1.0729058282025252,1.0005101997926868,0.11418086319526137,0.06397752157826883,0.1086889487241067,0.03432720645310532,0.4533983534977443,0.9072192978689786,-0.3058954915180242,-0.05161173109900208,0.8569093819839534,1.2889022744210972,0.9322920903204636,1.0687283092649102,True
132,Aspen,53,13,0.7960746962064514,-0.11676974560884347,0.996836310476142,0.9641961796325887,0.2438541755163448,0.13833036815162375,0.21454189845211527,0.04913570262339007,0.30603138361823756,1.2861180087946653,-0.3947550279893178,0.16121553677163086,0.5656982240200752,1.4279743969322087,0.8654542883816778,1.0629380708834997,True
132,Birch,96,24,1.9605915811745454,0.11854793415421228,0.6899601158863359,0.7113612940232663,0.48222907747462557,0.09694720913781596,0.14104372625307696,0.06191082638886938,1.002843008766225,2.9183401535828657,-0.07399759138100356,0.31109345968942814,0.40983510108329885,0.970085130689373,0.5884010488611959,0.8343215391853367,True
132,Oak,72,18,0.6631078751422181,-0.0053998111056238595,0.9166959664476367,0.977442975518125,0.06288479221716771,0.02821946463717392,0.05092180300313431,0.02578125822874063,0.5376232260134388,0.7885925242709975,-0.06171087605068756,0.05091125383943984,0.8150830906224913,1.0183088422727822,0.9259972757095031,1.028888675326747,True
132,Pine,366,92,0.8314816132708578,-0.3374104760494515,1.387704989132791,0.7999538056660298,0.06347254988929193,0.03812532029268518,0.05116454228021448,0.022456388657163578,0.7066603803845984,0.9563028461571171,-0.4123853981443857,-0.26243555395451734,1.287087930914449,1.4883220473511332,0.755792445782912,0.8441151655491476,True
132,Spruce,6,1,3.1332299653752913,0.015125580284600162,0.4270338737656876,0.9804322111807563,1.9607230831388522,0.20906996573990075,0.14920955718104595,0.29227417034131054,-5.3030805604703275,11.56954049122091,-0.8844298785036626,0.914681039072863,-0.21496303473609235,1.0690307822674674,-0.2771220456579587,2.2379864680194714,True
133,Alder,92,23,0.6624171299596499,-0.1530652622775631,1.0337669430240082,1.0208744304270567,0.1085906024052317,0.057587920927273446,0.10252351220781673,0.03393976057381248,0.44661612638382175,0.878218133535478,-0.26750915387303237,-0.0386213706820938,0.8300230063065194,1.237510879741497,0.9534262882239226,1.0883225726301908,True
133,Aspen,53,13,0.9834673531226712,0.005770798612594655,0.8211843621074941,0.9564261505969807,0.3304978785816619,0.15178202745038957,0.23607723333464803,0.05018130338148462,0.3193070004012173,1.647627705844125,-0.29924660519297874,0.31078820241816807,0.34676939994820394,1.2955993242667843,0.8555830459546794,1.057269255239282,True
133,Birch,96,24,1.9771618715890793,0.11005474820114908,0.7055245450851921,0.7017889271095614,0.49079056929895776,0.0955862218875822,0.13828404498274713,0.05730065375591199,1.002409437415764,2.9519143057623944,-0.07978773917883256,0.2998972355811307,0.4308804954923035,0.9801685946780807,0.5879848827325902,0.8155929714865326,True
133,Oak,72,18,0.7200417133457937,0.007560831276082293,0.8929182510861767,0.9626208496881041,0.0843561010849558,0.03475688419484262,0.061741470108750404,0.029506378653543146,0.5517117344542091,0.8883716922373783,-0.061795451288031135,0.07691711384019573,0.7697150657033609,1.0161214364689926,0.903741787805954,1.0214999115702543,True
133,Pine,366,92,0.8516117882236166,-0.3373050889040715,1.385495859078975,0.7951819124186351,0.06446113554649292,0.03814028124646744,0.05025161130176441,0.022601266737694584,0.724846463272981,0.9783771131742522,-0.4123094322952907,-0.2623007455128523,1.2866741150628975,1.4843176030950525,0.7507356441670712,0.8396281806701991,True
133,Spruce,6,1,7.554501751740026,0.4603131683806996,0.11313196179122066,0.6171961481575119,22.534636314633854,1.3093281138278474,0.9796975585287787,1.1493978981249897,-89.40421270012914,104.51321620360918,-5.173271014648589,6.093897351409988,-4.102166412689274,4.328430336271716,-4.328263855716983,5.562656152032007,True
134,Alder,92,23,0.84017489223808,-0.057681932307918043,0.8909224273061095,0.9932394703617529,0.1443987577517032,0.06056837245601004,0.10221667142172855,0.03346509872769587,0.553212704463909,1.1271370800122509,-0.17804884501906615,0.06268498040323005,0.6877882721729305,1.0940565824392885,0.9267346188346284,1.0597443218888773,True
134,Aspen,53,13,0.9827972905289342,0.0031755709494878915,0.8025275342773184,0.9719014156257286,0.29853353351095346,0.13607019682978874,0.21441798115593788,0.052538374803572895,0.38287169413263,1.5827228869252383,-0.27026772711095715,0.27661886900993293,0.37163846895110164,1.2334165996035351,0.8663215986214537,1.0774812326300034,True
134,Birch,96,24,1.885321698707596,0.15050296637096355,0.7195382447762041,0.6665645081375694,0.4649788228781657,0.09961386040423592,0.14224487356234727,0.060375671140399434,0.961833620917228,2.808809776497964,-0.04733875875656937,0.34834469149849645,0.4370276477375826,1.0020488418148257,0.5466532138088809,0.7864758024662579,True
134,Oak,72,18,0.6471008327110636,-0.014232633506102493,0.9171370372523067,0.9922629384521744,0.08736558848603418,0.04054452241133736,0.07309884129836591,0.03622453278436464,0.4727655152110975,0.8214361502110297,-0.0951379683175872,0.06667270130538222,0.7712705705178967,1.0630035039867165,0.9199780087254129,1.0645478681789358,True
134,Pine,366,92,0.8498307526642822,-0.3401285160505439,1.3864662440894668,0.7979562516142793,0.06470769705558664,0.03836979369478762,0.051269307493377596,0.023254151463477177,0.7225805549363428,0.9770809503922216,-0.41558420457933887,-0.2646728275217489,1.2856431610132386,1.487289327165695,0.7522260602093691,0.8436864430191895,True
134,Spruce,6,1,1.2154888946906166,-0.14607749177969542,0.4284421638175612,1.4080696646464341,1.4859318494924791,0.31521837464535524,0.15777833775571096,0.5829746928624822,-5.177959833670636,7.608937623051869,-1.5023526918979142,1.2101977083385234,-0.2504232318139684,1.1073075594490907,-1.1002679889420945,3.916407318234963,True
135,Alder,92,23,0.7972439138952937,-0.10697646165450878,0.9686074848259619,0.9829034873954346,0.12375095383671313,0.05756228929834674,0.09888366777793489,0.029946845574416996,0.5513148975724038,1.0431729302181836,-0.22136941577359293,0.007416492464575361,0.7720969740535395,1.1651179955983844,0.9233904247017316,1.0424165500891376,True
135,Aspen,53,13,0.7307200119142689,-0.11583410533385335,1.002455147563049,0.9859083469649094,0.20629326112304325,0.12615147974758262,0.2006063353762484,0.047248083452628015,0.31615818277476515,1.1452818410537726,-0.3693449951618062,0.13767678449409948,0.5993216235796968,1.4055886715464012,0.8909597684566923,1.0808569254731264,True
135,Birch,96,24,1.9658772438435919,0.09558108085230355,0.7824724161172493,0.6424205739326171,0.4467295675692677,0.09335696034994534,0.13192064504070636,0.05683353450586815,1.078633762316774,2.8531207253704096,-0.08983390069087208,0.28099606239547914,0.5204666280785355,1.044478204155963,0.5295442687065425,0.7552968791586917,True
135,Oak,72,18,0.6925305138209418,-0.001262281137587028,0.8962754669244527,0.9800847227590939,0.06828928650994756,0.03000606199776484,0.053793623762669565,0.026387984221927153,0.5562613642408303,0.8287996634010533,-0.06113844560868447,0.05861388333351041,0.7889319619970194,1.003618971851886,0.9274283200811773,1.0327411254370105,True
135,Pine,366,92,0.8194890799929648,-0.37013056200975053,1.4364092682794367,0.79266088865466,0.06123751441770012,0.03902403169105303,0.051833438955606256,0.02267417584982915,0.699063131108927,0.9399150288770026,-0.4468728349508201,-0.293388289068681,1.3344767987873778,1.5383417377714956,0.7480712418042978,0.8372505355050222,True
135,Spruce,6,1,8.338899059807021,0.08147496560892255,1.149597057521896,-0.029001655226753992,9.258108734729023,0.20583572861228966,0.7148869850215614,0.9675856909796124,-31.4955277594985,48.17332587911254,-0.8041646939737398,0.9671146251915849,-1.9263133800053704,4.225507495049162,-4.192186869735111,4.134183559281603,True
136,Alder,92,23,0.6745334903336109,-0.11965570041106656,1.01417956688052,1.0037330495841208,0.11211650892636121,0.05526341773241912,0.09859450495875015,0.03343631273211201,0.45172548846399996,0.8973414922032218,-0.22948013036663417,-0.009831270455498933,0.8182437064479494,1.2101154273130907,0.9372854041742692,1.0701806949939723,True
136,Aspen,53,13,0.8357366720013526,-0.051297677252775224,0.9276754016660133,0.9586019735790475,0.2611335356514592,0.1346664752654889,0.21299542969567917,0.04984767879285957,0.31096918517217476,1.3605041588305304,-0.321920091217779,0.21932473671222852,0.4996450605278745,1.355705742804152,0.8584293126485446,1.0587746345095506,True
136,Birch,96,24,1.4876442215850727,0.05495615520600091,0.7457770164873471,0.8021681281169342,0.30396837844381863,0.08037044925859735,0.11680174627990947,0.05412165097241159,0.8839367843719816,2.091351658798164,-0.10466649435371436,0.2145788047657162,0.5137986664048213,0.9777553665698728,0.6946778576698227,0.9096583985640456,True
136,Oak,72,18,0.6430077973342284,-0.010689563196816665,0.9415296405093183,0.9669273869666569,0.0854534744851205,0.03856303885189259,0.0708235984484644,0.03527163743134718,0.4724880439164376,0.8135275507520192,-0.0876409091272903,0.06626178273365699,0.8002033501933448,1.0828559308252919,0.8965439303117457,1.0373108436215681,True
136,Pine,366,92,0.872772784245322,-0.3145277954998227,1.3679075430832386,0.7838475319616174,0.06607418844699288,0.03836442295144408,0.05126515357659162,0.022923081401456876,0.7428353281592217,1.0027102403314223,-0.38997292225338054,-0.23908266874626483,1.267092628845594,1.4687224573208832,0.7387684026833301,0.8289266612399047,True
136,Spruce,6,1,2.6121124918459846,0.06272139282365986,0.4020185394173975,1.0125987502272433,1.7785230260686522,0.21142367942588192,0.15365970770076814,0.31010585583364664,-5.040254461095744,10.264479444787714,-0.846961278580513,0.9724040642278327,-0.2591258213656238,1.0631629002004188,-0.32167905687015463,2.3468765573246415,True
137,Alder,92,23,0.669415880178148,-0.12832454587022205,1.0133713079473095,1.015206244927225,0.10529392200304065,0.055629965413619996,0.09584412703716085,0.03307319390582545,0.4601663361531817,0.8786654242031143,-0.23887741231761753,-0.017771679422826564,0.8229012456827687,1.2038413702118502,0.9494802218805821,1.080932267973868,True
137,Aspen,53,13,0.6439619557941927,-0.1760074905537232,1.0305220362763152,1.0482011615990003,0.21021070202120617,0.1443647575987708,0.20961183396922317,0.0680775245385834,0.22152773443282336,1.066396177155562,-0.46611933253837823,0.11410435143093181,0.6092912853225187,1.4517527872301117,0.911394254081205,1.1850080691167957,True
137,Birch,96,24,1.142106685709259,-0.13358841105050775,1.0192701728789082,0.7973605877986331,0.23544131324503215,0.0863921481566399,0.13246525864755948,0.048424632450350495,0.6744999150282958,1.6097134563902222,-0.30517067439642503,0.037993852295409525,0.756182735207598,1.2823576105502184,0.7011850878856043,0.8935360877116618,True
137,Oak,72,18,0.7193808543974468,0.003803783551020685,0.893791542656648,0.9659944844660273,0.09206694809326527,0.04182919641922802,0.07975544533706629,0.035560714020410535,0.5356641198657719,0.9030975889291217,-0.07966507833022529,0.08727264543226665,0.734642029374181,1.0529410559391148,0.8950341844588364,1.036954784473218,True
137,Pine,366,92,0.9147227952686776,-0.3107325246085588,1.3616350931216887,0.7732864668108406,0.06999630507907542,0.03687906338614966,0.049048153918187905,0.023525629600831557,0.7770723445983966,1.0523732459389588,-0.38325663412643246,-0.2382084150906852,1.2651799947596158,1.4580901914837616,0.7270224031120751,0.819550530509606,True
137,Spruce,6,1,8.338899059807204,0.081474965608923,1.1495970575219119,-0.02900165522677557,9.258108735440844,0.20583572861587793,0.7148869850581641,0.967585691051468,-31.49552776256104,48.17332588217545,-0.8041646939891784,0.9671146252070244,-1.9263133801628427,4.225507495206666,-4.192186870044303,4.134183559590751,True
138,Alder,92,23,0.725224353962698,-0.10945814705602555,0.9831306651265279,1.0005213054437392,0.1167278858776081,0.05508147001719199,0.09553395721914916,0.033100275887741185,0.49325220941495806,0.957196498510438,-0.2189209941611931,4.7000491420062795e-06,0.7932770001976983,1.1729843300553575,0.9347414626489156,1.0663011482385627,True
138,Aspen,53,13,0.6898984896039999,-0.15377428728263912,1.010356021614175,1.0291710161667431,0.23829608562576254,0.1486188019782558,0.21298789027417403,0.07289243478002524,0.21102457682563852,1.1687724023823614,-0.45243495150995605,0.1448863769446778,0.5823408315107952,1.4383712117175547,0.8826881842587462,1.17565384807474,True
138,Birch,96,24,1.6065425744997035,0.02830893295702712,0.8263360198099294,0.7250669934661479,0.37535217783172603,0.09195897854182263,0.13134064173430976,0.05362850767408039,0.8610607500703051,2.352024398929102,-0.15432953604568939,0.2109474019597436,0.5654821684018363,1.0871898712180226,0.6185561481761481,0.8315778387561477,True
138,Oak,72,18,0.6814411383120195,-0.0153876224815719,0.9171828440997876,0.9800340676148319,0.06637622338860538,0.029060840912225203,0.05158275132814664,0.025129044650012762,0.5489894467544105,0.8138928298696284,-0.07337762764314261,0.0426023826799988,0.8142510664267995,1.0201146217727757,0.9298898397392181,1.0301782954904457,True
138,Pine,366,92,0.8930165986114791,-0.34725950836234204,1.4021451714278852,0.7771282938472716,0.06608223368029148,0.039767611963277986,0.05238910233616384,0.022942474773153938,0.7630633212618414,1.0229698759611168,-0.4254640607689586,-0.2690549559557255,1.2991199683312693,1.505170374524501,0.7320110267508366,0.8222455609437065,True
138,Spruce,6,1,8.338899059807114,0.08147496560892356,1.1495970575219012,-0.02900165522676306,9.25810873463258,0.20583572861104338,0.7148869850192752,0.9675856909718898,-31.49552775908346,48.17332587869768,-0.8041646939683765,0.9671146251862236,-1.926313379995528,4.225507495039331,-4.192186869701892,4.134183559248367,True
139,Alder,92,23,0.745993272789358,-0.11836704179986446,1.0015964855808155,0.983627755949641,0.11952842063262505,0.05671651381191886,0.10151035077204545,0.03512916885242083,0.5084556539068654,0.9835308916718506,-0.2310791948668478,-0.0056548887328811,0.7998659943160727,1.2033269768455583,0.9138159147292824,1.0534395971699997,True
139,Aspen,53,13,0.7830767488598975,-0.058883841715128504,0.928137312992399,0.9867294222222809,0.25864573392629764,0.15540799203149036,0.2440104434489498,0.04956046374607956,0.26330868677249175,1.3028448109473034,-0.3711878941535897,0.2534202107233327,0.4377799682364648,1.418494657748333,0.887133941537518,1.0863249029070439,True
139,Birch,96,24,1.561012656166745,-0.051881607885724115,0.9642324020128081,0.6780076668733633,0.39483111053327746,0.10408071043389651,0.15243945585043134,0.054991533622975014,0.7768439900299835,2.3451813223035067,-0.2585948827370387,0.15483166696559048,0.6614744845847906,1.2669903194408256,0.5687897343966146,0.787225599350112,True
139,Oak,72,18,0.7150183534939928,0.027870533479058497,0.8604077370835926,0.9737397003045065,0.09927536059555075,0.050208064202751486,0.08022627021182195,0.03633168167261152,0.5169174557690768,0.9131192512189088,-0.072318098744767,0.12805916570288398,0.7003187073914063,1.020496766775779,0.9012409583002112,1.0462384423088018,True
139,Pine,366,92,0.8776909831711632,-0.3627422292902091,1.4141469557939883,0.7843319674511786,0.0662089930781723,0.03852167834730639,0.051956816928079325,0.022235145870436564,0.7474884285457425,1.0078935377965839,-0.4384966048832068,-0.2869878536972114,1.3119718587304523,1.5163220528575243,0.7406056900951473,0.8280582448072099,True
139,Spruce,6,1,8.338899059807106,0.08147496560892319,1.149597057521903,-0.029001655226764084,9.25810873480271,0.2058357286121021,0.7148869850269332,0.9675856909884022,-31.495527759815467,48.173325879429676,-0.8041646939729321,0.9671146251907785,-1.926313380028476,4.225507495072282,-4.192186869772941,4.134183559319412,True
140,Alder,92,23,0.6792217181154367,-0.13684461988285926,1.0302088280188793,1.003141265165325,0.1159527400867221,0.05761360899249716,0.10287342672038946,0.0339763657521232,0.4487900129416911,0.9096534232891824,-0.2513395611099948,-0.022349678655723765,0.8257695097369973,1.2346481463007613,0.9356203778623338,1.0706621524683164,True
140,Aspen,53,13,0.8001532265655382,-0.10212222595582593,0.9844213084605712,0.9651626289997436,0.26466620203067687,0.14926270894074956,0.23503572448656967,0.05442294799305788,0.2682865808596455,1.332019872271431,-0.4020768696699854,0.19783241775833355,0.5120993366916302,1.4567432802295122,0.8557956203813221,1.0745296376181652,True
140,Birch,96,24,1.3244259938456306,-0.1061791776871916,1.0545267867726769,0.6976122925692166,0.33651051725656145,0.10367693309045543,0.15216818707760105,0.05513109407733474,0.6560870600122268,1.9927649276790345,-0.31209051588160297,0.09973216050721978,0.7523076325425937,1.35674594100276,0.5881171809836766,0.8071074041547567,True
140,Oak,72,18,0.7180014450353505,0.008588258875603402,0.8867430443048651,0.9677723225600864,0.08966970400101441,0.038670969593005484,0.07381973191309818,0.030430466692747078,0.5390683366108159,0.896934553459885,-0.06857845949550723,0.08575497724671402,0.7394380627457975,1.0340480258639326,0.907049271705799,1.0284953734143738,True
140,Pine,366,92,0.8382820087678842,-0.32978559075139385,1.3838675375498515,0.794216519965826,0.06585066782099684,0.04163441991820372,0.054233558740655656,0.02272555971318442,0.7087841146682015,0.9677799028675669,-0.41166129345687397,-0.24790988804591374,1.2772151393458202,1.4905199357538828,0.749525824753839,0.838907215177813,True
140,Spruce,6,1,8.338899059807071,0.08147496560892001,1.1495970575219074,-0.02900165522676401,9.25810873464353,0.20583572861143137,0.7148869850179985,0.9675856909717578,-31.49552775913061,48.17332587874475,-0.8041646939700494,0.9671146251878894,-1.926313379990029,4.225507495033844,-4.192186869701326,4.134183559247797,True
141,Alder,92,23,0.6698606722732443,-0.15551674699884804,1.0543828264619068,1.0009146874487653,0.10777406380303146,0.058942591452691734,0.10185071245531908,0.03347878655728334,0.45568236758581215,0.8840389769606765,-0.2726527615996666,-0.03838073239802947,0.8519759378736176,1.256789715050196,0.9343826342366301,1.0674467406609005,True
141,Aspen,53,13,0.8797413282706867,-0.07176142899029628,0.9164168662151796,0.967695173623455,0.25677250405757895,0.13215320750876652,0.2047738933652259,0.050168596491126205,0.3637376625409089,1.3957449940004647,-0.33733324230711537,0.19381038432652284,0.5049083208978782,1.327925411532481,0.8668776044333589,1.068512742813551,True
141,Birch,96,24,1.6422489674985499,0.08119930919333414,0.7502302647179163,0.7414257720149393,0.4151802489456905,0.09891260018790952,0.13974608157999363,0.06234319051758425,0.8176651559991501,2.46683277899795,-0.11524965261393073,0.277648271000599,0.4726824842443546,1.027778045191478,0.6176068143728878,0.8652447296569908,True
141,Oak,72,18,0.7431874037125233,0.010850204297788773,0.8694575447872095,0.9729899253325758,0.0575791900071327,0.02222770683828788,0.04091077972417605,0.02065250413321462,0.6282899189563943,0.8580848884686524,-0.03350449411494537,0.05520490271052292,0.7878213548870462,0.9510937346873728,0.9317784949785196,1.014201355686632,True
141,Pine,366,92,0.8317689451541276,-0.37339439215575393,1.4408578436364123,0.7865551387750389,0.06210051450560467,0.03897177548906059,0.051822190611559495,0.022110961760004474,0.7096458731020261,0.9538920172062291,-0.450033901247411,-0.29675488306409686,1.338947494449498,1.5427681928233268,0.7430730742920694,0.8300372032580084,True
141,Spruce,6,1,3.1332299653752913,0.015125580284600322,0.4270338737656881,0.9804322111807557,1.9607230831189137,0.20906996573843187,0.1492095571807356,0.29227417033863706,-5.303080560384538,11.56954049113512,-0.8844298784973424,0.9146810390665431,-0.2149630347347566,1.0690307822661327,-0.27712204564645626,2.2379864680079677,True
142,Alder,92,23,0.6929031590766429,-0.11215474088566967,0.9949219394288339,1.0048694659254904,0.11648975052158266,0.05836094225046854,0.10209236290871665,0.03343727013914364,0.4614042585083903,0.9244020596448955,-0.22813484992202293,0.003825368150683614,0.7920348213436758,1.1978090575139921,0.9384199178703484,1.0713190139806326,True
142,Aspen,53,13,1.025773426665614,0.01360094183342527,0.7873658251332413,0.9671645612086053,0.3790239162746256,0.16628380612373864,0.26042906826296747,0.05680654916025189,0.26409635024038014,1.7874505030908479,-0.32055887728843935,0.34776076095528985,0.2640140185233415,1.310717631743141,0.8530075267093983,1.0813215957078124,True
142,Birch,96,24,1.9018221118860799,0.07121587208299711,0.7850630028805852,0.6716482613379559,0.4561741249260452,0.09595299485689518,0.13805397286778118,0.056350683993655976,0.995820924223306,2.8078232995488537,-0.11935505807276457,0.2617868022387588,0.5108758963671425,1.0592501093940279,0.5597309389073186,0.7835655837685931,True
142,Oak,72,18,0.7764492983504371,0.028354341823239405,0.8519962267680266,0.9580493211240472,0.08028146814258633,0.030332725030767057,0.05453039156368631,0.025826051911066645,0.6162501229023314,0.9366484737985428,-0.0321736685812606,0.08888235222773941,0.7431825245839865,0.9608099289520666,0.9065142369140193,1.009584405334075,True
142,Pine,366,92,0.8580048614167203,-0.36016523256776745,1.4085140232539106,0.7947860718756299,0.06423484341936317,0.03627199874060124,0.04893510723217436,0.021696492918752166,0.7316845487170507,0.9843251741163899,-0.4314955258984676,-0.28883493923706727,1.312281235587509,1.5047468109203122,0.752119076455559,0.8374530672957008,True
142,Spruce,6,1,2.612112491845969,0.06272139282365834,0.402018539417398,1.012598750227246,1.778523026068176,0.21142367942584506,0.1536597077007399,0.31010585583363004,-5.040254461093711,10.26447944478565,-0.846961278580356,0.9724040642276726,-0.2591258213655017,1.0631629002002978,-0.32167905687008047,2.3468765573245722,True
143,Alder,92,23,0.668644700949864,-0.1290771761936609,1.0320529552753663,0.9989739365141567,0.10853403951231855,0.05571422429384305,0.10086769987167207,0.03368637395910664,0.45295610423784766,0.8843332976618803,-0.2397974894597457,-0.01835686292757613,0.8315995976315602,1.2325063129191725,0.9320293469623114,1.065918526066002,True
143,Aspen,53,13,0.8504240717206019,-0.06838034244263877,0.935326532981669,0.9606549270313736,0.2539978458188452,0.13230009786661986,0.21006481398703686,0.04724076448770355,0.3399962904788799,1.3608518529623237,-0.334247342985173,0.1974866580998955,0.5131854846011599,1.3574675813621782,0.8657210565338301,1.0555887975289169,True
143,Birch,96,24,1.6546413862631868,0.04695429402782772,0.8134520052786696,0.7148127261863346,0.3569926598946446,0.08783903082833049,0.12489714880595082,0.05314628637835118,0.9456231491944447,2.363659623331929,-0.12750160319456794,0.22141019125022338,0.5653954870089615,1.0615085235483777,0.6092596140135251,0.8203658383591441,True
143,Oak,72,18,0.6911052375659416,-0.00368556125689582,0.9190592735952455,0.9606165912531702,0.09092197551331858,0.04023384821025305,0.07211705357030214,0.035560578543625834,0.5096732602448893,0.8725372148869938,-0.08397095535231998,0.07659983283852835,0.7751519337694459,1.0629666134210451,0.8896565615856942,1.0315766209206463,True
143,Pine,366,92,0.8679505565278265,-0.34728063805853454,1.4067773179573966,0.7823830149986919,0.06370686081483416,0.03558538804536053,0.047754030199706046,0.022092558102320303,0.7426685421122933,0.9932325709433597,-0.41726068480795947,-0.2773005913091096,1.312867164115908,1.5006874717988852,0.7389371420228504,0.8258288879745334,True
143,Spruce,6,1,8.338899059806991,0.08147496560892335,1.1495970575218903,-0.02900165522674869,9.258108734428253,0.20583572861105315,0.7148869850038575,0.9675856909478109,-31.495527758204425,48.17332587781841,-0.8041646939684187,0.9671146251862653,-1.9263133799292018,4.225507494972982,-4.192186869598275,4.134183559144778,True
144,Alder,92,23,0.9367767943969411,-0.033205776767820584,0.8476016412600836,0.9764357094294194,0.15738860001717103,0.05654886372792379,0.10086433542144588,0.032827901325740615,0.6240000247428503,1.2495535640510318,-0.14558476052204244,0.07917320698640126,0.6471549697541128,1.0480483127660545,0.9111971538410973,1.0416742650177413,True
144,Aspen,53,13,0.8777303020916516,-0.06348827550987912,0.902823522407328,0.9749706286169335,0.3098109725524544,0.16049128233068213,0.24957870178002453,0.05305419142754773,0.2551418434593127,1.5003187607239905,-0.3860075822567354,0.2590310312369772,0.4012763435953274,1.4043707012193285,0.8683542392982192,1.0815870179356477,True
144,Birch,96,24,1.7863832344602,0.12293995021432512,0.7457057678353097,0.6867318541557086,0.4214756423060581,0.09275817216619965,0.134723647705162,0.05861185582293192,0.9492962283479491,2.623470240572451,-0.061285786310361176,0.3071656867390114,0.478132974558343,1.0132785611122763,0.570323649294671,0.8031400590167461,True
144,Oak,72,18,0.6693788751485248,-0.009591320188124837,0.922284745068335,0.9728348816774353,0.08954444736404323,0.04036494460040927,0.07216140946727595,0.03276922329777502,0.49069571245152155,0.848062037845528,-0.09013831305712836,0.07095567268087868,0.7782888944281985,1.0662805957084716,0.9074449146796382,1.0382248486752323,True
144,Pine,366,92,0.8464830052906326,-0.3501627831031065,1.414240330151991,0.7836218382633836,0.06481215239462935,0.03812797854351948,0.05085215247640146,0.022635987871825924,0.7190273920842918,0.9739386184969734,-0.42514293275147974,-0.27518263345473326,1.3142375986074795,1.5142430616965026,0.739107289553936,0.8281363869728312,True
144,Spruce,6,1,3.702522748906463,0.08254528345141744,0.401513273212233,0.8941062593400049,2.738093555006653,0.22791018236111232,0.1652437844830836,0.33582559589251093,-8.078542959706326,15.483588457519254,-0.898073084810168,1.063163651713003,-0.30947334715922764,1.1124998935836936,-0.5508346575287408,2.3390471762087506,True
145,Alder,92,23,0.7990033167170797,-0.07277528663079763,0.9127833127772682,1.002106535726043,0.13294311330804942,0.05624732508677283,0.10101645049883344,0.033796256291239245,0.5348068150408913,1.063199818393268,-0.18455502569960525,0.03900445243800997,0.712034344519717,1.1135322810348194,0.9349435781292267,1.0692694933228595,True
145,Aspen,53,13,0.9328998590681074,-0.06051504918044427,0.9014184666146714,0.9572054273513426,0.3126013183488656,0.1519939838863265,0.23808650865959163,0.054823828942567515,0.30470399062027276,1.561095727515942,-0.3659583953910267,0.2449282970301382,0.42296571451779974,1.3798712187115432,0.8470328183037497,1.0673780363989356,True
145,Birch,96,24,1.8779509555575533,0.049290930592934934,0.8097800253073562,0.6736728082468207,0.4290307688844275,0.09402286305987592,0.13617383098933947,0.05424197757668952,1.0258588159251691,2.7300430951899375,-0.13744659121085448,0.23602845239672435,0.5393270428526133,1.080233007762099,0.5659435587773877,0.7814020577162538,True
145,Oak,72,18,0.6745254035836001,-0.0073817290926828745,0.9285498963333435,0.9622778087079028,0.10461003580821324,0.05745462338034879,0.09115018256280229,0.037645436678943316,0.4657793272125472,0.883271479954653,-0.12203064501517158,0.10726718682980582,0.7466625389351133,1.1104372537315736,0.887157509404962,1.0373981080108436,True
145,Pine,366,92,0.8399344550719251,-0.3354243357247017,1.39112275885676,0.7925940538178045,0.06443108110057907,0.037815391056935536,0.051114685139040626,0.02289734423423093,0.7132282333556675,0.9666406767881827,-0.4097897699484027,-0.2610589015010007,1.2906037466416171,1.491641771071903,0.7475655376777911,0.8376225699578178,True
145,Spruce,6,1,1.2154888946906683,-0.14607749177968463,0.4284421638175587,1.4080696646464141,1.4859318494908036,0.31521837464508695,0.15777833775574168,0.5829746928617099,-5.177959833663374,7.608937623044712,-1.5023526918967491,1.21019770833738,-0.25042323181410314,1.1073075594492205,-1.1002679889387919,3.91640731823162,True
146,Alder,92,23,0.7753407480244134,-0.07539252448624519,0.9163009193224525,1.0097453590950143,0.12482030957992991,0.057544161637183504,0.10065029943507567,0.03367436680323238,0.5272866118711299,1.023394884177697,-0.18974945368802654,0.038964404715536166,0.7162795993629043,1.1163222392820007,0.9428246312423434,1.0766660869476852,True
146,Aspen,53,13,0.7291315054162937,-0.09599849702732731,0.9834616311899885,0.9897568824170717,0.22999518464109844,0.14021139537600272,0.22074499448904095,0.05135381001708189,0.266938877702575,1.1913241331300124,-0.37776384513827954,0.1857668510836249,0.5398579565445814,1.4270653058353957,0.8865575374745045,1.092956227359639,True
146,Birch,96,24,1.8662757823418294,0.11092799877241118,0.7250004384232711,0.6998740014266035,0.4636465000055749,0.10147841060369038,0.14764357900077305,0.05826075616427278,0.9454338127784752,2.7871177519051837,-0.09061688399352676,0.3124728815383491,0.43176754638414255,1.0182333304623996,0.5841631107935151,0.8155848920596919,True
146,Oak,72,18,0.7443496764395894,0.01900731098315871,0.8636230921098949,0.9689873835016035,0.07813824404309629,0.03093726499964842,0.05631911131908436,0.024854333435688502,0.5884272380951077,0.9002721147840711,-0.042727040147051615,0.08074166211336904,0.7512400552269232,0.9760061289928665,0.9193913333192891,1.018583433683918,True
146,Pine,366,92,0.8156320111425043,-0.3246772209161046,1.3583838704837858,0.8189219001210748,0.059162040532723614,0.03655175218561707,0.04806809060337503,0.021587143500888126,0.6992875622076233,0.9319764600773852,-0.39655766025436173,-0.2527967815778475,1.2638561046690096,1.4529116362985621,0.7764699445753589,0.8613738556667907,True
146,Spruce,6,1,1.215488894690601,-0.1460774917796989,0.4284421638175624,1.40806966464644,1.485931849494445,0.3152183746458085,0.15777833775573302,0.5829746928632599,-5.177959833679108,7.608937623060311,-1.502352691899868,1.21019770834047,-0.2504232318140621,1.107307559449187,-1.100267988945435,3.916407318238315,True
147,Alder,92,23,0.6949773764632068,-0.11797531812839218,0.9900377600616147,1.0147541026820845,0.11704896864190639,0.05573645167090278,0.09951027730485593,0.03457819271272635,0.46236714739220486,0.9275876055342087,-0.22873980363562954,-0.007210832621154822,0.7922819945271354,1.1877935255960939,0.9460372107599044,1.0834709946042647,True
147,Aspen,53,13,1.082324520406945,0.02377455334128471,0.7727108433620771,0.9557735494997691,0.43463706239084743,0.18854148588187963,0.29217500977256033,0.052608100791372965,0.20888864268770158,1.9557603981261882,-0.35511374785849276,0.40266285454106215,0.18556317881514617,1.359858507909008,0.8500536128770269,1.0614934861225114,True
147,Birch,96,24,1.5136465596820927,0.036827774146731204,0.8114165238445612,0.7493330478789086,0.39217763550561285,0.09570747541918379,0.13660031665795713,0.061158924577067224,0.7347479239901473,2.2925451953740383,-0.1532555332132463,0.22691108150670874,0.540116504039001,1.0827165436501214,0.6278661446169492,0.8707999511408681,True
147,Oak,72,18,0.6243653707759328,-0.039908014946937874,0.9627884005758429,0.9857840711522212,0.0994749655402379,0.05793827054012201,0.09237038483102133,0.03462937552984979,0.4258661675853338,0.8228645739665318,-0.1555220337505283,0.07570600385665258,0.7784661674613214,1.1471106336903645,0.916682228167589,1.0548859141368534,True
147,Pine,366,92,0.8032853173665847,-0.3545470235702892,1.412848576002603,0.8042604369782247,0.05996959246749532,0.03546096671559022,0.04768324696937353,0.022125901713140494,0.6853527862088578,0.9212178485243117,-0.42428239094561676,-0.2848116561949617,1.319077620130838,1.506619531874368,0.7607489924975561,0.8477718814588933,True
147,Spruce,6,1,3.13322996537529,0.015125580284600497,0.42703387376568747,0.9804322111807563,1.9607230831262847,0.2090699657391059,0.14920955718098886,0.2922741703394794,-5.303080560416254,11.569540491166833,-0.8844298785002424,0.9146810390694434,-0.21496303473584677,1.0690307822672218,-0.2771220456500799,2.2379864680115924,True
148,Alder,92,23,0.6656727483808285,-0.1481559962120298,1.007226677686376,1.0384106914542781,0.10178592661186081,0.05423549164429457,0.09357805146829228,0.03151592276703917,0.46339460804262833,0.8679508887190286,-0.25593763907087197,-0.040374353353187634,0.8212599644327894,1.1931933909399628,0.9757794175585393,1.101041965350017,True
148,Aspen,53,13,0.7736265644630623,-0.10063100546000181,0.9809382514485446,0.9764155314507279,0.2508476761431468,0.14927950826079012,0.23387304666835423,0.05616952856224521,0.26952928619437944,1.2777238427317452,-0.4006194086717154,0.1993573977517118,0.5109527682318489,1.4509237346652404,0.8635386377708164,1.0892924251306395,True
148,Birch,96,24,1.9914133489876336,0.08368710513349027,0.7060708264314031,0.7209701167355939,0.47920546277681125,0.09454429199106754,0.13819054038235246,0.06417487357091298,1.0396699363583748,2.9431567616168923,-0.10408601953580128,0.27146022980278184,0.43161248504593025,0.9805291678168759,0.5935132784443349,0.8484269550268528,True
148,Oak,72,18,0.6795299891015115,-0.00218326056007951,0.8828910198464014,0.9984928533305052,0.06649670644156426,0.02865024705598656,0.052383967637165275,0.027387098517097884,0.5468378773549593,0.8122221008480638,-0.05935393843809003,0.05498741731793101,0.7783604399214117,0.9874215997713911,0.943842749117628,1.0531429575433824,True
148,Pine,366,92,0.8294607473081188,-0.346983126722179,1.3945187044017975,0.8037946383231698,0.06302538648793783,0.037675544501213916,0.05012801288677625,0.022824336115731342,0.7055188786061563,0.9534026160100814,-0.4210735472662576,-0.2728927061781004,1.2959400214659589,1.493097387337636,0.7589096954818142,0.8486795811645254,True
148,Spruce,6,1,3.133229965375286,0.01512558028460018,0.4270338737656874,0.980432211180757,1.9607230831289084,0.2090699657392208,0.1492095571809826,0.29227417033987646,-5.3030805604275475,11.569540491178119,-0.884429878500737,0.9146810390699374,-0.21496303473581996,1.0690307822671947,-0.27712204565178766,2.2379864680133017,True
149,Alder,92,23,0.6227838056441969,-0.15391639419488093,1.065957665098024,1.010504769172786,0.0982615761566593,0.05772422778385087,0.10096475415254227,0.03483080748039072,0.4275095712457318,0.818058040042662,-0.2686311670249335,-0.039201621364828326,0.8653114324655061,1.266603897730542,0.9412858584831199,1.079723679862452,True
149,Aspen,53,13,0.9643105827744226,-0.03102377912672212,0.8317851297543629,0.9834311818785765,0.3435837481650811,0.1606364756181367,0.24197865143754305,0.06660836936265556,0.2738531905818268,1.6547679749670183,-0.3538348627086445,0.2917873044552003,0.3455108239115487,1.318059435597177,0.849576652221826,1.117285711535327,True
149,Birch,96,24,1.9032805830160238,0.11810353296109158,0.711453596862401,0.6987092269375832,0.4719881074212634,0.09708301821608346,0.14177307650687146,0.05729887172173946,0.9658714611029924,2.840689704929055,-0.0747117211261891,0.3109187870483723,0.42988002950003784,0.9930271642247641,0.5849087218342984,0.812509732040868,True
149,Oak,72,18,0.7269038408481715,0.009458412113138543,0.8711765881128252,0.9790296853205981,0.0607036502162664,0.027068337190759226,0.05095546934366177,0.022583319303237558,0.6057715928172274,0.8480360888791156,-0.044555613776488465,0.06347243800276554,0.7694965321511222,0.9728566440745281,0.9339653732824277,1.0240939973587686,True
149,Pine,366,92,0.8902639381944498,-0.393076406815177,1.444915169299651,0.7822031090778846,0.06605184672257743,0.03767572827412129,0.0506337494061563,0.0226541313188634,0.7603704179765509,1.0201574584123487,-0.46716718875581065,-0.3189856248745434,1.3453419358695478,1.544488402729754,0.7376528805756452,0.826753337580124,True
149,Spruce,6,1,3.702522748906469,0.08254528345141869,0.40151327321223146,0.8941062593400048,2.738093555002494,0.22791018236078173,0.16524378448299612,0.33582559589199423,-8.078542959688424,15.483588457501362,-0.8980730848087444,1.0631636517115817,-0.3094733471588527,1.1124998935833157,-0.5508346575265176,2.339047176206527,True
150,Alder,92,23,0.7182859508094502,-0.11779198268543566,0.9930312544156829,1.0021814940807015,0.12353449454146763,0.05805434311370932,0.10447061812470973,0.03352549900417891,0.47278710185015027,0.9637847997687502,-0.23316279036474136,-0.0024211750061299553,0.7854178538437998,1.200644654987566,0.9355566096962893,1.0688063784651136,True
150,Aspen,53,13,0.8418342885052701,-0.0935820687946175,0.95469556126958,0.9640236747644725,0.2589636264640431,0.13732648098047448,0.21583929964988932,0.04910621861580308,0.32142739744594284,1.3622411795645974,-0.36954996437507853,0.18238582678584353,0.5209502494938447,1.3884408730453153,0.8653410338450997,1.0627063156838452,True
150,Birch,96,24,1.5321255840852581,-0.051476589225273366,0.9015145888695484,0.7377864250680478,0.34195957537529786,0.09030718257153628,0.12679770875207977,0.053558103046710194,0.8529643504819604,2.211286817688556,-0.23083444885300913,0.1278812704024624,0.6496833944962882,1.1533457832428087,0.6314154094451181,0.8441574406909775,True
150,Oak,72,18,0.6669765186868284,-0.00395900708761538,0.9172707983815898,0.9726563572923586,0.08999951508523994,0.0392719177887077,0.07060221753923833,0.03359554571454238,0.4873852824904806,0.8465677548831763,-0.08232489891264859,0.07440688473741784,0.7763862667919885,1.058155329971191,0.9056174895845582,1.039695225000159,True
150,Pine,366,92,0.8742920117427894,-0.3432837328539132,1.3979328059255447,0.7824799290686832,0.06602712690940699,0.039089616591414404,0.05166462060225339,0.022473944005978713,0.744447103996928,1.0041369194886507,-0.420154981047058,-0.26641248466076844,1.2963323242776181,1.4995332875734713,0.7382840459107534,0.8266758122266131,True
150,Spruce,6,1,3.7025227489064547,0.0825452834514175,0.4015132732122316,0.8941062593400068,2.7380935549974916,0.22791018236041247,0.16524378448288338,0.3358255958914304,-8.078542959666915,15.483588457479826,-0.8980730848071566,1.0631636517099916,-0.3094733471583675,1.1124998935828307,-0.5508346575240898,2.339047176204103,True
151,Alder,92,23,0.6750631045248003,-0.12750883477341987,0.9907867761336385,1.0325406830840327,0.10737958786683693,0.055746150674626654,0.09571864100691271,0.035139775868069496,0.46166873786728735,0.8884574711823133,-0.23829259501245664,-0.016725074534383086,0.8005660909851877,1.1810074612820893,0.9627077626489793,1.102373603519086,True
151,Aspen,53,13,0.8777383653270671,-0.05014185875788082,0.8324717702344511,1.02759165317418,0.35225146642788974,0.18081764610425438,0.2693606219959299,0.07469506724820156,0.1698625411511181,1.585614189503016,-0.41350852280498873,0.31322480528922714,0.2911713344137007,1.3737722060552016,0.8774862956964908,1.1776970106518692,True
151,Birch,96,24,1.1109027957326332,-0.08061519939351242,1.0269157885490847,0.7595878533487396,0.3248589490142182,0.1153934664932899,0.16867739541045523,0.06280705085815634,0.4657048821563696,1.7561007093088967,-0.30979658426139417,0.14856618547436934,0.6919079215454242,1.3619236555527452,0.6348476290313015,0.8843280776661776,True
151,Oak,72,18,0.7305801298169953,0.002836237676290338,0.8971213524038802,0.9595674981150791,0.08563341734892696,0.0351343344171963,0.06335759609185646,0.030052402613618846,0.5597013060050462,0.9014589536289443,-0.06727323507969114,0.07294571043227181,0.7706932378324998,1.0235494669752607,0.8995988623847817,1.0195361338453766,True
151,Pine,366,92,0.8435342759548847,-0.37744454473841776,1.4398640393814652,0.7873486665901199,0.06025990799415616,0.03598560597509015,0.04855354669141623,0.021224171664663956,0.7250308280461051,0.9620377238636644,-0.44821163558011834,-0.3066774538967172,1.3443816053277868,1.5353464734351436,0.7456105092481868,0.829086823932053,True
151,Spruce,6,1,7.554501751740818,0.4603131683807532,0.11313196179117907,0.6171961481574723,22.534636322435567,1.3093281142680318,0.9796975588405511,1.1493978985225834,-89.40421273369641,104.51321623717804,-5.173271016542496,6.093897353304002,-4.102166414030765,4.328430337613123,-4.328263857427731,5.562656153742675,True
152,Alder,92,23,0.6841774324118451,-0.18889346961269946,1.0890109097250336,0.9932581971553563,0.10504593101008236,0.05857747647939081,0.10355534953622156,0.034085765822449605,0.47542071837375427,0.8929341464499361,-0.305303894927579,-0.07248304429781992,0.8832164131426514,1.2948054063074157,0.9255199002013936,1.060996494109319,True
152,Aspen,53,13,0.9290230603982449,-0.05079970167718,0.8994304818189224,0.9523050105091848,0.33040661011135664,0.16877282470999921,0.2637391800325829,0.05491963694898432,0.2650461185346471,1.5930000022618427,-0.3899613909147483,0.2883619875603883,0.3694267565646734,1.4294342070731714,0.8419398680643779,1.0626701529539917,True
152,Birch,96,24,1.610584357814446,0.04321943854569027,0.8052419270614446,0.7301205215932987,0.34863827437589207,0.08612846344449067,0.12369985700876639,0.051417289682496405,0.918158651511033,2.303010064117859,-0.12783912420143825,0.2142780012928188,0.5595633336475223,1.0509205204753669,0.62800134610018,0.8322396970864173,True
152,Oak,72,18,0.6207258543143953,-0.01924642046362622,0.9712525262980141,0.9587495172056064,0.08364291741346465,0.04217008108070506,0.08118542252942021,0.03783492326521915,0.45381901128167434,0.7876326973471163,-0.10339550709605061,0.06490266616879817,0.8092495379555515,1.1332555146404766,0.8832511033068294,1.0342479311043835,True
152,Pine,366,92,0.8734325315518475,-0.36548750096034954,1.4181303176206148,0.7858737060946173,0.06367627560100605,0.03542289179861389,0.04686242321180923,0.021515862361292742,0.7482106641463961,0.9986543989572989,-0.43514799253366004,-0.29582700938703904,1.3259735435263302,1.5102870917148994,0.7435619276765156,0.8281854845127189,True
152,Spruce,6,1,1.215488894690595,-0.14607749177969992,0.42844216381756295,1.408069664646442,1.4859318495032117,0.3152183746476117,0.15777833775597067,0.5829746928665359,-5.1779598337168355,7.608937623098026,-1.5023526919076275,1.2101977083482278,-0.2504232318150841,1.10730755945021,-1.1002679889595288,3.9164073182524124,True
153,Alder,92,23,0.7119999667758465,-0.12668969145316106,1.0057252464225022,0.9994700102454792,0.11536023488076592,0.05779195774500886,0.10090840616461748,0.03536276615600758,0.4827457411927573,0.9412541923589357,-0.24153906334856834,-0.011840319557753776,0.8051909935752908,1.2062594992697135,0.9291939434712506,1.0697460770197078,True
153,Aspen,53,13,0.7161995250874958,-0.16506719462942893,1.0364063772537824,1.0037582914858765,0.24388279600609467,0.15610771587440098,0.22901068339345806,0.07198989091758476,0.22609869747180616,1.2063003527031855,-0.47877739477543224,0.1486430055165744,0.5761921788682447,1.49662057563932,0.8590891893742629,1.14842739359749,True
153,Birch,96,24,2.1472634476660333,0.1756410786262345,0.638413686647254,0.6780547455976484,0.5491004144715467,0.10139540606267707,0.1442673630031291,0.06134341502966842,1.0567026278519003,3.2378242674801663,-0.0257389499565521,0.37702110720902104,0.3518862510041176,0.9249411222903903,0.5562214283721697,0.7998880628231272,True
153,Oak,72,18,0.6484994382003938,-0.015541303617509671,0.9470462368574545,0.9652535512372432,0.09014469365001494,0.044380846721807705,0.08446737529385138,0.03850356321273508,0.4686185026885279,0.8283803737122597,-0.10410190440142697,0.07301929716640762,0.7784942137391493,1.1155982599757597,0.8884208870968853,1.0420862153776012,True
153,Pine,366,92,0.8306824826518624,-0.33557394202976365,1.3926936257457778,0.7950847353307537,0.06333083949154357,0.03758009650841901,0.049228012441127546,0.022910683171304715,0.7061399287629114,0.9552250365408134,-0.40947666039143493,-0.26167122366809237,1.2958848286175835,1.4895024228739722,0.7500299876532671,0.8401394830082404,True
153,Spruce,6,1,3.839149822352231,0.15464797317681364,0.3880040390736254,0.828175253344353,2.369104546875371,0.20410823651813206,0.13965817064432817,0.29352381954669576,-6.354284323196625,14.032583967901088,-0.723558887831393,1.0328548341850203,-0.21289657007356283,0.9889046482208137,-0.43475581005907526,2.0911063167477812,True
154,Alder,92,23,0.8231245891125515,-0.04771927006693234,0.8870672683867187,0.9958486743878562,0.11405088213729393,0.04947987690723897,0.08474338425203162,0.02968624981849087,0.5964724269660531,1.04977675125905,-0.14605012795778216,0.050611587823917475,0.718657599751163,1.0554769370222745,0.9368534909987232,1.0548438577769892,True
154,Aspen,53,13,0.7517862548330837,-0.1049891778813455,0.9979500742643842,0.9732681051130703,0.23689101225896703,0.13662535868948394,0.21426779982042635,0.050194776684027165,0.27573594269898444,1.227836566967183,-0.3795481154676326,0.16956975970494165,0.5673628096310905,1.4285373388976779,0.8723979248556172,1.0741382853705235,True
154,Birch,96,24,1.9538147966207262,0.09931447429168401,0.7494384562567091,0.6734494403635515,0.4536480785279162,0.08935078900729522,0.13116235045737917,0.05560801401466411,1.0528305551452601,2.8547990380961923,-0.07814390516449247,0.2767728537478605,0.48893870671415957,1.0099382057992587,0.5630071246162004,0.7838917561109026,True
154,Oak,72,18,0.7227628932490758,0.011433645827350116,0.8792648978884721,0.9706081288372881,0.10501937774580285,0.0547659389109112,0.08602301226120289,0.03266963802669835,0.5131999877592315,0.9323257987389202,-0.09785008376995795,0.12071737542465817,0.7076086495332332,1.050921146243711,0.9054168811539526,1.0357993765206237,True
154,Pine,366,92,0.8324516447812663,-0.34092947859698103,1.3776294204495922,0.8124207981064429,0.06308442737136877,0.03778609631739296,0.05171773123329684,0.023316200884577608,0.7083936698905119,0.9565096196720207,-0.4152373035783692,-0.26662165361559287,1.275924494684362,1.4793343462148225,0.7665685841066449,0.8582730121062409,True
154,Spruce,6,1,2.61211249184599,0.06272139282366024,0.4020185394173982,1.012598750227242,1.77852302606291,0.2114236794253646,0.15365970770064408,0.3101058558327664,-5.040254461071031,10.264479444763012,-0.8469612785782867,0.9724040642256073,-0.2591258213650893,1.0631629001998857,-0.32167905686636855,2.3468765573208525,True
155,Alder,92,23,0.7261133122471216,-0.10776294850496689,0.9499800604835277,1.0290518004852949,0.11324156632772092,0.052238736670356944,0.09251997483750081,0.033175996486852266,0.5010694952064352,0.951157129287808,-0.21157646044155157,-0.003949436568382203,0.7661160521945275,1.1338440687725277,0.963121478911299,1.0949821220592908,True
155,Aspen,53,13,0.7852146590106464,-0.09681731845849104,0.9528323799168253,0.9944656193754443,0.29841613984233367,0.15668968890970397,0.22752050633276746,0.07752700085116747,0.1855249740237963,1.3849043439974964,-0.41169703720491624,0.21806240028793414,0.4956128044513895,1.4100519553822612,0.8386692782560407,1.1502619604948479,True
155,Birch,96,24,1.8389809872332816,0.0946530608785442,0.7500446321875011,0.6957705030752507,0.4775341471456552,0.10032777580637016,0.14296599267267063,0.0625124871928793,0.8905569517103683,2.787405022756195,-0.10460656186062818,0.2939126836177166,0.4661018303509744,1.0339874340240276,0.5716153076228904,0.819925698527611,True
155,Oak,72,18,0.6815214980936948,-0.0007795224039189306,0.913598255264007,0.9667595702928256,0.09311082627473685,0.04064205119523623,0.07169094610389277,0.03407785190960802,0.49572173708269585,0.8673212591046937,-0.08187947287359396,0.0803204280657561,0.7705411996488776,1.0566553108791363,0.8987582755573356,1.0347608650283155,True
155,Pine,366,92,0.8562361975180786,-0.32989620240948914,1.3761343094895564,0.7966387864278998,0.06373219532757883,0.03991149115259469,0.05129959681858483,0.023644618746195674,0.7309043617999369,0.9815680332362202,-0.4083836988262094,-0.2514087059927689,1.2752516612797034,1.4770169576994094,0.7501407259565084,0.8431368468992911,True
155,Spruce,6,1,3.7025227489064583,0.0825452834514176,0.4015132732122315,0.8941062593400066,2.7380935549545744,0.22791018235764898,0.16524378448228264,0.33582559588654715,-8.078542959482254,15.483588457295172,-0.8980730847952663,1.0631636516981016,-0.3094733471557828,1.112499893580246,-0.5508346575030789,2.339047176183092,True
156,Alder,92,23,1.001605337242804,0.03126583015175454,0.7531202729211827,0.9862135944134409,0.1400071530137474,0.05022853243144334,0.08755503139132251,0.027938539268334967,0.7233705410547171,1.2798401334308909,-0.06855282327459647,0.13108448357810557,0.5791230464222326,0.9271174994201328,0.9306916184872912,1.0417355703395905,True
156,Aspen,53,13,0.7915697069369597,-0.12646691357117698,1.0204179164103977,0.9549845575484915,0.2352164801614629,0.13799554133643843,0.21392362191954994,0.05077760179595384,0.3188844930397828,1.2642549208341367,-0.4037793362751281,0.15084550913277409,0.5905223031638722,1.4503135296569232,0.8529431463785335,1.0570259687184496,True
156,Birch,96,24,1.2995222956585366,-0.015201192724548658,0.8825426126061764,0.7778999532631564,0.28274712511343775,0.08250765136287862,0.11787797644852631,0.05197648128776966,0.7379620993134687,1.8610824920036046,-0.1790685101401361,0.14866612469103882,0.6484267765118708,1.116658448700482,0.6746701749742506,0.8811297315520622,True
156,Oak,72,18,0.7045954538590504,-0.005591579837768581,0.9129677983489916,0.9632627104288487,0.09600770432216225,0.039721016337057984,0.07126654825747704,0.0353993458005919,0.513015062706273,0.8961758450118279,-0.08485363386318502,0.07367047418764787,0.7707576154509505,1.0551779812470325,0.8926244156908261,1.0339010051668713,True
156,Pine,366,92,0.8319663569159312,-0.3375918940455597,1.3985501667742573,0.791003175110858,0.06418677534320501,0.038914982092107524,0.051484789219732666,0.023433931024318223,0.7057405719536693,0.9581921418781931,-0.41411971671781433,-0.2610640713733051,1.297303330519765,1.4997970030287495,0.744919440221858,0.8370869099998581,True
156,Spruce,6,1,8.338899059807089,0.08147496560892374,1.149597057521898,-0.029001655226759307,9.258108735157167,0.20583572861343957,0.714886985047931,0.9675856910262459,-31.49552776134059,48.17332588095477,-0.8041646939786863,0.9671146251965338,-1.9263133801188275,4.225507495162623,-4.192186869935764,4.134183559482246,True
157,Alder,92,23,0.7473619124603126,-0.11105386218831328,0.9624343544370557,1.0098815799360614,0.12054652583632319,0.05898171181256731,0.10509979013287249,0.0336005967867222,0.5078010234251789,0.9869228014954463,-0.22826762028382114,0.006159895907194568,0.7535706067101153,1.171298102163996,0.9431074544895297,1.0766557053825931,True
157,Aspen,53,13,0.785822231197464,-0.11474549741053165,0.9283183969594306,1.0302667379798078,0.29284272537742484,0.16315565661411285,0.2370632220351262,0.07673164663608592,0.1973327419055526,1.3743117204893753,-0.44261906473981427,0.213128069918751,0.4519220163235703,1.404714777595291,0.8760687209957785,1.1844647549638372,True
157,Birch,96,24,1.824641760459923,0.12819695109273702,0.713686883693997,0.7038845169375287,0.45556361991223226,0.10106829620401721,0.14413250952147,0.059047485930131316,0.9198530884515131,2.729430432468333,-0.07253340907562539,0.3289273112610994,0.427427278705577,0.999946488682417,0.5866111130813305,0.821157920793727,True
157,Oak,72,18,0.6960995561010994,-0.005546330600527498,0.9256411092671681,0.954358799504969,0.0919135147376053,0.04069433190802477,0.07184509988746357,0.036638888169442344,0.512688993063689,0.8795101191385098,-0.08675060560828507,0.07565794440723006,0.7822764445662609,1.0690057739680754,0.8812470364807143,1.0274705625292238,True
157,Pine,366,92,0.8616498221701796,-0.3432729997735937,1.3824446673491184,0.7991872074395892,0.06500964949684414,0.03898470049753538,0.05196746696282254,0.02223869316976884,0.7338058232469752,0.989493821093384,-0.4199379263960685,-0.26660807315111895,1.2802486265789053,1.4846407081193316,0.7554539541817413,0.842920460697437,True
157,Spruce,6,1,3.7025227489064703,0.08254528345141915,0.40151327321223124,0.8941062593400045,2.7380935549780387,0.22791018235931834,0.1652437844827128,0.3358255958892211,-8.078542959583203,15.483588457396142,-0.8980730848024474,1.0631636517052856,-0.3094733471576339,1.1124998935820964,-0.550834657514586,2.3390471761945952,True
158,Alder,92,23,0.6885049865900481,-0.1280101556138056,1.0103572121306494,1.007772127661221,0.11671637446053754,0.06212712351166549,0.10704447767947065,0.0354047287834216,0.4565557185647824,0.9204542546153138,-0.2514747584996526,-0.004545552727958563,0.7976288065520911,1.2230856177092078,0.9374126689828309,1.078131586339611,True
158,Aspen,53,13,0.7821330933379604,-0.09823871532092085,0.9806482610146428,0.9714549949947281,0.25377345100615545,0.14653437705186353,0.22910251953698826,0.05357428873753091,0.2721562503551601,1.2921099363207609,-0.39271057083250493,0.1962331401906632,0.5202495109891934,1.4410470110400921,0.863793431000974,1.0791165589884821,True
158,Birch,96,24,1.3618280750903398,-0.020729221305916888,0.9138045794485035,0.7404731071186518,0.3497623264150534,0.10701984329048612,0.15783463857534813,0.05512254112223115,0.6671699044124074,2.056486245768272,-0.23327986770740558,0.1918214250955718,0.6003313634330776,1.2272777954639293,0.6309949824402125,0.8499512317970911,True
158,Oak,72,18,0.671111975107952,-0.007771593033493946,0.9221689834227746,0.9703228770039872,0.09019195829313514,0.039169749218348614,0.07083052935199417,0.03253890616927634,0.49113672446918455,0.8510872257467194,-0.085933610650607,0.0703904245836191,0.7808288627041406,1.0635091041414086,0.9053925006804854,1.035253253327489,True
158,Pine,366,92,0.8770555534099265,-0.38026051767426133,1.4173536987758528,0.7972733478743993,0.06261518130875242,0.03626718051649532,0.04840275359771808,0.021481026156105157,0.7539203691139246,1.0001907377059285,-0.45158133578024984,-0.30893969956827283,1.3221678051935901,1.5125395923581155,0.7550300762058796,0.839516619542919,True
158,Spruce,6,1,8.338899059807279,0.08147496560892577,1.1495970575219117,-0.029001655226780415,9.25810873527382,0.20583572861632005,0.7148869850433632,0.9675856910300111,-31.49552776184232,48.173325881456876,-0.8041646939910779,0.9671146252089294,-1.92631338009916,4.225507495142983,-4.1921868699519855,4.134183559498425,True
159,Alder,92,23,1.0857395456697925,0.0610607187789319,0.695103780999232,0.9868753150917514,0.14369058630248677,0.04970570686819974,0.08272107594784127,0.026016680145521484,0.8001846998392121,1.3712943915003728,-0.03771892870451047,0.15984036626237427,0.5307130251601576,0.8594945368383063,0.9351726303220023,1.0385779998615006,True
159,Aspen,53,13,1.1320969213465182,0.06914674667473038,0.7101189425679517,0.9595154948639334,0.46004978929756923,0.18882741936158964,0.29856658406193487,0.05386080092587392,0.20759225692759875,2.0566015857654376,-0.3103161593653385,0.44860965271479925,0.11012692860282192,1.3101109565330815,0.8512781630713495,1.0677528266565173,True
159,Birch,96,24,1.9974605147949858,0.08100257029949863,0.7213444067648704,0.7085413192657117,0.4456205673834302,0.09061880909778658,0.1331405996209642,0.05713584015431779,1.112419603362756,2.8825014262272157,-0.09897420650802187,0.26097934710701914,0.45691568362700463,0.9857731299027362,0.5950646089277143,0.8220180296037092,True
159,Oak,72,18,0.6646790082640247,-0.012400728113383181,0.9271657273918116,0.9735443223347925,0.08849976501052527,0.0401135296922998,0.07191439151099799,0.03278907364310981,0.4880804767466796,0.8412775397813699,-0.09244603034435596,0.0676445741175896,0.7836627934089331,1.07066866137469,0.9081147445896017,1.0389739000799834,True
159,Pine,366,92,0.8261694141339535,-0.36039491262889756,1.4044702137965972,0.8074012303281498,0.05821581183435336,0.03459172228506912,0.04688316051832171,0.021387432253766936,0.7116857606599283,0.9406530676079787,-0.4284208770940473,-0.2923689481637478,1.3122726589841889,1.4966677686090055,0.7653420147011925,0.8494604459551072,True
159,Spruce,6,1,7.554501751735522,0.4603131683804278,0.1131319617914224,0.6171961481577408,22.534636318461263,1.3093281140455124,0.9796975586842779,1.1493978983196842,-89.40421271660165,104.5132162200727,-5.173271015585398,6.093897352346254,-4.102166413358132,4.328430336940977,-4.3282638565544564,5.5626561528699385,True
160,Alder,92,23,0.8371029023176317,-0.07383713156291408,0.9065394841413151,0.9920332864289674,0.12811048632030098,0.05321894857285093,0.09292702913856837,0.03064337633148126,0.5825102312747055,1.091695573360558,-0.1795986086787119,0.03192434555288377,0.7218665409653675,1.0912124273172628,0.9311360152212074,1.0529305576367274,True
160,Aspen,53,13,0.8922134669465509,-0.027658775116979555,0.8705623047238616,0.9687908058229544,0.256410286899921,0.13104348191218282,0.20417898102253107,0.04691675540679157,0.37693770384726577,1.4074892300458361,-0.2910005113548956,0.23568296112093645,0.46024928051870223,1.2808753289290211,0.8745080559510167,1.063073555694892,True
160,Birch,96,24,1.7706186798089552,0.09854385914596861,0.747436565249589,0.7050548112675762,0.44878678953242634,0.10404793368072254,0.14976656718264117,0.058467914362100123,0.8792893778901766,2.661947981727734,-0.10810431824435307,0.3051920365362903,0.44998723543140323,1.0448858950677749,0.5889324865723387,0.8211771359628137,True
160,Oak,72,18,0.7104259966270383,0.001854217920990001,0.9026703579959656,0.9634592079333242,0.08188156138595018,0.03435330453145768,0.060834234273799415,0.028741519814093577,0.5470338848244092,0.8738181084296675,-0.06669673396348186,0.07040516980546185,0.7812775335352744,1.0240631824566568,0.9061063981022252,1.020812017764423,True
160,Pine,366,92,0.8455719506464319,-0.3119043853636778,1.3577002703934313,0.7990235677187184,0.06445050996857919,0.03876179755525006,0.05219322866497569,0.023464986403260002,0.718827521307169,0.9723163799856948,-0.3881309646987259,-0.23567780602862978,1.255060260473556,1.4603402803133068,0.7528787612216921,0.8451683742157448,True
160,Spruce,6,1,7.554501751737325,0.46031316838053793,0.11313196179134012,0.6171961481576494,22.534636313592074,1.3093281137644395,0.9796975584795212,1.149397898075456,-89.40421269564942,104.51321619912406,-5.173271014375928,6.093897351137004,-4.102166412477217,4.328430336059897,-4.328263855503719,5.562656151819018,True
161,Alder,92,23,0.8609375689065516,0.009038126545824296,0.8010763494611671,1.0075575610737093,0.12110816016801983,0.053271754330897265,0.09101600729326784,0.028101147495136765,0.6202605496562958,1.1016145881568074,-0.09682829091774377,0.11490454400939236,0.6202011606298562,0.981951538292478,0.9517124354664982,1.0634026866809203,True
161,Aspen,53,13,0.8221562257896603,-0.09930569736914993,0.9516294919134489,0.9840360113413454,0.28594775558406915,0.15398711062027343,0.233042319633087,0.0715981207566769,0.24752269705523067,1.39678975452409,-0.40875438170873235,0.21014298697043252,0.48331341717564,1.4199455666512577,0.8401542008437385,1.1279178218389523,True
161,Birch,96,24,1.7497898736240247,0.12434937212486151,0.6770077958182598,0.7532390242373466,0.4452243404690797,0.10040549314843066,0.1430539937819522,0.06547007597802534,0.8655359030447942,2.634043844203255,-0.07506460396396704,0.32376334821369007,0.39289021618271247,0.961125375453807,0.6232098021676395,0.8832682463070536,True
161,Oak,72,18,0.6537440276626881,-0.004442994355013457,0.9190735135758364,0.9771608036517003,0.09066570467804887,0.039752221093421414,0.07203854238384842,0.03232407137980153,0.4728234308314482,0.8346646244939281,-0.08376731650226597,0.07488132779223906,0.775322840383375,1.062824186768298,0.9126591234759858,1.0416624838274149,True
161,Pine,366,92,0.8540696783264108,-0.34485588792767025,1.4000246767920896,0.7904550612746865,0.06126238814128979,0.035369425397444594,0.04770628945016461,0.02112039053915771,0.7335948142995222,0.9745445423532993,-0.4144112357479161,-0.2753005401074244,1.3062084069875126,1.4938409465966667,0.7489209935440673,0.8319891290053056,True
161,Spruce,6,1,3.1332299653752536,0.015125580284596617,0.4270338737656894,0.9804322111807614,1.9607230831309175,0.2090699657394213,0.14920955718097287,0.2922741703402728,-5.303080560436223,11.56954049118673,-0.8844298785016033,0.9146810390707966,-0.2149630347357761,1.069030782267155,-0.2771220456534885,2.2379864680150114,True
162,Alder,92,23,0.6482811452970507,-0.14087928577703612,1.0233890042545892,1.0247600339095686,0.10027510281473764,0.05464117195069779,0.09378929978733828,0.034120527688916415,0.44900544977841916,0.8475568408156823,-0.249467132997155,-0.032291438556917254,0.8370024793575997,1.2097755291515786,0.9569526550506937,1.0925674127684435,True
162,Aspen,53,13,0.8704250411844313,-0.0890811712959009,0.9488589873865817,0.9550174229698047,0.23443229605959878,0.12100414985506024,0.18923792018412533,0.0434998682370848,0.39931570423971097,1.3415343781291518,-0.33224811443450564,0.15408577184270383,0.568571149058724,1.3291468257144394,0.8676011649421744,1.042433680997435,True
162,Birch,96,24,1.2354338918767818,-0.07894486767603838,0.9986917003412992,0.7441743185221356,0.3450513531488935,0.11687830581685885,0.16920826196576833,0.05816396863942859,0.5501321207422921,1.9207356630112713,-0.3110752716073314,0.15318553625525466,0.6626294865360044,1.334753914146594,0.6286556562677919,0.8596929807764793,True
162,Oak,72,18,0.6889605425017536,-0.004121639968483702,0.8973955123596397,0.9833279809466984,0.06898798056110861,0.029791298834333676,0.053516951735103895,0.028185319169473675,0.5512971706499754,0.8266239143535319,-0.06356925121933867,0.05532597128237126,0.7906040978674094,1.00418692685187,0.9270850522215797,1.039570909671817,True
162,Pine,366,92,0.8897687718059868,-0.31480339925203354,1.350118297153619,0.7928579172023394,0.06663705337238858,0.037882502809793765,0.05070377493156157,0.022331247540726608,0.7587244199978953,1.0208131236140783,-0.3893008113425058,-0.24030598716156126,1.25040735580994,1.449829238497298,0.7489426521817358,0.8367731822229431,True
162,Spruce,6,1,1.2154888946905962,-0.1460774917796996,0.42844216381756206,1.4080696646464421,1.485931849502737,0.31521837464739066,0.15777833775589983,0.5829746928664221,-5.177959833714792,7.608937623095984,-1.5023526919066763,1.210197708347277,-0.2504232318147802,1.1073075594499042,-1.1002679889590388,3.916407318251923,True
163,Alder,92,23,0.7520352377382697,-0.08851232994855326,0.9434998418656239,1.0070294529116002,0.12791607159135604,0.056342525832657225,0.09892967335882842,0.03219171762914859,0.49782892511574967,1.0062415503607898,-0.2004812604947813,0.023456600597674765,0.746897904668566,1.1401017790626817,0.9430551787356863,1.0710037270875141,True
163,Aspen,53,13,0.8593147805166156,-0.02174113942527921,0.8830757986558071,0.9686080431735477,0.2789679572278592,0.14628123057134615,0.23000756979881498,0.04827266196941806,0.29870768171898077,1.4199218793142503,-0.31570427803824913,0.2722219991876907,0.4208582820358333,1.3452933152757809,0.8716004970494947,1.0656155892976007,True
163,Birch,96,24,1.6582501277524906,0.08166643532818128,0.7710260501414651,0.7206440631181581,0.4021748319354496,0.09468799100036067,0.13672678268267022,0.05695245900086752,0.8594961970233738,2.4570040584816075,-0.10639208797722678,0.26972495863358936,0.49947485789466306,1.042577242388267,0.6075315635798149,0.8337565626565013,True
163,Oak,72,18,0.7584256324893296,0.025936009435346106,0.8690289286207776,0.9512457547960397,0.10016205164319354,0.05044906840192868,0.07904232118818738,0.031173232451213083,0.5585553703270654,0.9582958946515938,-0.0747335391802816,0.12660555805097382,0.7113024324216508,1.0267554248199044,0.8890405379474033,1.013450971644676,True
163,Pine,366,92,0.9212988578019843,-0.303261172986977,1.3423821979235366,0.7799634755523991,0.06891313281120921,0.038159393950085004,0.051022536688011995,0.02215068447694455,0.7857785074370964,1.0568192081668721,-0.37830310225167213,-0.22821924372228192,1.2420443992138541,1.4427199966332191,0.7364032948048286,0.8235236562999696,True
163,Spruce,6,1,8.338899059807256,0.08147496560892513,1.1495970575219105,-0.02900165522677809,9.258108734404681,0.20583572861017407,0.7148869850076802,0.9675856909491762,-31.49552775810274,48.17332587771725,-0.8041646939646346,0.9671146251824848,-1.9263133799456298,4.225507494989451,-4.192186869604178,4.134183559150623,True
164,Alder,92,23,0.6928030433210098,-0.1386025778907415,1.025486994536129,1.002141809704406,0.11644721981808154,0.058508798966184834,0.1034588470455182,0.033302629864121004,0.4613886635887692,0.9242174230532505,-0.254876521079685,-0.02232863470179801,0.8198842763754525,1.2310897126968054,0.9359598309032144,1.0683237885055974,True
164,Aspen,53,13,0.7888268889964464,-0.11782934692685768,1.0046046818092365,0.9622564669356379,0.2438913609873122,0.1367584512299984,0.21594089731632213,0.05047515968483072,0.2987088494065955,1.2789449285862973,-0.39265574398680925,0.15699705013309392,0.5706552018788876,1.4385541617395852,0.860822835942858,1.0636900979284178,True
164,Birch,96,24,1.4315102348790827,-0.03262722183102093,0.9557767158734476,0.6996962749797755,0.38264456139845743,0.1072070830230835,0.16024620825655503,0.05806705375425189,0.6715451072298398,2.1914753625283256,-0.24554974250341086,0.180295298841369,0.6375139143118025,1.2740395174350927,0.5843700940527901,0.8150224559067609,True
164,Oak,72,18,0.7259978860433676,0.00790175598775676,0.8882654864323642,0.9640974347464941,0.09143571155611523,0.03668074455350045,0.06631393835181999,0.03044574294580212,0.5435407644099589,0.9084550076767762,-0.06529353015046784,0.08109704212598136,0.7559380827305535,1.020592890134175,0.9033439006038466,1.0248509688891416,True
164,Pine,366,92,0.819797244852618,-0.38709484066062555,1.4483810770773005,0.7969588667239155,0.060525717398911064,0.03661249106603156,0.04958887338649364,0.021993674527762484,0.7007710724326576,0.9388234172725783,-0.45909472536464613,-0.31509495595660497,1.3508626328941247,1.5458995212604763,0.7537074521353616,0.8402102813124693,True
164,Spruce,6,1,2.612112491846004,0.06272139282366286,0.4020185394173953,1.0125987502272407,1.778523026076311,0.2114236794265238,0.15365970770087092,0.310105855834932,-5.0402544611286775,10.264479444820687,-0.8469612785832717,0.9724040642305974,-0.2591258213660682,1.063162900200859,-0.32167905687568776,2.346876557330169,True
165,Alder,92,23,0.6848984502179298,-0.09891448242728172,0.9431355538856875,1.0410074629788646,0.1082488602446968,0.056480436982885185,0.09714865709934328,0.032231843621185766,0.4697765873741182,0.9000203130617415,-0.21115748240460497,0.013328517550041538,0.750073012250204,1.136198095521171,0.976953446825659,1.1050614791320703,True
165,Aspen,53,13,0.8615236055902686,-0.049744922992045554,0.8969747203466808,0.9742956093004629,0.2773469733248805,0.14985187718919687,0.23420223517386715,0.05663101415555004,0.304173995903845,1.4188732152766923,-0.35088354462878757,0.2513936986446964,0.42632770806095877,1.367621732632403,0.8604913255999541,1.0880998930009718,True
165,Birch,96,24,1.5389272103344593,0.04541442681232128,0.8039246877827284,0.7465742763725405,0.3883913760260692,0.105078233287195,0.14568649967799585,0.05884608483847337,0.7675484127872622,2.3103060078816564,-0.16328001452877547,0.25410886815341804,0.5145787242077556,1.093270651357701,0.6297008724687032,0.8634476802763777,True
165,Oak,72,18,0.641210884136755,-0.007995375406238894,0.94017159212187,0.9666429330487198,0.0855227157347094,0.03900132695860637,0.07062472296445299,0.03451087594362147,0.47055296195663615,0.8118688063168737,-0.08582131163667508,0.06983056082419731,0.7992421516554642,1.0811010325882757,0.8977775523067937,1.035508313790646,True
165,Pine,366,92,0.8554299023152339,-0.3445314171103273,1.3955494832018749,0.7926314990914113,0.06562886770480336,0.037117879112656925,0.04976267758002215,0.02350005593382385,0.7263681867526649,0.9844916178778028,-0.41752516702341524,-0.2715376671972394,1.2976892463263483,1.4934097200774015,0.7464177270013946,0.8388452711814279,True
165,Spruce,6,1,1.2154888946906128,-0.14607749177969617,0.42844216381756106,1.408069664646436,1.4859318494973326,0.315218374646347,0.1577783377557543,0.5829746928644582,-5.177959833691522,7.608937623072747,-1.5023526919021821,1.21019770834279,-0.25042323181415505,1.1073075594492772,-1.1002679889505953,3.916407318243467,True
166,Alder,92,23,0.7394509089221465,-0.10487829571068127,0.9627650179317424,1.0082959531444038,0.1254499488176188,0.058205049706880875,0.1052561162893727,0.034360269184472464,0.49014549709330374,0.9887563207509893,-0.22054860107516006,0.010792009653797494,0.7535906048183811,1.1719394310451037,0.9400121384412309,1.0765797678475766,True
166,Aspen,53,13,1.00414249116797,0.019644697708869827,0.7872853843190103,0.9642155474651114,0.329290584988629,0.1554091652723299,0.24320258831165462,0.04470831597580783,0.3424082857550197,1.6658766965809202,-0.29266171244532974,0.3319511078630694,0.2985514852421721,1.2760192833958484,0.8743708227863785,1.0540602721438443,True
166,Birch,96,24,1.8008006720099308,0.1114923682885351,0.7167656519929237,0.717137339101906,0.4501859484227476,0.10192930705822187,0.1445203214452647,0.05927962546809742,0.9066925197638446,2.694908824256017,-0.0909480337561096,0.3139327703331798,0.4297358190491046,1.003795484936743,0.59940288608573,0.834871792118082,True
166,Oak,72,18,0.7161470414680806,0.009064062531586101,0.8833265662661395,0.9711074325471709,0.09140033790257555,0.037513982601908864,0.06796250618639131,0.02982191659571888,0.5337605068613016,0.8985335760748596,-0.06579392424472272,0.08392204930789493,0.7477094966690871,1.0189436358631918,0.9115987245047218,1.03061614058962,True
166,Pine,366,92,0.9084438962717505,-0.3457223154222971,1.3875395311647463,0.7818640955615086,0.06757931676278019,0.038368142304581375,0.05223918388222603,0.02206712939752136,0.7755465469348468,1.0413412456086542,-0.4211747564281569,-0.2702698744164373,1.2848091485265107,1.4902699138029818,0.7384682291206061,0.8252599620024111,True
166,Spruce,6,1,2.6121124918459975,0.06272139282366118,0.4020185394173966,1.0125987502272416,1.7785230260697047,0.21142367942604934,0.15365970770075957,0.31010585583394634,-5.04025446110026,10.264479444792254,-0.846961278581232,0.9724040642285544,-0.2591258213655878,1.063162900200381,-0.3216790568714458,2.346876557325929,True
167,Alder,92,23,0.7675846150649314,-0.05685300598460531,0.9255864173294794,0.9901677246280105,0.10965597818557968,0.051095292994049114,0.09026082219252762,0.029300897971620228,0.5496664009985811,0.9855028291312816,-0.15839416389225813,0.04468815192304752,0.746212000194941,1.1049608344640178,0.9319383470585575,1.0483971021974636,True
167,Aspen,53,13,1.095487920016329,0.024428046972455715,0.7550305506916439,0.9659901858082087,0.3700471323802671,0.1495098743456523,0.23341322781456347,0.051122479959847256,0.3518503662142586,1.8391254738183993,-0.27602329421887134,0.32487938816378276,0.2859691080570913,1.2240919933261964,0.8632557160202639,1.0687246555961536,True
167,Birch,96,24,1.2222005439330508,-0.015782596563605006,0.8852764996026528,0.8043189928681966,0.2980742339289891,0.10157917543715482,0.15368684095683144,0.05867270112952415,0.6301993864909953,1.8142017013751062,-0.21752760698651652,0.1859624138593065,0.5800411676828453,1.19051183152246,0.6877899439762856,0.9208480417601077,True
167,Oak,72,18,0.6852657652455505,-0.002217773267806707,0.8775599396163759,1.0007927462472839,0.06831165029324232,0.029639822655240455,0.05413389410791502,0.027245245759625804,0.5489519894306851,0.8215795410604159,-0.061363118509429444,0.05692757197381603,0.7695374357867184,0.9855824434460334,0.9464257048047799,1.0551597876897878,True
167,Pine,366,92,0.8780809231824671,-0.33286822808960953,1.3819169988293174,0.7862145010171716,0.06518460299820306,0.03608884037176689,0.04902021735721864,0.02279046850062856,0.749892871408456,1.0062689749564784,-0.403838333379161,-0.2618981228000581,1.2855168387986786,1.4783171588599562,0.7413961601554028,0.8310328418789404,True
167,Spruce,6,1,7.554501751748994,0.4603131683812477,0.11313196179081259,0.6171961481570559,22.53463631891278,1.3093281140685753,0.979697558699793,1.1493978983414235,-89.40421271853091,104.51321622202889,-5.1732710156838095,6.093897352446305,-4.102166413425498,4.328430337007123,-4.328263856648678,5.5626561529627905,True
168,Alder,92,23,0.7145696317155786,-0.1053570789148212,0.9655480941512881,1.0139813547276078,0.11265183590728191,0.05813528244208242,0.10398799104049046,0.0332533686559478,0.49069777996241337,0.9384414834687439,-0.220888736501069,0.010174578671426612,0.758893813492367,1.172202374810209,0.9478972722261482,1.0800654372290672,True
168,Aspen,53,13,0.64139088565291,-0.17274526177763294,1.0455387174063917,1.0375302523131662,0.22989703932906222,0.15944314777594237,0.23725600437331568,0.06957303636682016,0.1793954883278997,1.1033862829779204,-0.49315826327810475,0.14766773972283886,0.56875492615755,1.5223225086552334,0.8977180012585124,1.17734250336782,True
168,Birch,96,24,1.6110477527636151,0.05443942414500949,0.7958553137016928,0.7258634427805637,0.36295672516251065,0.0891570212832373,0.1282067072993291,0.05357547678698696,0.8901843672729608,2.331911138254269,-0.1226341158857488,0.23151296417576778,0.5412257265931367,1.050484900810249,0.619457921409796,0.8322689641513313,True
168,Oak,72,18,0.700427497814501,-0.0032750212100705165,0.9397179952390569,0.9375532163898658,0.09090735577935703,0.03939763197797796,0.07089466691106003,0.039213860131947734,0.5190246937183548,0.8818303019106472,-0.08189177179403243,0.07534172937389139,0.7982498900139692,1.0811861004641445,0.8593031768151287,1.0158032559646029,True
168,Pine,366,92,0.8617855297611149,-0.3800239413695798,1.4433093350625466,0.7805610582443205,0.06614534062048216,0.039526724615414996,0.053237073730048434,0.0234214709785016,0.7317081501642534,0.9918629093579764,-0.45775477945718124,-0.30229310328197834,1.3386165633079585,1.5480021068171346,0.7345018265190245,0.8266202899696166,True
168,Spruce,6,1,3.8391498223522285,0.15464797317681342,0.38800403907362563,0.8281752533443533,2.369104546893771,0.20410823651953444,0.13965817064467584,0.29352381954877155,-6.354284323275797,14.032583967980253,-0.7235588878374272,1.032854834191054,-0.2128965700750584,0.9889046482223096,-0.43475581006800634,2.0911063167567128,True
169,Alder,92,23,0.9630443658003534,-0.02269076291907553,0.8359781582166449,0.9698860613221344,0.15893128274336116,0.05715147220650586,0.09990342173381636,0.03135693728913556,0.6472018383998548,1.278886893200852,-0.13626730439524487,0.09088577855709382,0.6374411007430777,1.034515215690212,0.9075707376552887,1.03220138498898,True
169,Aspen,53,13,0.9067458892531667,-0.037466313590968504,0.872438718075528,0.9685089234369397,0.3028794044899702,0.1523309837156443,0.23983932668362679,0.04986027279217389,0.29808693815367193,1.5154048403526614,-0.3435868863134648,0.26865425913152774,0.3904635462823615,1.3544138898686944,0.8683109539172783,1.0687068929566013,True
169,Birch,96,24,1.0671883491987086,-0.011910653053192208,0.9823867268949494,0.7551597234551596,0.26553790276516004,0.09897930184023307,0.1440355857337453,0.05520198032598996,0.5398071538849246,1.5945695445124928,-0.2084920900994549,0.18467078399307052,0.6963196209151166,1.2684538328747823,0.6455238256611054,0.8647956212492137,True
169,Oak,72,18,0.7106790119460721,0.01010390819224431,0.8528787478675798,1.0013003529814106,0.058809314866021645,0.024288089495096473,0.045189314384082434,0.02181423851052874,0.5933268512522507,0.8280311726398935,-0.03836221979900825,0.058570036183496876,0.7627048749815275,0.943052620753632,0.9577707177708501,1.0448299881919711,True
169,Pine,366,92,0.8240938784401345,-0.3651715045292366,1.4109485416123249,0.8068615181339372,0.06379892006445236,0.03911489392553806,0.05161327176205998,0.023705700056361936,0.6986308259371765,0.9495569309430925,-0.4420924615810123,-0.2882505474774609,1.309449039451616,1.5124480437730337,0.760243338895385,0.8534796973724895,True
169,Spruce,6,1,3.1332299653752846,0.01512558028460026,0.4270338737656871,0.9804322111807574,1.9607230831186069,0.20906996573852224,0.14920955718081286,0.2922741703385307,-5.303080560383225,11.569540491133793,-0.8844298784977314,0.9146810390669318,-0.21496303473508988,1.069030782266464,-0.27712204564599696,2.2379864680075117,True
170,Alder,92,23,0.6528550896793831,-0.1277658204035061,1.02397154778179,1.011254665044938,0.10821121994574918,0.057270474388977415,0.0995932308977889,0.03345371396909675,0.43780802902017935,0.8679021503385869,-0.24157885371079396,-0.013952787096218236,0.8260509294128235,1.2218921661507562,0.9447724383331912,1.077736891756685,True
170,Aspen,53,13,0.9860333630303363,-0.018895917886464463,0.8436781824939641,0.9563495032498571,0.326565217441607,0.14916776797369583,0.2317260309236616,0.05524618895678697,0.32977598875195724,1.6422907373087154,-0.31865977058424366,0.2808679348113148,0.3780072889515293,1.3093490760363988,0.8453281299765352,1.067370876523179,True
170,Birch,96,24,1.8063696990944322,0.10937452338379505,0.7465530024294788,0.690552354810994,0.4349552787055595,0.09607096088496639,0.13739829784189875,0.06011109624854184,0.9425109715716553,2.670228426617209,-0.08143069748618392,0.30017974425377403,0.4736681231133077,1.0194378817456498,0.5711665290548327,0.8099381805671553,True
170,Oak,72,18,0.6675554495065963,-0.009495175972335495,0.9120034456471959,0.9843466652942717,0.06835121391592197,0.032272329021879716,0.060802067534656334,0.025850705552811184,0.5311627257118589,0.8039481733013337,-0.07389360588037815,0.05490325393570715,0.7906748089150901,1.0333320823793017,0.9327623855080961,1.0359309450804475,True
170,Pine,366,92,0.8583594703847448,-0.37098469064407785,1.4441175427449184,0.7734096517442968,0.06374242778463303,0.03756577093407387,0.050412197523139045,0.02195107115337532,0.7330075121426587,0.9837114286268309,-0.4448592372077879,-0.2971101440803678,1.3449799996917533,1.5432550857980836,0.7302420183450192,0.8165772851435743,True
170,Spruce,6,1,3.1332299653752713,0.015125580284598825,0.42703387376568824,0.9804322111807589,1.960723083144486,0.20906996574056436,0.14920955718130652,0.2922741703419857,-5.303080560494587,11.56954049124513,-0.8844298785065192,0.914681039075717,-0.2149630347372128,1.0690307822685892,-0.2771220456608612,2.237986468022379,True
171,Alder,92,23,0.6999306964034722,-0.1282391852270657,0.9995387238427926,1.0131655412266614,0.11093663547956306,0.057821305190434914,0.10037856594709652,0.03427352819358376,0.47946744507646666,0.9203939477304777,-0.24314687900332688,-0.013331491450804533,0.8000574170898407,1.1990200305957446,0.9450541060155471,1.0812769764377756,True
171,Aspen,53,13,0.7587971117414916,-0.13548229357655628,0.9562509529916111,1.0306353619248987,0.2659319156971826,0.15891262468892808,0.23305668425092071,0.06902337602368101,0.22438691919409282,1.2932073042888903,-0.4548291690186388,0.18386458186552623,0.48790601147351276,1.4245958945097095,0.8919276946846493,1.169343029165148,True
171,Birch,96,24,1.9567274150507674,0.13815730023876374,0.6545896182793117,0.7279793430412164,0.4661860249843752,0.09510297698947875,0.13881844150006536,0.0622080456549318,1.0308417296754622,2.882613100426073,-0.05072542106135819,0.3270400215388857,0.378884211075551,0.9302950254830724,0.6044287947616851,0.8515298913207476,True
171,Oak,72,18,0.6974734291288756,-0.0008254138612073268,0.9169566124788455,0.9572444200745149,0.09225174182787253,0.040330693677381124,0.07191409610091937,0.03498098851447285,0.5133879444410689,0.8815589138166822,-0.08130406007743537,0.07965323235502073,0.7734542679776009,1.0604589569800902,0.8874409443031802,1.0270478958458498,True
171,Pine,366,92,0.8448798493740298,-0.34257459942211727,1.3971068103778694,0.7916434662650633,0.06065793815455779,0.036918282042411966,0.049211031952800174,0.021598461924314916,0.7255936597062708,0.9641660390417889,-0.4151758339497052,-0.26997336489452933,1.3003314060390263,1.4938822147167126,0.7491692526003823,0.8341176799297444,True
171,Spruce,6,1,7.554501751733983,0.4603131683803333,0.11313196179149256,0.6171961481578194,22.534636309203986,1.3093281135123893,0.9796975582980385,1.149397897854048,-89.40421267677235,104.5132161802403,-5.173271013291648,6.093897350052314,-4.102166411696207,4.328430335279193,-4.328263854550908,5.562656150866546,True
172,Alder,92,23,0.6760702275773247,-0.12334422095380078,0.9925495982989672,1.0244078379980366,0.11815202779523783,0.05799987765526435,0.1008146200582922,0.03361839254300305,0.44126790023059803,0.9108725549240514,-0.23860678997955542,-0.008081651928046149,0.792201725630318,1.1928974709676163,0.9575983472254108,1.0912173287706624,True
172,Aspen,53,13,0.7138765125354954,-0.12640128505805284,1.0400377521399822,0.9687469105258436,0.2152503636794609,0.13463782211867306,0.21256618875852726,0.049611924293255255,0.2813147119021877,1.1464383131688032,-0.3969661183687496,0.14416354825264396,0.612870002959906,1.4672055013200582,0.8690480159997873,1.0684458050519,True
172,Birch,96,24,2.073809884398367,0.19213474693403404,0.6335554093845244,0.6772907964083955,0.530113086637228,0.10474207327258798,0.14776329225726184,0.061254232229677484,1.0209595365914397,3.1266602322052948,-0.015892051601745616,0.4001615454698137,0.34008475648472575,0.9270260622843229,0.5556346039216862,0.7989469888951048,True
172,Oak,72,18,0.6772140985564272,0.0010438706128925725,0.9019500761054096,0.9774481846142689,0.09029148469685944,0.03932476437390546,0.07294720170387856,0.037674022405556264,0.49704024607117103,0.8573879510416834,-0.07742747493103494,0.07951521615682008,0.7563862014705738,1.0475139507402453,0.9022708433819895,1.0526255258465482,True
172,Pine,366,92,0.8682168009854538,-0.35992575310833963,1.4173792846652542,0.7817905720974812,0.06335346507130164,0.03777901268580143,0.05126251711419622,0.021542870262613468,0.7436297530157531,0.9928038489551546,-0.4342196478532695,-0.28563185836340976,1.3165695551332377,1.5181890141972707,0.7394256815931879,0.8241554626017744,True
172,Spruce,6,1,2.612112491845977,0.06272139282365968,0.4020185394173968,1.012598750227245,1.7785230260683182,0.2114236794258884,0.15365970770078113,0.31010585583358646,-5.040254461094315,10.264479444786268,-0.8469612785805412,0.9724040642278604,-0.25912582136568046,1.063162900200474,-0.32167905686989395,2.346876557324384,True
173,Alder,92,23,0.7196168647658394,-0.11662888554278522,1.0082159291839907,0.987827262440761,0.1233966788633057,0.058669721532914575,0.10495903408918843,0.03529635266998296,0.4743918955069655,0.9648418340247134,-0.23322262851761336,-3.5142567957086035e-05,0.7996319045160774,1.216799953851904,0.9176831785141973,1.0579713463673248,True
173,Aspen,53,13,0.9583196448174646,-0.04209568498413138,0.8615051929453532,0.9652651772377747,0.28135804973716644,0.13370811740868163,0.205184046252015,0.0494307993460359,0.3929094752986779,1.5237298143362512,-0.310792206731787,0.22660083676352424,0.4491724145433233,1.273837971347383,0.8659302669204767,1.0646000875550727,True
173,Birch,96,24,1.455972346200978,-0.09505885425556933,0.9696079881073633,0.732218505642852,0.2946763824000066,0.08502955072605489,0.1288527830491931,0.047829660099693375,0.870719615187666,2.04122507721429,-0.26393488148908895,0.0738171729779503,0.7136952387922884,1.2255207374224382,0.6372246721744275,0.8272123391112765,True
173,Oak,72,18,0.702231753645012,0.00949481303217712,0.8961590693717707,0.9643237571347639,0.08251938404049623,0.03392737395387078,0.060990848846548644,0.028881076926540312,0.5375668865514741,0.8668966207385499,-0.0582062076177741,0.07719583368212835,0.7744537253969492,1.0178644133465922,0.9066924654216174,1.0219550488479103,True
173,Pine,366,92,0.8226474990560383,-0.33561359443613437,1.387796670390977,0.8023363479058109,0.06032886652150893,0.03666084997271295,0.048886102884400026,0.021899078023702917,0.7040084415267659,0.9412865565853107,-0.40770857880707445,-0.2635186100651943,1.2916602516764555,1.4839330891054985,0.7592709610140179,0.8454017347976038,True
173,Spruce,6,1,3.7025227489064445,0.08254528345141715,0.4015132732122315,0.8941062593400081,2.73809355501838,0.22791018236176477,0.16524378448318947,0.3358255958938484,-8.0785429597568,15.48358845756969,-0.8980730848129754,1.0631636517158098,-0.30947334715968466,1.1124998935841477,-0.5508346575344923,2.3390471762145086,True
174,Alder,92,23,0.6718829801655868,-0.17356351947624643,1.0836218390589032,0.9907035952674582,0.10284675885067311,0.05756278941871613,0.09957550034199408,0.03259030789908419,0.4674966586709088,0.8762693016602647,-0.2879574674794718,-0.059169571473021015,0.8857364564437658,1.2815072216740406,0.925937206687881,1.0554699838470354,True
174,Aspen,53,13,0.7660320583417518,-0.1504143373321943,0.9803166264758078,1.0202964279494242,0.28686322516625606,0.159413233445278,0.23463765287170005,0.07352197501679521,0.18955882460461426,1.3425052920788894,-0.47076722373452773,0.16993854907013908,0.5087946095667129,1.4518386433849026,0.8725484875708379,1.1680443683280104,True
174,Birch,96,24,1.8636524823803289,0.07414169443511356,0.8060519349897465,0.6530439844771072,0.4467813536374488,0.09610555525115437,0.13930125311219385,0.05663842773582745,0.9763061492520878,2.75099881550857,-0.11673223383219494,0.26501562270242207,0.5293876222494722,1.0827162477300207,0.540555178137355,0.7655327908168594,True
174,Oak,72,18,0.6420329665467224,-0.019793408775235753,0.9573101308746855,0.9631035826404819,0.0880776483487094,0.04420487239312054,0.08338174495583826,0.03719422031876377,0.4662767557134697,0.817789177379975,-0.10800285825352858,0.06841604070305708,0.7909244493669032,1.1236958123824679,0.8888836715656322,1.0373234937153317,True
174,Pine,366,92,0.8322128271175692,-0.3763088646710376,1.4352939857875313,0.7936975126783089,0.06189567932289331,0.0355352467435433,0.048007411434649774,0.022073985311481845,0.710492571402437,0.9539330828327013,-0.4461903066043292,-0.306427422737746,1.340885547913164,1.5297024236618986,0.7502881638165079,0.8371068615401099,True
174,Spruce,6,1,3.8391498223522555,0.1546479731768153,0.38800403907362524,0.8281752533443497,2.369104546869495,0.20410823651782406,0.1396581706442935,0.29352381954602663,-6.35428432317132,14.03258396787583,-0.723558887830066,1.0328548341836967,-0.21289657007341378,0.9889046482206643,-0.43475581005619957,2.091106316744899,True
175,Alder,92,23,0.6669287466753963,-0.16729718752805936,1.0734703405379846,0.9959947107768491,0.11101848230499475,0.05985249861597647,0.10460463307332361,0.0348351405315438,0.4463028419817417,0.8875546513690509,-0.286241451412411,-0.04835292364370776,0.8655906134169853,1.281350067658984,0.9267671890585426,1.0652222324951555,True
175,Aspen,53,13,0.8433474001212531,-0.0756775539362279,0.945151386062575,0.9576218925199794,0.23329123727445764,0.1283855115151678,0.20100520131629024,0.04786882832834564,0.3745311066552612,1.312163693587245,-0.33367789868327996,0.1823227908108242,0.5412163109631805,1.3490864611619695,0.8614258804809454,1.0538179045590135,True
175,Birch,96,24,2.1039768474988163,0.1648405547107001,0.6825618408864678,0.6487576567641709,0.5153706494401225,0.10113596057893708,0.14065333212876094,0.059219357613393635,1.0804062524875715,3.1275474425100613,-0.036024192746835715,0.36570530216823594,0.4032121825119529,0.9619114992609826,0.5311429009095741,0.7663724126187677,True
175,Oak,72,18,0.6773709778579942,-0.006439292019755257,0.9185613887640087,0.9697250930731467,0.09205939086646651,0.039717583607721825,0.071391292103213,0.03318967689486027,0.49366932353760395,0.8610726321783844,-0.08569449614043138,0.07281591210092088,0.7761022833974145,1.061020494130603,0.9034961239852581,1.0359540621610352,True
175,Pine,366,92,0.8579577848260297,-0.336300391770586,1.397692881330828,0.782061139886133,0.06753481912756143,0.03850949773711176,0.05075445642142924,0.023539429109894386,0.7251479418158486,0.9907676278362108,-0.4120308137208759,-0.2605699698202961,1.2978822728702484,1.4975034897914077,0.7357699389172019,0.8283523408550642,True
175,Spruce,6,1,3.83914982235225,0.154647973176815,0.3880040390736256,0.8281752533443502,2.3691045468734533,0.2041082365179043,0.1396581706442353,0.2935238195465131,-6.354284323188355,14.032583967892855,-0.7235588878304117,1.0328548341840418,-0.2128965700731631,0.9889046482204142,-0.4347558100582921,2.0911063167469925,True
176,Alder,92,23,0.6788082255556882,-0.15818797110093719,1.0516511744606207,0.999700615433591,0.10799716519551875,0.05743587100926435,0.10181960191214962,0.03524367616137441,0.46418655373213635,0.8934298973792401,-0.2723296954353986,-0.04404624676647577,0.8493061115394615,1.25399623738178,0.9296612149986998,1.0697400158684822,True
176,Aspen,53,13,0.8356191005910767,-0.10383293267414505,0.9499413683647666,0.9788804385847568,0.22620017718590124,0.11904119148535747,0.18603161418337189,0.04314289758192644,0.38105282588404316,1.2901853752981103,-0.3430551632814795,0.13538929793318943,0.5760968431786818,1.3237858935508515,0.8921815399461145,1.065579337223399,True
176,Birch,96,24,1.8359657658680801,0.11782697486863643,0.7077228250018592,0.7143876448221542,0.4779108302211223,0.10244388922255346,0.14757261721601658,0.0608813093931662,0.8867936052431545,2.7851379264930056,-0.08563543177153433,0.3212893815088072,0.41463086919246195,1.0008147808112566,0.5934721092783185,0.8353031803659899,True
176,Oak,72,18,0.7050651581698353,-0.002188433836930012,0.9057561929426998,0.9668496567755005,0.0853317438237003,0.03579274309104452,0.06450924861894045,0.03131388776117233,0.5347883145049108,0.8753420018347597,-0.07361174064575954,0.06923487297189951,0.7770299915337207,1.034482394351679,0.9043637666257999,1.029335546925201,True
176,Pine,366,92,0.8962913899604447,-0.36108174681821825,1.428479202376033,0.7659557386792462,0.06557650857311102,0.03619455006176887,0.04865161424033995,0.022404938632155914,0.767332640662538,1.0252501392583513,-0.43225973431601694,-0.28990375932041956,1.3328039146811483,1.5241544900709179,0.7218955572672106,0.8100159200912818,True
176,Spruce,6,1,3.7025227489064574,0.08254528345141814,0.40151327321223107,0.8941062593400065,2.738093555015448,0.22791018236157048,0.16524378448311933,0.33582559589355543,-8.078542959744173,15.483588457557087,-0.8980730848121387,1.063163651714975,-0.30947334715938324,1.1124998935838453,-0.5508346575332331,2.339047176213246,True
177,Alder,92,23,0.6748580921231198,-0.14067872318835617,1.0593527813571626,0.9823389541303067,0.10985416198441254,0.05824600225245559,0.10374090767949581,0.03455689398786337,0.4565460294019752,0.8931701548442643,-0.2564304131315946,-0.024927033245117733,0.8531895269573146,1.2655160357570105,0.9136643889481807,1.0510135193124328,True
177,Aspen,53,13,0.9013540829291414,0.0056101325063513795,0.8407413847519075,0.9669603507832791,0.29583349451758895,0.1479186871130367,0.2332462692387977,0.05122908653823385,0.306854418033186,1.4958537478250968,-0.29164359822467517,0.30286386323737796,0.3720154579368401,1.309467311566975,0.8640116470552935,1.0699090545112648,True
177,Birch,96,24,1.4704645155403815,0.12322562299213373,0.7293363829255466,0.7630064985080579,0.3570375136688293,0.08966174386234974,0.12928137135414192,0.05565015151618899,0.7613571950044675,2.1795718360762955,-0.05485033964685605,0.3013015856311235,0.47257242024240753,0.9861003456086856,0.6524804940454978,0.873532502970618,True
177,Oak,72,18,0.6757397335016445,-0.0010587746391888765,0.9147683279755655,0.9688650348478784,0.07850522841192001,0.033706463687362395,0.061158366956157145,0.02869805032675071,0.5190849892508547,0.8323944777524344,-0.06831897571568875,0.06620142643731099,0.7927287068175684,1.0368079491335627,0.9115989670282374,1.0261311026675195,True
177,Pine,366,92,0.8375564247131217,-0.33061135130925073,1.379900916484735,0.7976428032970506,0.06394331085250421,0.03975723526566307,0.05238168921182048,0.022405677266436243,0.711809422121291,0.9633034273049526,-0.40879549753726185,-0.2524272050812396,1.2768902915848623,1.4829115413846075,0.7535811693320345,0.8417044372620668,True
177,Spruce,6,1,3.839149822352246,0.1546479731768147,0.3880040390736256,0.8281752533443507,2.36910454685981,0.20410823651720786,0.13965817064423516,0.29352381954481954,-6.354284323129656,14.032583967834148,-0.7235588878274155,1.0328548341810448,-0.21289657007316243,0.9889046482204136,-0.43475581005100494,2.0911063167397064,True
178,Alder,92,23,0.7174030778098653,-0.10731135755766098,0.9890147133264432,0.9967932413395456,0.1260370426193044,0.058210034965632325,0.10422281124336114,0.035219496495574425,0.4669309404192276,0.967875215200503,-0.22299157007633008,0.008368854961008101,0.7818937768582996,1.1961356497945868,0.9268018929094337,1.0667845897696575,True
178,Aspen,53,13,1.0841683248117566,0.021805260540052652,0.7591286856904328,0.964570590398933,0.35389445538464964,0.1482029928671921,0.22801230144798643,0.04881222388631377,0.3729907907134262,1.795345858910087,-0.27601980399429793,0.31963032507440325,0.3009208109397118,1.217336560441154,0.8664787540077885,1.0626624267900775,True
178,Birch,96,24,1.4326358132083166,0.07435155576419097,0.802725811333733,0.7469917283024449,0.35155952130499096,0.093808499209597,0.1264995785988322,0.06115610159597434,0.7344082583505848,2.1308633680660485,-0.1119602209297105,0.2606633324580925,0.5514867291785084,1.0539648934889576,0.6255304317246071,0.8684530248802826,True
178,Oak,72,18,0.6786108944254227,-0.004806205694609464,0.9196867814383464,0.9664758636674001,0.10266336061526599,0.05873659967319927,0.090898633922673,0.03511358887065303,0.47374934792148116,0.8834724409293642,-0.1220132654803109,0.11240085409109198,0.7383013815362376,1.1010721813404551,0.8964077880050113,1.036543939329789,True
178,Pine,366,92,0.8797103644958302,-0.3518147305448075,1.4041134406091644,0.7832768222563876,0.06561477514616279,0.03738440946991416,0.050315778507005915,0.022971865626741885,0.7506763624967955,1.008744366494865,-0.4253326227501539,-0.2782968383394611,1.3051655092934893,1.5030613719248396,0.7381017569056392,0.8284518876071361,True
178,Spruce,6,1,3.8391498223522547,0.15464797317681558,0.38800403907362513,0.8281752533443497,2.3691045468826393,0.20410823651882967,0.13965817064450534,0.2935238195475914,-6.3542843232278745,14.032583967932384,-0.7235588878343927,1.032854834188024,-0.2128965700743254,0.9889046482215756,-0.4347558100629322,2.0911063167516315,True
179,Alder,92,23,0.6571613842100265,-0.12933633687238935,1.0044622973367705,1.0263785363191784,0.10935349889461082,0.05753148642235928,0.10230467535562954,0.03286946522751741,0.4398442841729399,0.8744784842471129,-0.24366807674821594,-0.015004596996562744,0.8011532528776848,1.2077713417958562,0.9610573812101125,1.0916996914282442,True
179,Aspen,53,13,1.1931675724540185,0.06774101995236127,0.7246619151274476,0.9326531556062284,0.42396767609906655,0.15760106384062333,0.24603391694580493,0.05398243981172154,0.3411726292221041,2.045162515685933,-0.24897017528697984,0.38445221519170236,0.23023824813924598,1.2190855821156492,0.8241713813207732,1.0411349298916837,True
179,Birch,96,24,1.7295630978034617,-0.0004503352834003167,0.8829606702891611,0.6713601337616896,0.36282272855951525,0.08540778352541106,0.11823330418951926,0.05338744522887873,1.0089658411325346,2.450160354474389,-0.1700775655043434,0.16917689493754273,0.6481391226304363,1.117782217947886,0.5653280592956357,0.7773922082277435,True
179,Oak,72,18,0.6637803985656312,-0.005972168245418011,0.9172022111113525,0.976590351177854,0.08684093823737535,0.03930391776293786,0.07215886310805839,0.03976800042407642,0.4904920043367308,0.8370687927945316,-0.08440191502483406,0.07245757853399805,0.7732114416519229,1.061192980570782,0.8972345418665206,1.0559461604891873,True
179,Pine,366,92,0.8730631888257157,-0.3662662135694348,1.4086187634796143,0.7937987577233597,0.0627036668091199,0.037592778057698804,0.05001590807547179,0.021130162416253095,0.7497539943588967,0.9963723832925346,-0.4401938706899675,-0.29233855644890205,1.3102605390062751,1.5069769879529535,0.7522454732171614,0.8353520422295581,True
179,Spruce,6,1,3.8391498223522555,0.15464797317681564,0.3880040390736248,0.8281752533443499,2.3691045468788845,0.20410823651848695,0.1396581706444028,0.29352381954718115,-6.354284323211718,14.032583967916228,-0.723558887832918,1.0328548341865493,-0.21289657007388452,0.9889046482211341,-0.4347558100611669,2.0911063167498667,True
180,Alder,92,23,0.6811134875721595,-0.12194155036353942,1.0102637148022426,1.0066423817873882,0.11101332616995452,0.056226683626976894,0.09873712446660247,0.0342658188152701,0.4604978296134121,0.9017291455309069,-0.23368026886849924,-0.010202831858579606,0.8140444280671899,1.2064830015372954,0.9385462673456607,1.0747384962291155,True
180,Aspen,53,13,0.8872136874758585,-0.014427406240696774,0.8527550190967705,0.9786621213647827,0.2953072854919738,0.15439283339552878,0.24341161607347442,0.049766021604879834,0.29377147920733315,1.4806558957443838,-0.3246914210225717,0.29583660854117816,0.3636010630059067,1.3419089751876343,0.8786535566971775,1.078670686032388,True
180,Birch,96,24,1.8967092590187324,0.12406346874073966,0.7017852047842649,0.7044975509965179,0.4777605730517875,0.09994196712367877,0.14455879323844573,0.05742109123093217,0.9478355221018465,2.8455829959356183,-0.07442990465277842,0.3225568421342577,0.41467896353842026,0.9888914460301095,0.590454307398361,0.8185407945946748,True
180,Oak,72,18,0.7451409555152145,0.015234300826951415,0.8693538546011863,0.9671863765519217,0.082626260414242,0.03442611605414631,0.06605747485396235,0.02699032210499913,0.580262819938363,0.910019091092066,-0.0534619441888957,0.08393054584279853,0.7375382158413963,1.0011694933609763,0.9133280273421118,1.0210447257617317,True
180,Pine,366,92,0.8509704072338724,-0.35390450974357673,1.4060924419514524,0.792282796658954,0.067193079061813,0.04102949207700937,0.05398028055741147,0.02361408304029188,0.7188326093267753,0.9831082051409695,-0.4345905983705804,-0.2732184211165731,1.2999381251251327,1.5122467587777721,0.7458447858383898,0.8387208074795182,True
180,Spruce,6,1,3.83914982235223,0.1546479731768135,0.3880040390736257,0.8281752533443529,2.369104546868603,0.20410823651779647,0.1396581706442979,0.29352381954592305,-6.354284323167507,14.032583967871966,-0.7235588878299493,1.0328548341835762,-0.2128965700734322,0.9889046482206836,-0.4347558100557507,2.0911063167444564,True
181,Alder,92,23,0.6854290713647947,-0.14543903726360952,1.0295825796876301,1.0090154002221916,0.10732887173799795,0.05675387131322498,0.0980279533582194,0.03271409257719207,0.47213549235610686,0.8987226503734825,-0.25822543051431396,-0.03265264401290509,0.8347726215086981,1.224392537866562,0.9440030156063892,1.074027784837994,True
181,Aspen,53,13,1.0011435147554808,-0.004020181248879895,0.8124490028882938,0.9653284529626096,0.3230141686225306,0.14945782205262606,0.23415778522732364,0.04985283034391908,0.3520222402497547,1.650264789261207,-0.3043669194411056,0.29632655694334586,0.34189131611443735,1.2830066896621504,0.8651454396026647,1.0655114663225547,True
181,Birch,96,24,1.8236486621478536,0.14058071615785556,0.708672629930687,0.6948825285883977,0.4701990934479774,0.1102651627124548,0.1528678936157873,0.06072443762865656,0.889792676408,2.757504647887707,-0.07841541474174088,0.35957684705745196,0.4050637981192309,1.0122814617421432,0.5742785539095706,0.8154865032672248,True
181,Oak,72,18,0.6331492467551232,-0.019875413966013014,0.9444281445178395,0.9787136344809942,0.09643716751475331,0.054270826455104115,0.08702500262564519,0.0346563750025089,0.4407118751443376,0.8255866183659089,-0.1281711620401941,0.08842033410816807,0.770772455520764,1.118083833514915,0.9095579148875059,1.0478693540744826,True
181,Pine,366,92,0.9355624920721988,-0.3341544679590368,1.3610257605605343,0.786482725975204,0.07146252905171223,0.039016435872458365,0.051278930870666144,0.023241971745712443,0.7950286550518951,1.0760963290925025,-0.41088180342802716,-0.25742713249004645,1.2601837527393607,1.4618677683817078,0.7407764864580035,0.8321889654924044,True
181,Spruce,6,1,3.133229965375255,0.015125580284596695,0.42703387376569024,0.9804322111807604,1.9607230831303855,0.20906996573943035,0.14920955718103798,0.2922741703401025,-5.3030805604339335,11.569540491184444,-0.8844298785016422,0.9146810390708355,-0.21496303473605538,1.0690307822674359,-0.2771220456527568,2.2379864680142774,True
182,Alder,92,23,1.0152785688128512,0.05453511437522495,0.712634750026036,0.9971523555708367,0.1397748064216412,0.04586622357464383,0.08032222313597055,0.024975888597445667,0.7375055126523851,1.2930516249733173,-0.036614366872745156,0.14568459562319505,0.5530112100672141,0.872258289984858,0.9475180252959806,1.046786685845693,True
182,Aspen,53,13,0.8661542723716119,-0.05596365949398322,0.9082603070175401,0.9675121986281778,0.2979563259598778,0.15470138805369127,0.24324611718635109,0.05023759138610848,0.2673886179766334,1.4649199267665904,-0.3668477380762024,0.25492041908823593,0.4194389333920118,1.3970816806430684,0.8665559790056371,1.0684684182507187,True
182,Birch,96,24,2.071314485111101,0.17257650505290884,0.6408550525000007,0.6867278479971258,0.5400066246438616,0.1049538829687815,0.1476523108058227,0.06198256047053805,0.9988147168429626,3.1438142533792397,-0.03587096582227833,0.381023975928096,0.3476048183423408,0.9341052866576607,0.5636251327569942,0.8098305632372574,True
182,Oak,72,18,0.7023638856377709,-0.009736335511968564,0.9148124119509244,0.9664090836105046,0.10743322035059484,0.057635283307227704,0.0905239775552665,0.0355368955210629,0.48798423222470244,0.9167435390508393,-0.12474575270569853,0.1052730816817614,0.7341746271899376,1.0954501967119112,0.8954963126787552,1.037321854542254,True
182,Pine,366,92,0.8814830219446718,-0.3500835492359503,1.4003205611321587,0.7841106648436033,0.06660083186330107,0.04011252018147036,0.053518213484080854,0.022774237090241,0.7505099011400486,1.0124561427492949,-0.42896637704039575,-0.27120072143150487,1.2950749171395266,1.505566205124791,0.7393242436803433,0.8288970860068632,True
182,Spruce,6,1,3.7025227489064427,0.082545283451417,0.4015132732122319,0.894106259340008,2.738093554994414,0.2279101823602768,0.16524378448284413,0.33582559589117444,-8.078542959653687,15.483588457466572,-0.8980730848065734,1.0631636517094074,-0.30947334715819835,1.1124998935826622,-0.5508346575229872,2.339047176203003,True
183,Alder,92,23,0.8247363763678696,-0.07476686614489635,0.887702424924671,1.0150111519043397,0.1279994678709624,0.05635351988625849,0.0965123602776668,0.031889808603108125,0.5703643311641231,1.079108421571616,-0.18675764506241957,0.03722391277262688,0.6959043895139294,1.0795004603354126,0.9516368584759771,1.0783854453327022,True
183,Aspen,53,13,0.8677030385254565,-0.03978742307164877,0.8999559779810729,0.9589947380637833,0.248755232715363,0.13144386065711136,0.2067993914946215,0.04174845004864281,0.36781068275434164,1.3675953942965713,-0.3039337505208461,0.22435890437754852,0.48437704178008634,1.3155349141820594,0.8750980866575038,1.0428913894700629,True
183,Birch,96,24,1.4117992742639769,0.0004464250447245438,0.8572331005105166,0.7643325637071133,0.3168481072963288,0.09256877153288103,0.13037311413258995,0.05231249293712886,0.7825115838108748,2.041086964717079,-0.18340314547370573,0.18429599556315485,0.5983008424334717,1.1161653585875615,0.660435437279079,0.8682296901351476,True
183,Oak,72,18,0.7350575243524882,0.00919683055925874,0.8775029218293692,0.9688766695926818,0.096155899702525,0.04110267743078968,0.07831946139473929,0.03295010453536693,0.5431814139224154,0.926933634782561,-0.07282228525246469,0.09121594637098217,0.7212188698898478,1.0337869737688905,0.9031257597049915,1.034627579480372,True
183,Pine,366,92,0.858005703486104,-0.3600591082421816,1.4232072440926495,0.7800051728898192,0.06574573966258294,0.03745535512028291,0.050204138273787294,0.02351510765567331,0.7287141546824675,0.9872972522897406,-0.43371651782255694,-0.2864016986618063,1.3244788576286364,1.5219356305566627,0.7337618010045905,0.8262485447750478,True
183,Spruce,6,1,3.839149822352205,0.15464797317681125,0.3880040390736264,0.8281752533443562,2.369104546836616,0.20410823651573698,0.1396581706439631,0.2935238195421518,-6.354284323029903,14.032583967734313,-0.7235588878210902,1.0328548341747128,-0.21289657007199098,0.9889046482192438,-0.4347558100395209,2.0911063167282333,True
184,Alder,92,23,0.9677025366284442,0.017551190711536213,0.7720784877707657,0.9916741222328919,0.13361051632898374,0.04803889363546958,0.08276105771776832,0.027526150130844928,0.7021797116929953,1.233225361563893,-0.07791601572793504,0.11301839715100746,0.6076082765655373,0.9365486989759941,0.9369716830600425,1.0463765614057412,True
184,Aspen,53,13,0.7160888230475163,-0.12752069755861087,0.9602166556973223,1.0422357158661497,0.27544299682734,0.1697411061484528,0.25451948662123564,0.07130786046941684,0.1625653973826261,1.2696122487124066,-0.4686282211974674,0.21358682608024562,0.4487405980164403,1.4716927133782043,0.8989372052541427,1.1855342264781568,True
184,Birch,96,24,1.960429420068561,0.112765872799519,0.671414874263146,0.7317309827567171,0.4410418840731998,0.09436574358684342,0.1355901428750841,0.05648968323094698,1.0844821689084325,2.8363766712286895,-0.07465263932722957,0.30018438492626753,0.40212114678549277,0.9407086017407993,0.6195375958428296,0.8439243696706046,True
184,Oak,72,18,0.7270080472705228,0.01025750023394675,0.8810452330417453,0.968212810694384,0.08637669076878329,0.03545270362158965,0.064377933092533,0.028418351037554614,0.5546460444416927,0.8993700500993529,-0.060487268378125694,0.0810022688460192,0.7525810676859266,1.009509398397564,0.9115048741164767,1.0249207472722914,True
184,Pine,366,92,0.9446864782566692,-0.359390299670657,1.425203882146677,0.7505652446843026,0.06927248363803161,0.03726941028559345,0.048770836489761056,0.022499575216118683,0.8084594505435276,1.0809135059698107,-0.4326820415166297,-0.2860985578246843,1.3292941392709912,1.521113625022363,0.7063189567568209,0.7948115326117844,True
184,Spruce,6,1,1.2154888946905702,-0.1460774917797046,0.4284421638175632,1.4080696646464521,1.4859318494938745,0.3152183746458514,0.15777833775585762,0.5829746928628792,-5.177959833676685,7.608937623057826,-1.502352691900058,1.210197708340649,-0.2504232318145974,1.107307559449724,-1.100267988943785,3.916407318236689,True
185,Alder,92,23,0.8372287801370522,-0.0786099889299771,0.929717224889314,0.9783192966656048,0.13512761453139052,0.056255687291610505,0.09968510511992748,0.03361615868969675,0.5686910413200068,1.1057665189540975,-0.19040634612370627,0.033186368263752056,0.7316140258098525,1.1278204239687755,0.9115142452070142,1.0451243481241954,True
185,Aspen,53,13,0.8517515112448908,-0.061757456523992824,0.9224043876647566,0.9656605063163994,0.2563286287630626,0.13740195135865005,0.2154694527028908,0.047769494029250695,0.3366398463153464,1.3668631761744352,-0.33787701550757226,0.2143621024595866,0.48940231115523736,1.3554064641742758,0.8696641140250242,1.0616568986077748,True
185,Birch,96,24,1.6090707956583645,0.03510929178150758,0.8208778871353082,0.7225685778907046,0.3717179465633667,0.08754663879182867,0.12724847539374798,0.05447665786409871,0.8708068682236906,2.3473347230930384,-0.13876588961800634,0.20898447318102154,0.5681514313028928,1.0736043429677236,0.61437323311359,0.8307639226678192,True
185,Oak,72,18,0.7163702220548065,0.0026309727833107757,0.9118586031126993,0.951479236287343,0.08666477469201504,0.041346960221711825,0.08014929791769784,0.03625272386998712,0.5434333567075231,0.8893070874020899,-0.07987560174818077,0.08513754731480232,0.7519231692420186,1.07179403698338,0.8791380521250787,1.0238204204496073,True
185,Pine,366,92,0.9490769978078658,-0.3880764129954197,1.4474824329777132,0.7561927291829832,0.06718106073080087,0.03644527885998304,0.049089670318850843,0.021705674372966242,0.8169628344151656,1.081191161200566,-0.45974746840632047,-0.3164053575845189,1.350945691002381,1.5440191749530454,0.713507678076845,0.7988777802891214,True
185,Spruce,6,1,8.33889905980698,0.0814749656089188,1.149597057521903,-0.029001655226755803,9.258108734668205,0.20583572861257618,0.7148869850163588,0.9675856909719628,-31.495527759236868,48.17332587885083,-0.8041646939749764,0.9671146251928139,-1.9263133799829781,4.225507495026784,-4.192186869702199,4.1341835592486875,True
186,Alder,92,23,0.7186856544697988,-0.12396231344295387,0.9857172227885955,1.0138285801004157,0.11934950920810874,0.058325530473800055,0.10004914351293913,0.03547900807564679,0.48150358444795005,0.9558677244916476,-0.2398720490144382,-0.008052577871469527,0.7868905739002925,1.1845438716768986,0.9433215069374196,1.0843356532634116,True
186,Aspen,53,13,0.9168405157396636,-0.05227257939665493,0.9070203049140982,0.9490228468508537,0.3214401523962654,0.16943187371990165,0.26428752915529746,0.051446105757025566,0.2708823452650797,1.5627986862142476,-0.3927586772045777,0.28821351841126785,0.37591463084154053,1.438125978986656,0.8456380266748031,1.0524076670269042,True
186,Birch,96,24,1.9729648308250758,0.11517549135363792,0.7550774454726238,0.6478704598952694,0.4630674541908532,0.09742524082617425,0.1335230787150157,0.0586429819520103,1.053272896231228,2.8926567654189235,-0.07831944637689536,0.3086704290841712,0.48988908583954244,1.0202658051057052,0.5314004358551696,0.7643404839353691,True
186,Oak,72,18,0.6656727657417064,-0.01546564305487424,0.9388199824955133,0.965044348828256,0.10772155460059321,0.06789307535108954,0.1123419161641834,0.03575581501786867,0.4507177502908991,0.8806277811925137,-0.15094416557719875,0.12001287946745026,0.7146451790925892,1.1629947858984375,0.8936947308421465,1.0363939668143656,True
186,Pine,366,92,0.8278943630207246,-0.33890433685783816,1.3844883652514972,0.8065370967529809,0.06122133628426044,0.03818777324628496,0.050813863003041526,0.021796181371613,0.7075002290640099,0.9482884969774393,-0.4140020751099822,-0.2638065986056941,1.2845609314424586,1.4844157990605358,0.7636740601212001,0.8494001333847617,True
186,Spruce,6,1,3.1332299653752567,0.015125580284598003,0.4270338737656877,0.9804322111807614,1.960723083127696,0.2090699657390526,0.14920955718087298,0.2922741703397993,-5.303080560422359,11.569540491172873,-0.8844298785000155,0.9146810390692115,-0.21496303473534795,1.0690307822667233,-0.27712204565145127,2.237986468012974,True
187,Alder,92,23,0.7629376795891196,-0.07991939003876547,0.9263347013866614,1.0085714304802458,0.12181019950271121,0.053692111347497344,0.09456444865510315,0.03127664896073945,0.5208655046843189,1.0050098544939203,-0.18662117874103354,0.0267823986635026,0.7384077310010275,1.1142616717722953,0.9464156629946859,1.0707271979658055,True
187,Aspen,53,13,0.8927812925588174,-0.04620212791153418,0.9005175764710531,0.9556904875821982,0.2562429846937111,0.12431043561949631,0.1942953274513289,0.046864687761549347,0.3778417358302488,1.407720849287386,-0.2960133010492226,0.2036090452261542,0.5100664977349456,1.2909686552071606,0.8615123715607949,1.0498686036036016,True
187,Birch,96,24,1.7127008376292814,0.12226961691447924,0.7240108843015453,0.7154061381669725,0.42417396144518005,0.10471521387166051,0.1493313486206309,0.0590668874078911,0.8702547367960531,2.5551469384625096,-0.08570383653263686,0.33024307036159534,0.4274259361142512,1.0205958324888393,0.598094201301267,0.832718075032678,True
187,Oak,72,18,0.6794823024785112,-0.0013021627308362805,0.9218920317977803,0.9603050004159036,0.09075951377137143,0.03946173372733136,0.07162344913599455,0.035476481127961715,0.49837451251606046,0.8605900924409619,-0.0800468263640832,0.07744250090241064,0.7789696642850575,1.064814399310503,0.8895127845285988,1.0310972163032084,True
187,Pine,366,92,0.8608113835485012,-0.32622123971013184,1.3557362047456698,0.8082690042220791,0.06355852907130842,0.03710368068622258,0.049320630305789516,0.02259543849959141,0.7358210692637386,0.9858016978332638,-0.39918706786656005,-0.2532554115537036,1.258745270991886,1.4527271384994536,0.7638341974269537,0.8527038110172046,True
187,Spruce,6,1,2.6121124918460104,0.06272139282366289,0.4020185394173959,1.0125987502272393,1.7785230260746974,0.21142367942626128,0.15365970770074489,0.31010585583474837,-5.040254461121728,10.26447944481375,-0.8469612785821423,0.972404064229468,-0.25912582136552537,1.0631629002003171,-0.32167905687489906,2.3468765573293777,True
188,Alder,92,23,0.7134468636215198,-0.12041478745344567,1.0166298223879353,0.9855327300496678,0.11731371018458767,0.05759280624642734,0.10024598681703585,0.03428048066223617,0.48031051636594757,0.946583210877092,-0.23486838759415596,-0.005961187312735372,0.817411988796441,1.2158476559794296,0.917407478268065,1.0536579818312706,True
188,Aspen,53,13,0.9226651402315709,-0.04079075286493454,0.9142387833666076,0.933647552092343,0.2969182057661955,0.14973149430359783,0.23107151460660202,0.055913627752296025,0.32598566647098015,1.5193446139921616,-0.3416874560358026,0.2601059503059335,0.4498831896072327,1.3785943771259825,0.8212849103432667,1.0460101938414192,True
188,Birch,96,24,1.6774769719975824,0.02447174321547527,0.8392609075464179,0.7034584945809175,0.3716994076019314,0.08736300204655091,0.12407021349000613,0.05448692150470194,0.9392498645405456,2.415704079454619,-0.14903871975695307,0.1979822061879036,0.5928467541927112,1.0856750609001247,0.5952427653276386,0.8116742238341963,True
188,Oak,72,18,0.6919591835601167,0.0003567899942868497,0.881824708355368,0.9925557400718323,0.054568620797111354,0.023021633212238476,0.04159420859285945,0.0190945294164743,0.5830691961285045,0.8008491709917288,-0.045582163831508454,0.046295743820082155,0.7988247573809047,0.9648246593298312,0.9544531998609846,1.03065828028268,True
188,Pine,366,92,0.8733729296166597,-0.3733591271306948,1.4246336736445329,0.7861024412011228,0.06594051834190698,0.03781310618703586,0.05087276876104805,0.023159504191962943,0.7436983409802831,1.0030475182530363,-0.44772006806905656,-0.29899818619233304,1.3245903993760941,1.5246769479129716,0.7405583773291435,0.8316465050731021,True
188,Spruce,6,1,7.554501751736887,0.46031316838051034,0.11313196179136142,0.6171961481576711,22.53463631814434,1.309328114030026,0.9796975586738171,1.1493978983033997,-89.40421271523667,104.51321621871045,-5.173271015518682,6.093897352279703,-4.102166413313184,4.328430336895907,-4.32826385648446,5.562656152799802,True
189,Alder,92,23,0.9232768127369384,-0.02877480302141353,0.8575455624476339,0.9699022660324209,0.13040438612986843,0.054860125500783646,0.09436421769321111,0.028199039016084775,0.6641254978515205,1.1824281276223563,-0.13779777441248683,0.08024816836965977,0.6700165090231934,1.0450746158720745,0.913862601597777,1.025941930467065,True
189,Aspen,53,13,0.9649901870558264,-0.021209837089553752,0.8482412383704745,0.9600199022771189,0.3449787197838937,0.1623848190152723,0.2568135453446991,0.05401779240852906,0.2717294944415667,1.658250879670086,-0.3475343482683583,0.30511467408925075,0.3321550970864001,1.364327379654549,0.851467084288551,1.0685727202656867,True
189,Birch,96,24,1.5640904991188416,0.06435367909424204,0.8429309725254649,0.6911697737135439,0.4157306515883572,0.11574444071847052,0.16682786097281782,0.05895473019944178,0.7384135404620278,2.3897674577756556,-0.1655247708798735,0.29423212906835755,0.511596440561126,1.1742655044898038,0.574080590744887,0.8082589566822008,True
189,Oak,72,18,0.6517104422543424,-0.010553071853997543,0.9128971048429226,0.9914367952430811,0.0643787985866053,0.0287404828537057,0.051207227817685476,0.024281321465177454,0.523244549831992,0.7801763346766928,-0.0679038124628594,0.04679766875486431,0.8107146726680813,1.015079537017764,0.942984172645259,1.0398894178409033,True
189,Pine,366,92,0.8611690492827628,-0.3718636944129576,1.4330242219804699,0.7811259932674773,0.06192841341440996,0.03663428003190787,0.049054784040523956,0.021630592054831473,0.739384420706171,0.9829536778593546,-0.4439064279640584,-0.2998209608618568,1.3365560852254916,1.529492358735448,0.7385885944540844,0.8236633920808702,True
189,Spruce,6,1,2.612112491845988,0.06272139282366025,0.4020185394173972,1.0125987502272429,1.7785230260722167,0.21142367942626522,0.15365970770089937,0.3101058558341689,-5.040254461111077,10.264479444803055,-0.8469612785821617,0.9724040642294823,-0.2591258213661888,1.0631629002009833,-0.32167905687240217,2.3468765573268877,True
190,Alder,92,23,1.0191524105922758,-0.008368585835874343,0.8085419209427326,0.9672182735434705,0.13466667776234845,0.048152385927374156,0.08492060673961602,0.02868804919248124,0.7515306867446758,1.2867741344398758,-0.10406133435678401,0.08732416268503533,0.6397800598537802,0.977303782031685,0.9102068041414745,1.0242297429454663,True
190,Aspen,53,13,0.9296706448626312,-0.03860380055489188,0.8555494259896506,0.9782377523482617,0.2925366018120949,0.13868674647651874,0.21698536971024732,0.05501442127751378,0.3417963339071086,1.5175449558181537,-0.3173052519921248,0.24009765088234103,0.41950100020060455,1.2915978517786966,0.8676821336639741,1.0887933710325493,True
190,Birch,96,24,1.7503274885378133,0.053178108513604605,0.7999774054655662,0.6988034523016163,0.40735054278185046,0.09245448677433253,0.13188734043166248,0.054995184459080006,0.9412941493161642,2.5593608277594626,-0.13044448260963645,0.23680069963684566,0.5380377632551658,1.0619170476759665,0.5895782689492342,0.8080286356539985,True
190,Oak,72,18,0.6484911693600081,-0.00043780184150683956,0.9247483794427199,0.9701305489606021,0.08653403229154102,0.03861040125605043,0.06883960088874033,0.032904723055016925,0.4758151964108911,0.821167142309125,-0.07748365797799528,0.0766080542949816,0.7873810946172084,1.0621156642682315,0.9044701964070125,1.0357909015141917,True
190,Pine,366,92,0.8437288082280672,-0.34338266185483346,1.386538798614103,0.8031423305423505,0.06276398304114451,0.037437736967980875,0.04964879608479765,0.022442903014675823,0.7203009995499475,0.9671566169061868,-0.4170054246549021,-0.26975989905476483,1.288902514118962,1.4841750831092437,0.7590074906985965,0.8472771703861045,True
190,Spruce,6,1,8.338899059806993,0.08147496560892399,1.1495970575218886,-0.02900165522674764,9.25810873445075,0.2058357286100981,0.714886985010744,0.9675856909543439,-31.49552775830123,48.17332587791521,-0.8041646939643089,0.9671146251821569,-1.9263133799588341,4.225507495002612,-4.192186869626383,4.134183559172888,True
191,Alder,92,23,0.7162621108441185,-0.14745461662622178,1.0162112172512823,1.0073379939548304,0.10847600319772868,0.05585596201470446,0.09797289184715495,0.03336429279406583,0.5006888491118788,0.9318353725763582,-0.2584566038284387,-0.036452629424004845,0.8215106822552309,1.2109117522473336,0.9410334730379237,1.073642514871737,True
191,Aspen,53,13,0.9025313700935087,-0.02760016931165897,0.8598164216689269,0.9771527404826775,0.3094037557492849,0.15986072905546894,0.24929337359217288,0.0542002364618643,0.2807612442649621,1.5243014959220553,-0.3488523318109561,0.2936519931876381,0.358842631317688,1.3607902120201658,0.8682332874423657,1.0860721935229893,True
191,Birch,96,24,1.3464748657219092,0.04016084443951443,0.8217343387282869,0.7784524801723605,0.32512683525888564,0.09225888654219709,0.1323225857001654,0.05691160829357369,0.7007449069406122,1.9922048245032062,-0.14307326773908996,0.2233949566181188,0.5589302618455951,1.0845384156109787,0.6654211136648113,0.8914838466799097,True
191,Oak,72,18,0.7362021818680887,0.0013955554342438448,0.8960807369299354,0.9595882777856459,0.08430366624905714,0.03542497905671528,0.06342163717520205,0.028866705535455926,0.5679768350624645,0.9044275286737129,-0.06929388966998438,0.07208500053847207,0.7695248303664037,1.022636643493467,0.9019856637369097,1.0171908918343822,True
191,Pine,366,92,0.8540320765348783,-0.32907291090835045,1.3731740225727866,0.7983513390054968,0.06332720276499004,0.038280409331629475,0.05173703312581054,0.02229209836589371,0.7294966744098453,0.9785674786599113,-0.4043528216177634,-0.25379300019893747,1.2714311388867732,1.4749169062588001,0.7545130623566798,0.8421896156543138,True
191,Spruce,6,1,7.554501751735718,0.4603131683804396,0.11313196179141312,0.6171961481577314,22.53463631895025,1.3093281140740032,0.9796975587047797,1.1493978983444613,-89.4042127187054,104.51321622217682,-5.1732710157079715,6.093897352468851,-4.102166413446354,4.32843033702918,-4.328263856661073,5.562656152976536,True
192,Alder,92,23,0.8488202511907266,-0.02754570125045121,0.8562330482416267,0.9984730270143336,0.11764216330939119,0.0498958375468933,0.08432248600030896,0.02785325689617623,0.6150311723691603,1.082609330012293,-0.12670319350465475,0.07161179100375234,0.6886598264358446,1.0238062700474089,0.9431205318820237,1.0538255221466435,True
192,Aspen,53,13,0.6873475918463461,-0.13233261921806241,0.972044802134539,1.0418145531415686,0.18236383206744022,0.11360957662340886,0.16791797505011055,0.052983650412130746,0.3208737507756231,1.053821432917069,-0.3606396111012018,0.09597437266507697,0.6346009976049514,1.3094886066641267,0.9353399213006381,1.148289184982499,True
192,Birch,96,24,1.2753937016498753,-0.04273324109970956,0.9583524132661214,0.7456712612901263,0.3484392277097984,0.1043170465201139,0.16093430075440873,0.05652165676677211,0.5833633192064257,1.967424084093325,-0.24991589981806228,0.16444941761864318,0.6387230006096923,1.2779818259225504,0.6334143721742319,0.8579281504060207,True
192,Oak,72,18,0.6612919198425334,-0.004262417078653758,0.9225493176970646,0.9703623165293929,0.08627520756632145,0.03881198698384369,0.069406107661617,0.03199320545953661,0.489132423591278,0.8334514160937889,-0.08171053127197331,0.0731856971146658,0.784051586206833,1.061047049187296,0.906520869018036,1.0342037640407498,True
192,Pine,366,92,0.83902078212799,-0.3727849214719886,1.425138287817638,0.7971244170954842,0.061381421929991846,0.036389590248802464,0.04969820454254995,0.022002510130513787,0.7183118335356188,0.9597297307203613,-0.444346463067588,-0.3012233798763892,1.327404839672661,1.522871735962615,0.753855626951188,0.8403932072397804,True
192,Spruce,6,1,3.70252274890647,0.0825452834514197,0.4015132732122297,0.8941062593400054,2.7380935549845926,0.22791018235967345,0.16524378448280524,0.33582559588989613,-8.0785429596114,15.48358845742434,-0.8980730848039746,1.0631636517068142,-0.30947334715803326,1.1124998935824926,-0.5508346575174897,2.3390471761975005,True
193,Alder,92,23,0.851606024206154,-0.06733158038091161,0.910870491557381,0.9819104459064124,0.12007594591784913,0.053146684867759454,0.09221455192927328,0.029358490121636955,0.6129803138735969,1.0902317345387111,-0.17294944856798602,0.038286287806162805,0.7276134471183887,1.0941275359963734,0.9235666160409373,1.0402542757718876,True
193,Aspen,53,13,0.9067918242651698,-0.038123523457230156,0.8966353033352584,0.9527443846473485,0.29949395598727685,0.14638808399492675,0.228049435668928,0.053456504937155015,0.30493618664326383,1.5086474618870758,-0.33230139206423015,0.2560543451497699,0.43835280457368314,1.3549178020968338,0.8453195160621648,1.0601692532325322,True
193,Birch,96,24,1.827942396919211,0.08285253541201103,0.7538601676629761,0.7017008679491736,0.43268418829023697,0.09472893235735504,0.13748681756885717,0.05488369856664633,0.968594250994865,2.687290542843557,-0.10528730096232096,0.270992371786343,0.4807994805283127,1.0269208547976396,0.592697105202287,0.8107046306960602,True
193,Oak,72,18,0.6762785153633921,-0.008866508098283073,0.9191257683148736,0.9720567662615633,0.09241626074367337,0.04075086545564461,0.0731854383140749,0.03219366886810075,0.4918647382904724,0.8606922924363118,-0.09018359404389954,0.0724505778473334,0.7730864999260618,1.0651650367036853,0.9078153002465281,1.0362982322765986,True
193,Pine,366,92,0.8709860831356728,-0.339718303109316,1.3826095279760595,0.7948182933493153,0.06384151911770412,0.036294684515993623,0.04831849113923666,0.021960133119060223,0.7454392579411191,0.9965329083302266,-0.41109320889781714,-0.26834339732081486,1.287589339788838,1.477629716163281,0.7516328392428008,0.8380037474558298,True
193,Spruce,6,1,3.8391498223522307,0.15464797317681364,0.38800403907362585,0.8281752533443527,2.3691045468666285,0.2041082365177274,0.1396581706443651,0.2935238195455703,-6.35428432315901,14.03258396786347,-0.7235588878296518,1.032854834183279,-0.21289657007372115,0.9889046482209729,-0.434755810054233,2.0911063167429385,True
194,Alder,92,23,0.794004536993776,-0.05154593618551211,0.8974897457543844,1.0008694764323902,0.11493195916522661,0.04917933231426227,0.08562734589749844,0.02983561231224018,0.5656014193995315,1.0224076545880207,-0.14927952485280951,0.046187652481785295,0.727323389099893,1.067656102408876,0.9415774664732433,1.0601614863915372,True
194,Aspen,53,13,0.8332388570934378,-0.049331930549672026,0.8931683878529842,0.9883082162149973,0.2768747120985913,0.149902285563698,0.2330685301377214,0.050278911295251145,0.27683829187282116,1.3896394223140545,-0.35057185160755544,0.25190799050821133,0.4247996411341094,1.3615371345718592,0.887268961126243,1.0893474713037516,True
194,Birch,96,24,1.716513800060133,0.059523257701731044,0.7242883970732393,0.7760256993160326,0.40305212229618725,0.08883057847904033,0.13081425581898903,0.061564904169552244,0.916017494949562,2.517010105170704,-0.11690193874234449,0.23594845414580656,0.4644799935290005,0.9840968006174782,0.6537524855404773,0.8982989130915879,True
194,Oak,72,18,0.7558993468907973,0.020290709656466795,0.8626877162510226,0.9641873583353705,0.07764427083934079,0.0312907786550655,0.05572788137212476,0.02534046728262825,0.6009626167273685,0.9108360770542261,-0.04214906698996451,0.0827304863028981,0.7514844603585397,0.9738909721435055,0.9136212431649714,1.0147534735057695,True
194,Pine,366,92,0.8488195130328142,-0.4116438453954829,1.4823163700817061,0.77774984208598,0.06133690003787894,0.03723556019825007,0.04982016344854047,0.02140458457943698,0.7281981184692894,0.969440907596339,-0.48486901973088803,-0.3384186710600777,1.3843430850145675,1.5802896551488448,0.7356568957448677,0.8198427884270922,True
194,Spruce,6,1,7.554501751738305,0.46031316838059866,0.11313196179129466,0.6171961481575997,22.534636316723745,1.309328113944428,0.9796975586102954,1.1493978982324673,-89.40421270912293,104.51321621259953,-5.173271015150295,6.093897351911492,-4.102166413039939,4.328430336622528,-4.328263856179334,5.562656152494534,True
195,Alder,92,23,0.7326297557983557,-0.13162119378666917,1.0168250448260168,0.9878491648477695,0.12300644237767885,0.05828036118363817,0.10277803622984812,0.03465668865799893,0.4881802995522553,0.977079212044456,-0.24744116488561319,-0.015801222687725172,0.8125752950991889,1.2210747945528446,0.9189762787291189,1.0567220509664201,True
195,Aspen,53,13,0.979826063534205,-0.014245768158104981,0.8420870285214961,0.954309165422759,0.34468129911686274,0.16022148789929097,0.2506765999157557,0.052478631462649396,0.2871630601274211,1.6724890669409889,-0.3362229026965222,0.3077313663803123,0.3383335408030398,1.3458405162399525,0.8488494071569874,1.0597689236885306,True
195,Birch,96,24,1.7240205062038911,0.08971678338137037,0.7758933647793863,0.6949077324515258,0.4139556531122669,0.0951641668388962,0.13607410066730738,0.05711714706953263,0.9018688477330494,2.546172164674733,-0.09928746624141582,0.27872103300415657,0.5056384553526165,1.046148274206156,0.5814681481934417,0.8083473167096099,True
195,Oak,72,18,0.7360236292127608,0.005970745356097841,0.8877365015937705,0.9628275008378071,0.08800198030627637,0.036056107479829895,0.06405718004001283,0.029865493194675637,0.5604184116072853,0.9116288468182362,-0.0659780969081979,0.0779195876203936,0.759912388988917,1.015560614198624,0.9032318370460024,1.0224231646296118,True
195,Pine,366,92,0.8230306149830273,-0.3518415891789931,1.412008805857295,0.7949972414006073,0.061133021274782415,0.03735759703593476,0.050382762084127286,0.022404062812753166,0.7028101559201783,0.9432510740458764,-0.4253067536922611,-0.2783764246657251,1.31292914873741,1.5110884629771801,0.75093878232142,0.8390557004797947,True
195,Spruce,6,1,3.7025227489064676,0.08254528345141843,0.4015132732122316,0.894106259340005,2.738093554996201,0.22791018236025118,0.16524378448280372,0.3358255958913606,-8.07854295966135,15.483588457474285,-0.8980730848064618,1.0631636517092986,-0.30947334715802477,1.1124998935824881,-0.5508346575237911,2.339047176203801,True
196,Alder,92,23,0.7943936597385325,-0.04194787920942003,0.8800281128324716,1.00822877064975,0.10917424378217903,0.04862577389005161,0.08402250529152464,0.02777084257845714,0.5774327915696008,1.0113545279074643,-0.13858138683069168,0.05468562841185162,0.7130510396489015,1.0470051860160419,0.9530400566557602,1.0634174846437396,True
196,Aspen,53,13,0.6358467211271509,-0.17936553677211886,1.041971247209406,1.0488449488962843,0.24306299999589595,0.16381536107844816,0.23351359428421467,0.08176294951162713,0.14739333527305393,1.124300106981248,-0.5085648298567533,0.1498337563125156,0.5727081106028042,1.5112343838160078,0.8845361502430702,1.2131537475494985,True
196,Birch,96,24,1.6323551194685229,-0.01799781364964955,0.8960700862901726,0.6922162865768731,0.37429230578789596,0.09002941157000341,0.13194524186192888,0.052844231478048946,0.8889782924030944,2.3757319465339513,-0.1968039960919951,0.16080836879269597,0.6340154468413882,1.1581247257389569,0.5872630815085218,0.7971694916452243,True
196,Oak,72,18,0.7060219542213868,-0.0010408746574926658,0.8996996221374997,0.9710353537045294,0.06972557190833321,0.030155784970800816,0.05483596904220083,0.028882175846019393,0.5668867417521304,0.8451571666906432,-0.06121580666960471,0.05913405735461937,0.7902761495889392,1.00912309468606,0.9134018691317043,1.0286688382773546,True
196,Pine,366,92,0.8753062172695683,-0.35665241454263136,1.4076496732404062,0.7858474149882418,0.06419709610591723,0.03665150232444189,0.049278775500560736,0.022051212552462972,0.7490601361268581,1.0015522984122784,-0.4287290164004407,-0.284575812684822,1.3107410485855948,1.5045582978952177,0.7424828496409194,0.8292119803355643,True
196,Spruce,6,1,3.702522748906474,0.08254528345141944,0.401513273212231,0.8941062593400041,2.738093554971719,0.2279101823587874,0.16524378448257498,0.3358255958884632,-8.078542959556007,15.483588457368953,-0.8980730848001627,1.0631636517030016,-0.30947334715704117,1.1124998935815031,-0.5508346575113255,2.339047176191334,True
197,Alder,92,23,0.8313939245693717,-0.08142310197518249,0.9151739981941781,0.995302171744354,0.13643655033509103,0.055193504024045215,0.09663571708531818,0.03283383715098822,0.5602549508959176,1.1025328982428257,-0.19110859312668588,0.0282623891763209,0.7231308170498331,1.107217179338523,0.930051819950678,1.06055252353803,True
197,Aspen,53,13,0.8494870415382278,-0.04969341591524267,0.9388590136823134,0.9450674942033375,0.26506160606677087,0.14047028831099548,0.21991983443258456,0.052484178238257656,0.31682580167273966,1.382148281403716,-0.3319790288574241,0.23259219702693873,0.49691356025302913,1.3808044671115978,0.8395965892746575,1.0505383991320174,True
197,Birch,96,24,1.4090934231418066,0.006670403479968469,0.8400985632311003,0.7759290489948014,0.3443746620138161,0.09355999790363147,0.13453371028959354,0.0564451626980677,0.7251356190114964,2.0930512272721167,-0.1791478281704104,0.19248863513034734,0.5729030020562711,1.1072941244059296,0.6638240837020888,0.888034014287514,True
197,Oak,72,18,0.6862424423240542,-0.009932591042355611,0.9319760446989785,0.9573917442167934,0.09279293920670163,0.03915462641639921,0.07209158783358384,0.03744859652598349,0.5010770150810229,0.8714078695670855,-0.08806443157802246,0.06819924949331124,0.7881195209596163,1.0758325684383407,0.8826642333235418,1.032119255110045,True
197,Pine,366,92,0.8527079869010179,-0.37235889248093407,1.4259961747645358,0.7925996629062249,0.062158090220742916,0.03697519688447564,0.04994470893998022,0.021876903749215495,0.730471689970439,0.9749442838315968,-0.4450720522544481,-0.29964573270742,1.327777966154558,1.5242143833745136,0.7495778825858507,0.835621443226599,True
197,Spruce,6,1,1.2154888946906137,-0.14607749177969628,0.4284421638175619,1.408069664646435,1.4859318494955376,0.3152183746460876,0.1577783377558037,0.5829746928636562,-5.177959833683798,7.608937623065025,-1.5023526919010661,1.2101977083416735,-0.2504232318143667,1.1073075594494906,-1.1002679889471452,3.916407318240015,True
198,Alder,92,23,0.7200280681892952,-0.13383286782253564,1.0238378028231396,0.9883461439934133,0.11714583296256637,0.058278954175570004,0.10177368459036815,0.03599050127238668,0.487225341635582,0.9528307947430084,-0.24965004278860603,-0.018015692856465246,0.8215839909301769,1.2260916147161023,0.9168225855846059,1.0598697024022206,True
198,Aspen,53,13,0.7279568494139244,-0.0947998473493776,0.9915013626219734,0.9809437804099499,0.21707765218551928,0.12830456505357077,0.20215641822086228,0.04838891139963689,0.29172297504775085,1.164190723780098,-0.35263752409167104,0.1630378293929158,0.5852528305385863,1.3977498947053606,0.8837026223095988,1.078184938510301,True
198,Birch,96,24,1.5656831859646279,0.05375021521311966,0.7921758238049093,0.7422537601563826,0.3862926593425182,0.0915133689177708,0.13313918320683873,0.0590730577409918,0.7984726209057883,2.3328937510234673,-0.12800323461256577,0.23550366503880507,0.5277499137877572,1.0566017338220615,0.6249295684765347,0.8595779518362304,True
198,Oak,72,18,0.6491300570309209,-0.009875331595887077,0.9266467956817287,0.9778134517085235,0.090755589137172,0.03959241950800711,0.07165328306914626,0.03351384898212698,0.46803009855408234,0.8302300155077593,-0.08888077464425212,0.06913011145247797,0.7836648954822993,1.069628695881158,0.9109376072920574,1.0446892961249896,True
198,Pine,366,92,0.8681339599687581,-0.36378828190456086,1.4261308737620804,0.7782347867291446,0.06371685708076891,0.03600230771177,0.04794884116965284,0.022021097308876834,0.742832287508284,0.9934356324292322,-0.4345882173596787,-0.29298834644944305,1.3318376165870887,1.520424130937072,0.7349294441771824,0.8215401292811068,True
198,Spruce,6,1,3.8391498223522267,0.1546479731768134,0.38800403907362574,0.8281752533443533,2.369104546889968,0.20410823651927298,0.13965817064463895,0.2935238195483164,-6.354284323259437,14.03258396796389,-0.7235588878363022,1.032854834189929,-0.21289657007489965,0.9889046482221511,-0.43475581006604813,2.091106316754755,True
199,Alder,92,23,0.7742313432756506,-0.09406771548962255,0.949623788777163,0.9982534119542777,0.12845138381940202,0.05840852463877721,0.10000761209368914,0.03439149520985325,0.5189612100878145,1.0295014764634867,-0.2101423845240061,0.02200695354476101,0.7508796748574076,1.1483679026969185,0.9299075420873467,1.0665992818212089,True
199,Aspen,53,13,0.7161964562146251,-0.1292479878336923,0.9725532674754988,1.0276336436209248,0.2335627957932342,0.13840379814685685,0.20341718041354126,0.06559653208666459,0.24683444547386835,1.1855584669553818,-0.40738083331424957,0.148884857646865,0.5637711389097952,1.3813353960412023,0.89581247709801,1.1594548101438396,True
199,Birch,96,24,1.7992608593836066,0.09340362028323462,0.7495290053413624,0.7022477385757325,0.43895060101349437,0.10242387306376426,0.14328585406713842,0.05759902116924027,0.9274670768932306,2.6710546418739827,-0.11001903253784698,0.2968262731043162,0.4649509311659623,1.0341070795167624,0.5878511107617259,0.8166443663897391,True
199,Oak,72,18,0.6807561946057484,-0.00033476986147762985,0.9138111073577229,0.9671349339065827,0.08053228928707037,0.03448502892593788,0.06271305173626289,0.028596379456063158,0.5200565133564791,0.8414558758550178,-0.06914857368264614,0.06847903395969089,0.7886691610228579,1.038953053692588,0.91007174715063,1.0241981206625352,True
199,Pine,366,92,0.9026619104533317,-0.3012306050717065,1.3335010863582246,0.792515253469514,0.06853466242295066,0.038991356337119705,0.052144631243674334,0.022562348139334405,0.7678858367963399,1.0374379841103234,-0.3779086206610537,-0.22455258948235934,1.230956645153526,1.4360455275629231,0.7481455201521539,0.8368849867868742,True
199,Spruce,6,1,8.338899059807215,0.0814749656089266,1.1495970575219028,-0.029001655226770694,9.258108735140784,0.20583572861435814,0.7148869850424757,0.9675856910210182,-31.495527761269972,48.173325880884406,-0.8041646939826357,0.967114625200489,-1.9263133800953502,4.225507495139156,-4.192186869913282,4.134183559459741,True
200,Alder,92,23,0.851249745346109,-0.019261003688654094,0.8283721509661304,1.0118495083858308,0.12101209449056957,0.05420808914032236,0.09357248816326713,0.02836448145056826,0.6107636364430084,1.0917358542492097,-0.12698818982908128,0.0884661824517731,0.6424164936122351,1.0143278083200258,0.9554810618779248,1.0682179548937367,True
200,Aspen,53,13,0.870553385550858,-0.03710564581379396,0.8876668979470638,0.9723223165730169,0.30334188068774226,0.15834007651216542,0.2511102323580174,0.052624868046170496,0.26096505373655887,1.4801417173651572,-0.3553019426177907,0.2810906509902028,0.3830419932106225,1.3922918026835052,0.8665686848902389,1.078075948255795,True
200,Birch,96,24,2.108776149629498,0.09477382860185865,0.7397159158788843,0.6541275193478764,0.47134418508029596,0.09200887645003175,0.13275914989838786,0.05361765537103549,1.1726459130670412,3.0449063861919545,-0.08796374195359646,0.27751139915731377,0.47604478481563217,1.0033870469421364,0.5476382276684615,0.7606168110272913,True
200,Oak,72,18,0.68283239149778,-0.008296237758283401,0.9089253335746074,0.9797124622805151,0.06853593471478464,0.029575740204192524,0.05279557746491045,0.027496072839052862,0.5460710630879231,0.8195937199076369,-0.06731370845979012,0.05072123294322332,0.803573399026481,1.0142772681227337,0.9248449031938532,1.034580021367177,True
200,Pine,366,92,0.8568889778158795,-0.38459741587071156,1.452917723033851,0.7780713811898433,0.06125136523285638,0.03698893201625616,0.05052997965735467,0.021291519230843547,0.736435790766252,0.977342164865507,-0.4573375863139669,-0.3118572454274562,1.3535485568423307,1.5522868892253714,0.73620078224509,0.8199419801345966,True
200,Spruce,6,1,8.338899059807261,0.08147496560892603,1.1495970575219088,-0.029001655226777317,9.258108734266491,0.20583572860982893,0.7148869849983014,0.9675856909335214,-31.49552775750815,48.17332587712267,-0.8041646939631486,0.9671146251810008,-1.9263133799052776,4.225507494949095,-4.192186869536821,4.134183559083267,True
