iter,Species,n_train,n_test,a0,a_DBH_cm,a_H_m,a_BA_sq_m_sq_m,SE_a0,SE_a_DBH_cm,SE_a_H_m,SE_a_BA_sq_m_sq_m,CI95_lo_a0,CI95_hi_a0,CI95_lo_a_DBH_cm,CI95_hi_a_DBH_cm,CI95_lo_a_H_m,CI95_hi_a_H_m,CI95_lo_a_BA_sq_m_sq_m,CI95_hi_a_BA_sq_m_sq_m,success
1,Alder,92,23,1.9099991742178308,0.16488171148489325,-1.13414123284151,0.9571299294385454,1.053429156306051,0.2686289195819114,0.45827291584856755,0.1312105610214251,-0.18346991142683367,4.003468259862496,-0.3689618178007863,0.6987252407705729,-2.044862353833995,-0.22342011184902444,0.6963765113618556,1.217883347515235,True
1,Aspen,53,13,0.7770245562229251,0.4597617438592703,-0.8643834363208615,0.8835251477323318,0.4819344474140071,0.308780304718564,0.4571320891901555,0.18080856890730138,-0.19145897521982735,1.7455080876656774,-0.16075551021637685,1.0802789979349174,-1.783024762854553,0.05425789021283012,0.5201767249954432,1.2468735704692204,True
1,Birch,96,24,0.713883608148906,-0.6325198025670796,0.4499137570500444,0.5660559971180642,0.7675840909204564,0.4962229577913649,0.6523998244717212,0.2604567083938185,-0.8106046519375847,2.2383718682353964,-1.6180614291935276,0.3530218240593683,-0.8458086075145599,1.7456361216146488,0.048766492418970686,1.0833455018171576,True
1,Oak,71,18,0.05337027917876594,-0.3951661259004198,1.0631368213671437,0.7211397286005308,0.022846331328319053,0.15771239912496848,0.26120996681448677,0.10468245092411221,0.007768810988611263,0.09897174736892062,-0.7099613920872287,-0.08037085971361085,0.5417595454507578,1.5845140972835297,0.5121926820361598,0.9300867751649018,True
1,Pine,365,91,1.735754482306301,0.01572410186022647,-0.4168899863125547,0.696301863645946,0.3007016715977451,0.147045095214764,0.18171234452022994,0.07758413776538496,1.14440747941637,2.3271014851962315,-0.2734484720163707,0.30489667573682366,-0.7742376849441919,-0.05954228768091757,0.5437282278041959,0.8488754994876961,True
1,Spruce,6,1,8474.873517899468,2.894345410932697,-3.395624548957338,-1.2876020782015745,69697.3224411214,3.9289124084239857,4.133821203174063,3.344673618048188,-291408.5011359037,308358.24817170267,-14.010400287909807,19.7990911097752,-21.18202163287001,14.390772534955333,-15.678571150839282,13.103366994436133,True
2,Alder,92,23,1.9472606031030606,0.08674948773375785,-1.069650151574986,0.9655398491235456,1.032994700034611,0.27233044374541443,0.4491851372395478,0.11999304600495576,-0.10559929470003548,4.0001205009061565,-0.454450043006479,0.6279490184739946,-1.9623112222439372,-0.17698908090603516,0.7270788849476768,1.2040008132994144,True
2,Aspen,53,13,1.1282905595413135,0.4774050766502645,-0.8268691850307838,0.7116622705844222,0.6021504920576842,0.2967785121315047,0.4378436868136608,0.15323268144773408,-0.08177615832299567,2.3383572774056227,-0.11899367224126695,1.0738038255417959,-1.7067490157848868,0.05301064572331926,0.40372966842814273,1.0195948727407016,True
2,Birch,96,24,0.38457307729212864,-0.914133160203858,0.863344378963575,0.6363648290560199,0.45356404528749983,0.5444633012064957,0.7304616127703328,0.26364531342361663,-0.5162442669143774,1.2853904214986347,-1.9954842728121207,0.16721795240440462,-0.5874154352176378,2.3141041931447877,0.11274247953708283,1.159987178574957,True
2,Oak,71,18,0.062052717376255194,-0.37696874229075705,0.9950233572515419,0.7267060860056547,0.02861212560987634,0.19038234032194018,0.3306461048472902,0.1157807006935684,0.004942675632520897,0.1191627591199895,-0.7569734840322366,0.0030359994507225263,0.3350509697504267,1.654995744752657,0.4956068401863898,0.9578053318249196,True
2,Pine,365,91,1.866581188968495,-0.16990816975922196,-0.1351217452095726,0.5984249113863985,0.32536705353298107,0.14840767118367776,0.17831514986826907,0.07886718631136855,1.2267283044682717,2.506434073468718,-0.46176032706196274,0.12194398754351882,-0.4857886666277124,0.21554517620856722,0.4433280873355564,0.7535217354372407,True
2,Spruce,6,1,0.1429908208162349,-2.2671728915991665,0.15480634441264635,3.228658403739116,0.9467826041168599,2.5606829000285414,2.2218348884813555,3.4027779897078223,-3.930685935215994,4.216667576848463,-13.284902161293203,8.75055637809487,-9.404977603445781,9.714590292271074,-11.412313602227195,17.86963040970543,True
3,Alder,92,23,1.9732941976696128,0.22826521874297775,-1.3088552185671085,1.0518369095552076,1.0551379835866517,0.27394128230687803,0.45289545918200896,0.13064442290877123,-0.12357082311053658,4.070159218449762,-0.3161355151443349,0.7726659526302905,-2.2088897744275733,-0.40882066270664374,0.7922085720118895,1.3114652470985257,True
3,Aspen,53,13,0.9349471857337027,0.3791540221561857,-0.7832638875577822,0.8181323982889707,0.5543806581526122,0.33376834227092833,0.475839626762136,0.16953224497476208,-0.17912245683319694,2.0490168283006023,-0.29157857340914833,1.0498866177215198,-1.7394994183437906,0.1729716432282261,0.4774445968927608,1.1588201996851806,True
3,Birch,96,24,0.4052547332879021,-0.8220653262674233,0.8740692797061447,0.5376477361646586,0.45850465161893317,0.5169076748933104,0.7105282997282447,0.3031285506069323,-0.5053750815509059,1.31588454812671,-1.8486885865000502,0.2045579339652035,-0.5371012541906734,2.2852398136029626,-0.06439173047299784,1.1396872028023148,True
3,Oak,71,18,0.043864609937165525,-0.4082685475998325,1.1157143184111058,0.744505963369183,0.01965054570028965,0.16379423030162,0.26800647468532646,0.10687102578842379,0.004641956558231519,0.08308726331609953,-0.7352031996230093,-0.08133389557665566,0.5807711560063251,1.6506574808158865,0.5311905030922361,0.9578214236461298,True
3,Pine,365,91,1.9014945161800545,-0.17206557957003732,-0.1358898140347478,0.5986390773464094,0.3237152855362415,0.14973468368524478,0.17913302938946665,0.07645230176345226,1.264889927737354,2.538099104622755,-0.4665273827102275,0.12239622357015284,-0.48816514222035057,0.21638551415085494,0.4482912616138377,0.7489868930789811,True
3,Spruce,6,1,169.93139850273013,-1.5219590617648189,4.339799258049161,-3.3526709561866963,742.521353771347,1.8377743760498113,2.909497546744924,2.5921754212095593,-3024.8801311592306,3364.742928164691,-9.429263997441163,6.385345873911525,-8.178758303497116,16.858356819595436,-14.505901608105253,7.800559695731861,True
4,Alder,92,23,1.609054005255619,-0.0799473597306793,-0.8325858788486785,0.9481316012647011,0.8265853107177408,0.2692191493452516,0.4430992392422805,0.12050455852619234,-0.03361060515206993,3.251718615663308,-0.6149638466429667,0.455069127181608,-1.7131525061092638,0.047980748411906915,0.7086541134396447,1.1876090890897575,True
4,Aspen,53,13,1.1122111538747443,0.47022806455811944,-0.8371764586289039,0.731195068955258,0.5919423795654174,0.2903950954820535,0.4226117357450435,0.1543275953497442,-0.07734159390727569,2.3017639016567646,-0.11334272830639641,1.0537988574226353,-1.6864465377023494,0.012093620444541542,0.42106215493471044,1.0413279829758055,True
4,Birch,96,24,0.5100216880369202,-0.6763824378611534,0.5624355546647863,0.6266645618641913,0.5681640828874511,0.511006908457262,0.6891661401497119,0.2576051579003021,-0.6184012227689342,1.6384445988427745,-1.69128626661562,0.33852139089331335,-0.8063078863925812,1.931178995722154,0.11503848258236604,1.1382906411460165,True
4,Oak,71,18,0.10605334709356389,-0.1629474871923496,0.7300454280928445,0.6066593852935894,0.05163302461308382,0.23865263549269894,0.3876922141245255,0.11203405398661732,0.002993398622254839,0.20911329556487293,-0.6393001413459306,0.31340516696123133,-0.04379147009027229,1.5038823262759613,0.3830384776009802,0.8302802929861987,True
4,Pine,365,91,1.6666083557325035,-0.03581199504995949,-0.3315151050198982,0.6806368082427453,0.2836950388262457,0.15103971427008242,0.1881939312176516,0.07912047838030943,1.1087058670191652,2.2245108444458417,-0.3328402153335029,0.26121622523358395,-0.7016092138963671,0.03857900385657065,0.525041870879037,0.8362317456064536,True
4,Spruce,6,1,8474.873517901753,2.894345410932836,-3.395624548957472,-1.2876020782016526,69697.32505030266,3.928912527680292,4.133821269158248,3.3446737226118097,-291408.5123623023,308358.2593981058,-14.01040080102814,19.799091622893812,-21.182021916777177,14.390772818862235,-15.678571600740312,13.103367444337007,True
5,Alder,92,23,2.481478763509544,0.17390466615844122,-1.2195662911014271,0.9466735207362155,1.3537438177121082,0.2528708761542291,0.419446840151805,0.12472877473720825,-0.2088026050075822,5.17176013202667,-0.32862306313383594,0.6764323954507184,-2.053128745370569,-0.38600383683228556,0.6988012908481516,1.1945457506242794,True
5,Aspen,53,13,0.8751240768405493,0.5529456292058315,-0.9913244263116191,0.8746786481702998,0.5258958766329053,0.2984281066694419,0.42803729052917266,0.17586614095892653,-0.18170325414931066,1.9319514078304092,-0.04676810402044229,1.152659362432105,-1.8514975659269384,-0.13115128669629972,0.5212624062497608,1.2280948900908388,True
5,Birch,96,24,0.6042497920668011,-0.8144619254288867,0.7662898738341885,0.48711468980712086,0.6793580329224544,0.5231626134720414,0.7219869598282961,0.2872927732326893,-0.7450139014313211,1.9535134855649232,-1.8535080335861012,0.2245841827283277,-0.6676385480979355,2.2002182957663123,-0.08347355606926726,1.057702935683509,True
5,Oak,71,18,0.1036292693944524,-0.3624515161042096,1.0663558637986252,0.498164787954773,0.046604326248782,0.17764648011915288,0.2877562472553614,0.11195059107225006,0.010606644868163123,0.19665189392074167,-0.7170353744852275,-0.007867657723191757,0.49199199035395513,1.6407197372432953,0.2747104729364921,0.7216191029730539,True
5,Pine,365,91,1.8894756528388676,-0.10961407751991664,-0.25351936440129125,0.642058130348058,0.33183578107517603,0.1504517684177052,0.18148174232874445,0.0792879062720484,1.2369016463566367,2.5420496593210986,-0.4054860687216013,0.18625791368176803,-0.6104135706593401,0.10337484185675766,0.4861339364775469,0.7979823242185692,True
5,Spruce,6,1,86.102361621006,0.13661530863513638,-0.5089074323316776,-0.19814073888202052,838.7583406297716,2.9926301846300203,2.6350189469666927,4.61178010178124,-3522.783502245087,3694.988225487099,-12.73963312423429,13.012863741504562,-11.84647889729897,10.828664032635617,-20.041028982569422,19.64474750480538,True
6,Alder,92,23,2.4726749786234143,0.3584415040711311,-1.2120337850292429,0.7797120616307213,1.4794636586322958,0.2683603296824089,0.44893517250301296,0.1421547459595932,-0.46744815556258734,5.412798112809416,-0.1748682592294712,0.8917512673717334,-2.104198103310713,-0.3198694667477727,0.4972093757475721,1.0622147475138703,True
6,Aspen,53,13,1.2601407893568777,0.5074323395226344,-1.0116009471182414,0.8141629099875484,0.7592418181752495,0.3215318621602837,0.46491204445115336,0.1607404110317864,-0.2656127674410844,2.7858943461548398,-0.13871012862272358,1.1535748076679924,-1.9458766790904076,-0.07732521514607527,0.49114296037209476,1.137182859603002,True
6,Birch,96,24,0.6974698010529656,-0.3408844811557851,0.14341835067010017,0.6158299206374733,0.6251667129748246,0.42315082788119923,0.5583271794467546,0.2129203206407982,-0.5441652533996479,1.9391048555055792,-1.1812985504171776,0.4995295881056074,-0.9654676208110173,1.2523043221512176,0.1929517852119368,1.03870805606301,True
6,Oak,71,18,0.12370472600591444,-0.10143370286923514,0.7809424824210603,0.4510716423735073,0.053981009359097595,0.19847041543837377,0.29514940955863606,0.11714892632652434,0.015958180366437938,0.23145127164539092,-0.4975823101111003,0.29471490437263004,0.1918217952563892,1.3700631695857315,0.21724140676067075,0.6849018779863438,True
6,Pine,365,91,1.7468435273856993,-0.23299418363545005,-0.09260787064147132,0.6339748207368331,0.2956221611779289,0.14506431782810492,0.17727873082302414,0.0768146887334337,1.165485671702521,2.3282013830688775,-0.5182714457075956,0.05228307843669561,-0.44123661484267995,0.25602087355973735,0.48291435034076635,0.7850352911328998,True
6,Spruce,6,1,169.9313985027294,-1.5219590617648098,4.339799258049135,-3.352670956186679,742.5213539293316,1.8377743764873422,2.909497546895692,2.5921754212714716,-3024.880131838984,3364.7429288444428,-9.429263999323698,6.385345875794078,-8.178758304145841,16.85835682024411,-14.505901608371623,7.800559695998264,True
7,Alder,92,23,2.9667828609871143,0.2182359520122086,-1.314952155974215,0.9344914890816757,1.612083418792587,0.2576590521896958,0.4234465917469276,0.1164442381982389,-0.23689417844177463,6.170459900416003,-0.29380727098637915,0.7302791750107963,-2.156463276050186,-0.47344103589824404,0.703083034692329,1.1658999434710222,True
7,Aspen,53,13,1.0698242771167656,0.2871791770864208,-0.585602877807544,0.6777163918771089,0.5406471941299114,0.28053034205474014,0.40436989226331677,0.13999540363000312,-0.016646936230109155,2.1562954904636404,-0.2765676515701804,0.850926005743022,-1.398214599940524,0.2270088443254359,0.3963850954303417,0.959047688323876,True
7,Birch,96,24,0.3332477332123578,-0.5870794087914011,0.4236840964587545,0.7785676688702386,0.3523272557783642,0.4713171671116647,0.6202006897456208,0.2394758739405725,-0.3665046085779924,1.033000075002708,-1.5231559853360475,0.3489971677532454,-0.808088007208676,1.655456200126185,0.30294791239695396,1.2541874253435235,True
7,Oak,71,18,0.08825370812235483,-0.27645741403930363,0.9064616262667727,0.6053855593179707,0.042831629643361985,0.184425697540528,0.3069537908551146,0.11414481534776406,0.0027614175376868,0.17374599870702287,-0.64457264702714,0.09165781894853281,0.2937792954202304,1.519143957113315,0.37755155431515874,0.8332195643207826,True
7,Pine,365,91,1.7841153094009647,-0.051618608628899,-0.32272810769512816,0.6698052997616487,0.3195276892080375,0.15440880843668336,0.18757872673403483,0.07885183145970782,1.1557458681885362,2.4124847506133933,-0.3552723449173503,0.2520351276595523,-0.6916123818353344,0.04615616644507797,0.5147386719031362,0.8248719276201613,True
7,Spruce,6,1,8.50049551322495,-0.2611721795205673,-0.803151482971874,1.103986449150961,55.0415418619585,2.1162156560356267,2.273507097454713,3.310829715264726,-228.32414482581524,245.32513585226516,-9.366513248587967,8.844168889546832,-10.585263001818948,8.9789600358752,-13.141364062791913,15.349336961093835,True
8,Alder,92,23,2.502984120770647,0.33697892997717155,-1.538414046067301,1.0759141925460443,1.4385391753352543,0.2610447199479097,0.4371280995845191,0.12732561087070357,-0.3558102025356922,5.361778444076986,-0.1817925962430002,0.8557504561973432,-2.407114288004526,-0.6697138041300763,0.8228812965292578,1.3289470885628307,True
8,Aspen,53,13,1.3463788249597501,0.8218563010129963,-1.1106861275148876,0.6245845648090721,0.5798724790724866,0.24299709675904313,0.3299921906470056,0.1286773070432687,0.18108145032293765,2.511676199596563,0.33353535267172546,1.3101772493542672,-1.773830262285141,-0.44754199274463413,0.3659978349944434,0.8831712946237008,True
8,Birch,96,24,0.9765230214930376,0.10499937394173366,-0.4265127249307718,0.6146847485609844,0.5532186913081222,0.29992459864563276,0.3890542651660103,0.15048934690788654,-0.1222170515956349,2.07526309458171,-0.490676767545417,0.7006755154288843,-1.1992080775284615,0.34618262766691793,0.31579991582031913,0.9135695813016498,True
8,Oak,71,18,0.04276731981062753,-0.4672259720487024,1.1302352790232915,0.7970947351544772,0.01973336192557613,0.17222801915058014,0.27589403783238775,0.11922385292504224,0.003379364554172863,0.0821552750670822,-0.8109945370704891,-0.12345740702691577,0.5795484746840744,1.6809220833625085,0.5591229287170096,1.0350665415919447,True
8,Pine,365,91,1.5812099873495118,-0.045220128376001055,-0.3068434476191723,0.683949715828853,0.2900018665709353,0.15035776503257695,0.1835415408818645,0.08046529944060281,1.0109047618480842,2.1515152128509394,-0.34090725655460463,0.25046699980260256,-0.6677883653164778,0.05410147007813315,0.5257101110803502,0.8421893205773558,True
8,Spruce,6,1,7.700199476929508,-0.39485321776692517,-0.4767427808565121,0.9833301310710079,66.24713200247051,2.600185199666848,2.415567909643198,4.2522624762661145,-277.33820386804086,292.7386028218999,-11.582547164828998,10.792840729295147,-10.87009264104922,9.916607079336197,-17.312678619819867,19.27933888196188,True
9,Alder,92,23,1.9960914802986798,0.01362023856936332,-1.020890152340938,0.9649610525075966,1.1250556960127645,0.28727624343127045,0.4682561701115322,0.12919803094718743,-0.23972030175806358,4.231903262355424,-0.5572809284083721,0.5845214055470987,-1.9514508933482455,-0.09032941133363026,0.7082071150501072,1.2217149899650859,True
9,Aspen,53,13,1.142301761456277,0.5316249876411514,-0.8984609440268931,0.7334871843458594,0.6302799975637844,0.3024424384599748,0.44414870181065313,0.15724859571587577,-0.1242933141057816,2.4088968370183355,-0.07615584734499792,1.1394058226273007,-1.7910111767886803,-0.005910711265105895,0.4174843003218884,1.0494900683698303,True
9,Birch,96,24,0.2855945971264715,-1.093085407051212,1.1101098369962012,0.6603407722920158,0.3256978587469187,0.5385795472131345,0.7157438451520455,0.2712289492304396,-0.3612694635910656,0.9324586578440086,-2.1627508763609535,-0.02341993774147033,-0.31141922030226477,2.5316388942946673,0.12165666746440695,1.1990248771196246,True
9,Oak,71,18,0.09580607957165495,-0.2608128003316299,0.8360902785146387,0.631305872199274,0.04262914566698479,0.17499661521163312,0.2819008190300266,0.11045655865420258,0.010717948695392054,0.18089421044791784,-0.6101075062201998,0.08848190555694002,0.2734138887241324,1.398766668305145,0.41083365836860053,0.8517780860299475,True
9,Pine,365,91,1.9050978658163746,-0.12620837789815098,-0.22459966167183815,0.6281674375647984,0.3241410198174898,0.1541588696030644,0.18749533993523607,0.07778529156130368,1.2676560466063624,2.542539685026387,-0.42937059520241755,0.1769538394061156,-0.5933199509120328,0.14412062756835653,0.47519822130041733,0.7811366538291795,True
9,Spruce,6,1,169.9313985027279,-1.5219590617648033,4.339799258049113,-3.352670956186662,742.5213537621561,1.8377743761350407,2.9094975468051087,2.5921754210515866,-3024.8801311196876,3364.7429281251434,-9.42926399780786,6.385345874278254,-8.178758303756116,16.858356819854343,-14.505901607425518,7.800559695052193,True
10,Alder,92,23,1.826942902889559,0.20417844119822923,-1.2570539934734708,1.0424630555428323,1.0382226981832234,0.2702464962214165,0.4507824396216674,0.1286415948304497,-0.23630654264763074,3.8901923484267487,-0.3328796817487265,0.741236564145185,-2.1528893669774787,-0.3612186199694628,0.7868149179405619,1.2981111931451026,True
10,Aspen,53,13,1.1165954608673572,0.47938556337437294,-0.8011256832128443,0.6971262814777313,0.6048214689597291,0.2978825391776517,0.4360951039635358,0.15164780657707866,-0.09883878603824559,2.3320297077729597,-0.11923181093021645,1.0780029376789624,-1.6774916051712672,0.07524023874557861,0.39237860461546936,1.0018739583399932,True
10,Birch,96,24,0.4902974777712024,-0.6715242692936882,0.5568189465614878,0.6319131412428719,0.5999902429561912,0.5388728183550571,0.7128805411665478,0.27824953927285645,-0.7013349340682731,1.6819298896106778,-1.741772200405559,0.3987236618181824,-0.8590233418701095,1.972661234993085,0.07928553859509557,1.1845407438906483,True
10,Oak,71,18,0.14038953024268858,-0.13122757154196868,0.6781211836619985,0.5396726369667265,0.06985803892900343,0.22494890954602112,0.34503166957887904,0.11284416835316698,0.000952300944573381,0.27982675954080377,-0.5802274742247076,0.3177723311407702,-0.01056491122073977,1.3668072785447367,0.3144347342307683,0.7649105397026847,True
10,Pine,365,91,1.472689267789884,-0.11383877224008114,-0.24056328837644866,0.7054532289431583,0.27051873901467494,0.15433994663650372,0.18342193565629117,0.07887772979397156,0.940698724831123,2.004679810748645,-0.4173570878674717,0.1896795433873094,-0.601272995569945,0.12014641881704766,0.5503356705318978,0.8605707873544188,True
10,Spruce,6,1,86.10236162101148,0.1366153086351504,-0.5089074323316758,-0.1981407388820537,838.7583408527269,2.9926301852583044,2.635018947031285,4.611780102957651,-3522.783503204381,3694.9882264464036,-12.739633126937564,13.012863744207865,-11.846478897576887,10.828664032913537,-20.041028987631144,19.644747509867038,True
11,Alder,92,23,2.3716729357681485,0.28504536339131475,-1.360056580030893,0.9954304306260626,1.2202105378380956,0.25823025532496235,0.42415318496331045,0.12232404631149314,-0.05323909903768875,4.796584970573986,-0.2281330058087479,0.7982237325913775,-2.20297190564434,-0.517141254417446,0.7523370931660938,1.2385237680860315,True
11,Aspen,53,13,1.3574140070420233,0.6793584006898545,-1.0390040919964458,0.6767043625665881,0.4788520789623468,0.20685633319582472,0.29827250360663216,0.10513686320641843,0.39512472691143574,2.3197032871726107,0.26366503585617007,1.095051765523539,-1.6384051291608757,-0.439603054832016,0.46542392575752534,0.8879847993756508,True
11,Birch,96,24,0.36793168825900907,-1.0697245671282116,0.9492975707973033,0.6911384072866081,0.413251089630393,0.5120502912002795,0.6678860370340907,0.2656184910902921,-0.4528206463210594,1.1886840228390776,-2.0867006440719282,-0.05274849018449501,-0.3771817486388198,2.275776890233426,0.16359715660297336,1.218679657970243,True
11,Oak,71,18,0.07272848535831948,-0.3671443904380819,1.0353294929816503,0.6377760564565945,0.02949571495876498,0.17415301174753062,0.2708364349933062,0.0941912591593751,0.013854791892675689,0.13160217882396327,-0.7147552567648185,-0.019533524111345235,0.4947377061605821,1.5759212798027185,0.4497695162983201,0.8257825966148689,True
11,Pine,365,91,2.0441464074649858,-0.1215647583437345,-0.2545791643311675,0.6331425461863236,0.3404616425050137,0.14561370748943014,0.17673430116570144,0.07656970453904093,1.3746091520697195,2.713683662860252,-0.4079224265470372,0.16479290985956824,-0.6021372565322342,0.09297892786989914,0.4825638511935655,0.7837212411790817,True
11,Spruce,6,1,7.700199476927981,-0.39485321776697724,-0.4767427808565001,0.983330131071103,66.24713200084098,2.6001851996215435,2.415567909642722,4.252262476164706,-277.33820386103105,292.73860281488703,-11.58254716463412,10.792840729100165,-10.870092641047162,9.91660707933416,-17.312678619383444,19.27933888152565,True
12,Alder,92,23,1.7931331502719805,0.19347432500188658,-1.103314339855439,0.9258383788108168,1.0355036153590185,0.2815151747196083,0.47071049166497636,0.138521821340018,-0.2647126895270302,3.850978990070991,-0.3659779285145668,0.7529265785183399,-2.038752529210943,-0.1678761504999351,0.6505553672038451,1.2011213904177884,True
12,Aspen,53,13,1.1031391594925566,0.5957361936032407,-1.0923381096395373,0.8628167679245576,0.7594689301991917,0.3330991346579517,0.47735958486988067,0.1853092576782948,-0.42307079600477415,2.6293491149898873,-0.0736515789145572,1.2651239661210387,-2.051628110600343,-0.1330481086787314,0.49042387248345504,1.2352096633656602,True
12,Birch,96,24,0.6989010007380393,-0.11865582389785961,-0.09722987492845855,0.6401853238365498,0.6687270645673571,0.4535098840103614,0.5960929336780189,0.21786936783453284,-0.6292486719740834,2.027050673450162,-1.0193655991329325,0.7820539513372133,-1.2811218941376292,1.086662144280712,0.20747795349759146,1.0728926941755081,True
12,Oak,71,18,0.04795414498996213,-0.42528345065998296,0.9876453570220212,0.8532141430833421,0.021478996599755634,0.17148023026640596,0.2788842880492584,0.13415700181428827,0.005081888340768954,0.09082640163915531,-0.7675594228219107,-0.08300747849805523,0.43098998826930435,1.5443007257747379,0.5854356467110359,1.1209926394556482,True
12,Pine,365,91,1.9322912440204316,-0.09213006263835727,-0.22251150367416214,0.5960569172354903,0.32204289074520787,0.1513241142756057,0.1794343725028963,0.07321211429378417,1.2989755154037232,2.56560697263714,-0.38971757176786703,0.2054574464911525,-0.5753794402946343,0.13035643294630997,0.45208111512961,0.7400327193413705,True
12,Spruce,6,1,169.9313985027302,-1.5219590617648149,4.33979925804915,-3.35267095618669,742.5213540051319,1.8377743767571975,2.9094975470095696,2.592175421189638,-3024.880132165126,3364.742929170586,-9.429264000484796,6.385345876955167,-8.178758304635803,16.858356820734105,-14.505901608019533,7.800559695646152,True
13,Alder,92,23,2.3704865582699797,0.2163720050636181,-1.3363381517524295,1.0234776511547432,1.145111058152522,0.23478746882604076,0.391959593562704,0.11196788209080621,0.09481895829737752,4.646154158242582,-0.2502187521237368,0.682962762250973,-2.1152754794629356,-0.5574008240419236,0.8009650138890727,1.2459902884204137,True
13,Aspen,53,13,1.2785419919700418,0.6076437762399612,-0.8891213117767569,0.624164713823003,0.41732916402847536,0.17786602784684707,0.25596085190463136,0.09413039737092578,0.43988763820657106,2.117196345733513,0.25020861115239756,0.9650789413275249,-1.4034939014388086,-0.3747487221147051,0.4350025982052552,0.8133268294407507,True
13,Birch,96,24,0.3932811131026781,-0.9062911610969744,0.962331971174938,0.5508050630915777,0.4287177646917802,0.5005925347323968,0.6775835681706465,0.2550793565915018,-0.45818937318554087,1.244751599390897,-1.9005111446968712,0.08792882250292233,-0.3834074821597063,2.308071424509582,0.04419544322849789,1.0574146829546576,True
13,Oak,71,18,0.08138120183741021,-0.34615654433309784,0.9240073403148025,0.6859234608181882,0.03768684161759203,0.17696261728894494,0.2921435902582627,0.1063420785163778,0.006157951131868303,0.15660445254295213,-0.6993754067920133,0.0070623181258175904,0.34088629358436695,1.5071283870452379,0.47366378371508416,0.8981831379212923,True
13,Pine,365,91,1.9411279203725325,-0.008143737148257457,-0.36278586393607565,0.6412672875447941,0.33738313889586,0.15249348732170406,0.18747468017924143,0.08084325504524277,1.2776447180624588,2.604611122682606,-0.30803088512711685,0.29174341083060196,-0.7314655245867352,0.005893796714583954,0.48228441152399754,0.8002501635655908,True
13,Spruce,6,1,3758.4505886561924,1.0210175846987515,-0.5729719152349755,-2.091489612333157,24014.51910490868,2.008188030305699,1.8925154557489745,3.1845797958730695,-99567.68559041928,107084.58676773167,-7.619518125639183,9.661553295036686,-8.715808706905438,7.569864876435488,-15.793630563981603,11.610651339315288,True
14,Alder,92,23,2.833726918215937,0.39442120180984097,-1.538540707969908,0.9960052640779569,1.4461594973534915,0.26061033299932335,0.4376900526158354,0.12772531415490973,-0.040211193803994405,5.7076650302358685,-0.12348707162999029,0.9123294752496722,-2.408357713470779,-0.6687237024690373,0.7421780417755277,1.249832486380386,True
14,Aspen,53,13,1.0679670960737309,0.4329380281121031,-0.7707677660260174,0.7199349053759049,0.5783895779472895,0.31708546735779386,0.46260067561833135,0.1514136780429186,-0.09435027718277422,2.230284469330236,-0.20426907514367126,1.0701451313678774,-1.700398628427872,0.1588630963758373,0.41565772741819634,1.0242120833336135,True
14,Birch,96,24,0.5131553391760084,-0.5225625948425149,0.43425924779124964,0.5804495810141914,0.47467464425073236,0.4436713822704345,0.6035776709796783,0.2529680016280773,-0.4295894767740165,1.4559001551260333,-1.403732256392619,0.35860706670758924,-0.7644981057587206,1.63301660134122,0.07803329435419593,1.082865867674187,True
14,Oak,71,18,0.08595379211741348,-0.37908069119881005,0.9956839890566789,0.6349146127499932,0.040021888737684856,0.18374036076118427,0.298804724071367,0.11853207491630728,0.006069767853123589,0.16583781638170336,-0.7458279862497557,-0.012333396147864495,0.3992672635880069,1.5921007145253507,0.3983236009970916,0.8715056245028947,True
14,Pine,365,91,1.9128078227207648,-0.10481980170322852,-0.212086086388922,0.6026061056438256,0.3205812454754152,0.1469322181064421,0.17676199990003705,0.0758756642638755,1.282366502965795,2.5432491424757346,-0.39377039630266913,0.1841307928962121,-0.5596986497322547,0.1355264769544106,0.4533922804717879,0.7518199308158632,True
14,Spruce,6,1,86.10236162100762,0.1366153086351306,-0.5089074323316567,-0.19814073888204048,838.7583408351775,2.992630185206114,2.6350189470199603,4.611780102876686,-3522.7835031288755,3694.988226370891,-12.739633126713027,13.012863743983289,-11.846478897528144,10.828664032864829,-20.041028987282772,19.644747509518687,True
15,Alder,92,23,2.4994977189004497,0.3362246917707618,-1.4088279306678038,0.9704857073762122,1.394914706475544,0.27580796892633536,0.45870278106949935,0.12810847589341798,-0.2726021395823439,5.271597577383243,-0.2118856895162144,0.884335073057738,-2.3204033184570907,-0.49725254287851706,0.7158970316342546,1.2250743831181699,True
15,Aspen,53,13,1.1728270679395114,0.6599564703656531,-1.0879429069931807,0.7839911645857934,0.614451091865595,0.30150536519719673,0.4404856878673623,0.14899855942858647,-0.061958630700611916,2.4076127665796347,0.05405875460375842,1.2658541861275476,-1.9731320376412715,-0.20275377634508984,0.48456734919017663,1.0834149799814101,True
15,Birch,96,24,0.3684093165839564,-0.8761168344442736,0.8692985386332747,0.6226340878772729,0.4417351587379194,0.5352521882421536,0.7338223278070553,0.2690984411708858,-0.5089148379016608,1.2457334710695736,-1.9391738816301654,0.1869402127416182,-0.5881359456975445,2.3267330229640937,0.08818135595489796,1.1570868197996478,True
15,Oak,71,18,0.051120602355647,-0.471660715624183,1.14990490058178,0.7355435436397523,0.02174307007410914,0.165333286559454,0.26760643282661734,0.12049163145681716,0.007721252845567739,0.09451995186572626,-0.8016673367953114,-0.14165409445305455,0.6157602250689426,1.6840495760946177,0.4950412406618081,0.9760458466176964,True
15,Pine,365,91,1.9007258955290949,-0.13410414145824648,-0.22147701836137648,0.6345230049008206,0.3318353892226456,0.15891297118836914,0.19309791865110484,0.0807775102934345,1.248152659647234,2.553299131410956,-0.4466155709200863,0.17840728800359332,-0.6012150984721051,0.1582610617493521,0.4756694196875243,0.7933765901141169,True
15,Spruce,6,1,86.10236162101451,0.1366153086351648,-0.5089074323316883,-0.1981407388820654,838.7583405251039,2.9926301842064444,2.6350189468176164,4.611780101391574,-3522.78350179473,3694.988225036759,-12.739633122411762,13.012863739682091,-11.846478896657558,10.828664031994183,-20.04102898089287,19.644747503128738,True
16,Alder,92,23,1.7675091100023503,0.19131773480167963,-1.2279841175402926,1.0391084015916279,1.0463174248189906,0.28580175883121733,0.4767082427887341,0.13777793203588162,-0.3118269037366783,3.846845123741379,-0.37665320387452067,0.7592886734778799,-2.17534157691582,-0.2806266581647652,0.7653037136593227,1.3129130895239332,True
16,Aspen,53,13,1.4234072724526055,0.6241938280943794,-1.0164091429946365,0.6952706805460688,0.8622228245004313,0.3108411425035273,0.4539867148265176,0.15287923961477795,-0.3092943645510915,3.1561089094563024,-0.0004648345616702354,1.248852490750429,-1.9287296030956602,-0.10408868289361284,0.3880483463450635,1.002493014747074,True
16,Birch,96,24,0.19725941506816871,-1.288755855496636,1.4887651866120912,0.6033343752382153,0.23785180271502682,0.5632681468947229,0.7651035834987563,0.29306379208658856,-0.27513479576630573,0.6696536259026431,-2.407455014818664,-0.17005669617460772,-0.030796571625065106,3.0083269448492476,0.021284387781230873,1.1853843626951996,True
16,Oak,71,18,0.055672817167269566,-0.4325254408121741,1.1283752134872136,0.6882405993628401,0.02424940839999305,0.16706820681718895,0.2679256381939911,0.10906806597227016,0.007270795420712246,0.10407483891382688,-0.7659949773113092,-0.09905590431303901,0.5935934013944484,1.6631570255799788,0.4705398285248067,0.9059413702008735,True
16,Pine,365,91,1.843189528975355,-0.12530112681907865,-0.2193705729684458,0.6290312737776675,0.3158435929382341,0.1479581012769001,0.17833341230878716,0.07687346552537071,1.2220650733858216,2.4643139845648885,-0.41626917923623663,0.16566692559807936,-0.5700734085183843,0.1313322625814926,0.4778552154649565,0.7802073320903786,True
16,Spruce,6,1,86.10236162100608,0.1366153086351299,-0.5089074323316634,-0.19814073888202827,838.7583406784803,2.992630184755934,2.6350189469703946,4.611780102053888,-3522.783502454664,3694.9882256966757,-12.739633124776057,13.012863742046319,-11.846478897314885,10.82866403265156,-20.041028983742542,19.644747505978486,True
17,Alder,92,23,2.6356218918111534,0.24429578189783985,-1.3787402222966783,1.0051812584042639,1.2539907770641812,0.2537022502882215,0.41785845833944646,0.11426964621909197,0.1435787299597444,5.127665053662563,-0.25988412878480327,0.748475692580483,-2.2091461014886375,-0.5483343431047191,0.7780943486152191,1.2322681681933085,True
17,Aspen,53,13,1.1335325690348388,0.47355638438158537,-0.8615029250349739,0.7488991498674933,0.6114919471884023,0.2978237245518548,0.43005039263906264,0.1491380638854611,-0.0953065057389153,2.3623716438085927,-0.1249427975074216,1.0720555662705924,-1.7257215448001408,0.0027156947301929524,0.4491949897698721,1.0486033099651144,True
17,Birch,96,24,0.4087529030284642,-0.9439437998352332,1.0351995650391514,0.5060322359669722,0.4486279490634663,0.4966190300565536,0.6852004180216638,0.2562128531375082,-0.4822609280083348,1.2997667340652632,-1.9302720601680963,0.042384460497629894,-0.32566760956286944,2.3960667396411726,-0.0028286058764421806,1.0148930778103866,True
17,Oak,71,18,0.11227932020752543,-0.08760762711273527,0.8053943565495327,0.44229683541832787,0.04902611013266041,0.20807047830936068,0.31089846027963647,0.11005063895815426,0.014422794817371035,0.21013584559767984,-0.5029180400442583,0.3277027858187878,0.18483843257777666,1.4259502805212887,0.22263484069203027,0.6619588301446255,True
17,Pine,365,91,1.8342269387028738,0.0735278967132504,-0.4644613113729922,0.6715185888322821,0.31258446063759704,0.14619704081578952,0.1821878659368807,0.07870308573659611,1.2195117528316066,2.448942124574141,-0.21397692977618876,0.36103272320268953,-0.8227441500158313,-0.10617847273015302,0.5167444779294866,0.8262926997350776,True
17,Spruce,6,1,8474.873517899918,2.8943454109327287,-3.395624548957373,-1.2876020782015856,69697.32431245685,3.928912485793097,4.13382123838472,3.3446737007083525,-291408.5091876099,308358.25622340967,-14.010400620802194,19.799091442667653,-21.182021784369272,14.390772686454527,-15.678571506497274,13.103367350094103,True
18,Alder,92,23,2.785623807991167,0.4667510171808581,-1.556657679389303,0.9634159087786925,1.5850971614245395,0.28005576789502723,0.47165887956097535,0.1323664662141728,-0.3644237156804757,5.93567133166281,-0.08980097194443981,1.023303006306156,-2.493980590398454,-0.6193347683801517,0.7003653720277496,1.2264664455296355,True
18,Aspen,53,13,0.9158780564792045,0.4372514819312473,-0.8558113922217995,0.8440914304266683,0.532103243167157,0.28905484700624545,0.4185105828532224,0.1736353715224598,-0.15342344458567247,1.9851795575440816,-0.14362598078468447,1.018128944647179,-1.69683989600016,-0.01478288844343878,0.49515808752539753,1.193024773327939,True
18,Birch,96,24,0.738408479051812,-0.6230151446837249,0.5614254373547912,0.4375901366673987,0.7895351511246228,0.5052644708513004,0.7020415648697618,0.29620483928820496,-0.829676481348744,2.306493439452368,-1.6265139966830457,0.380483707315596,-0.8328897085640018,1.9557405832735841,-0.15069824165761364,1.025878514992411,True
18,Oak,71,18,0.10900573681066669,-0.3129310056632019,0.9077997473901451,0.5818147962332688,0.047138151636221766,0.16711211497777595,0.27682708950462964,0.11259571037455533,0.014917592351456857,0.20309388126987654,-0.6464881832176785,0.02062617189127469,0.35525056411839595,1.4603489306618944,0.35707281769824367,0.806556774768294,True
18,Pine,365,91,1.8480005448914965,-0.1298209002871236,-0.20970760251085124,0.6260955142381708,0.30071710856550304,0.14043532719564195,0.16840327791614768,0.0723135677913775,1.2566231843232432,2.4393779054597498,-0.4059949880324756,0.14635318745822837,-0.5408822619113838,0.12146705688968124,0.48388675512321283,0.7683042733531287,True
18,Spruce,6,1,86.10236162100375,0.13661530863512733,-0.5089074323316718,-0.19814073888201011,838.7583406795261,2.992630184665218,2.6350189468868397,4.611780102169005,-3522.783502459166,3694.988225701173,-12.739633124385742,13.012863741655996,-11.846478896955386,10.828664032292043,-20.041028984237833,19.644747506473813,True
19,Alder,92,23,2.14092974436668,0.22169990677259258,-1.259400556577818,0.9890467384392322,1.153572062277111,0.2631889609423462,0.43997111942635936,0.1278478365308307,-0.15155232334901259,4.4334118120823724,-0.3013328478435784,0.7447326613887635,-2.133750703032246,-0.38505041012339014,0.7349760286609203,1.2431174482175442,True
19,Aspen,53,13,2.2851729048602674,0.7051412753180836,-1.139389888640764,0.5951037069563931,1.7963412778887773,0.386678104726298,0.571525313140173,0.1581686162866827,-1.3247100446181137,5.895055854338649,-0.07191746867995163,1.4822000193161187,-2.28791300531979,0.009133228038261887,0.27725197237567906,0.9129554415371073,True
19,Birch,96,24,0.3374960353382109,-0.556685985512294,0.3894180108080927,0.8068203632317132,0.3365637889612015,0.4739075791160204,0.6227239791677948,0.22212650136521753,-0.3309487006988591,1.0059407713752808,-1.4979073438940573,0.38453537286946926,-0.847365563454425,1.6262015850706104,0.3656579582380282,1.2479827682253983,True
19,Oak,71,18,0.03978944238802914,-0.5018058641041837,1.2617338186235318,0.7312148385064211,0.017352471975177863,0.16461644147550764,0.260084424140502,0.11252777116253665,0.005153763362584288,0.07442512141347399,-0.8303816564992132,-0.17323007170915422,0.7426031352872314,1.7808645019598321,0.5066084672061512,0.955821209806691,True
19,Pine,365,91,1.892869048223586,-0.23728265023058875,-0.09765807858089073,0.6201808955821597,0.32883341640616826,0.15600384169808312,0.18720522284480365,0.07792564144086248,1.2461993632543242,2.5395387331928476,-0.5440731104807887,0.06950781001961115,-0.46580783600128284,0.2704916788395013,0.466935673267689,0.7734261178966304,True
19,Spruce,6,1,0.14299082081624656,-2.2671728915991327,0.15480634441262986,3.228658403739077,0.9467826041170166,2.5606829000289477,2.2218348884824257,3.4027779897082686,-3.930685935216657,4.21666757684915,-13.284902161294918,8.750556378096652,-9.404977603450401,9.714590292275663,-11.412313602229155,17.86963040970731,True
20,Alder,92,23,1.663715860121898,0.008258373222343412,-0.9050274726598387,0.9345106019544553,0.9276254297185116,0.26471673788587363,0.4418476771852363,0.12960413923833577,-0.17974475471735785,3.507176474961154,-0.5178105170294224,0.5343272634741093,-1.783106883329253,-0.026948061990424432,0.6769496096059431,1.1920715943029676,True
20,Aspen,53,13,1.0943171423599225,0.37371663666697624,-0.6976233050819354,0.6968979705352372,0.5631895316064406,0.27884075333939695,0.4079364407830713,0.1455620273031782,-0.03745459416679586,2.2260888788866406,-0.1866348363463382,0.9340681096802907,-1.517402274802234,0.12215566463836314,0.40438012500044,0.9894158160700344,True
20,Birch,96,24,0.8457076592105219,-0.48266024461255097,0.30530589436248706,0.5275318032808557,0.9370706644849373,0.5073570051407238,0.6858259725866445,0.2571830828598451,-1.0153955655393152,2.706810883960359,-1.4903150503318465,0.5249945611067446,-1.0568036856015481,1.6674154743265224,0.016744001461608704,1.0383196051001027,True
20,Oak,71,18,0.09776409705507155,-0.3671205494325854,1.046272172464508,0.5391414518707806,0.045611608642922165,0.18858284374605455,0.3094862386308573,0.12253466805074673,0.0067229451632665055,0.1888052489468766,-0.7435334809755574,0.009292382110386577,0.4285350547014506,1.6640092902275656,0.2945612307837735,0.7837216729577876,True
20,Pine,365,91,1.808767347766685,-0.0949515903672492,-0.30580915151000654,0.6855918777683969,0.3135735682954592,0.15046827468806567,0.18376316730259398,0.07777125387469583,1.1921070252225674,2.4254276703108024,-0.3908560420918658,0.2009528613573674,-0.6671899102153225,0.05557160719530946,0.532650267416078,0.8385334881207158,True
20,Spruce,6,1,169.93139850272829,-1.5219590617648238,4.339799258049165,-3.3526709561866923,742.5213538634407,1.8377743764678278,2.909497546933425,2.5921754210086783,-3024.8801315554797,3364.7429285609364,-9.429263999239748,6.385345875710101,-8.178758304308165,16.858356820406495,-14.505901607240927,7.800559694867543,True
21,Alder,92,23,2.812748291685172,0.23561338945691637,-1.3647956656555515,0.9735222002113952,1.4561804579605342,0.25893947586658306,0.43119994269791495,0.1171092238050358,-0.08110437378500768,5.706600957155352,-0.2789744065374392,0.7502011854512719,-2.221714941494899,-0.5078763898162043,0.7407922266654026,1.206252173757388,True
21,Aspen,53,13,1.740426300255521,0.7580603261119662,-1.271171545883399,0.7475017967209215,0.9833233655225203,0.31328575199032954,0.4599981799833246,0.15206390171550566,-0.23563598518911988,3.7164885857001617,0.12848903676678747,1.3876316154571449,-2.195572497502407,-0.34677059426439083,0.44191794537218687,1.0530856480696562,True
21,Birch,96,24,0.3598893840132079,-1.074702730239171,1.1765063480905302,0.5000809876920079,0.3988220171267673,0.5106596890682311,0.7034449090093085,0.28553661086592813,-0.4322055671011138,1.1519843351275296,-2.0889169513161034,-0.06048850916223869,-0.22059596042178997,2.5736086566028504,-0.06701936813741127,1.067181343521427,True
21,Oak,71,18,0.10671176093671965,-0.24665813044167934,0.8335824586988556,0.587393607414447,0.04963068128776568,0.1858049248474063,0.29801573036002676,0.12395033222062049,0.007648506470372407,0.2057750154030669,-0.6175263126561445,0.12421005177278593,0.23874057126929205,1.4284243461284192,0.33998770881787765,0.8347995060110164,True
21,Pine,365,91,1.9375234725950952,-0.042303719866979124,-0.30288661659354404,0.6218924236478256,0.3429270534875601,0.15631876393584818,0.18470428506378245,0.07743597724425794,1.2631378457635338,2.6119090994266565,-0.3497134926752245,0.26510605294126627,-0.6661181371003766,0.060344903913288506,0.4696101539286831,0.7741746933669681,True
21,Spruce,6,1,3758.450588655722,1.0210175846987235,-0.57297191523498,-2.09148961233309,24014.519302521443,2.0081880384255437,1.8925154535322288,3.1845798258563978,-99567.68644067887,107084.5876179903,-7.619518160576083,9.66155332997353,-8.715808697367557,7.569864866897596,-15.793630692989383,11.610651468323203,True
22,Alder,92,23,1.8563323460102867,0.1640262682462003,-1.2109712783387874,1.0404122348334033,1.0772650133559207,0.2797297602164299,0.45967462980562723,0.1283142955047359,-0.28450549676914827,3.9971701887897217,-0.391877849123564,0.7199303856159647,-2.12447801127153,-0.29746454540604483,0.78541453586389,1.2954099338029166,True
22,Aspen,53,13,1.2144542684934843,0.6166766675976135,-1.1218152123999803,0.8411743528202696,0.790592796179262,0.32653587299676134,0.4801936109832441,0.17660407349281335,-0.37430143736112487,2.8032099743480936,-0.03952173681105642,1.2728750720062836,-2.0868004020595787,-0.1568300227403817,0.4862751799529596,1.1960735256875796,True
22,Birch,96,24,0.4662838373162986,-0.751378791899499,0.7159296042385322,0.5824836040303191,0.5521812444086727,0.5299080469741199,0.7140087282294714,0.26958740810339776,-0.6303957766808139,1.562963451313411,-1.8038219132370952,0.30106432943809724,-0.7021533610816989,2.1340125695587635,0.04705974157384063,1.1179074664867974,True
22,Oak,71,18,0.04735104487458718,-0.4321771881923809,1.07011816601665,0.7926443321430272,0.020507446328086494,0.15885101505799612,0.2632123200651923,0.11052113756523876,0.006418010684001156,0.08828407906517322,-0.7492451412935393,-0.1151092350912225,0.5447441762841462,1.5954921557491542,0.5720432182664317,1.0132454460196227,True
22,Pine,365,91,1.9060394403338035,-0.1122335999298607,-0.2294647028469005,0.6228100372631233,0.31771408892402137,0.14971169796540623,0.18204351062903162,0.07552169028498947,1.2812365476100975,2.5308423330575094,-0.406650200339838,0.1821830004801166,-0.5874636585362655,0.12853425284246447,0.4742923221273322,0.7713277523989145,True
22,Spruce,6,1,8474.873517900387,2.8943454109327655,-3.3956245489574157,-1.2876020782015947,69697.32303192186,3.928912427600122,4.13382120630447,3.3446736493006077,-291408.50367791194,308358.25071371277,-14.010400370417994,19.799091192283523,-21.182021646339138,14.390772548424307,-15.67857128530761,13.103367128904422,True
23,Alder,92,23,1.7077459435812763,0.20863474856642247,-1.343877446065777,1.1460232775583399,0.8668701535195721,0.24795204446969177,0.4145235191345935,0.12322427077116584,-0.0149763266328089,3.4304682137953613,-0.2841178363723633,0.7013873335052082,-2.1676558343761037,-0.5200990577554502,0.9011409331535903,1.3909056219630893,True
23,Aspen,53,13,1.1761542049347489,0.4201498807014607,-0.7095114912511639,0.6559350595271417,0.6222932449561578,0.2988460837820479,0.4382980983282766,0.15027783177372853,-0.0743908903619459,2.4266993002314434,-0.18040380897999292,1.0207035703829144,-1.590304496132505,0.1712815136301774,0.3539404501051832,0.9579296689491001,True
23,Birch,96,24,0.6560177294639244,-0.3000042062217715,0.10074313881393222,0.636715362040995,0.584378741535973,0.43201530470900384,0.5677603879041697,0.2077974443693123,-0.5046088930177925,1.8166443519456414,-1.158023891617797,0.5580154791742541,-1.0268779989094052,1.2283642765372695,0.22401170108169022,1.0494190230002998,True
23,Oak,71,18,0.09425286897953987,-0.32186773669995467,1.0445083740942878,0.5049660791684313,0.041608192519935396,0.17102792358616464,0.27972163722149546,0.10801998325395414,0.011202569113855976,0.17730316884522376,-0.6632409009495392,0.019505427549629972,0.4861816493985496,1.602835098790026,0.28935729019186623,0.7205748681449964,True
23,Pine,365,91,1.9377117931633394,-0.2854445221853367,-0.014319645309476143,0.5837558300740193,0.3308465031631787,0.15405386136783886,0.18602382510139445,0.07727225897080593,1.287083258168435,2.5883403281582438,-0.588400234800589,0.017511190429915502,-0.3801461166268215,0.3515068260078692,0.431795521685553,0.7357161384624856,True
23,Spruce,6,1,7.700199476929126,-0.3948532177669367,-0.4767427808565128,0.9833301310710338,66.24713200070705,2.6001851996069063,2.4155679096361604,4.252262476167901,-277.3382038604537,292.73860281431195,-11.5825471645711,10.792840729037227,-10.870092641018942,9.916607079305916,-17.312678619397257,19.279338881539328,True
24,Alder,92,23,2.730581886565443,0.26963387163824776,-1.3890953025074901,0.9869943273143246,1.5313187248610682,0.2673660112088671,0.4498460139963856,0.13775109155624957,-0.31259229517714715,5.773756068308034,-0.26169989263747057,0.8009676359139661,-2.2830697268572075,-0.49512087815777295,0.7132429791951593,1.2607456754334898,True
24,Aspen,53,13,1.1450801670523485,0.5069324084123372,-0.9157637603711174,0.7611537398830095,0.7316864213995667,0.32987840372201044,0.47569270047408163,0.1594652351004661,-0.32529874673593073,2.615459080840628,-0.15598306297113695,1.1698478797958114,-1.8717040317269684,0.04017651098473363,0.4406963522421204,1.0816111275238987,True
24,Birch,96,24,0.6631645566900727,-0.6374537116172946,0.5603349620027819,0.5025513467866072,0.6991893742518,0.49553542136134443,0.6587370121713791,0.27772660725214293,-0.7254858924690503,2.0518150058491957,-1.6216298315476734,0.3467224083130843,-0.7479736043400643,1.8686435283456282,-0.049037667730134404,1.0541403613033489,True
24,Oak,71,18,0.07120396008804197,-0.44140366643255147,1.1333249975324704,0.6271975563764247,0.037304412553479785,0.2179518738519502,0.38236714034723035,0.12219714310654607,-0.0032559590107098108,0.14566387918679374,-0.8764374274165116,-0.00636990544859134,0.3701169910946357,1.8965330039703052,0.3832910378977341,0.8711040748551153,True
24,Pine,365,91,2.062810117002476,0.025051657884561783,-0.412761712741717,0.63408342288849,0.3358044042469723,0.15047193055581953,0.18162352681163418,0.07521056871065879,1.402431586502232,2.72318864750272,-0.2708599833126897,0.3209632990818132,-0.7699347462792009,-0.05558867920423316,0.486177546089138,0.7819892996878419,True
24,Spruce,6,1,8474.873517900924,2.8943454109327886,-3.3956245489574295,-1.287602078201621,69697.32469689053,3.9289124892913483,4.1338212264507455,3.344673730216204,-291408.51084169344,308358.2578774953,-14.010400635853895,19.799091457719474,-21.182021733021582,14.390772635106725,-15.678571633459349,13.103367477056107,True
25,Alder,92,23,2.768845757979807,0.3591727265166447,-1.4558597086613398,0.9572742936878699,1.6540562652337452,0.25925664105351837,0.4396112049871622,0.1303286843181687,-0.5182434937797105,6.055935009739325,-0.15604536863918467,0.8743908216724741,-2.3294946007985446,-0.5822248165241349,0.6982734202455922,1.2162751671301475,True
25,Aspen,53,13,1.187665886391819,0.5122889604746219,-0.850149143810053,0.6913092254661081,0.6480733445125252,0.3150165739663086,0.45849654292114245,0.15762856004177617,-0.11468625858407822,2.4900180313677165,-0.12076054585336338,1.1453384668026072,-1.7715324427737444,0.0712341551536384,0.3745427745418151,1.008075676390401,True
25,Birch,96,24,0.25614511586452665,-1.0742108310027512,1.0646611729449733,0.7274029911750405,0.289755284773112,0.516913907479969,0.6747743815356928,0.2686411283435148,-0.3193338904876292,0.8316241222166825,-2.10084646969046,-0.04757519231504226,-0.2754989932522274,2.404821339142174,0.19385852200167342,1.2609474603484077,True
25,Oak,71,18,0.06734693437712662,-0.4373375419120291,1.0613428095669255,0.7007312256848374,0.028833959507047896,0.1650803410134774,0.27083968807545794,0.10079141179088875,0.009794110321431904,0.12489975843282133,-0.7668392816602747,-0.10783580216378347,0.520744529566706,1.6019410895671449,0.49955072573621967,0.901911725633455,True
25,Pine,365,91,1.6314538426348102,-0.18379307892459673,-0.14807362076710454,0.657233380802361,0.2878807581308437,0.14941395501211818,0.18274605766977334,0.07744113263816171,1.0653198979652718,2.1975877873043483,-0.47762415082013987,0.11003799297094641,-0.5074541753173084,0.21130693378309937,0.5049409727068088,0.8095257888979133,True
25,Spruce,6,1,8.500495513225436,-0.2611721795205572,-0.8031514829718656,1.103986449150927,55.041541861506204,2.1162156560312413,2.273507097458803,3.3108297152299637,-228.3241448238687,245.32513585031958,-9.366513248569088,8.844168889527975,-10.585263001836537,8.978960035892808,-13.141364062642376,15.34933696094423,True
26,Alder,92,23,2.244144929751157,0.14925580874359706,-1.19879610849797,0.9797456319606997,1.1174412646393603,0.2430770537270436,0.4007312358681389,0.11544644160423531,0.02346522998923195,4.464824629513082,-0.33380875650117825,0.6323203739883724,-1.9951652320599909,-0.40242698493594886,0.7503200886297795,1.2091711752916199,True
26,Aspen,53,13,1.1159679295370355,0.4761203611690779,-0.8158453885475285,0.7155216232639706,0.6301476709122823,0.31323127943935525,0.4575962710767091,0.1597010736373584,-0.1503612256629523,2.382297084737023,-0.15334146148655953,1.1055821838247153,-1.735419523505962,0.10372874641090502,0.39459030033938197,1.0364529461885592,True
26,Birch,96,24,0.4197459075782295,-0.9256528226859483,0.8002185799051215,0.6662113490483056,0.44245921791748344,0.4957046834291229,0.6442324266149928,0.2547407563787953,-0.4590162909365826,1.2985081060930415,-1.9101651116931206,0.058859466321224185,-0.4792826275311387,2.0797197873413817,0.160274218434599,1.1721484796620123,True
26,Oak,71,18,0.10046398181528267,-0.26677577967434607,0.928696612421705,0.5408271339124043,0.045861251989690884,0.17659718774072866,0.2829797466704962,0.11338255024464537,0.008924539717800425,0.19200342391276493,-0.6192652417022141,0.08571368235352195,0.36386667404743256,1.4935265507959774,0.3145146164233993,0.7671396514014094,True
26,Pine,365,91,1.8714613934633324,-0.13872251204455063,-0.20317415370030734,0.628289634133731,0.3238859875577427,0.1513655904155779,0.18229415678370015,0.0773196494627756,1.2345211097507465,2.508401677175918,-0.4363915863710003,0.158946562281899,-0.5616660193610787,0.15531771196046407,0.4762361296374983,0.7803431386299636,True
26,Spruce,6,1,169.93139850273002,-1.5219590617648242,4.339799258049172,-3.352670956186702,742.5213540165141,1.837774376691242,2.9094975469550404,2.592175421335726,-3024.8801322141,3364.74292921956,-9.429264000201023,6.385345876671374,-8.17875830440116,16.858356820499505,-14.50590160864811,7.800559696274706,True
27,Alder,92,23,2.9114056708363965,0.3379233148814458,-1.5726735230726336,1.051044321250384,1.4983220900721677,0.2571208129019531,0.4273563226567507,0.12405279007022323,-0.06619463301667627,5.88900597468947,-0.17305027063575684,0.8488969003986484,-2.421954411759913,-0.7233926343853541,0.8045154688398006,1.2975731736609672,True
27,Aspen,53,13,1.3486878313231836,0.6667985170693073,-0.9666568044049897,0.6315782187972884,0.5082073558994392,0.21474760230436166,0.31409676069493286,0.10835164352692075,0.32740691358074403,2.369968749065623,0.23524705324558404,1.0983499808930306,-1.5978578767600355,-0.33545573204994394,0.41383743906333376,0.849318998531243,True
27,Birch,96,24,0.5689708823877627,-0.832305943364942,0.8016419819559664,0.4826287309393062,0.6668276132961696,0.52222808161277,0.7163877878445645,0.2989855195719665,-0.755406316144939,1.8933480809204646,-1.8694959905837025,0.2048841038538185,-0.6211660011130122,2.224449965024945,-0.11118231844910081,1.0764397803277133,True
27,Oak,71,18,0.06454738110205928,-0.38324739680159603,1.1015688381279114,0.6209176357578018,0.03194760050833811,0.20811536322890298,0.37882260581315624,0.15516884432167813,0.000779703596353612,0.12831505860776493,-0.7986474004074953,0.03215260680430326,0.3454357522312198,1.857701924024603,0.3111993262072816,0.9306359453083219,True
27,Pine,365,91,1.7473803179611673,-0.14192892812082125,-0.18899330146358223,0.64193901454116,0.29738339578821665,0.14915526302991608,0.1827537687783885,0.0774698041127714,1.162558893875972,2.3322017420463625,-0.43525126746581344,0.15139341122417094,-0.54838902034907,0.17040241742190554,0.48959022235406346,0.7942878067282565,True
27,Spruce,6,1,169.93139850272541,-1.5219590617648384,4.339799258049189,-3.3526709561866967,742.5213541001434,1.8377743765022436,2.9094975467754636,2.5921754219520694,-3024.8801325739323,3364.7429295793827,-9.429263999387842,6.385345875858166,-8.178758303628488,16.858356819726865,-14.505901611300015,7.800559698926622,True
28,Alder,92,23,1.9309174120583799,0.07540165426298043,-1.0584965639864694,0.9608967813859569,1.0235761828016414,0.2691013139192462,0.43522086944363536,0.11824462382642249,-0.10322516190589814,3.965059986022658,-0.4593806595014883,0.6101839680274491,-1.9234065867948154,-0.19358654117812346,0.7259104388849333,1.1958831238869805,True
28,Aspen,53,13,1.204155220512554,0.49337863097689166,-0.833264860564598,0.6908928457762591,0.6595395483337199,0.3179530652386946,0.46040519153910353,0.15349056266577443,-0.12123912372629264,2.5295495647514006,-0.1455719754961266,1.1323292374499099,-1.758483732527325,0.09195401139812898,0.38244201191008503,0.9993436796424331,True
28,Birch,96,24,0.426642584359115,-0.976944649674441,0.8924234836838579,0.6254906440655777,0.49409929658590124,0.5218154596253793,0.6977742063430821,0.26983902230138884,-0.5546812678053217,1.4079664365235516,-2.0133151940099716,0.05942589466108972,-0.49341631985557177,2.2782632872232877,0.08956705409331855,1.1614142340378368,True
28,Oak,71,18,0.10769142807893327,-0.3417770863189893,1.0113197906980893,0.5198271154786286,0.049649589729809575,0.19466433133443736,0.32992994731237746,0.1069070216743248,0.008590432204304804,0.20679242395356173,-0.7303287178932745,0.046774545255295896,0.35277685961945804,1.6698627217767206,0.3064398071127129,0.7332144238445443,True
28,Pine,365,91,1.6323231213529734,-0.06117801098801519,-0.2943247557485125,0.6779487714536804,0.3012146594530718,0.1441231597606337,0.17372845938744938,0.07878606970835733,1.0399672985613955,2.2246789441445514,-0.34460443199403834,0.222248410018008,-0.6359716885027887,0.04732217700576369,0.5230114678332384,0.8328860750741224,True
28,Spruce,6,1,8474.873517900436,2.894345410932755,-3.395624548957392,-1.287602078201609,69697.32368506894,3.9289124494776333,4.133821211160218,3.3446736827760852,-291408.50648817705,308358.2535239779,-14.010400464549338,19.799091286414846,-21.18202166723172,14.390772569316933,-15.678571429340979,13.103367272937762,True
29,Alder,92,23,4.764333466818663,0.6097839178624003,-2.0365252675749734,1.0753431609541375,2.4547983563256155,0.24148362910165774,0.40264046139080545,0.1141173754898636,-0.11406242691144453,9.64272936054877,0.1298859492260267,1.0896818864987738,-2.836688575667867,-1.23636195948208,0.8485588572419988,1.3021274646662764,True
29,Aspen,53,13,1.0385111052460332,0.3794598994077834,-0.7637289687302686,0.7638881682579015,0.5560370245837892,0.2945752228891674,0.42064287199208517,0.1564178932721572,-0.07888713028457195,2.1559093407766383,-0.21251117398211378,0.9714309727976806,-1.6090424679604876,0.08158453049995029,0.4495546432942501,1.078221693221553,True
29,Birch,96,24,0.39651686287667126,-0.8926329033020727,0.8549589408425349,0.6092702596265455,0.4691188870913289,0.5301631375295753,0.7103447713633726,0.28334089063023105,-0.5351937397987592,1.3282274655521016,-1.9455826565014425,0.160316849897297,-0.5558470898800383,2.2657649715651083,0.046530793713096985,1.172009725539994,True
29,Oak,71,18,0.06762145783119329,-0.4083160754623438,1.0461805780939615,0.6871338132234734,0.034558947028713746,0.1861598525463461,0.3052245810441002,0.12579404965340155,-0.0013584891444370362,0.13660140480682362,-0.7798926963289678,-0.036739454595719645,0.43694976447606637,1.6554113917118567,0.43604783922861107,0.9382197872183358,True
29,Pine,365,91,1.967765743358425,0.0017063494854880896,-0.37323745135890823,0.6360148843093438,0.3368707048448988,0.1510777176784127,0.1818634791615759,0.07720613312586731,1.3052902718620996,2.6302412148547507,-0.2953966066699788,0.298809305640955,-0.7308823648903426,-0.015592537827473885,0.48418461616977354,0.7878451524489141,True
29,Spruce,6,1,8.500495513225493,-0.2611721795205476,-0.8031514829718821,1.103986449150932,55.0415418619068,2.1162156560507963,2.27350709746409,3.310829715241877,-228.32414482559227,245.32513585204327,-9.366513248653218,8.844168889612122,-10.585263001859301,8.978960035915536,-13.14136406269363,15.349336960995494,True
30,Alder,92,23,1.4956828500567332,-0.12176986121958075,-0.7723753249324087,0.9551028249590001,0.7873235538428234,0.2652184638471753,0.4354317399960733,0.1181957336719326,-0.06895726883796693,3.060322968951433,-0.648835826389164,0.4052961039500025,-1.637704408652406,0.0929537587875886,0.7202136413664844,1.1899920085515159,True
30,Aspen,53,13,1.388494670752998,0.6412363701347468,-1.098750389135367,0.7568832481726248,0.9010035958001344,0.3386349411351517,0.4942007542948484,0.1632094840462365,-0.42213984393135484,3.199129185437351,-0.03927602199717184,1.3217487622666653,-2.091883987136886,-0.10561679113384792,0.42890151056866815,1.0848649857765813,True
30,Birch,96,24,0.3700800881805919,-1.1462747676079343,1.278080980501453,0.4660378306919138,0.4105688164620086,0.5163096050522912,0.7115423303618613,0.28767378137760374,-0.4453450203614232,1.1855051967226071,-2.1717102095127316,-0.12083932570313682,-0.13510350576176045,2.6912654667646665,-0.1053071302477358,1.0373827916315634,True
30,Oak,71,18,0.08329103108982183,-0.33257023120156703,0.8600761523371993,0.7198579532368691,0.03793720302901971,0.18251385981188548,0.3049696725516363,0.1210876438984255,0.007568056915544713,0.15901400526409895,-0.6968694201114922,0.03172895770835815,0.25135413819977415,1.4687981664746244,0.4781660044463716,0.9615499020273666,True
30,Pine,365,91,1.9373596582014452,-0.14102143618057528,-0.2111117785507727,0.6272663593591612,0.3311836185229873,0.15004504581710745,0.18153136733756825,0.07817125430594643,1.2860681666070921,2.5886511497957985,-0.43609358417023814,0.15405071180908758,-0.5681035752215401,0.14588001811999465,0.47353812532457973,0.7809945933937427,True
30,Spruce,6,1,8474.87351790088,2.894345410932776,-3.395624548957407,-1.28760207820163,69697.32421948045,3.928912488236652,4.133821246319569,3.3446736902913274,-291408.5087875637,308358.25582336547,-14.010400631315918,19.799091453181468,-21.18202181851021,14.390772720595397,-15.678571461676478,13.103367305273219,True
31,Alder,92,23,2.0848071431591344,0.24151091247728246,-1.237896072468938,0.9660016810635125,1.0583879677095898,0.24522367572003123,0.41639593232261063,0.12586558662701128,-0.01851653812939169,4.1881308244476605,-0.24581961289778081,0.7288414378523458,-2.0653954885305876,-0.4103966564072886,0.7158702764286234,1.2161330856984014,True
31,Aspen,53,13,0.9939618299099954,0.4959010705386152,-0.8583758305738722,0.7643101879534511,0.571985705400398,0.31421283435528885,0.45577603112947235,0.16058225238546758,-0.15548647965454487,2.1434101394745357,-0.13553326056996484,1.1273354016471953,-1.7742920564087052,0.057540395260960886,0.4416080700371776,1.0870123058697245,True
31,Birch,96,24,0.4588226455612932,-0.6547731974884339,0.5634862582509524,0.6350032117845666,0.5082853124797473,0.5082025460826741,0.6726433791295316,0.2625811978112955,-0.5506758586619624,1.4683211497845488,-1.664107320502959,0.3545609255260913,-0.7724415532259817,1.8994140697278867,0.11349428772291459,1.1565121358462187,True
31,Oak,71,18,0.10567927926414696,-0.16969432286794087,0.7553697246074668,0.5874578575153593,0.05166033308278355,0.21472294450500026,0.33547323870736534,0.12380185205198223,0.002564822859181609,0.2087937356691123,-0.5982831139008314,0.25889446816494976,0.08576233759564322,1.4249771116192904,0.340348326575799,0.8345673884549196,True
31,Pine,365,91,1.8232472611025183,-0.11632290487057567,-0.2305157535431037,0.6391236814815311,0.3062391291324606,0.1521809725986478,0.18814881451212515,0.07848474977017073,1.2210105318622642,2.4254839903427725,-0.4155954748064985,0.18294966506534716,-0.6005211378426469,0.13948963075643958,0.48477894072052,0.7934684222425421,True
31,Spruce,6,1,86.10236162101099,0.13661530863515525,-0.5089074323316893,-0.19814073888204375,838.7583408301092,2.9926301852158863,2.6350189470430427,4.611780102814993,-3522.7835031070654,3694.988226349087,-12.739633126755049,13.01286374402536,-11.84647889762749,10.828664032964111,-20.041028987017327,19.644747509253243,True
32,Alder,92,23,1.4923965968536115,0.1850538947674022,-1.2917473245429152,1.153456925208485,0.8396692420778124,0.2675575529205104,0.446697761815845,0.13370181279263055,-0.17626957773809426,3.161062771445317,-0.34666051841055734,0.7167683079453617,-2.1794652592423116,-0.4040293898435189,0.8877526677361359,1.419161182680834,True
32,Aspen,53,13,1.364118158506037,0.7282538883249183,-1.0063516209955867,0.6086555670200933,0.5278613132390331,0.21343060386921742,0.3030564247479962,0.10999700454627699,0.30334113478235514,2.4248951822297187,0.2993490319437989,1.1571587447060376,-1.6153663076220808,-0.3973369343690927,0.3876083105255026,0.8297028235146839,True
32,Birch,96,24,0.4203052642153261,-0.8971862553588714,0.8149791487770591,0.6312664340588467,0.4816437391361652,0.5261051822969284,0.6969209884818999,0.26956436044901033,-0.5362807757281911,1.3768913041588433,-1.9420765591958808,0.147704048478138,-0.5691660904428982,2.1991243879970166,0.09588834623338494,1.1666445218843084,True
32,Oak,71,18,0.07702127516283197,-0.25679613885470864,0.8234521116569461,0.699680916131969,0.04211600297674345,0.2299250074148577,0.3667490576416296,0.1508701627218894,-0.0070426186169021965,0.16108516894256614,-0.7157283744540928,0.20213609674467548,0.09141792877334842,1.5554862945405437,0.3985428109659219,1.0008190212980161,True
32,Pine,365,91,1.8001153153330085,-0.20214692150102362,-0.1350136097604446,0.6329195867304285,0.29898016212232337,0.1477862079382021,0.17717898895385314,0.07482525153219242,1.2121537590996532,2.388076871566364,-0.4927769358550218,0.08848309285297459,-0.4834462058821182,0.21341898636122894,0.4857714581585386,0.7800677153023183,True
32,Spruce,6,1,8474.873517899347,2.894345410932705,-3.395624548957362,-1.2876020782015551,69697.32168122841,3.928912356344161,4.13382115868325,3.3446736033599582,-291408.49786634813,308358.24490214686,-14.0104000638284,19.799090885693808,-21.182021441441513,14.390772343526791,-15.67857108764091,13.1033669312378,True
33,Alder,92,23,2.012919378052241,0.22005995514346138,-1.235542927506195,0.9792059217983715,1.039833311623212,0.25802624765947874,0.431816580979779,0.12773461105629205,-0.053530823250398374,4.07936957935488,-0.29271299169063786,0.7328329019775606,-2.0936876423533577,-0.3773982126590326,0.725360223858051,1.233051619738692,True
33,Aspen,53,13,1.1599943236383368,0.5063801846952013,-0.9103978967306819,0.752298030488421,0.6274695040472692,0.3104357193118175,0.4463050566390947,0.15468623789849628,-0.10095285374882068,2.420941501025494,-0.11746374955423045,1.130224118944633,-1.8072814867581695,-0.013514306703194423,0.4414443972829204,1.0631516636939216,True
33,Birch,96,24,0.3071217465957363,-1.091746154879682,1.0789025217040025,0.6527511000950778,0.3677375534575392,0.551949004285833,0.7349732665063372,0.2755161711142161,-0.42323677655536707,1.0374802697468397,-2.1879645199465756,0.004472210187211667,-0.3808178262291102,2.5386228696371154,0.10555220254636699,1.1999499976437886,True
33,Oak,71,18,0.09835513035721834,-0.33196989421154954,0.947125534849726,0.5962598837703861,0.04451575023212904,0.17282385921759727,0.28177569215357307,0.1085317200322253,0.009501321008185265,0.1872089397062514,-0.6769277609847654,0.012987972561666283,0.38469889934993395,1.5095521703495178,0.3796296639093298,0.8128901036314424,True
33,Pine,365,91,1.8416070714016897,-0.05022483466034136,-0.3699330931127033,0.6986290090377669,0.3067995469060308,0.1506499213741894,0.18572355252727893,0.07888808725615147,1.2382682486180037,2.4449458941853757,-0.3464865049626047,0.246036835641922,-0.7351690612718527,-0.004697124953553844,0.5434910820858692,0.8537669359896647,True
33,Spruce,6,1,86.10236162100563,0.13661530863512966,-0.5089074323316662,-0.19814073888202383,838.7583408880416,2.9926301853264086,2.635018947009599,4.611780103189108,-3522.7835033563338,3694.9882265983447,-12.739633127230613,13.012863744500871,-11.84647889748357,10.828664032820237,-20.041028988626998,19.64474751086295,True
34,Alder,92,23,3.8521668084299097,0.47612501500894394,-1.7419422970375154,1.010290851078461,2.1222430708184166,0.25131506252827734,0.42218650817835607,0.12647338299635913,-0.36534533691570603,8.069678953775526,-0.023310861632913127,0.975560891650801,-2.580949265808824,-0.9029353282662069,0.7589515788788858,1.261630123278036,True
34,Aspen,53,13,1.0232647317782615,0.7061157597876764,-1.1194206063115673,0.8169132669410568,0.4779760895577758,0.22526777396942607,0.32080847372535676,0.1329281217823551,0.0627358182630875,1.9837936452934355,0.253423219495491,1.1588083000798617,-1.7641093709712705,-0.474731841651864,0.5497842050891362,1.0840423287929775,True
34,Birch,96,24,0.5157687076523895,-0.34547027302730676,0.11275516495137372,0.7251839678544301,0.509155554056537,0.46226252234612475,0.5946729874894437,0.2349824715435069,-0.4954581714589702,1.526995586763749,-1.263563543498261,0.5726229974436476,-1.068316718561861,1.2938270484646086,0.25848849639851273,1.1918794393103473,True
34,Oak,71,18,0.13333127108307322,-0.03965717399361735,0.6204256133448965,0.5159789084715098,0.06959785479313463,0.2354095148702655,0.3643686747598542,0.11266332079643739,-0.005586628506263014,0.27224917067240945,-0.5095365322917095,0.4302221843044748,-0.10685730542089844,1.3477085321106914,0.29110197896958895,0.7408558379734307,True
34,Pine,365,91,1.7472752274792673,-0.09056035047005992,-0.3070923795503096,0.6939786537463349,0.304228611012752,0.1472451903407217,0.1746325422564591,0.07721221077571863,1.1489922968927697,2.345558158065765,-0.38012642283437503,0.19900572189425517,-0.650517242876479,0.03633248377585985,0.5421364335613866,0.8458208739312832,True
34,Spruce,6,1,0.14299082081639244,-2.2671728915987286,0.15480634441244842,3.228658403738585,0.9467826041187722,2.560682900031163,2.221834888482552,3.4027779897101347,-3.9306859352240644,4.21666757685685,-13.284902161304043,8.750556378106587,-9.404977603451126,9.714590292276021,-11.412313602237676,17.869630409714844,True
35,Alder,92,23,2.2233211427464625,0.3553557876868049,-1.463389865840897,1.0440203942569932,1.2182580576572297,0.2462066414088992,0.42428109813224346,0.1222626778682942,-0.19771074798465582,4.64435303347758,-0.13392817543922247,0.8446397508128323,-2.306559391998543,-0.620220339683251,0.8010490136822142,1.2869917748317723,True
35,Aspen,53,13,1.1318770359996877,0.4881131056719449,-0.8178516867613127,0.6973647744223913,0.5978036131666261,0.29525844027291526,0.4319112448832784,0.1481658874282366,-0.06945430168635114,2.3332083736857268,-0.10523094445390824,1.081457155797798,-1.685809829116412,0.05010645559378668,0.3996142760593285,0.9951152727854542,True
35,Birch,96,24,0.7420468090344867,-0.2513191416217659,0.027187890525863203,0.6133742391420386,0.6746204492735238,0.44033277430203194,0.5697262735803731,0.21291177551770335,-0.5978076344030829,2.0819012524720564,-1.1258580395681617,0.62321975632463,-1.104337665839672,1.1587134468913982,0.19051307506855736,1.0362354032155199,True
35,Oak,71,18,0.05905551567355023,-0.32659245509362417,0.9904211171755671,0.6903546767150922,0.02904896919856188,0.18630318632021683,0.30170684347741794,0.13134356517660142,0.0010735304773972082,0.11703750086970326,-0.6984551713703082,0.045270261183059934,0.38821173712803847,1.5926304972230958,0.4281918233751298,0.9525175300550546,True
35,Pine,365,91,1.8696415277708893,-0.1259547523274212,-0.2629418679397841,0.6639293321422157,0.30453805280447377,0.14607940865812571,0.17708681598939138,0.0744900567171452,1.2707500622363441,2.4685329933054345,-0.4132282484637288,0.1613187438088864,-0.6111932006651075,0.08530946478553941,0.5174403833088661,0.8104182809755653,True
35,Spruce,6,1,0.14299082081627695,-2.2671728915990528,0.15480634441259933,3.2286584037389714,0.9467826041172943,2.560682900028347,2.2218348884811756,3.4027779897093464,-3.9306859352178214,4.216667576850376,-13.284902161292251,8.750556378094146,-9.404977603445055,9.714590292270252,-11.412313602233898,17.869630409711842,True
36,Alder,92,23,2.39725213315507,0.25687236242091277,-1.2121780635454429,0.8846543783506777,1.41670684443691,0.26686806864173795,0.4567908855425465,0.1325028674413529,-0.41815502023134865,5.212659286541489,-0.2734718456378818,0.7872165704797074,-2.1199539607314,-0.3044021663594857,0.6213327728234093,1.1479759838779462,True
36,Aspen,53,13,1.0437684847055397,0.5042222989425943,-0.9099639953040991,0.7909372946474503,0.5527674485343242,0.2821483356537054,0.40435335872532346,0.14744418107802718,-0.0670592917601498,2.1545962611712293,-0.06277600958432106,1.0712206074695096,-1.7225424920485455,-0.09738549855965273,0.4946371194942473,1.0872374698006533,True
36,Birch,96,24,0.5490035428220743,-0.7632943854122773,0.644679443341191,0.5904716736539481,0.590775931227177,0.49624895504944494,0.6577685067336009,0.25529652741418934,-0.6243284505722837,1.7223355362164323,-1.7488876448372763,0.22229887401272164,-0.6617055876037911,1.9510644742861731,0.08343073379148769,1.0975126135164086,True
36,Oak,71,18,0.06272575444224641,-0.4049885466816121,1.1163035894181945,0.6389973659977713,0.03249563820621465,0.19326560857896224,0.31710261565954445,0.12027487143225428,-0.0021358108867416126,0.12758731977123444,-0.7907483159510037,-0.01922877741222051,0.48336411947847113,1.749243059357918,0.3989277178396734,0.8790670141558693,True
36,Pine,365,91,1.784857836863679,-0.12086400829220884,-0.23224867257161652,0.6454908726325594,0.3078169772017804,0.1529627486813698,0.18514339767774482,0.07678579348218496,1.1795181793229257,2.390197494404432,-0.42167398552285107,0.1799459689384334,-0.5963437331007513,0.13184638795751819,0.49448722639757203,0.7964945188675469,True
36,Spruce,6,1,86.10236162100037,0.13661530863511845,-0.508907432331673,-0.19814073888198935,838.7583406886305,2.992630184654768,2.635018946859139,4.6117801022558815,-3522.783502498342,3694.988225740343,-12.739633124340788,13.012863741611024,-11.846478896836201,10.828664032172854,-20.04102898461161,19.644747506847633,True
37,Alder,92,23,1.489244568694048,0.29376424689225017,-0.9576613223066686,0.7714567251248591,0.8795704949595585,0.27409566072835334,0.46337106760493585,0.15313743308101,-0.2587169613436173,3.2372060987317135,-0.25094328166740915,0.8384717754519095,-1.8785139486139562,-0.03680869599938108,0.4671282564367065,1.0757851938130116,True
37,Aspen,53,13,1.3613584316599734,0.8307698806233648,-1.2073171855751352,0.6981894489563363,0.5431264120990875,0.2037266841679115,0.29253021929209533,0.10461767003137211,0.2699050432747965,2.4528118200451505,0.4213657809770803,1.2401739802696492,-1.7951786703765162,-0.6194557007737542,0.48795236989513313,0.9084265280175394,True
37,Birch,96,24,0.5865983904158001,-0.2625320624706325,0.04015464871710224,0.6960205692399998,0.5106913842287025,0.41875026295743617,0.5459384732496608,0.20840350614527173,-0.42767877998565806,1.6008755608172582,-1.094206229950084,0.5691421050088192,-1.0441262829012397,1.1244355803354442,0.28211321728023486,1.1099279211997648,True
37,Oak,71,18,0.0970629861749288,-0.25613500570276093,0.8428527506473897,0.6168426368644577,0.04587050359765758,0.1806821704779569,0.29935914643644623,0.10925773638277353,0.0055050777906568565,0.18862089455920072,-0.6167781274001857,0.10450811599466381,0.24532939350636107,1.4403761077884183,0.3987632823025482,0.8349219914263672,True
37,Pine,365,91,1.821494813793077,-0.08828589755757224,-0.25802284752733384,0.6356601601008264,0.3057247167446769,0.14692151778735987,0.1751404432095551,0.07469872139977175,1.2202697058788667,2.4227199217072872,-0.377215449368705,0.20064365425356054,-0.6024465270715256,0.08640083201685794,0.4887608602573725,0.7825594599442802,True
37,Spruce,6,1,3758.450588656587,1.021017584698784,-0.5729719152349889,-2.0914896123332047,24014.518910045896,2.0081880131382293,1.8925154518375034,3.1845797771477002,-99567.684751992,107084.58592930518,-7.61951805177349,9.661553221171058,-8.71580869007575,7.569864859605772,-15.793630483412887,11.61065125874648,True
38,Alder,92,23,2.176422447916388,0.2444398922664874,-1.2945491892185896,0.9895252611631463,1.1220775282744027,0.26014832990256026,0.43952514636974466,0.13205377133027554,-0.05347085157814169,4.406315747410918,-0.2725502471016259,0.7614300316346008,-2.1680130579376193,-0.42108532049956005,0.7270961397857569,1.2519543825405357,True
38,Aspen,53,13,1.3345979004501045,0.7643992637867141,-1.1295851263730228,0.6914391638741764,0.5331414195845341,0.2276810368494908,0.3272132971630076,0.11283764894665867,0.26321010576509485,2.405985695135114,0.30685709017006746,1.2219414374033608,-1.7871448656112143,-0.47202538713483133,0.4646834187350889,0.9181949090132638,True
38,Birch,96,24,0.3340501313469103,-0.44141159678162767,0.2822510333206109,0.809986854590883,0.32464159197776876,0.4526138926672013,0.5891018512865794,0.21963475066705368,-0.31071609239336795,0.9788163550871886,-1.3403418558699436,0.45751866230668825,-0.8877560928102439,1.4522581594514659,0.37377328156407463,1.2462004276176915,True
38,Oak,71,18,0.07826452236203321,-0.3439296538729287,0.9071512946104104,0.708279739330304,0.0356358057967111,0.19046889706952766,0.28980429798491353,0.11846638333757399,0.007135156289374778,0.14939388843469165,-0.7241071636056902,0.03624785585983281,0.32869949480008676,1.4856030944207341,0.47181984851734315,0.9447396301432648,True
38,Pine,365,91,1.6492524273544247,0.01704087723889156,-0.39575296766155316,0.6985352801076632,0.2931667031806854,0.15470291874836237,0.1888116318387987,0.0794421151915865,1.0727233699937728,2.2257814847150765,-0.28719124376689864,0.3212729982446818,-0.7670618200712314,-0.024444115251874954,0.5423078255937934,0.854762734621533,True
38,Spruce,6,1,8474.87351790015,2.8943454109327504,-3.395624548957401,-1.287602078201587,69697.3241930109,3.928912459073116,4.133821203251748,3.3446737165367586,-291408.5086736752,308358.25570947543,-14.010400505835374,19.799091327700875,-21.182021633204325,14.390772535289525,-15.678571574601412,13.103367418198237,True
39,Alder,92,23,2.608947772533486,0.22925231800870896,-1.309929248098516,0.9555799089694695,1.587391898063262,0.29529408904214205,0.49117690621997545,0.1343240002190497,-0.5456600580027464,5.763555603069719,-0.35758263228929277,0.8160872683067106,-2.286040135668603,-0.3338183605284293,0.6886391847305724,1.2225206332083667,True
39,Aspen,53,13,1.179316904660912,0.41141755830209503,-0.7178521366220935,0.6654207396057894,0.6191660955646938,0.2914703818259944,0.4208679448559432,0.15456130792456446,-0.06494394865589315,2.423577757977717,-0.17431410337202768,0.9971492199762177,-1.5636179367060712,0.12791366346188437,0.35481816258227733,0.9760233166293015,True
39,Birch,96,24,0.5799757624177013,-0.26488844173980763,0.011621397031403143,0.7153306517241125,0.5424931026907794,0.43104330833625304,0.5623821317769137,0.22240526315483888,-0.49746236587682,1.6574138907122227,-1.1209776584397868,0.5912007749601715,-1.1053180597885324,1.1285608538513388,0.27361460175437163,1.1570467016938533,True
39,Oak,71,18,0.09548913845864966,-0.21941274762166776,0.7966445378017144,0.6283284574111929,0.045862283823933994,0.2234177667362829,0.34243319208212014,0.13802250504297714,0.003947636811398203,0.18703064010590112,-0.6653564764649634,0.22653098122162788,0.11314502571025364,1.480144049893175,0.352834384301912,0.9038225305204739,True
39,Pine,365,91,1.8909138058768638,-0.12826063888927405,-0.2149723453938593,0.6284380404166283,0.3333477643307146,0.15357946602780678,0.18532822441519328,0.07976672828855846,1.235366398010358,2.5464612137433695,-0.4302834259872774,0.17376214820872934,-0.5794308782531055,0.14948618746538694,0.4715722157168756,0.7853038651163811,True
39,Spruce,6,1,3758.4505886569796,1.0210175846988143,-0.5729719152350004,-2.091489612333253,24014.519121613677,2.008188032166997,1.8925154562832767,3.1845797971998073,-99567.6856622943,107084.58683960827,-7.61951813364764,9.661553303045268,-8.71580870920438,7.569864878734379,-15.79363056969019,11.610651345023683,True
40,Alder,92,23,2.065215530066427,0.17590208861988446,-1.2599963744048372,1.0226825216134343,1.343633922426701,0.2960889367222888,0.49048835521911743,0.13274898828830423,-0.6049745460155052,4.735405606148359,-0.4125124544169574,0.7643166316567263,-2.2347389115494996,-0.28525383726017495,0.7588718026214958,1.2864932406053728,True
40,Aspen,53,13,1.0909318839225268,0.5202168627116415,-0.8943214826742918,0.7509724498840293,0.6097708503315528,0.31354460165409503,0.46017510754139956,0.15981510265325208,-0.13444851722700135,2.3163122850720548,-0.10987460450797959,1.1503083299312626,-1.819077983532773,0.03043501818418959,0.4298119770727865,1.072132922695272,True
40,Birch,96,24,0.5248491402964186,-0.8476044235684195,0.7785683278854366,0.5614744919225627,0.5466483414039057,0.49352234028800723,0.648722654687666,0.25371285827847534,-0.5608416507499083,1.6105399313427455,-1.82778239072413,0.13257354358729112,-0.5098508600859496,2.0669875158568227,0.05757885566112164,1.0653701281840038,True
40,Oak,71,18,0.08074502252796469,-0.33317405933051697,0.9870930291154235,0.6129791933276587,0.0392441232447253,0.18850550748732442,0.3011703676962,0.11610530999039705,0.002413424685094673,0.1590766203708347,-0.7094326270549945,0.04308450839396061,0.3859544592089381,1.588231599021909,0.3812320246401295,0.8447263620151879,True
40,Pine,365,91,1.7756519206160162,-0.15462027394753217,-0.20385893868947505,0.6587305011101986,0.3071685867998011,0.14481008728261313,0.17584356373374394,0.07714144478759519,1.1715873598144193,2.379716481417613,-0.4393975771391009,0.13015702924403652,-0.5496653448824421,0.141947467503492,0.5070274462806039,0.8104335559397933,True
40,Spruce,6,1,86.10236162100142,0.13661530863511623,-0.508907432331662,-0.1981407388820012,838.7583406249427,2.9926301846867984,2.6350189470216705,4.611780101688159,-3522.7835022243144,3694.988225466317,-12.739633124478607,13.01286374174884,-11.846478897535507,10.828664032872181,-20.041028982168907,19.644747504404908,True
41,Alder,92,23,2.300249526954952,0.17227576469884812,-1.2468254523837274,0.9909427103274951,1.1718587496188086,0.24908033455679837,0.4127838761815679,0.11413048105375914,-0.028573489176233036,4.629072543086137,-0.3227190596946341,0.6672705890923303,-2.0671466658850814,-0.4265042388823733,0.7641323620610538,1.2177530585939365,True
41,Aspen,53,13,1.285996921873363,0.6762533774386175,-0.9426377432436911,0.6195807786696251,0.4842181024110473,0.20649071600310118,0.29771430786542863,0.10567632131665304,0.3129242138984121,2.2590696298483137,0.26129474786169893,1.091212007015536,-1.5409170440691273,-0.34435844241825486,0.4072162602007664,0.8319452971384839,True
41,Birch,96,24,0.6008024807235701,-0.07560380278156259,-0.15156681477426392,0.7040109578656422,0.5786063781562316,0.45914273740314504,0.6152984646479236,0.22128329765137927,-0.5483597298331726,1.7499646912803128,-0.9875009110654347,0.8362933055023096,-1.3736026762525435,1.0704690467040157,0.26452322823041363,1.1434986875008706,True
41,Oak,71,18,0.056971747042104975,-0.4088762584017257,1.036253915022992,0.7410127145978851,0.02452762223275929,0.16174901126500488,0.26308356917871384,0.10171523948407611,0.008014408161140844,0.1059290859230691,-0.7317286361420072,-0.08602388066144423,0.5111369131354871,1.5613709169104966,0.5379882468559856,0.9440371823397846,True
41,Pine,365,91,1.9432489469899061,-0.05538504133084076,-0.3197316474551275,0.6392887983985097,0.33667201167496114,0.1519956549375277,0.18210774039313418,0.0770091496254984,1.281164216954754,2.605333677025058,-0.35429317350722717,0.24352309084554563,-0.6778569146421858,0.03839361973193073,0.48784590955730844,0.790731687239711,True
41,Spruce,6,1,7.700199476928687,-0.3948532177669571,-0.4767427808564982,0.9833301310710555,66.24713200264475,2.600185199678525,2.415567909647142,4.252262476270639,-277.33820386879137,292.7386028226487,-11.582547164879271,10.792840729345356,-10.870092641066176,9.91660707935318,-17.312678619839282,19.279338881981396,True
42,Alder,92,23,1.8047894584116164,0.16045079129745488,-1.2204765621404323,1.0541708506633607,0.9585122057463028,0.2601117394958218,0.4313924544379037,0.12075621442042588,-0.10005213338497931,3.709631050208212,-0.356466632326197,0.6773682149211068,-2.0777784146095204,-0.36317470967134446,0.8141932496302688,1.2941484516964525,True
42,Aspen,53,13,0.771131853725365,0.4549192846126831,-0.8878445133523846,0.9045843193556625,0.4646102946805869,0.30899166213454854,0.4507961340849822,0.18364180981317407,-0.1625374893800614,1.7048011968307915,-0.16602270809231018,1.0758612773176763,-1.793753261403157,0.018064234698388026,0.5355422858535105,1.2736263528578147,True
42,Birch,96,24,0.5623053293088615,-0.8361256827358841,0.7098104311175243,0.5854272253981827,0.6021975317825272,0.5066155845055893,0.664261774614116,0.25658233731128355,-0.6337109486661591,1.7583216072838819,-1.842307963076634,0.1700565976048658,-0.6094707903172468,2.0290916525522955,0.07583255609290307,1.0950218947034625,True
42,Oak,71,18,0.0730898955493639,-0.3049999235310449,0.9961242423129409,0.6065732161321246,0.03632442428881218,0.1819720686646048,0.2985985530561695,0.11724549957384149,0.0005860412137354276,0.14559374988499238,-0.6682176927848609,0.05821784572277111,0.40011903591296094,1.592129448712921,0.37255021951086764,0.8405962127533815,True
42,Pine,365,91,1.952647652655136,-0.12321036603352614,-0.2483691188080088,0.6420774689208001,0.32814787519050337,0.15460008580688533,0.1867770170810907,0.07667813680733057,1.3073261236209142,2.5979691816893578,-0.4272402601896361,0.18081952812258384,-0.6156767851497368,0.11893854753371916,0.4912855356825445,0.7928694021590557,True
42,Spruce,6,1,7.7001994769298525,-0.3948532177669089,-0.4767427808565242,0.9833301310709912,66.24713200240862,2.6001851996673397,2.415567909644814,4.252262476260235,-277.3382038677742,292.73860282163395,-11.582547164831096,10.792840729297277,-10.870092641056186,9.916607079343137,-17.312678619794582,19.279338881936567,True
43,Alder,92,23,2.6891236858139433,0.36761805493387534,-1.5159307256995258,1.014253604544226,1.5295381754107837,0.27480660471810703,0.450234924992104,0.12442674663668236,-0.350512028052266,5.728759399680152,-0.17850232541108402,0.9137384352788347,-2.4106780289293557,-0.6211834224696959,0.7669815920392314,1.2615256170492206,True
43,Aspen,53,13,1.1453547024115727,0.5526738679679354,-0.9310357606589511,0.739767577178513,0.6151939338718885,0.2997238397927149,0.4376755348740676,0.15499756865373018,-0.0909237931294975,2.3816331979526426,-0.04964373845679593,1.1549914743926668,-1.8105776774391722,-0.051493843878729906,0.4282883013967376,1.0512468529602885,True
43,Birch,96,24,0.27805612303910915,-1.0154825557916447,0.9864727474888486,0.7215112956663904,0.3360754949641471,0.5443281984927487,0.7254094043195815,0.2795514586957104,-0.38941881897176184,0.9455310650499802,-2.0965653427487516,0.06560023116546221,-0.45425294461794197,2.427198439595639,0.166297968667111,1.2767246226656699,True
43,Oak,71,18,0.0495072615736954,-0.4308261982875607,1.0453179992883137,0.7989258444503451,0.021897414529149565,0.16260313603332804,0.2661488057663257,0.10566830759429287,0.005799839241957969,0.09321468390543283,-0.7553834162007951,-0.10626898037432625,0.5140827595648717,1.5765532390117558,0.5880110197364219,1.0098406691642683,True
43,Pine,365,91,1.6692342026802358,-0.05645561690347738,-0.32812345342696114,0.6933909422979104,0.28339729613586095,0.1464913266369835,0.18381430047231134,0.07719097558026213,1.111917241964317,2.2265511633961546,-0.3445391732597357,0.23162793945278093,-0.6896047684294868,0.033357861575564474,0.5415904823370482,0.8451914022587727,True
43,Spruce,6,1,8474.873517900955,2.8943454109327904,-3.395624548957432,-1.2876020782016218,69697.32442690633,3.928912471174595,4.133821211278174,3.344673724566278,-291408.5096800452,308358.25671584706,-14.010400557903797,19.799091379769376,-21.182021667739278,14.390772569824414,-15.678571609149678,13.103367452746436,True
44,Alder,92,23,3.3625368315302535,0.37180909726185907,-1.4859585377431022,0.9192682353540198,2.186255349185953,0.26745545126830694,0.4634115570530371,0.13406192396883226,-0.982186265839919,7.7072599289004255,-0.159702410337494,0.9033206048612121,-2.406891628320234,-0.5650254471659705,0.6528483325909926,1.185688138117047,True
44,Aspen,53,13,1.1856645182410928,0.4813200935254206,-0.8136932313919031,0.6866029338216498,0.6288264813761063,0.3143058796060531,0.4620457697197485,0.15111381883343278,-0.07800960718344152,2.449338643665627,-0.1503012190150278,1.112941406065869,-1.7422089686410287,0.11482250585722253,0.3829283455059492,0.9902775221373505,True
44,Birch,96,24,0.49707002015684193,-0.7658443402560525,0.6541160575627519,0.6131657476494552,0.5766745489858842,0.5256203792862616,0.7062471208105654,0.27119000632621987,-0.648255410917987,1.6423954512316707,-1.80977178346716,0.2780831029550549,-0.7485516854652438,2.0567838005907477,0.07455898679105954,1.1517725085078507,True
44,Oak,71,18,0.09888439306957048,-0.3161814668896291,1.0241523298629642,0.5066714950397715,0.041384120270202863,0.1639435463218314,0.2658317672569355,0.10508723504286012,0.016281343286257965,0.18148744285288299,-0.6434141549365378,0.011051221157279467,0.49354990165281276,1.5547547580731158,0.29691649599280284,0.7164264940867402,True
44,Pine,365,91,2.0986982806368757,-0.10586253176285275,-0.27917671322268245,0.6299274644037554,0.3400990592458793,0.1450546365047106,0.17418541270386956,0.0731916702610732,1.429874065918929,2.7675224953548225,-0.3911207549598807,0.17939569143417516,-0.6217222707590888,0.06336884431372386,0.48599186665525823,0.7738630621522524,True
44,Spruce,6,1,8.500495513224962,-0.26117217952056127,-0.8031514829718868,1.1039864491509668,55.04154186176576,2.116215656036031,2.273507097457673,3.3108297152473316,-228.32414482498595,245.32513585143587,-9.366513248589701,8.844168889548577,-10.585263001831695,8.978960035887923,-13.141364062717065,15.349336961018997,True
45,Alder,92,23,1.7553171882787373,0.09092231862647361,-1.02827201586192,0.9490484612558432,0.9428163261416788,0.27568768232044844,0.4556658222643631,0.13052274159333208,-0.11833214105997891,3.6289665176174535,-0.4569490183077486,0.6387936555606958,-1.9338120861978496,-0.12273194552599054,0.6896619397574366,1.2084349827542498,True
45,Aspen,53,13,1.6495027965079307,0.6911561712996422,-1.195627565957316,0.7511133167450595,0.9477090396109874,0.31292991726083536,0.46111016891833,0.15404453970752133,-0.2549898214978432,3.5539954145137047,0.062299958615365636,1.3200123839839188,-2.122263143004073,-0.2689919889105591,0.4415492243338528,1.0606774091562663,True
45,Birch,96,24,0.4611454026177773,-0.7258755534753968,0.667771218637936,0.6068136380516241,0.520937354900692,0.5271068793549784,0.7316265843777328,0.26518702704250513,-0.5734811499392019,1.4957719551747564,-1.7727553141331294,0.3210042071823359,-0.7853023297123704,2.120844766988242,0.08012931220955544,1.1334979638936928,True
45,Oak,71,18,0.07841385247396533,-0.3349671925357953,0.9379456956830112,0.6629755082059838,0.03932496293094371,0.18961125650357563,0.31082060974665227,0.1327898326749838,-7.910205793340563e-05,0.15690680700586407,-0.7134328445341656,0.04349845946257491,0.3175451620254569,1.5583462293405654,0.39792589285709495,0.9280251235548727,True
45,Pine,365,91,1.8085603475492822,-0.025905888501562776,-0.3724440964654062,0.682496720916501,0.3136861829040126,0.160214290233175,0.1994183418341864,0.08243429289701978,1.1916785619487875,2.425442133149777,-0.3409764361514083,0.28916465914828277,-0.7646116495699236,0.01972345663911118,0.5203849781350588,0.8446084636979433,True
45,Spruce,6,1,8474.873517900283,2.894345410932753,-3.3956245489573984,-1.2876020782015962,69697.32253739682,3.9289123907119223,4.133821172797047,3.3446736426766774,-291408.50155014254,308358.24858594313,-14.010400211700894,19.799091033566402,-21.18202150216832,14.390772404253523,-15.67857125680714,13.103367100403949,True
46,Alder,92,23,2.7026183545439424,0.3901094563277492,-1.597270525813184,1.0676158773355768,1.5126933166156749,0.2463050523699446,0.4124665725145706,0.12621321157602536,-0.303541742164235,5.70877845125212,-0.09937007790375202,0.8795889905592504,-2.4169611649530407,-0.7775798866733276,0.8167936411627497,1.318438113508404,True
46,Aspen,53,13,1.2535012016057092,0.6456167687092612,-1.0038854215185267,0.6940990405247723,0.5422374584261733,0.22909364953731107,0.3310287628013933,0.10907417265547018,0.16383423250857576,2.3431681707028424,0.18523584361551637,1.105997693803006,-1.6691126260217355,-0.33865821701531784,0.47490628414598024,0.9132917969035644,True
46,Birch,96,24,0.304459119919097,-1.016471958409794,1.0948012711006778,0.5928197852618434,0.3554837751399979,0.5343175602157328,0.7312630166342288,0.2943667132696464,-0.40156234178458505,1.010480581622779,-2.0776727536609725,0.04472883684138429,-0.35755020032897056,2.547152742530326,0.00818208387112207,1.1774574866525649,True
46,Oak,71,18,0.10707365191107257,-0.2430628371895082,0.8765878929061982,0.545993496616099,0.05603930122654876,0.24531652549420505,0.3950136579211249,0.12115393724828138,-0.004781261490858779,0.21892856531300392,-0.7327166714564011,0.24659099707738466,0.08813733174154226,1.6650384540708543,0.3041692257454728,0.7878177674867252,True
46,Pine,365,91,1.6244225312632354,-0.0804783756920523,-0.2936328261236711,0.6932851469075709,0.2823720402266634,0.14798540763381682,0.1821590064608564,0.07826241426122853,1.069121794819958,2.179723267706513,-0.37150012761888296,0.21054337623477837,-0.651858910959452,0.06459325871210986,0.5393776416170193,0.8471926521981226,True
46,Spruce,6,1,8.500495513224855,-0.2611721795205695,-0.8031514829718762,1.103986449150968,55.041541861582544,2.116215656031645,2.2735070974574945,3.310829715236823,-228.32414482419776,245.32513585064746,-9.366513248570838,8.8441688895297,-10.585263001830917,8.978960035887166,-13.14136406267185,15.349336960973785,True
47,Alder,92,23,2.2458322090212364,0.22562412490086178,-1.3155298082246223,1.0075007006454126,1.166392508078864,0.24925319988554726,0.41669071928144574,0.11809104342885496,-0.07212780069889746,4.56379221874137,-0.2697142330084238,0.7209624828101473,-2.143615051421849,-0.4874445650273954,0.7728195669119118,1.2421818343789135,True
47,Aspen,53,13,1.7672180261775383,0.7783859486069273,-1.292759635881252,0.7392189417814098,1.022054015100966,0.32864737508420694,0.4865167407818871,0.15505302071978452,-0.286676413577877,3.821112465932954,0.11794432189018,1.4388275753236748,-2.2704516306053577,-0.31506764115714647,0.4276282309008439,1.0508096526619757,True
47,Birch,96,24,0.3265984262629889,-1.0739329079018802,0.9999319440505255,0.6946171902980648,0.36733297416916205,0.525475697151234,0.6800408834315798,0.26649448568114803,-0.4029565674993468,1.0561534200253246,-2.117572999904302,-0.030292815899458425,-0.35068794950029336,2.3505518376013446,0.16533613874380781,1.2238982418523219,True
47,Oak,71,18,0.07297163598194732,-0.4328527442865921,1.159438497672101,0.5857348485579086,0.03362163334298103,0.17360454594570476,0.28296737180337317,0.12096178763878992,0.005862574953381744,0.1400806970105129,-0.7793688682909872,-0.08633662028219702,0.5946332596359861,1.724243735708216,0.3442941099130501,0.8271755872027671,True
47,Pine,365,91,1.7401601721670887,-0.12248179887807535,-0.2401620859988181,0.6677501301403759,0.3063908269026586,0.1511686717655346,0.18475975783121695,0.07963953283644168,1.1376251206020032,2.342695223732174,-0.4197636214380233,0.17480002368187258,-0.603502696869499,0.12317852487186276,0.5111344425582215,0.8243658177225303,True
47,Spruce,6,1,7.700199476926775,-0.3948532177670251,-0.47674278085647676,0.9833301310711711,66.2471320015271,2.6001851996479464,2.4155679096472746,4.252262476201499,-277.33820386398446,292.73860281783806,-11.58254716474777,10.792840729213719,-10.870092641066726,9.916607079353774,-17.312678619541682,19.279338881684023,True
48,Alder,92,23,4.2702216213219195,0.46622502690781065,-1.800390628209188,1.0256639893136714,2.124051481883534,0.2389471571076351,0.40044328350128117,0.11793524846058007,0.04911563899514704,8.491327603648692,-0.008632236642413582,0.9410822904580349,-2.5961875069509985,-1.0045937494673773,0.7912924653416149,1.260035513285728,True
48,Aspen,53,13,1.299052108056888,0.7143650830357381,-1.027172079403897,0.6566469606223359,0.4993787260816847,0.2091120845443187,0.3023495651789531,0.11301939208020867,0.2955129861739887,2.3025912299397873,0.29413861615099923,1.134591549920477,-1.6347662785443142,-0.41957788026347975,0.429525988982548,0.8837679322621237,True
48,Birch,96,24,0.5735606571354814,-0.1825678041355241,-0.12525050515706276,0.7702870834072535,0.5893854176408552,0.46830145394128864,0.6103715088910778,0.23048856937366297,-0.5970096562515481,1.744130970522511,-1.1126549140166373,0.7475193057455891,-1.3375010072224474,1.086999996908322,0.3125168895605802,1.2280572772539267,True
48,Oak,71,18,0.08941839723554051,-0.36875205667463934,1.0748361000057918,0.5434476248605213,0.044111238685995945,0.19438126177015647,0.3380118791519476,0.10613623248656474,0.001371996311888779,0.17746479815919225,-0.7567386790338495,0.01923456568457088,0.4001615654587155,1.749510634552868,0.3315988181525671,0.7552964315684756,True
48,Pine,365,91,1.8086394066880058,-0.1775656226182997,-0.22554601559684295,0.6865706173922641,0.3081132680150449,0.14634968860913883,0.17161030196035906,0.07432803465213829,1.2027170763490709,2.4145617370269408,-0.4653706397073296,0.11023939447073025,-0.5630274708547569,0.11193543966107106,0.5404002941988546,0.8327409405856736,True
48,Spruce,6,1,8474.873517901271,2.894345410932803,-3.395624548957436,-1.28760207820164,69697.32499126409,3.928912508311881,4.133821242058777,3.3446737368918185,-291408.51210828027,308358.25914408284,-14.010400717692626,19.799091539558233,-21.182021800177527,14.390772702262655,-15.678571662182218,13.103367505778937,True
49,Alder,92,23,2.6153745436560865,0.308317999304535,-1.4764157920534045,1.0396166823918465,1.3400872387426666,0.26906369468761837,0.4485758886201799,0.13070323246730267,-0.04776724388680176,5.278516331198975,-0.22638955414219702,0.8430255527512671,-2.367866109115923,-0.5849654749908857,0.7798714732089036,1.2993618915747893,True
49,Aspen,53,13,1.5972241037506771,0.6863438454516612,-1.190250435718635,0.7584115881695668,0.9543762650177762,0.34184849429796876,0.49559313137206423,0.1517297594129796,-0.32066680533293845,3.5151150128342925,-0.0006264235394529694,1.3733141144427754,-2.1861821202152734,-0.1943187512219966,0.4534992209176658,1.0633239554214677,True
49,Birch,96,24,0.44785500540519735,-0.6517522867720319,0.46124276623179983,0.7170856957117013,0.4172534038599962,0.4452260873066655,0.5781522813746619,0.2185584683445647,-0.380846270702425,1.2765562815128197,-1.5360097267214896,0.2325051531774257,-0.6870175689204959,1.6095031013840955,0.2830097122787647,1.151161679144638,True
49,Oak,71,18,0.11052974178731602,-0.31916741058444337,0.9014880152434608,0.5933272976699094,0.046539304699398994,0.16018411301727434,0.26168899039566007,0.10090184255097444,0.0176369008167869,0.20342258275784514,-0.6388962383490551,0.0005614171801683887,0.37915460425727776,1.4238214262296438,0.39192637700161936,0.7947282183381995,True
49,Pine,365,91,1.72726337178286,-0.1745739447335356,-0.1774807144970584,0.6587251342477655,0.3017665969241761,0.1514039309555608,0.1836739733224514,0.07841581372712518,1.1338221324467515,2.320704611118969,-0.4723184179205489,0.1231705284534777,-0.5386860681487446,0.18372463915462786,0.5045159601506491,0.8129343083448818,True
49,Spruce,6,1,86.102361621005,0.13661530863513105,-0.5089074323316727,-0.19814073888201691,838.7583405980065,2.992630184467695,2.6350189468911567,4.61178010170477,-3522.783502108414,3694.988225350424,-12.739633123535866,13.012863740806127,-11.846478896973961,10.828664032310614,-20.041028982240398,19.644747504476364,True
50,Alder,92,23,2.2133628231227918,0.14826261067859428,-1.2714971114334015,1.0311987829208478,1.1656948795923274,0.26886931467768005,0.4455357631382758,0.12044240369116618,-0.10321079657663024,4.529936442822214,-0.38605865334446154,0.68258387470165,-2.1569058179379175,-0.38608840492888563,0.791844814769489,1.2705527510722066,True
50,Aspen,53,13,1.0787485531729233,0.4132849050444782,-0.711147201465227,0.6874683897748907,0.5975599025371292,0.30145317141689565,0.44010246171886436,0.15205463864495672,-0.12209302966705349,2.2795901360129003,-0.1925079233889912,1.0190777334779475,-1.5955662103350758,0.1732718074046219,0.3819031532633509,0.9930336262864304,True
50,Birch,96,24,0.46693989150481907,-0.6235045603682597,0.49822891507449507,0.6456033615212998,0.4511445986164678,0.44610562514981517,0.5900149555945741,0.21922887192682436,-0.42907222277375723,1.3629520057833955,-1.5095088383932376,0.2624997176567181,-0.6735917150284171,1.6700495451774073,0.21019589870680222,1.0810108243357974,True
50,Oak,71,18,0.049641570500667025,-0.38087466693451294,0.91789935214411,0.8595605474806701,0.021045904594340453,0.16449828902442257,0.27149540941048805,0.11512972435130489,0.007633769112344119,0.09164937188898993,-0.7092146260501281,-0.0525347078188978,0.3759922468812579,1.459806457406962,0.629760655878836,1.0893604390825042,True
50,Pine,365,91,1.72494756793844,-0.09174839916899653,-0.2409562756458215,0.6468712995880443,0.2951515699167674,0.14595742463834666,0.1773481609643172,0.07731310350619912,1.1445151568342542,2.305379979042626,-0.37878200676689483,0.1952852084289018,-0.5897215581833344,0.10780900689169143,0.49483066808909826,0.7989119310869904,True
50,Spruce,6,1,86.10236162101405,0.13661530863516122,-0.5089074323316836,-0.198140738882065,838.7583407771269,2.992630185020656,2.635018946987668,4.611780102586631,-3522.783502879098,3694.988226121126,-12.739633125915034,13.012863743185356,-11.846478897389227,10.82866403272586,-20.041028986034785,19.644747508270658,True
51,Alder,92,23,1.741604487392151,0.21564584501492973,-1.1916817208238146,0.9922351041202044,1.0057597012107986,0.27123621390465785,0.45263322269628653,0.13409771113255564,-0.25713157327969394,3.7403405480639957,-0.32337913385297584,0.7546708238828352,-2.0911951367740143,-0.292168304873615,0.7257440818894187,1.2587261263509901,True
51,Aspen,53,13,0.8791675334449115,0.4408467199897534,-0.8412703947230722,0.8392300528431462,0.5080740760817191,0.29180548867998396,0.4253343175677122,0.17724163939829982,-0.14184554847622854,1.9001806153660517,-0.145558364119939,1.0272518040994458,-1.6960117068084108,0.013470917362266355,0.48304964332013267,1.1954104623661599,True
51,Birch,96,24,0.41765872128186776,-0.7801830035839167,0.7032471995798003,0.6434134787171691,0.45476481350482045,0.5091744025910132,0.6748087455261004,0.2612975451020884,-0.4855434522508886,1.320860894814624,-1.791447317511694,0.2310813103438606,-0.6369812164685448,2.0434756156281453,0.12445399973699056,1.1623729576973476,True
51,Oak,71,18,0.08355118130386532,-0.37806133829894845,1.022491953372296,0.6197262593283832,0.03958352139215986,0.180591450925796,0.2958019317513112,0.10923184304456333,0.004542141923375223,0.16256022068435544,-0.7385233830123865,-0.017599293585510323,0.43206882645985834,1.6129150802847336,0.40169858808585485,0.8377539305709116,True
51,Pine,365,91,1.8276278948520006,-0.10097641137051644,-0.21787545603800657,0.6193273329350263,0.30683069121479917,0.1428415779462812,0.1722732955883309,0.07424144750323053,1.2242278250072345,2.4310279646967667,-0.3818825285789292,0.1799297058378963,-0.5566607261126229,0.12090981403660966,0.473327288312811,0.7653273775572416,True
51,Spruce,6,1,8474.873517900001,2.894345410932729,-3.3956245489573686,-1.2876020782015933,69697.32277297285,3.92891241293661,4.133821195901712,3.344673641190894,-291408.5025637447,308358.24959954474,-14.010400307326034,19.799091129191492,-21.18202160157964,14.390772503664902,-15.678571250414329,13.10336709401114,True
52,Alder,92,23,2.0957819301909493,0.36390653070646534,-1.447040757440773,1.03434274657713,1.1466054009618782,0.26914850392984085,0.44975306984986296,0.1395410860247272,-0.18285536210126985,4.374419222483168,-0.1709695632877794,0.89878262470071,-2.3408304748301108,-0.5532510400514357,0.7570341605926554,1.3116513325616046,True
52,Aspen,53,13,1.123694511358901,0.4523105318813466,-0.7813992239050824,0.7037988600944539,0.594471014821176,0.28243873732503605,0.41051451474173295,0.14997718105526106,-0.07093971921682352,2.3183287419346255,-0.11527136065309573,1.019892424415789,-1.606359027212195,0.043560579402030286,0.40240843091135275,1.0051892892775551,True
52,Birch,96,24,0.9010983685932815,-0.282879913478244,0.02661053169371073,0.5580319547604596,0.8704281056931871,0.46652844566634954,0.6560252435497448,0.26107706364319216,-0.8276469820136493,2.6298437192002124,-1.2094456758846595,0.6436858489281716,-1.2763122280949701,1.3295332914823914,0.03951037098893628,1.076553538531983,True
52,Oak,71,18,0.0683275104966218,-0.42709057527342176,1.172717488263568,0.590917515824136,0.032261710634160605,0.20320688557466854,0.351264962366273,0.11165932599251197,0.003932866555690487,0.13272215443755309,-0.8326932164759226,-0.021487934070920922,0.4715896889041058,1.8738452876230303,0.36804456833824817,0.8137904633100238,True
52,Pine,365,91,1.6971357139425884,-0.137102757920116,-0.1800699144112302,0.6375329049796837,0.2962208995387829,0.1552846270244815,0.1893886664777017,0.07925944151478007,1.1146004050935368,2.27967102279164,-0.4424788414579785,0.1682733256177465,-0.5525135383785984,0.192373709556138,0.48166468867926454,0.7934011212801029,True
52,Spruce,6,1,3758.4505886567176,1.0210175846987857,-0.5729719152349751,-2.09148961233323,24014.518973762588,2.0081880213065757,1.892515454675462,3.1845797806751466,-99567.68502614267,107084.58620345611,-7.6195180869190455,9.661553256316617,-8.715808702286486,7.569864871816536,-15.793630498590291,11.61065127392383,True
53,Alder,92,23,2.163251224629401,0.07834341532663783,-1.137517031249231,0.9839934390115486,1.1228362379343673,0.2682013124680257,0.43926541488298637,0.11608857584320494,-0.06814985088272607,4.394652300141528,-0.4546503346754871,0.6113371653287627,-2.010464738217048,-0.2645693242814138,0.7532917888156629,1.2146950892074342,True
53,Aspen,53,13,1.0599388800832739,0.4939698885457278,-0.8549043300940656,0.747470464105854,0.6008045945892211,0.31317499921971487,0.4574065449173369,0.15408975650588191,-0.14742315555669672,2.2673009157232444,-0.13537883477418017,1.1233186118656358,-1.7740971960607892,0.06428853587265793,0.4378155051363596,1.0571254230753486,True
53,Birch,96,24,0.7243907565298489,-0.07795472531831114,-0.18182813448998095,0.6574446527133581,0.6651226458858497,0.4706036273883001,0.602890993140066,0.2141495866774691,-0.596600229558369,2.0453817426180665,-1.012614150381782,0.8567046997451597,-1.3792216865785436,1.0155654175985815,0.23212508883249666,1.0827642165942195,True
53,Oak,71,18,0.09038507471803148,-0.3197093329246141,0.9638305803528728,0.5887300155380739,0.04248922752010805,0.19301732763569796,0.331649743958278,0.11634449459715236,0.005576221631814288,0.17519392780424867,-0.7049735313571048,0.06555486550787665,0.30185492080179943,1.6258062399039463,0.35650543237730686,0.8209545986988409,True
53,Pine,365,91,1.784418754978502,-0.01258042482922073,-0.40090286303530215,0.6990788357830857,0.29764435346004736,0.14602559939744822,0.17692180072968464,0.07641518121954345,1.1990841427347632,2.369753367222241,-0.29974810198267965,0.2745872523242382,-0.7488296838324404,-0.05297604223816382,0.5488040197191539,0.8493536518470175,True
53,Spruce,6,1,0.14299082081624703,-2.267172891599135,0.1548063444126347,3.228658403739074,0.9467826041177888,2.560682900030502,2.221834888482019,3.4027779897109496,-3.9306859352199783,4.216667576852473,-13.284902161301607,8.750556378103338,-9.404977603448648,9.714590292273916,-11.412313602240694,17.86963040971884,True
54,Alder,92,23,1.4085337062642125,0.09118326585929437,-0.9334253696107655,0.9432127701044608,0.8015067911750315,0.2636081157445,0.4420195467536502,0.1278941099822623,-0.18429261643127992,3.001360028959705,-0.4326824708469922,0.6150490025655809,-1.8118463349315617,-0.055004404289969444,0.689050101565108,1.1973754386438136,True
54,Aspen,53,13,0.9908683548284338,0.47109565156256716,-0.8586198531985787,0.7826474278881991,0.5634546631768496,0.31229138146941426,0.4507689123264408,0.1546315905536136,-0.14143618353675946,2.123172893193627,-0.15647737540724882,1.0986686785323831,-1.7644738970774754,0.04723419068031798,0.4719036126337495,1.0933912431426487,True
54,Birch,96,24,0.4950112533734435,-0.791602403126303,0.7721861512370504,0.5368053426425218,0.5565063399193184,0.5237943767244644,0.6843788534049445,0.29025203342073064,-0.6102583736368694,1.6002808803837563,-1.831903247634707,0.24869844138210107,-0.5870493251212133,2.131421627595314,-0.039660249401633485,1.113270934686677,True
54,Oak,71,18,0.10314766058091565,-0.3251188462526348,0.9611946186685953,0.5585015206653856,0.04472346280555651,0.17212708525742204,0.274528925605387,0.10522322235850652,0.013879255200085247,0.19241606596174604,-0.6686859463804736,0.01844825387520399,0.41323258973865384,1.509156647598537,0.34847508980034525,0.768527951530426,True
54,Pine,365,91,1.6914511356460578,-0.1676312379877784,-0.17263967913827513,0.6593847711656933,0.2994405937890809,0.14992189746883353,0.18243740823491086,0.07841311689910063,1.1025841142560706,2.280318157036045,-0.46246120772058064,0.12719873174502383,-0.5314132569554273,0.186133898678877,0.5051809005348369,0.8135886417965497,True
54,Spruce,6,1,169.9313985027269,-1.5219590617648315,4.339799258049179,-3.3526709561866954,742.5213539237888,1.8377743762433303,2.9094975467489985,2.5921754215788018,-3024.8801318151377,3364.7429288205917,-9.429263998273822,6.385345874744158,-8.178758303514627,16.858356819612986,-14.505901609693975,7.800559697320583,True
55,Alder,92,23,2.003225642119887,0.08588525822805275,-1.0963345341807043,0.9697187970302533,1.1203717615385569,0.28158162588896407,0.46241423173525753,0.13326378162396227,-0.22327780442873024,4.229729088668504,-0.4736990530237674,0.6454695694798729,-2.0152856502618732,-0.1773834180995355,0.7048850344598789,1.2345525596006277,True
55,Aspen,53,13,1.1465643402050583,0.49733924988688505,-0.833606150593458,0.7045174920442189,0.6439795432927456,0.306497563113866,0.44333358784642646,0.1536426278910053,-0.14756100321384058,2.4406896836239573,-0.11859066318719635,1.1132691629609663,-1.7245183505172972,0.05730604933038108,0.39576107166699237,1.0132739124214454,True
55,Birch,96,24,0.85549783879798,-0.05634330322610464,-0.14485163866210277,0.5609861305418019,0.7437489924661482,0.4275853902169729,0.5635518948321447,0.23598250930846726,-0.6216518583852261,2.3326475359811862,-0.905564796064244,0.7928781896120348,-1.2641143458801076,0.974411068555902,0.09230449776446242,1.0296677633191413,True
55,Oak,71,18,0.11816282114032495,-0.30237703810447886,0.9208371007250409,0.5390640526040859,0.049704262551055506,0.16227729648847974,0.2623637375672728,0.09699146499809562,0.01895269785775147,0.21737294442289842,-0.6262838775641243,0.021529801355166578,0.3971568887474639,1.4445173127026179,0.3454682781987349,0.7326598270094369,True
55,Pine,365,91,1.685025504149285,-0.19777284892499092,-0.17606327336693237,0.6852158373986523,0.28338343242820135,0.14306218947622612,0.17139838079091263,0.0736438265816241,1.127735807205895,2.242315201092675,-0.47911281130075084,0.083567113450769,-0.5131279735475127,0.16100142681364796,0.5403910484342407,0.830040626363064,True
55,Spruce,6,1,86.10236162100092,0.13661530863512317,-0.5089074323316798,-0.19814073888198913,838.7583408727971,2.9926301853217585,2.6350189470397787,4.611780103063126,-3522.783503290747,3694.9882265327487,-12.739633127210611,13.012863744480859,-11.846478897613437,10.828664032950076,-20.0410289880849,19.644747510320922,True
56,Alder,92,23,1.5745116196318607,0.05007446111946084,-1.00236647457876,0.9959905064027187,0.8694158134324114,0.27074110370490684,0.4459377240271683,0.12371991544936148,-0.15326961472631684,3.3022928539900382,-0.48796659026650496,0.5881155125054266,-1.8885739938838304,-0.11615895527368947,0.7501231723524334,1.2418578404530038,True
56,Aspen,53,13,1.647129211410245,0.6097107571711078,-1.0553519458374527,0.695740687750993,0.9364587840786133,0.3105693712399691,0.46087763556687444,0.1527284577397579,-0.2347551716662939,3.5290135944867838,-0.014401760683531939,1.2338232750257476,-1.9815202296193177,-0.12918366205558773,0.3888213610722359,1.00266001442975,True
56,Birch,96,24,0.8244365211941657,-0.06183833557608696,-0.276504622981577,0.6896227228385969,0.7234224818294989,0.42901173598693065,0.5645105508873381,0.20810443854035526,-0.6123429713422296,2.261216013730561,-0.9138926742311807,0.7902160030790067,-1.397671303873464,0.8446620579103099,0.27630934495679993,1.102936100720394,True
56,Oak,71,18,0.0911889901467723,-0.26848159196761595,0.8387098397231101,0.6533579074025897,0.04723121113014775,0.22871458192310615,0.3486252942083656,0.13153350131232694,-0.0030849018397351574,0.18546288213327977,-0.7249978081735389,0.1880346242383069,0.14285084005868565,1.5345688393875345,0.3908159399489879,0.9158998748561915,True
56,Pine,365,91,1.7477685072270561,-0.22458988497793736,-0.13110404909576956,0.6597988889772249,0.3131842458067849,0.15151050434684463,0.17910966614350904,0.07968844934848086,1.1318738095815695,2.3636632048725428,-0.5225439408227013,0.07336417086682656,-0.4833334321244951,0.22112533393295597,0.5030870042817239,0.816510773672726,True
56,Spruce,6,1,0.14299082081632422,-2.2671728915989076,0.1548063444125129,3.2286584037388253,0.9467826041183446,2.5606829000308022,2.221834888482004,3.4027779897106183,-3.930685935222293,4.216667576854942,-13.284902161302671,8.750556378104857,-9.404977603448703,9.71459029227373,-11.412313602239518,17.869630409717168,True
57,Alder,92,23,2.405092504405362,0.23497178365187008,-1.2884407577493755,0.9640053700935407,1.3307318076776724,0.26064322769994663,0.43446337756991726,0.12469508866523635,-0.2394573298009366,5.049642338611661,-0.2830018610931164,0.7529454283968566,-2.1518454246343897,-0.42503609086436145,0.7162000841948926,1.2118106559921888,True
57,Aspen,53,13,0.7378915319983713,0.37018987434622447,-0.7742912702191386,0.8926443520498637,0.44769908594094165,0.3003600559464397,0.43602150665546435,0.1853965581735813,-0.1617934647939404,1.637576528790683,-0.23340625630649386,0.9737860049989429,-1.6505092928497418,0.10192675241146454,0.5200760196952441,1.2652126844044833,True
57,Birch,96,24,0.28869202595481874,-0.9892601518323728,1.0148471451612007,0.6413959948010606,0.366752952457543,0.5721332868708712,0.7757217883609048,0.3234943429333996,-0.43971099462253577,1.0170950465321733,-2.1255662443588856,0.14704594069414012,-0.5258032844632528,2.555497574785654,-0.0010916933100608706,1.283883682912182,True
57,Oak,71,18,0.11230126622687697,-0.29245615548716297,0.9181900181941145,0.5399462053907231,0.04955789647023084,0.17213347159419837,0.27973314886541156,0.11183764618195169,0.01338329086437548,0.21121924158937846,-0.6360360027965589,0.051123691822232975,0.35984031616095125,1.4765397202272776,0.3167173293170223,0.763175081464424,True
57,Pine,365,91,1.7766834368001032,-0.07447804357291395,-0.2847500306281416,0.651763720164351,0.30752723806342075,0.14528392406333077,0.174192438975115,0.07608145842990056,1.1719135678148263,2.38145330578538,-0.36018717384295396,0.2112310866971261,-0.6273094057280499,0.05780934447176678,0.5021451890169707,0.8013822513117314,True
57,Spruce,6,1,8.500495513226037,-0.26117217952053096,-0.8031514829718839,1.1039864491508997,55.04154186265506,2.1162156560600063,2.2735070974590452,3.3108297152965744,-228.3241448288112,245.32513585526328,-9.366513248692828,8.844168889651767,-10.585263001837598,8.978960035893829,-13.141364062929005,15.349336961230806,True
58,Alder,92,23,1.745143492586896,0.08834040598907927,-1.0970436331780185,1.0151986079916067,0.9078436363636321,0.26239454612567953,0.43921051791059385,0.1210112308239694,-0.059004964810023264,3.5492919499838154,-0.4331136161134583,0.6097944280916168,-1.9698822439489903,-0.22420502240704665,0.7747142154443871,1.2556830005388262,True
58,Aspen,53,13,1.2263294804976843,0.40919657170352985,-0.72174160750689,0.6621438622324535,0.6353578407821802,0.29594936965947233,0.43157318341611284,0.14565031328114517,-0.05046990305408716,2.503128864049456,-0.1855359530081533,1.003929096415213,-1.5890203899089457,0.14553717489516582,0.36944859938254815,0.9548391250823588,True
58,Birch,96,24,0.7111748224124248,-0.33997293799659106,0.10348829859866647,0.6326114885195817,0.6640808804890914,0.4349505512724913,0.5710297019991901,0.22237918359796838,-0.6077471276758184,2.0300967725006682,-1.203822276429237,0.5238764004360548,-1.0306259791146064,1.2376025763119394,0.19094723480089354,1.0742757422382698,True
58,Oak,71,18,0.07922427810288045,-0.34804750963259257,0.9723766475041715,0.6431286727058771,0.04157167360418215,0.2162786374210969,0.38023589196670454,0.12966712196360675,-0.0037531297018800203,0.16220168590764092,-0.7797414767223101,0.0836464574571249,0.2134226306383692,1.731330664369974,0.3843120140241011,0.9019453313876532,True
58,Pine,365,91,1.7728438226955838,-0.18120541216052963,-0.1613971470100997,0.6463602785433243,0.3022686899386142,0.15289744585833068,0.18758875713384332,0.07793339227026201,1.1784151887843723,2.3672724566067953,-0.4818869676618238,0.11947614334076453,-0.5303011465041192,0.20750685248391984,0.49309981378037976,0.799620743306269,True
58,Spruce,6,1,3758.450588656349,1.0210175846987684,-0.5729719152349891,-2.091489612333172,24014.518844385857,2.008188012259171,1.8925154537175817,3.184579765231421,-99567.68446947991,107084.58564679259,-7.619518047991223,9.661553217388759,-8.715808698165075,7.569864867695097,-15.793630432141244,11.6106512074749,True
59,Alder,92,23,1.6212086490526116,0.015278964088312587,-0.9548867857904804,0.9729143233058317,0.9201271221138074,0.29333370112772644,0.48483161775373523,0.13137090801350906,-0.20735065508042916,3.4497679531856527,-0.5676601271762334,0.5982180553528587,-1.9183877459021779,0.008614174321217138,0.7118422492769174,1.233986397334746,True
59,Aspen,53,13,1.5787145240865064,0.706846952089528,-1.1794214846009428,0.7354455174889574,0.9336682725984103,0.32001443695842385,0.4811101906718894,0.15075289078272208,-0.2975621162204918,3.4549911643935047,0.06375386405402328,1.3499400401250328,-2.146248610105699,-0.21259435909618685,0.4324962412463503,1.0383947937315645,True
59,Birch,96,24,0.2732705464990279,-1.1864347101344763,1.1456478464958304,0.7186252297807716,0.34414743344209425,0.5825226116319523,0.7565186499502927,0.2871115156302255,-0.4102359620741653,0.956777055072221,-2.3433748984113336,-0.029494521857618805,-0.3568634926887877,2.6481591856804485,0.1483969771484802,1.2888534824130629,True
59,Oak,71,18,0.06892752396417948,-0.3671923143605475,1.0127603751495806,0.6684076431150366,0.035050932027581756,0.18847530774407925,0.30825648968460206,0.11459820852060795,-0.0010344291792465238,0.13888947710760546,-0.7433906031452182,0.009005974424123264,0.39747784655660234,1.6280429037425588,0.43966866155157025,0.897146624678503,True
59,Pine,365,91,1.774454262600451,-0.13972329262306774,-0.20819281155322347,0.6486429649882629,0.313666075743494,0.15642752298487564,0.18654705673719046,0.07979513818307148,1.1576120188789427,2.391296506321959,-0.4473469463097859,0.1679003610636504,-0.5750482477512798,0.15866262464483286,0.4917212706091584,0.8055646593673674,True
59,Spruce,6,1,8474.873517899827,2.894345410932727,-3.3956245489573744,-1.2876020782015793,69697.32388884397,3.9289124513963247,4.133821204495909,3.344673698853779,-291408.5073649508,308358.25440075045,-14.01040047280483,19.799091294670284,-21.182021638557494,14.390772540642743,-15.678571498517684,13.103367342114524,True
60,Alder,92,23,2.3556884322750418,0.18394739298903867,-1.400264114081275,1.0889435462374224,1.0220115489673307,0.2267828005542651,0.3770745258967448,0.10467143396208427,0.32465523927186135,4.386721625278222,-0.26673576807048077,0.6346305540485582,-2.149620497681894,-0.650907730480656,0.8809310663872273,1.2969560260876174,True
60,Aspen,53,13,1.7880519081401682,0.7154694277023251,-1.1761890829612098,0.6910735401809901,1.0287620721493391,0.3129231211873149,0.4593727676755783,0.14557128677642522,-0.2793228769489078,3.8554266932292443,0.08662687223910492,1.3443119831655452,-2.099333221493575,-0.2530449444288445,0.3985370870380468,0.9836099933239334,True
60,Birch,96,24,0.4039430905090983,-0.6193458259609779,0.4914419836762461,0.6977347770663289,0.37970908458369773,0.44101765375190105,0.583084666775164,0.21394023668585194,-0.350191926804623,1.1580781078228197,-1.4952449536115198,0.25655330168956403,-0.6666144946299164,1.6494984619824085,0.2728310003392722,1.1226385537933856,True
60,Oak,71,18,0.08621738749288799,-0.3061454612152545,0.9737814209482306,0.5819441222013267,0.03759168133051667,0.16925769138670022,0.27694566284876604,0.10747502085276599,0.011184077515319954,0.161250697470456,-0.6439852272061435,0.03169430477563456,0.4209955642910205,1.5265672776054409,0.3674230827301629,0.7964651616724906,True
60,Pine,365,91,1.8181236616112224,-0.08170599262486458,-0.2733004997868883,0.6461658902468167,0.30328921154328836,0.14726229813154862,0.17576444486585027,0.07483352193046064,1.221688113707475,2.4145592095149695,-0.37130570843644695,0.20789372318671775,-0.6189513142096055,0.07235031463582892,0.4990014974646129,0.7933302830290205,True
60,Spruce,6,1,8474.873517901347,2.894345410932814,-3.3956245489574526,-1.2876020782016369,69697.32148358518,3.928912338417493,4.133821140704158,3.344673603547134,-291408.497015956,308358.24405175867,-14.010399986696065,19.799090808561694,-21.182021364083816,14.39077226616891,-15.678571088446343,13.10336693204307,True
61,Alder,92,23,2.3796856373630937,0.17585192057567334,-1.2875666659401002,1.0054880642298476,1.2881865576381315,0.2663735266384911,0.4374860111208701,0.11465550786108451,-0.18031445264291746,4.939685727369104,-0.3535094891723355,0.7052133303236822,-2.1569781818460214,-0.4181551500341789,0.7776343355104439,1.2333417929492514,True
61,Aspen,53,13,1.119252033005553,0.5259859659612344,-0.9217434371605983,0.7594494991187213,0.62095965233837,0.30859964746246743,0.4410224149635176,0.15364621609753137,-0.12861310759001698,2.367117173601123,-0.0941682437661534,1.1461401756886223,-1.808011161290219,-0.03547571303097752,0.45068586797051424,1.0682131302669284,True
61,Birch,96,24,0.5607787068463164,-0.3421440367699691,0.11950561330719899,0.685947237339976,0.6218898644911683,0.5026947815720816,0.6646216970251774,0.24273703437442248,-0.6743482436701855,1.7959056573628183,-1.3405392640530174,0.6562511905130792,-1.2004904451033453,1.4395016717177433,0.2038505347516394,1.1680439399283125,True
61,Oak,71,18,0.08411259180050742,-0.3278672018186981,0.9400891083963121,0.639489724734495,0.041555814039008154,0.2091036290653881,0.37452159764717147,0.13451736247288199,0.0011668398203254632,0.1670583437806894,-0.7452397922902194,0.08950538865282326,0.1925408707296571,1.6876373460629672,0.3709919454771736,0.9079875039918163,True
61,Pine,365,91,1.7813662626481426,-0.1973161318443867,-0.15245056764161524,0.6470870048462055,0.30340985302965673,0.1518932244059001,0.18276032911282508,0.07634713741465239,1.1846934663745772,2.3780390589217077,-0.4960228285330335,0.1013905648442601,-0.5118591877992722,0.20695805251604177,0.4969460008089039,0.7972280088835071,True
61,Spruce,6,1,169.93139850272541,-1.5219590617648235,4.339799258049153,-3.3526709561866768,742.5213539278365,1.8377743764298682,2.909497546862125,2.592175421327401,-3024.880131832555,3364.7429288380063,-9.42926399907642,6.385345875546774,-8.178758304001397,16.8583568200997,-14.505901608612266,7.800559696238913,True
62,Alder,92,23,2.072053925873449,0.16711777285996807,-1.1295421416615021,0.9253335805016683,1.1465426707741404,0.2732662595833987,0.455019504865249,0.1264938787633316,-0.20645870335245986,4.350566555099357,-0.3759414952104434,0.7101770409303796,-2.0337977919807084,-0.22528649134229595,0.6739535772721168,1.1767135837312197,True
62,Aspen,53,13,1.046623769746119,0.47015102581267304,-0.7968164690658783,0.7212988194512071,0.5680306811842254,0.3004074760716855,0.440071553869786,0.15372961843063346,-0.09487662109135431,2.188124160583592,-0.13354039914948074,1.0738424507748268,-1.6811733662875865,0.08754042815582985,0.41236758503967935,1.030230053862735,True
62,Birch,96,24,0.2707995077599937,-1.0435791046117144,1.0474851758842838,0.6976294928273048,0.29927430346905637,0.49900695728556854,0.6598414150270884,0.26426634595405335,-0.3235850913749793,0.8651841068949666,-2.034649994539999,-0.0525082146834297,-0.26301682985868813,2.357987181627256,0.17277371909728578,1.2224852665573238,True
62,Oak,71,18,0.08775613636369611,-0.21052704145157944,0.9228404695733755,0.5289937142996317,0.04735024878706686,0.25272696446149095,0.399266989698382,0.11482597033485299,-0.0067553557804654885,0.18226762850785772,-0.7149721738041696,0.29391809090101073,0.12590022264887324,1.7197807164978778,0.2998001182522043,0.7581873103470591,True
62,Pine,365,91,1.9628923183136175,-0.15411357091804523,-0.1870700985095189,0.6152374217753592,0.3313656021168983,0.15134686343900156,0.18608583530017725,0.07790776968775336,1.3112429455932215,2.6145416910340136,-0.45174581757601945,0.143518675739929,-0.5530185164226513,0.17887831940361348,0.4620273452835948,0.7684474982671237,True
62,Spruce,6,1,86.10236162100732,0.13661530863513452,-0.5089074323316667,-0.19814073888203357,838.7583405880968,2.9926301844910275,2.6350189469329153,4.611780101593932,-3522.7835020657735,3694.988225307788,-12.739633123636255,13.012863740906523,-11.846478897153627,10.828664032490295,-20.041028981763517,19.644747503999447,True
63,Alder,92,23,1.9600464422288708,0.25028328972352604,-1.2576701251639184,0.9835594705934755,1.1128302959118128,0.26144571213992795,0.438280957631859,0.13837390547715026,-0.25146992611374563,4.171562810571487,-0.2692851242157201,0.7698517036627721,-2.1286614302142106,-0.3866788201136261,0.7085704106816286,1.2585485305053223,True
63,Aspen,53,13,0.5865572525325902,0.260337098964779,-0.7181127588249746,1.0064487338366097,0.37508943005220746,0.3142933249845691,0.4329664719463139,0.19661413720347826,-0.16721317780924605,1.3403276828744264,-0.3712589841192236,0.8919331820487817,-1.5881914593554987,0.15196594170554945,0.611337832442969,1.4015596352302504,True
63,Birch,96,24,0.44293709955230015,-0.6726350164192936,0.6148593405375827,0.5899584417417418,0.439435322220571,0.4727644175688611,0.6477587690807729,0.24889153279406492,-0.4298193810949868,1.315693580199587,-1.611585957294179,0.26631592445559193,-0.671645487418847,1.9013641684940126,0.09563837405445602,1.0842785094290277,True
63,Oak,71,18,0.05084370780386467,-0.510553806543315,1.275925999052651,0.6587332638556382,0.027764492947681456,0.22015340782873574,0.37520109808561186,0.11632873331051564,-0.004574452064983935,0.10626186767271328,-0.9499818477366095,-0.07112576535002035,0.5270214728343052,2.024830525270997,0.42654014035466825,0.8909263873566082,True
63,Pine,365,91,2.0784752248602154,-0.20742467214644963,-0.15044363662494406,0.6112849900917523,0.33409561164925855,0.14301438558221827,0.17149192040188094,0.07369402389088632,1.4214571325505854,2.7354933171698455,-0.4886706254357359,0.07382128114283662,-0.4876922877902452,0.18680501454035706,0.46636148525314014,0.7562084949303645,True
63,Spruce,6,1,3758.450588656309,1.0210175846987624,-0.5729719152349825,-2.0914896123331697,24014.5191477501,2.008188031382795,1.892515454713992,3.1845798034839765,-99567.68577475092,107084.58695206355,-7.619518130273542,9.661553299671068,-8.715808702452275,7.56986487198231,-15.793630596728704,11.610651372062364,True
64,Alder,92,23,1.7937332968784399,0.16860650361891133,-1.1836440307790363,1.018013706750977,1.0168567843087697,0.2720932725173591,0.4503744489142237,0.12769327503093378,-0.22705588456319226,3.8145224783200717,-0.3721216991435817,0.7093347063814044,-2.078668608485196,-0.2886194530728765,0.7642501554749033,1.2717772580270506,True
64,Aspen,53,13,1.9654667296180335,0.7677790786408336,-1.077265520691771,0.5332595825722451,1.0470820307498676,0.26558396415403673,0.38748186230020104,0.10757309769791984,-0.1387233906198977,4.069656849855964,0.2340681208982618,1.3014900363834054,-1.8559394760069767,-0.29859156537656506,0.31708334925722104,0.7494358158872693,True
64,Birch,96,24,0.4781855016272427,-0.8602287076427486,0.7074299011252163,0.6428079961729151,0.5548668153853388,0.5281849184693496,0.6998257769693103,0.2674432598545039,-0.6238278881398274,1.5801988913943128,-1.909249547034672,0.18879213174917475,-0.6824844987632241,2.0973443010136568,0.11164259721507941,1.1739733951307507,True
64,Oak,71,18,0.07732207401619286,-0.3589402866449561,1.0097180914473753,0.6332886175473394,0.03712692681353772,0.20121206333644606,0.3440518362350944,0.11301453205996956,0.003216417937085797,0.15142773009529992,-0.7605612459951694,0.04268067270525727,0.3229877521043838,1.696448430790367,0.40771066742938056,0.8588665676652983,True
64,Pine,365,91,2.0606288806225237,-0.09448671190072327,-0.24232130166454152,0.5961929618652435,0.3442723380075232,0.14846760687180882,0.18065790946984764,0.07701600636523612,1.3835976749862704,2.737660086258777,-0.38645673615563003,0.19748331235418348,-0.5975953935766929,0.1129527902476099,0.44473658885392786,0.7476493348765592,True
64,Spruce,6,1,7.700199476928478,-0.3948532177669545,-0.47674278085651717,0.983330131071079,66.24713200146824,2.6001851996410505,2.4155679096442895,4.252262476201437,-277.33820386372946,292.73860281758647,-11.582547164718028,10.79284072918412,-10.870092641053922,9.916607079340888,-17.31267861954151,19.279338881683667,True
65,Alder,92,23,2.1732726024933315,0.43930384966095376,-1.6498401464669235,1.133831607837552,1.1589461978741347,0.2644883978099677,0.44298931869473623,0.13555301550915153,-0.12988943042655476,4.476434635413218,-0.08631126267222938,0.964918961994137,-2.5301883297374372,-0.7694919631964094,0.864448473968913,1.4032147417061913,True
65,Aspen,53,13,1.0754134722863893,0.42301454272236216,-0.8070268949445275,0.7578867179917689,0.5423294006270113,0.2838457013193394,0.41412985170099453,0.1488800751076366,-0.01443826158079542,2.165265206153574,-0.14739474981456469,0.993423835259289,-1.6392519898788505,0.025198199989795445,0.4587010057535211,1.0570724302300167,True
65,Birch,96,24,0.6237850666816053,-0.23354682531701235,-0.0028707593962044847,0.68191204007946,0.566281784444645,0.427672649430783,0.5588234109649192,0.2150290789007725,-0.5008994369425736,1.748469570305784,-1.082941622485728,0.6158479718517033,-1.1127422895055885,1.1070007707131795,0.25484572872803085,1.1089783514308893,True
65,Oak,71,18,0.09420501767064557,-0.19276025557785575,0.800921423449675,0.6002718352843747,0.04880222039001527,0.2244019145106644,0.34902759549453144,0.11255703190626558,-0.0032046219228085565,0.1916146572640997,-0.6406683516004122,0.25514784044470074,0.10425942705722835,1.4975834198421216,0.3756070592951768,0.8249366112735725,True
65,Pine,365,91,1.9943284053864379,-0.207249146094344,-0.14624818949192994,0.6218916588209198,0.33714830946584906,0.15402232283181125,0.1860620876526621,0.07706957527259743,1.3313070085558265,2.657349802217049,-0.5101428363781061,0.09564454418941812,-0.5121499063005784,0.21965352731671853,0.47032993949527246,0.7734533781465671,True
65,Spruce,6,1,8474.873517901347,2.894345410932814,-3.3956245489574526,-1.2876020782016369,69697.32148358518,3.928912338417493,4.133821140704158,3.344673603547134,-291408.497015956,308358.24405175867,-14.010399986696065,19.799090808561694,-21.182021364083816,14.39077226616891,-15.678571088446343,13.10336693204307,True
66,Alder,92,23,2.8701344193843745,0.3368820151305223,-1.5734735717077375,1.060446919872162,1.3681853469242458,0.23584080579752906,0.3954964018820551,0.11282722554817187,0.15115354623130406,5.5891152925374445,-0.13180202794452323,0.8055660582055678,-2.3594395627451403,-0.7875075806703346,0.8362265180632598,1.2846673216810642,True
66,Aspen,53,13,1.3157395370697642,0.4387438515412286,-0.8341814022423422,0.7053862987264488,0.7556689926296866,0.3115869204218377,0.45357287416557146,0.13923303285390698,-0.20283415798525195,2.8343132321247806,-0.18741350795185546,1.0649012110343126,-1.7456702183990114,0.07730741391432694,0.4255870437128354,0.9851855537400621,True
66,Birch,96,24,0.5586158670067638,-0.7258198801981788,0.6254109903611779,0.5839022919368281,0.5873166674424164,0.48137211470961616,0.6269863999768464,0.25161224647449437,-0.6078457299179567,1.7250774639314843,-1.6818664505847774,0.23022669018841968,-0.619838119547285,1.8706601002696406,0.0841786520364996,1.0836259318371566,True
66,Oak,71,18,0.08940561762305073,-0.2660669477302324,0.7923175202870769,0.6980920433195462,0.04334019000517152,0.21031801951579243,0.32559613663182635,0.12132868443776851,0.0028982363076847373,0.17591299893841672,-0.6858634716858094,0.1537295762253446,0.14242491153158976,1.442210129042564,0.4559189755988613,0.9402651110402311,True
66,Pine,365,91,1.9843114386798577,0.038952826790265155,-0.45398470213346587,0.6674235955558425,0.3359282402342741,0.14991703760594802,0.18727272182209112,0.08007294560827527,1.3236893776413505,2.644933499718365,-0.2558675857447452,0.3337732393252755,-0.8222672001459038,-0.08570220412102791,0.5099555770163103,0.8248916140953747,True
66,Spruce,6,1,7.700199476929558,-0.3948532177669214,-0.47674278085651545,0.9833301310710059,66.24713200270998,2.600185199669608,2.415567909641252,4.252262476286148,-277.33820386907115,292.7386028229303,-11.58254716484087,10.792840729307025,-10.87009264104085,9.91660707932782,-17.312678619906066,19.27933888204808,True
67,Alder,92,23,2.8332067039148816,0.3522394972373141,-1.571712336788435,1.051569573754339,1.49817129236742,0.2651502722602596,0.44103664229477346,0.12570677540861708,-0.1440939211879062,5.810507329017669,-0.1746909514827249,0.8791699459573532,-2.448179986040008,-0.695244687536862,0.8017537730441862,1.3013853744644917,True
67,Aspen,53,13,0.7775890740358358,0.4628111798473234,-0.8896740408634382,0.8983817153256056,0.46636042131174216,0.3034316448189394,0.4444034231040566,0.17805061895707341,-0.15959728020940056,1.714775428281072,-0.14695753974221198,1.0725798994368587,-1.7827361552288186,0.003388073501942257,0.5405756005139369,1.2561878301372742,True
67,Birch,96,24,0.518450170617433,-0.8013546399270054,0.7969333468178147,0.5110998437714473,0.5401064818581717,0.48633495510858976,0.6599384857819041,0.2680996726350206,-0.5542479226976954,1.5911482639325616,-1.7672578397232175,0.1645485598692068,-0.5137614498230728,2.1076281434587023,-0.021369247628044374,1.043568935170939,True
67,Oak,71,18,0.06928861264158764,-0.359663039128549,0.9933870177379428,0.6822367817231966,0.029395994920809427,0.16118549235548996,0.2655771209862283,0.1112553325839664,0.010613961204766854,0.12796326407840844,-0.6813906284177875,-0.037935449839310575,0.4632928656114442,1.5234811698644415,0.46017020845573686,0.9043033549906563,True
67,Pine,365,91,1.8677073723748923,-0.11405888540320269,-0.22882367291746367,0.6282397734707412,0.32725468398591345,0.147423212171959,0.18007903934899547,0.0783933845566597,1.2241423548327266,2.5112723899170577,-0.4039750478611039,0.1758572770546985,-0.5829593836918927,0.12531203785696535,0.47407470761772474,0.7824048393237577,True
67,Spruce,6,1,0.14299082081628908,-2.2671728915990137,0.1548063444125748,3.228658403738935,0.9467826041183159,2.560682900030487,2.221834888480965,3.4027779897122628,-3.930685935222205,4.216667576854783,-13.28490216130142,8.750556378103393,-9.404977603444172,9.714590292269323,-11.412313602246483,17.86963040972435,True
68,Alder,92,23,2.726751531191258,0.4848721143920841,-1.8232770126240863,1.1662813027472667,1.424350820045576,0.2468909998840032,0.41465829344898375,0.13067176610082074,-0.10384641744927947,5.557349479831795,-0.005771867395428787,0.975516096179597,-2.6473232365634405,-0.9992307886847321,0.9065986263555166,1.4259639791390168,True
68,Aspen,53,13,1.0973420852805114,0.7137404892496199,-1.030560913914502,0.7131987792521816,0.47622373516834443,0.22260718918264724,0.3161805889615955,0.1282501802534109,0.1403346597530134,2.0543495108080094,0.266394594261228,1.1610863842380117,-1.6659495959526631,-0.395172231876341,0.45547039285756563,0.9709271656467975,True
68,Birch,96,24,0.7732653869005258,-0.17216900035267285,-0.09444737017305992,0.6345107332222644,0.7241952132465518,0.4722938132171384,0.6125690888515269,0.21796388110011608,-0.6650488169299563,2.211579590731008,-1.1101852803639043,0.7658472796585585,-1.3110624557282986,1.1221677153821787,0.20161565137976079,1.067405815064768,True
68,Oak,71,18,0.1161198071471248,-0.06883494720403249,0.617904661311288,0.5859301693086917,0.06297597524400124,0.24040907359482547,0.36464042399380747,0.12173383210152139,-0.009580765542791914,0.24182037983704152,-0.5486934664827864,0.4110235720747214,-0.10992067119567783,1.3457299938182539,0.3429484234665422,0.8289119151508412,True
68,Pine,365,91,1.8964735315066545,-0.1409878772177187,-0.2002410841069313,0.6210822348146476,0.337585717627549,0.15656736150970052,0.18879394401484192,0.08092491687455772,1.2325919465564144,2.5603551164568947,-0.44888653134625134,0.16691077691081393,-0.571515152401081,0.17103298418721835,0.46193876614480023,0.780225703484495,True
68,Spruce,6,1,86.10236162101552,0.1366153086351598,-0.5089074323316727,-0.19814073888207895,838.7583407505681,2.992630184935838,2.6350189469709377,4.61178010245915,-3522.783502764823,3694.988226006854,-12.739633125550094,13.012863742820413,-11.846478897317231,10.828664032653885,-20.041028985486292,19.644747507722137,True
69,Alder,92,23,2.758228879267705,0.22986926690662918,-1.3405482693402018,0.9653612245234701,1.5561755282458205,0.2686527548075101,0.44828466615344587,0.12320338848786946,-0.3343429759135046,5.8508007344489155,-0.3040216298813088,0.7637601636945672,-2.2314198429461687,-0.44967669573423463,0.72052037926867,1.21020206977827,True
69,Aspen,53,13,1.040234342177966,0.36183589998840976,-0.6257899175136212,0.6609647060247101,0.5624050395856088,0.28938907887605986,0.42453181421104014,0.14918751044167863,-0.08996089860996315,2.1704295829658955,-0.21971322681656053,0.9433850267933801,-1.4789185387256785,0.22733870369843612,0.36116117935215286,0.9607682326972674,True
69,Birch,96,24,0.5808000074697579,-0.24445354560920357,0.02227688651450393,0.6979162078529,0.5480250286346816,0.4397187441937954,0.5813884080118116,0.22008092892344214,-0.5076250032483345,1.6692250181878503,-1.1177729267594347,0.6288658355410277,-1.1324106754717558,1.1769644485007638,0.2608164862961574,1.1350159294096427,True
69,Oak,71,18,0.08882046456147115,-0.37802684898004757,1.0509130460283156,0.5752617836583503,0.03957196717643733,0.17390264386852328,0.2841409009678446,0.10650752924919253,0.00983448749208743,0.16780644163085487,-0.725137978928706,-0.030915719031389177,0.4837654339762234,1.6180606580804078,0.36267186551036845,0.7878517018063322,True
69,Pine,365,91,2.057003642199401,-0.10444956133971976,-0.24197325519729665,0.6015808189411875,0.357270363529056,0.15250064467656244,0.17999233426940103,0.07669279371334704,1.3544110773767997,2.7595962070220024,-0.40435078466548907,0.19545166198604952,-0.595938455483104,0.11199194508851065,0.4507600620605544,0.7524015758218207,True
69,Spruce,6,1,86.10236162101283,0.1366153086351514,-0.5089074323316708,-0.198140738882064,838.7583407616892,2.992630185013452,2.635018947013239,4.611780102469229,-3522.783502812676,3694.9882260547015,-12.739633125884046,13.01286374315435,-11.846478897499237,10.828664032835894,-20.041028985529646,19.64474750776552,True
70,Alder,92,23,3.21850925142081,0.333537098364748,-1.5541925088436082,1.0096200225110052,1.6424277537187972,0.2658413938171804,0.44305955669428015,0.11899611634803936,-0.04547077726197912,6.482489280103599,-0.1947668092207261,0.8618410059502221,-2.4346802753787418,-0.6737047423084745,0.7731402465382761,1.2460997984837345,True
70,Aspen,53,13,0.8971708556404812,0.379383133767271,-0.7238918011684143,0.780585875488478,0.510199233878613,0.3004171560918884,0.43618114888372295,0.16470764361791895,-0.128112890764289,1.9224546020452513,-0.22432774392377747,0.9830940114583195,-1.6004306368677261,0.15264703453089745,0.4495934735080002,1.1115782774689558,True
70,Birch,96,24,0.5593633288070776,-0.43658342269518363,0.1409532172503689,0.747343763892952,0.5310025645365334,0.44042936212933254,0.5737133296057962,0.22121327300243832,-0.49525359888489073,1.613980256499046,-1.3113141524037653,0.43814730701339794,-0.9984909765321766,1.2803974110329144,0.3079951092548344,1.1866924185310697,True
70,Oak,71,18,0.08375225054868199,-0.3803578963921111,0.9089962136669988,0.7255138684641463,0.031826435863663724,0.15189685924871937,0.2476449242992275,0.09252402568862883,0.020226418685958897,0.14727808241140508,-0.6835452964027595,-0.07717049638146267,0.41469487593377863,1.403297551400219,0.5408351402415921,0.9101925966867006,True
70,Pine,365,91,1.8490339986377127,-0.18485287534504344,-0.11963805358620917,0.6079881714948254,0.3191526521501851,0.14107167636452062,0.1711668863409441,0.07646188856890401,1.2214020892087134,2.476665908066712,-0.4622783800572797,0.09257262936719288,-0.4562475067159594,0.2169713995435411,0.4576215027620657,0.7583548402275851,True
70,Spruce,6,1,7.700199476929447,-0.3948532177669288,-0.476742780856509,0.9833301310710106,66.24713200012691,2.6001851996023375,2.4155679096429163,4.252262476118255,-277.33820385795724,292.7386028118162,-11.582547164551434,10.792840729017575,-10.870092641048007,9.916607079334987,-17.312678619183675,19.279338881325696,True
71,Alder,92,23,2.1862630265572016,0.29152640342830394,-1.3284463815269174,0.9837208023946402,1.145237278375696,0.25853926337881505,0.4274912777703553,0.12400491440136187,-0.08965540958565121,4.4621814627000544,-0.22226605434533142,0.8053188612019393,-2.1779954651436704,-0.47889729791016433,0.737287092815557,1.2301545119737234,True
71,Aspen,53,13,1.395821539589248,0.4992195470956275,-0.86008999839244,0.6653011849274199,0.8278880538437713,0.31037434073410664,0.4683529904246167,0.14694444798711806,-0.2678817925303134,3.0595248717088093,-0.12450104228394626,1.1229401364752012,-1.8012805701851777,0.08110057340029764,0.37000526101888187,0.9605971088359578,True
71,Birch,96,24,0.350301909067871,-0.9016386653869933,0.9047999460611583,0.6221258332433708,0.3941360281814023,0.5229384771846732,0.7050989523676372,0.2646854385245802,-0.43248626352067704,1.1330900816564191,-1.9402396195307334,0.13696228875674687,-0.4955874353327826,2.305187327455099,0.09643770549349251,1.1478139609932492,True
71,Oak,71,18,0.08400405368749471,-0.2725551757089677,0.8902459687535723,0.6317595621041736,0.036983935566709,0.1804846818020893,0.29163587545695735,0.11909214380927377,0.010183809331610269,0.15782429804337916,-0.6328041083595353,0.08769375694159987,0.30813832500800464,1.4723536124991399,0.39405064816208124,0.869468476046266,True
71,Pine,365,91,1.7943409365390597,-0.05993419145847384,-0.28703955732005154,0.6447076134449881,0.3207424625382096,0.15363728559206996,0.18204323591038957,0.07761904624957654,1.1635825742269545,2.4250992988511646,-0.3620706840302571,0.24220230111330943,-0.6450379727595245,0.07095885811942138,0.4920653280763084,0.7973498988136678,True
71,Spruce,6,1,8474.87351789906,2.894345410932673,-3.3956245489573154,-1.28760207820156,69697.3233120609,3.9289124318776327,4.133821200807533,3.3446736684506706,-291408.5048832543,308358.25191905245,-14.010400388822731,19.799091210688076,-21.18202162268763,14.390772524772999,-15.678571367703647,13.103367211300526,True
72,Alder,92,23,2.9188714656162955,0.4556876349469237,-1.6616271006598002,1.0382796073514764,1.5849541962359848,0.26395460997402864,0.4539541723329442,0.13460339242201644,-0.23089194478510855,6.0686348760177,-0.06886668622992759,0.980241956123775,-2.5637656264348823,-0.7594885748847183,0.7707836498193106,1.3057755648836422,True
72,Aspen,53,13,1.0822769212056915,0.4490771569704259,-0.8240844144834844,0.7509272742539944,0.6084406683194963,0.314286460050095,0.45387267082907184,0.16380512278945297,-0.14043037911153333,2.3049842215229166,-0.182505130511253,1.0806594444521047,-1.7361756945912976,0.08800686562432902,0.42174855578139525,1.0801059927265935,True
72,Birch,96,24,0.5377824133738931,-0.7151142748097242,0.6097370963423709,0.5942107484384983,0.5857392287746419,0.49670692619927687,0.6546078093278774,0.26035384652660143,-0.6255462541969308,1.701111080944717,-1.7016171044689627,0.2713885548495143,-0.6903705167330807,1.9098447094178226,0.07712553628642072,1.111295960590576,True
72,Oak,71,18,0.07789048463487158,-0.3019307149106312,0.894449443288648,0.6764940041188681,0.0327247578766941,0.16409913020065334,0.2662419082143267,0.09882479683383269,0.012571594529535046,0.14320937474020812,-0.62947394967942,0.0256125198581576,0.3630283703012157,1.4258705162760803,0.47923888405368537,0.8737491241840507,True
72,Pine,365,91,1.9061211467363977,-0.21076704195321752,-0.15378619904611995,0.6464591965805986,0.3128743366663611,0.1491547282745868,0.1835352140334237,0.07571616332449661,1.29083590310686,2.5214063903659354,-0.5040883296713279,0.08255424576489287,-0.5147186746347956,0.20714627654255569,0.4975590391110339,0.7953593540501633,True
72,Spruce,6,1,8.500495513225212,-0.26117217952056104,-0.8031514829718706,1.103986449150943,55.041541862464214,2.116215656057836,2.2735070974601648,3.3108297152819537,-228.3241448279909,245.32513585444133,-9.36651324868352,8.844168889642399,-10.585263001842401,8.97896003589866,-13.141364062866055,15.34933696116794,True
73,Alder,92,23,2.4202016338889627,0.2849879210338134,-1.475987689257886,1.0755917761447047,1.148076580691481,0.238536377489911,0.4001638606610835,0.12443989214164418,0.13864068103075855,4.701762586747167,-0.18905300434542854,0.7590288464130552,-2.2712292738213695,-0.6807461046944027,0.8282936397109314,1.322889912578478,True
73,Aspen,53,13,1.1046210869110802,0.517649044257226,-0.9267987175890868,0.7718908058477626,0.5939868271477103,0.29396427917083445,0.4224917581210887,0.15202276951743818,-0.08904013210592443,2.298282305928085,-0.07309429176502968,1.1083923802794817,-1.775827692600423,-0.0777697425777506,0.466389612745713,1.0773919989498122,True
73,Birch,96,24,0.4811190389092129,-0.7293169338511989,0.6527883071791657,0.6052790579219662,0.5295721440600637,0.508572859801848,0.6779999900881645,0.26184583476174306,-0.5706569502469522,1.532895028065378,-1.7393865318763546,0.28075266417395683,-0.6937781960279396,1.9993548103862708,0.0852306283510218,1.1253274874929107,True
73,Oak,71,18,0.08716124682099484,-0.3288404637456633,0.9515018689657286,0.6242404602393643,0.039726177037763745,0.17461704057482494,0.28304481963001754,0.10928127561050134,0.007867465580130503,0.1664550280618592,-0.6773775354881879,0.019696607996861404,0.38654204442063045,1.5164616935108268,0.40611412118226276,0.8423667992964659,True
73,Pine,365,91,1.8450007665226769,-0.059204979508568206,-0.29980182399931077,0.6469551323678427,0.3363010865270711,0.15341424535023918,0.18814175361074617,0.08157371701809858,1.1836454819652826,2.506356051080071,-0.36090285071243666,0.24249289169530022,-0.6697933226332176,0.07018967463459597,0.48653576117866815,0.8073745035570173,True
73,Spruce,6,1,8474.873517899206,2.894345410932705,-3.3956245489573713,-1.2876020782015414,69697.32423959226,3.928912486226444,4.133821241622554,3.344673694831802,-291408.5088740995,308358.2559098979,-14.010400622666761,19.79909144453217,-21.18202179830055,14.390772700385806,-15.678571481212474,13.103367324809392,True
74,Alder,92,23,2.634645424152008,0.30038274877478727,-1.4830181467611308,1.0399318186655546,1.3664472779412073,0.2699525608418113,0.4479541723668755,0.13127986072089587,-0.08088140212669259,5.350172250430709,-0.23609123937136384,0.8368567369209383,-2.373232933414657,-0.5928033601076046,0.7790406819984708,1.3008229553326385,True
74,Aspen,53,13,1.2224647161850115,0.46105608525278263,-0.8116081455079024,0.69506297861828,0.7549789375173869,0.3163056960192386,0.46408270463597434,0.1505570690037482,-0.29472226120407274,2.7396516935740958,-0.17458400883040792,1.0966961793359733,-1.7442172567243195,0.1210009657085146,0.3925072209735894,0.9976187362629707,True
74,Birch,96,24,0.3701608906977177,-1.0667534864925237,1.0678768067124598,0.5883855234338138,0.4230037879613734,0.5221513985978182,0.6898109100230534,0.273065318787517,-0.4699611445908632,1.2102829259862986,-2.1037912346245458,-0.029715738360501343,-0.30214720296793374,2.4379008163928533,0.04605423015602794,1.1307168167115997,True
74,Oak,71,18,0.0702259214087486,-0.2784912650717566,0.9888380820464405,0.5965601244328984,0.033489589688854356,0.17616456937712896,0.28967481775263804,0.10997816145799709,0.0033804206169158885,0.13707142220058133,-0.6301172172317748,0.07313468708826171,0.41064472586141987,1.5670314382314612,0.3770427954023934,0.8160774534634034,True
74,Pine,365,91,2.1450931617639113,-0.13117405700322943,-0.19256572207265724,0.5747671266265562,0.34894643952712273,0.1440639769155371,0.17359185150244655,0.07352926680309303,1.4588700686661347,2.831316254861688,-0.4144840915658903,0.15213597755943142,-0.5339440076227515,0.14881256347743707,0.43016762600632347,0.7193666272467889,True
74,Spruce,6,1,8.500495513225404,-0.2611721795205481,-0.8031514829718868,1.1039864491509397,55.04154186297762,2.1162156560676415,2.273507097458355,3.3108297153157236,-228.32414483019969,245.32513585665052,-9.366513248725697,8.844168889684601,-10.58526300183463,8.978960035890857,-13.141364063011359,15.349336961313238,True
75,Alder,92,23,2.0325612528606376,0.3898753523602125,-1.4226908015555455,1.0014984729484775,1.0991419444414645,0.2741127192392807,0.4543207159024442,0.13741913242148435,-0.15175239333870882,4.2168748990599845,-0.15486607640532185,0.9346167811257469,-2.325557755651314,-0.5198238474597772,0.7284068238533694,1.2745901220435856,True
75,Aspen,53,13,1.0951757478738209,0.4483590207953938,-0.7929467675827436,0.7262175210436962,0.5824522402315119,0.28632436866430633,0.4138542248757302,0.16082366365089523,-0.07530585090587638,2.2656573466535184,-0.12703134025905938,1.0237493818498469,-1.6246179696743268,0.038724434508839556,0.40303026902645533,1.049404773060937,True
75,Birch,96,24,0.2483829464565128,-1.2171253648870168,1.2487554023724206,0.6770941480804071,0.28409048004356857,0.5332173381905774,0.7358736628788843,0.27353588549031627,-0.3158452687340968,0.8126111616471224,-2.2761410242284255,-0.158109705545608,-0.21275321047604034,2.7102640152208815,0.13382826871297882,1.2203600274478354,True
75,Oak,71,18,0.06827566907187411,-0.4327646654094461,1.1740702827473346,0.5888130799714301,0.036066953917090486,0.2163252798148779,0.39076795377721224,0.13217850526227462,-0.003714272250883874,0.1402656103946321,-0.8645517311068022,-0.0009775997120899937,0.39409418252264816,1.9540463829720212,0.3249836792453534,0.8526424806975068,True
75,Pine,365,91,1.7424792199803987,-0.12584852639737237,-0.26529534093656393,0.6898682770149133,0.29838430801588356,0.1421295576238899,0.17635884407324093,0.07797063924288815,1.1556894448619626,2.329268995098835,-0.4053544149957957,0.15365736220105097,-0.6121150753321665,0.08152439345903867,0.5365345639540389,0.8432019900757877,True
75,Spruce,6,1,7.700199476929727,-0.3948532177669262,-0.4767427808564964,0.9833301310709857,66.24713200257298,2.600185199676938,2.4155679096478924,4.252262476264857,-277.3382038684815,292.738602822341,-11.58254716487241,10.79284072933856,-10.870092641069403,9.916607079356412,-17.312678619814477,19.27933888195645,True
76,Alder,92,23,1.6401835880771771,0.13845847238481873,-1.1323799697556596,1.0216411415354416,0.9003042984860425,0.26144247814247107,0.43550154971456273,0.12881538290391062,-0.14898201956807067,3.429349195722425,-0.3811035146640584,0.6580204594336958,-1.9978477856216776,-0.2669121538896416,0.7656476366561538,1.2776346464147295,True
76,Aspen,53,13,1.0210669268863368,0.45987328874451766,-0.8152273445416613,0.7544141348797395,0.5773358529930669,0.29472736131770744,0.4289584588620087,0.15528592514346728,-0.13913290679541745,2.181266760568091,-0.13240351826398938,1.0521500957530248,-1.6772516412278757,0.04679695214455293,0.4423553850367229,1.066472884722756,True
76,Birch,96,24,0.44608985020360387,-0.745060929617882,0.6998077071961216,0.6034446331840897,0.5048647438541877,0.5258705162093729,0.7095433315087135,0.26028697639871173,-0.5566151094762353,1.4487948098834431,-1.789485166349345,0.29936330711358095,-0.709406594797254,2.109022009189497,0.0864922308780266,1.1203970354901527,True
76,Oak,71,18,0.10412512936717937,-0.3074202254884992,0.9365950435165002,0.5637673018716134,0.04515825223611867,0.17542499037229625,0.28101568000983984,0.11080852946043147,0.013988880650704985,0.19426137808365374,-0.6575699717764096,0.04272952079941128,0.37568539860476047,1.49750468842824,0.34259255137133404,0.7849420523718927,True
76,Pine,365,91,1.662520328962922,-0.07749265105687544,-0.29882091033941444,0.6866767823749849,0.29293159742450825,0.15375333274081257,0.1883590704006397,0.07889551893044602,1.0864536204929127,2.2385870374329313,-0.3798573569712659,0.22487205485751496,-0.6692397748462755,0.07159795416744663,0.5315242406113463,0.8418293241386234,True
76,Spruce,6,1,86.10236162100698,0.13661530863513804,-0.5089074323316748,-0.19814073888202796,838.75834072558,2.9926301850019246,2.6350189470826706,4.611780102172668,-3522.7835026573166,3694.9882258993302,-12.739633125834462,13.012863743104738,-11.846478897797981,10.82866403313463,-20.04102898425361,19.644747506489555,True
77,Alder,92,23,3.0978768098895912,0.23279853946444015,-1.298575416471094,0.9000026516806604,1.698446524376309,0.2720862274457992,0.44838195768049954,0.12107445546085191,-0.2774287539611726,6.4731823737403555,-0.3079156626987448,0.7735127416276252,-2.189640336542709,-0.4075104963994792,0.6593926134533566,1.1406126899079643,True
77,Aspen,53,13,1.2156653477034178,0.46887695901708903,-0.7820057200977127,0.6690974349304175,0.6308229725921323,0.2903257674844814,0.42224183026409484,0.1439081818914703,-0.052020877029988144,2.483351572436824,-0.11455451402026617,1.0523084320544442,-1.6305324462765654,0.06652100608113987,0.3799031161810283,0.9582917536798068,True
77,Birch,96,24,0.4868986933972816,-0.7532192913564455,0.649367544073087,0.6292604462729061,0.5232617529807774,0.49885826213570394,0.654432308739671,0.2519374355411286,-0.5523443143817024,1.5261417011762657,-1.743994859882187,0.23755627716929606,-0.6503915096855108,1.949126597831685,0.12889095281691332,1.129629939728899,True
77,Oak,71,18,0.08431504792887969,-0.34474944759534987,0.9871391022120035,0.6120178793738941,0.04412321797791764,0.1924013226074326,0.31892265337242953,0.11779346615034608,-0.0037552637615230616,0.17238535961928242,-0.7287840948453014,0.039285199654601644,0.35056682179272036,1.6237113826312868,0.37690113688820737,0.8471346218595808,True
77,Pine,365,91,1.635815210505039,-0.11510064683417458,-0.22466755254906517,0.6632819432721246,0.2953156468169416,0.14744442268154304,0.17735906383187539,0.07830235277459534,1.0550601328102553,2.2165702881998226,-0.4050585209699845,0.17485722730163533,-0.5734542761980266,0.12411917109989618,0.5092958966151289,0.8172679899291204,True
77,Spruce,6,1,86.1023616210022,0.13661530863512067,-0.5089074323316672,-0.19814073888200306,838.7583406387432,2.9926301845283225,2.635018946854378,4.611780101982531,-3522.7835022836925,3694.988225525697,-12.739633123796736,13.012863741066976,-11.84647889681571,10.828664032152375,-20.041028983435492,19.644747505671486,True
78,Alder,92,23,2.9769385662614423,0.39921685249121774,-1.595537374203383,1.01936240538826,1.6314290165214114,0.2860791522591626,0.4721192023936109,0.1367653422719611,-0.26518378346304017,6.219060915985924,-0.16930534733290892,0.9677390523153444,-2.533775080112381,-0.6572996682943847,0.7475700268310258,1.291154783945494,True
78,Aspen,53,13,1.313172171285632,0.702551640751192,-1.0034419281188922,0.6414602738107119,0.49865078177581734,0.20647706177529465,0.2946259993362786,0.11037857731562019,0.31109590825381295,2.315248434317451,0.2876204503723556,1.1174828311300284,-1.5955150405995333,-0.411368815638251,0.4196462181276863,0.8632743294937375,True
78,Birch,96,24,0.6942837434902115,-0.07809697191660095,-0.15039615778019771,0.6592772311184991,0.6056969446334861,0.4233389671584956,0.5665288055490746,0.2012502128785884,-0.5086826704654616,1.8972501574458844,-0.9188847020223129,0.762690758189111,-1.2755712666398822,0.9747789510794866,0.2595769370368326,1.0589775252001656,True
78,Oak,71,18,0.07689717648294003,-0.3730859069779434,1.058734502540666,0.6023311559082147,0.03979402862507008,0.21763694087521868,0.3679612669242701,0.12035910490385271,-0.002532037093021619,0.1563263900589017,-0.8074910591093893,0.06131924515350251,0.32428073980209093,1.793188265279241,0.36209337703711775,0.8425689347793117,True
78,Pine,365,91,1.8222164378395929,-0.15404827223625664,-0.19805815805793067,0.643711790865839,0.3217993026268342,0.1537918568430365,0.1851544522774415,0.07856818193179163,1.1893797391630057,2.45505313651618,-0.4564887379968364,0.14839219352432317,-0.5621749580884258,0.16605864197256445,0.4892029759962372,0.7982206057354407,True
78,Spruce,6,1,8474.873517899961,2.894345410932746,-3.3956245489574046,-1.287602078201573,69697.32377670784,3.9289124409205787,4.133821193688203,3.344673699419602,-291408.50688246783,308358.2539182677,-14.010400427731312,19.799091249596806,-21.182021592055715,14.390772494140908,-15.678571500952216,13.10336734454907,True
79,Alder,92,23,2.658994426964629,0.3553353675065969,-1.4807844801373327,0.9922083734747922,1.4845339672102447,0.2658980576955682,0.44410612163986346,0.1260044067776699,-0.2912048800698974,5.609193733999155,-0.17308114763009919,0.883751882643293,-2.3633520745817114,-0.5982168856929537,0.7418010929614649,1.2426156539881195,True
79,Aspen,53,13,1.7244350577267924,0.7745386013080653,-1.2872233174232512,0.7464676193719016,0.9645567035893315,0.3004790422963749,0.4454532570313172,0.14732056984877262,-0.21391420861333632,3.662784324066921,0.17070335863296082,1.3783738439831699,-2.182395152051953,-0.3920514827945498,0.4504158502840397,1.0425193884597637,True
79,Birch,96,24,0.3014827073523872,-0.7866655130199492,0.8093899914625866,0.675840404584621,0.3458745506883529,0.5239692036154194,0.7070627693079565,0.2643880149816359,-0.38545400515137046,0.9884194198561449,-1.8273135788243144,0.25398255278441584,-0.5948976998855193,2.2136776828106925,0.15074298566372357,1.2009378235055186,True
79,Oak,71,18,0.07518082312329168,-0.3450115997844189,0.9824594035878097,0.649700861540745,0.03861797214185033,0.19585025862693337,0.31888169543169737,0.12760903159968476,-0.0019009718873577441,0.1522626181339411,-0.7359303521417928,0.04590715257295491,0.3459688755603916,1.6189499316152278,0.3949921684186962,0.9044095546627938,True
79,Pine,365,91,1.8457473474612602,-0.267297781093714,-0.02380037073302344,0.5892670016015077,0.31284904899882693,0.1473698041364883,0.17771544071262843,0.0751199811406696,1.2305118334734866,2.460982861449034,-0.5571089136010399,0.022513351413611882,-0.3732879298619235,0.3256871883958766,0.4415392704297725,0.7369947327732429,True
79,Spruce,6,1,3758.4505886565576,1.0210175846987792,-0.5729719152349838,-2.0914896123332034,24014.5190490615,2.0081880216931807,1.892515452071771,3.184579795175124,-99567.6853501279,107084.58652744102,-7.619518088582479,9.661553257980037,-8.715808691083717,7.56986486061375,-15.793630560978631,11.610651336312223,True
80,Alder,92,23,1.8582169469749563,0.08864925404437972,-1.1100368394627866,0.9968422171214667,1.0390490906314773,0.29929456496651363,0.4911124356073158,0.13420211041483351,-0.2066747798990214,3.923108673848934,-0.5061358015126267,0.6834343096013862,-2.0860196052377553,-0.13405407368781774,0.7301437232551147,1.2635407109878187,True
80,Aspen,53,13,1.7581715410956364,0.6792214378391359,-1.1220844732589605,0.6790366510359923,0.981825381169944,0.3023760628311913,0.44106877681074025,0.14916194696539548,-0.21488043208845986,3.7312235142797325,0.07157398967293882,1.286868886005333,-2.0084453650087077,-0.23572358150921346,0.3792844960923486,0.978788805979636,True
80,Birch,96,24,0.4908190742926573,-0.7459842050751319,0.635973033623317,0.6243952523873183,0.5434085869534946,0.5242766606908197,0.6873886938675356,0.26180957661715387,-0.5884372847694268,1.5700754333547413,-1.7872429071699991,0.2952744970197355,-0.7292402456939048,2.001186312940539,0.10441883462122048,1.1443716701534161,True
80,Oak,71,18,0.06998752748976234,-0.3499082791973697,1.0780381754909718,0.5834643064869103,0.03680012325524742,0.21878096706166292,0.3654303761095605,0.12205733302522467,-0.0034658259568720873,0.14344088093639676,-0.786596917154182,0.08678035875944262,0.3486360919616831,1.8074402590202605,0.33983685009851416,0.8270917628753064,True
80,Pine,365,91,1.9731678185621861,-0.12424844547452057,-0.22058511100143988,0.6119751155718732,0.33416123081519555,0.14821257194498738,0.17814539990156703,0.07766584798539873,1.3160206824168408,2.6303149547075315,-0.4157169289870471,0.16722003803800595,-0.5709182094198053,0.1297479874169256,0.4592407919180006,0.7647094392257459,True
80,Spruce,6,1,169.931398502734,-1.521959061764818,4.339799258049174,-3.352670956186716,742.5213543858792,1.8377743768413848,2.90949754676406,2.592175422695635,-3024.880133803346,3364.7429308088135,-9.429264000847027,6.385345877317392,-8.178758303579436,16.858356819677784,-14.50590161449934,7.800559702125909,True
81,Alder,92,23,1.7088135736090644,0.07026775109396789,-1.0964881437937666,1.0352726816598061,0.9349186225473705,0.2836563020016351,0.4658762771955588,0.1286075671547935,-0.14914072942124212,3.566767876639371,-0.49343954296937076,0.6339750451573065,-2.022319347729777,-0.17065693985775632,0.7796921669124911,1.290853196407121,True
81,Aspen,53,13,1.230907984025314,0.4183697444875688,-0.7359353408832346,0.6569756246948996,0.7381789938890086,0.31571478074477427,0.4586557147051746,0.14849216015981334,-0.25251824266301415,2.714334210713642,-0.21608286089281692,1.0528223498679545,-1.6576385075225668,0.18576782575609752,0.35856945672990964,0.9553817926598895,True
81,Birch,96,24,0.7605121577774152,-0.3591964805202749,0.16570212040872556,0.5659120927356103,0.6710538774569289,0.4210666544312771,0.5466421210291472,0.21238357865588375,-0.5722587661767917,2.093283081731622,-1.1954712014106244,0.47707824037007446,-0.9199763164364073,1.2513805572538583,0.14409997322204549,0.9877242122491751,True
81,Oak,71,18,0.10871297829827375,-0.2806200844576233,0.8231649457666445,0.6260413471217976,0.050150969304075414,0.17897079197330595,0.3010758528846032,0.1217010241498332,0.008611224604873027,0.2088147319916745,-0.6378472803628654,0.07660711144761878,0.22221502821368544,1.4241148633196035,0.3831250862252962,0.868957608018299,True
81,Pine,365,91,1.7260662257074988,-0.13859506379138092,-0.20776755840267855,0.6525910231949642,0.30012657296557754,0.1483804840428216,0.18051072143468228,0.07783015124810487,1.1358501871074949,2.3162822643075027,-0.43039375602963764,0.1532036284468758,-0.5627521966413807,0.14721707983602358,0.4995335877956528,0.8056484585942756,True
81,Spruce,6,1,8474.873517899889,2.8943454109327313,-3.3956245489573798,-1.2876020782015807,69697.32384704523,3.928912469021274,4.1338212326886845,3.344673678513973,-291408.5071851053,308358.2542209051,-14.010400548638861,19.799091370504325,-21.182021759861218,14.39077266194646,-15.678571411002562,13.103367254599402,True
82,Alder,92,23,2.0712912681896327,0.3378908980718697,-1.4051634787682967,1.0190403735144196,1.2276362534022178,0.27047814487564703,0.4571321378868252,0.14518854528802078,-0.36837781589590346,4.510960352275169,-0.1996275778978402,0.8754093740415796,-2.313617543279389,-0.4967094142572045,0.7305086489739547,1.3075720980548844,True
82,Aspen,53,13,1.4360258535395625,0.689214797135398,-1.0033672025421916,0.6215014749651793,0.5194435330569996,0.19448294043269,0.28464895214880476,0.09161427294822182,0.39216499242129244,2.4798867146578325,0.2983866959977832,1.0800428982730128,-1.5753906880552155,-0.43134371702916763,0.43739570068083355,0.805607249249525,True
82,Birch,96,24,0.4579749333388899,-0.7615352487264481,0.8070103890373688,0.504524529579888,0.4939441620353446,0.5083574960244166,0.716740302439699,0.2995190013824667,-0.5230408082173998,1.4389906748951795,-1.7711771157000804,0.24810661824718416,-0.616497718445532,2.2305184965202693,-0.09034606073269569,1.0993951198924719,True
82,Oak,71,18,0.07389262795065493,-0.3881003227006461,1.0444805232343335,0.6390638516361069,0.03679428967353994,0.19605377938370117,0.3188865547134267,0.11654387662800561,0.0004509183818425244,0.14733433751946734,-0.779425304188746,0.0032246587874538157,0.4079802960399891,1.6809807504286778,0.40644130027611425,0.8716864029960996,True
82,Pine,365,91,1.8719398512980234,-0.1153032913805575,-0.2749604870250081,0.6636517543419971,0.3214783989105019,0.1549572918856961,0.18806850142228979,0.07909082177891376,1.23973422809854,2.504145474497507,-0.4200356516819218,0.1894290689208068,-0.6448079310486805,0.09488695699866434,0.508115138377894,0.8191883703061001,True
82,Spruce,6,1,3758.450588656183,1.0210175846987581,-0.5729719152349894,-2.0914896123331492,24014.518848573185,2.00818800958153,1.8925154517513993,3.1845797693107856,-99567.68448749668,107084.58566480904,-7.619518036470272,9.661553205867788,-8.715808689705275,7.569864859235297,-15.79363044969331,11.610651225027013,True
83,Alder,92,23,4.088650894167522,0.603919616310211,-2.006964412897643,1.1166781448615024,2.268255260233638,0.24586282396753023,0.4157902515127076,0.13847861532842862,-0.41902979534477325,8.596331583679817,0.11531891810076833,1.0925203145196536,-2.8332601656244494,-1.1806686601708367,0.841480996123462,1.3918752935995427,True
83,Aspen,53,13,1.3969988817723817,0.7786581913995253,-1.1313762343181482,0.6740040308131936,0.5655393975283609,0.23320257759474988,0.33457490067181567,0.11319442450099217,0.2605049128783985,2.5334928506663648,0.3100200662304059,1.2472963165686446,-1.803729669673204,-0.4590227989630924,0.44653131835490445,0.9014767432714827,True
83,Birch,96,24,0.6156345427661069,-0.3132331223109854,0.1173713869720436,0.6488778097556737,0.5679145271282896,0.4404546353029404,0.5856657370477563,0.2091079894108356,-0.5122927287611604,1.7435618142933742,-1.1880140467238554,0.5615478021018847,-1.0458113196856036,1.2805540936296909,0.23357129322165127,1.0641843262896962,True
83,Oak,71,18,0.1146260012828586,-0.28384052245985736,0.8805870072583251,0.5691301429033173,0.045961291454007416,0.15853742171171503,0.26186119495623006,0.09793282877345583,0.02288687957886834,0.20636512298684886,-0.600282540622072,0.03260149570235721,0.35790987453064316,1.4032641399860069,0.3736553985381706,0.7646048872684641,True
83,Pine,365,91,1.6853907405376627,-0.12658413500308852,-0.20928144855860162,0.655002773307114,0.28986640799325586,0.15620552932761472,0.18734345820792156,0.0763180132012294,1.115351902061957,2.2554295790133683,-0.4337712254901932,0.18060295548401617,-0.5777030537117942,0.159140156594591,0.5049190436980777,0.8050865029161502,True
83,Spruce,6,1,0.1429908208163207,-2.2671728915989284,0.15480634441253696,3.2286584037388284,0.9467826041194645,2.5606829000327154,2.2218348884813905,3.40277798971517,-3.930685935227115,4.216667576859757,-13.284902161310924,8.750556378113068,-9.404977603446042,9.714590292271115,-11.412313602259099,17.869630409736757,True
84,Alder,92,23,3.3410778808678994,0.467810720641977,-1.7225535466755793,1.0520045338049955,1.9303699350861807,0.2848912435381123,0.4733266628295107,0.1321777797255548,-0.4951267265036692,7.177282488239468,-0.0983507602204618,1.0339722015044157,-2.663190826471026,-0.7819162668801326,0.7893289718005136,1.3146800958094773,True
84,Aspen,53,13,1.058155184074965,0.44311597254945084,-0.8104013349515872,0.7479442021492375,0.5733060868407455,0.2999123722051153,0.43480012385488165,0.1533714440223099,-0.09394653133566244,2.2102568994855925,-0.1595805039426365,1.0458124490415381,-1.6841648969510836,0.06336222704790939,0.4397327461592502,1.0561556581392249,True
84,Birch,96,24,0.6409811217742986,-0.4256777788179226,0.30338674981250247,0.5699670550246585,0.7518651760052166,0.5433697000675556,0.7362650668066163,0.2719424304719601,-0.8522880164817154,2.1342502600303126,-1.5048569051679344,0.653501347532089,-1.1588992250212278,1.7656727246462327,0.02986591486586454,1.1100681951834526,True
84,Oak,71,18,0.07820144547870991,-0.35189226294999676,1.0252999771779663,0.6085948561143422,0.031133782597234892,0.15128737478957538,0.24633788552343805,0.11122734370584705,0.016058155322221684,0.14034473563519814,-0.6538631268885452,-0.04992139901144832,0.5336074997602569,1.5169924545956757,0.3865841488814285,0.8306055633472558,True
84,Pine,365,91,1.7861838326097956,-0.1912261191191447,-0.16782851515862898,0.6596964278619413,0.3030950585414762,0.153765330418594,0.18554092900241087,0.07789732374389707,1.1901300976674252,2.382237567552166,-0.49361441915178517,0.1111621809134958,-0.5327053437309777,0.19704831341371967,0.5065068939150817,0.8128859618088008,True
84,Spruce,6,1,8474.873517899889,2.8943454109327478,-3.395624548957414,-1.2876020782015636,69697.32192348833,3.928912373851546,4.133821173784052,3.344673607670243,-291408.49890870793,308358.2459445077,-14.010400139156555,19.79909096102205,-21.182021506415076,14.390772408500247,-15.678571106186578,13.10336694978345,True
85,Alder,92,23,1.6200296986037093,0.05093192371936159,-1.0637531679426597,1.0363482304768414,0.8646099831829713,0.27398357191356254,0.45000701288723016,0.1252770971351777,-0.09820095800765705,3.3382603552150756,-0.493552851874703,0.5954166993134262,-1.9580475437564013,-0.169458792128918,0.7873863250446329,1.28531013590905,True
85,Aspen,53,13,1.276981000648197,0.7170673845835394,-1.060220583700292,0.6859830915167613,0.5019485573886228,0.21328287382683003,0.30485330046859677,0.1114708585694178,0.26827760940727563,2.2856843918891183,0.2884594028373817,1.145675366329697,-1.6728462272791038,-0.4475949401214804,0.46197401447412356,0.909992168559399,True
85,Birch,96,24,0.7811644623653584,-0.023977189358194533,-0.2979995218018051,0.6943452598097972,0.7072745151116021,0.4535184112367748,0.5812720142001678,0.2151803177950705,-0.6235437744260397,2.1858726991567563,-0.9247039004009685,0.8767495216845795,-1.4524559156313814,0.8564568720277711,0.266978574959812,1.1217119446597825,True
85,Oak,71,18,0.0943464105091096,-0.28587893501175493,0.8819800634624304,0.6231939905222671,0.04548815974309423,0.2182643679089102,0.3386071978271199,0.10865350729511408,0.0035516636526563283,0.18514115736556286,-0.7215364367439905,0.14977856672048062,0.20611726786640294,1.5578428590584579,0.4063206822670709,0.8400672987774633,True
85,Pine,365,91,1.826012386434115,-0.12922596786865315,-0.2588333035554726,0.6709679092129309,0.313675153382399,0.14902976393737,0.18213337523387202,0.0771919130750875,1.2091522910174988,2.4428724818507312,-0.42230150608398015,0.16384957034667386,-0.6170089831202185,0.0993423760092732,0.5191656056149773,0.8227702128108846,True
85,Spruce,6,1,169.9313985027181,-1.5219590617648424,4.3397992580491715,-3.3526709561866643,742.5213538953363,1.8377743762916487,2.9094975467979096,2.5921754213915484,-3024.880131692726,3364.742928698162,-9.42926399848173,6.385345874952044,-8.178758303725083,16.858356819823424,-14.505901608888257,7.800559696514929,True
86,Alder,92,23,2.6265753880112133,0.33307296339208425,-1.3875256129951794,0.9418106784876136,1.5762574622699024,0.2817832047106115,0.47158311135723874,0.13395490326938217,-0.5059050911222625,5.7590558671446885,-0.2269119434089606,0.8930578701931291,-2.3246979506209686,-0.4503532753693903,0.6756034568759308,1.2080179000992963,True
86,Aspen,53,13,0.8349315539983178,0.43266576412383917,-0.8343992193091632,0.8549512750802729,0.4939999163344215,0.2950544615747809,0.43154843134798077,0.16931085198391296,-0.15779844501125184,1.8276615530078875,-0.1602683754613412,1.0255999037090195,-1.701628260568033,0.03282982194970674,0.5147083795561473,1.1951941706043985,True
86,Birch,96,24,0.39323950354712145,-0.7327791715954066,0.6204733454683085,0.7039112848690491,0.5106483448976626,0.5770656131065681,0.7639109043273872,0.29644431053406795,-0.6209521870278678,1.4074311941221107,-1.8788812897693763,0.41332294657856306,-0.8967196489860789,2.1376663399226956,0.11514729597932505,1.292675273758773,True
86,Oak,71,18,0.1067860637328507,-0.2619713340150622,0.802007634510647,0.6333835593166397,0.0485302211506873,0.1772946735115607,0.294397632865927,0.11745504521334227,0.009919336893383715,0.20365279057231767,-0.6158529834683247,0.09191031543820039,0.21438749990498462,1.3896277691163095,0.3989423078483897,0.8678248107848897,True
86,Pine,365,91,1.734940620643132,-0.06260937465691131,-0.28415016778568153,0.6531512887811903,0.3072107677584294,0.15411176144773525,0.18761947149981598,0.07973765706260608,1.130793108578473,2.339088132707791,-0.3656789510845324,0.2404602017707098,-0.65311456883373,0.08481423326236692,0.49634263430681724,0.8099599432555634,True
86,Spruce,6,1,8.500495513225708,-0.2611721795205409,-0.8031514829718844,1.1039864491509204,55.041541861298256,2.116215656028479,2.27350709745981,3.3108297152154327,-228.3241448229737,245.3251358494251,-9.366513248557188,8.844168889516107,-10.585263001840888,8.978960035897119,-13.14136406257986,15.3493369608817,True
87,Alder,92,23,1.9630235681330959,0.33999733506628843,-1.4019496450516755,1.0301949236762655,1.2397313944813462,0.2740983620181659,0.46754286261503886,0.13582714988113792,-0.5006820672326953,4.426729203498887,-0.20471556173923727,0.8847102318718141,-2.331092837300694,-0.4728064528026571,0.760267005348576,1.300122842003955,True
87,Aspen,53,13,1.1228104466637376,0.47421661541337956,-0.8315309890304123,0.7231728967634024,0.5887494132764407,0.28861113539887395,0.4205042085896068,0.15321245137974568,-0.060325795130966364,2.305946688458442,-0.1057691754439517,1.054202406270711,-1.6765658337207148,0.013503855659889985,0.4152809484507978,1.031064845076007,True
87,Birch,96,24,0.3810257409291074,-0.9967539573824358,0.9638848226000529,0.6206756012503053,0.41906617843585187,0.4940256133254772,0.6772825053892039,0.2540622551182828,-0.4512758619593387,1.2133273438175536,-1.9779314682315559,-0.015576446533315691,-0.3812566940638249,2.309026339263931,0.1160860327061366,1.125265169794474,True
87,Oak,71,18,0.06928780286519073,-0.3143960562377206,0.9319407258276982,0.6931526564880427,0.03190664609186117,0.17184692544924132,0.2846774785276567,0.10873934801522418,0.0056018707169072784,0.1329737350134742,-0.6574039550479686,0.028611842572527357,0.3637221004836385,1.500159351171758,0.4761080094383912,0.9101973035376942,True
87,Pine,365,91,1.8618036199366552,-0.13018954051426643,-0.19476416494499918,0.6189439927046805,0.3224247984473979,0.14340441269696425,0.17490137076911932,0.0759061426095754,1.2277368480222135,2.495870391851097,-0.4122025043895775,0.15182342336104468,-0.538717694887514,0.14918936499751564,0.46967023012595366,0.7682177552834073,True
87,Spruce,6,1,8.500495513224891,-0.2611721795205672,-0.8031514829718784,1.103986449150967,55.04154186215522,2.116215656043645,2.27350709745638,3.3108297152724875,-228.32414482666172,245.32513585311153,-9.36651324862247,8.844168889581335,-10.585263001826124,8.978960035882366,-13.1413640628253,15.349336961127236,True
88,Alder,92,23,0.9628609564827013,-0.008683418286928849,-0.513228306853642,0.7785859931851337,0.5985629253508344,0.28367264847555895,0.5002658361575578,0.14497619652785823,-0.2266570785307076,2.1523789914961102,-0.5724231975322221,0.5550563609583644,-1.5074015327708468,0.48094491906356285,0.4904762671835493,1.066695719186718,True
88,Aspen,53,13,1.2477608051362947,0.5496752853191379,-0.7804661031822158,0.5925847051679807,0.47303425918783254,0.20656315035180894,0.2958708179328208,0.10722362173922358,0.29716287155865195,2.1983587387139374,0.13457109346873863,0.9647794771695372,-1.3750407722891862,-0.18589143407524533,0.3771107700855245,0.8080586402504368,True
88,Birch,96,24,0.1806613053339387,-1.3466850553896414,1.4050848890845498,0.7500048361537305,0.2214840265339884,0.561687468004588,0.7424870387407918,0.27779200636225687,-0.2592250891884567,0.6205476998563342,-2.4622448499964795,-0.2311252607828036,-0.06955845907210034,2.8797282372412,0.19828593335925082,1.3017237389482101,True
88,Oak,71,18,0.054281900781948056,-0.4244712927910791,1.0706834579113915,0.7424453962844463,0.02375741329615256,0.16085245354507116,0.2671109199611039,0.10940375821562734,0.0068619053727959,0.1017018961911002,-0.745534133832507,-0.10340845174965119,0.5375278302176458,1.6038390856051372,0.5240745809242905,0.9608162116446021,True
88,Pine,365,91,1.8299905143596003,-0.09674799671567506,-0.30016705741910754,0.6768612294804556,0.31231230686964234,0.1470101189870721,0.17542878333902653,0.07615321371461482,1.215810534409039,2.4441704943101614,-0.38585178784388213,0.19235579441253198,-0.6451577742879335,0.044823659449718445,0.5271015874695013,0.8266208714914098,True
88,Spruce,6,1,8.500495513225028,-0.261172179520562,-0.8031514829718807,1.1039864491509597,55.041541861180384,2.116215656021528,2.2735070974585105,3.3108297152134343,-228.32414482246722,245.32513584891726,-9.366513248527301,8.844168889486177,-10.585263001835294,8.978960035891532,-13.141364062571224,15.349336960873142,True
89,Alder,92,23,2.8890158947633284,0.3276592263549737,-1.4787554266415721,0.9987487114334984,1.3876914364601316,0.24430486021386374,0.40725486196225175,0.11785943540702423,0.13127076757310263,5.646761021953554,-0.15784534627703323,0.8131637989869807,-2.2880888862223716,-0.6694219670607725,0.7645278499743953,1.2329695728926016,True
89,Aspen,53,13,1.3940395080640813,0.6131060646199797,-1.1083246667970532,0.7937446746371417,0.8425849905263076,0.2990462228463607,0.43575283898950856,0.16006750830733066,-0.2991984240743615,3.087277440202524,0.012150180430900992,1.2140619488090585,-1.9840027815391341,-0.2326465520549722,0.4720769736737512,1.1154123756005323,True
89,Birch,96,24,0.8938087734202915,-0.10451769880042105,-0.1311581131777099,0.5596060988576421,0.7742494347800013,0.42818971004089923,0.5725591911732849,0.2349952624896536,-0.6439174349034154,2.431534981743998,-0.9549394229719229,0.7459040253710808,-1.2683100884115774,1.0059938620561575,0.09288522347860195,1.0263269742366823,True
89,Oak,71,18,0.1442662227534972,-0.22975270159886732,0.750819781247993,0.5676754648255603,0.056114950927530174,0.15346340735296085,0.25472151486450095,0.10263587577723642,0.032260311916427434,0.256272133590567,-0.5360669447125642,0.0765615415148296,0.2423935096284704,1.2592460528675156,0.36281339935149387,0.7725375302996267,True
89,Pine,365,91,1.8814867344381865,-0.18748836770395438,-0.15577115282721843,0.6284067256892165,0.3235007779094936,0.14805277144260057,0.17905425701056388,0.07558397879198814,1.245303987488752,2.517669481387621,-0.47864259440625223,0.10366585899834346,-0.5078915706329514,0.19634926497851463,0.47976651664864445,0.7770469347297886,True
89,Spruce,6,1,169.93139850273292,-1.5219590617648122,4.339799258049155,-3.352670956186701,742.5213540798032,1.837774376540615,2.909497546815838,2.592175421824383,-3024.880132486408,3364.742929491874,-9.429263999552914,6.38534587602329,-8.178758303802239,16.85835681990055,-14.505901610750632,7.80055969837723,True
90,Alder,92,23,1.998950175904966,0.1459005036199705,-1.1445890754164754,0.9607086109964702,1.0593547916185664,0.26219919035415523,0.4386568317006132,0.13476111256284226,-0.1062948647389459,4.104195216548877,-0.37516528993778053,0.6669662971777216,-2.0163273511940556,-0.2728507996388949,0.6928992178269615,1.228518004165979,True
90,Aspen,53,13,1.4258475163856674,0.7572268732663576,-1.0334877018606503,0.595822673606777,0.5800545251330355,0.23235048837973324,0.3251256520042131,0.11678483999179438,0.26018430649355917,2.5915107262777757,0.29030108548356054,1.2241526610491547,-1.6868521610838156,-0.3801232426374851,0.3611347510871665,0.8305105961263874,True
90,Birch,96,24,0.6019492284785023,-0.26150113406216785,0.01035609647906244,0.6960233710647694,0.5515025258159432,0.44533162048141556,0.5805719883565185,0.22081534217300322,-0.4933823918085297,1.6972808487655344,-1.145968172005981,0.6229659038816453,-1.1427099856009295,1.1634221785590546,0.2574650414020859,1.1345817007274528,True
90,Oak,71,18,0.06898229387295764,-0.3248413738990629,1.011179529524699,0.624711588064421,0.03656582643364961,0.19184340334941855,0.3164476437782846,0.11977918329449348,-0.0040034011604459935,0.14196798890636125,-0.7077624096491468,0.05807966185102098,0.3795473889316219,1.6428116701177762,0.3856313375702848,0.8637918385585571,True
90,Pine,365,91,1.623829722246504,-0.06390400813813034,-0.28415226474162025,0.670507988560724,0.2840134258633441,0.14996465776915435,0.18082818752398497,0.07678890786471722,1.0653011072494414,2.182358337243566,-0.35881806844250486,0.23101005216624415,-0.6397612181676335,0.07145668868439309,0.519498217714701,0.8215177594067471,True
90,Spruce,6,1,86.10236162100092,0.13661530863511948,-0.5089074323316712,-0.19814073888199377,838.7583410242646,2.9926301858224247,2.6350189471486223,4.611780103777031,-3522.7835039424585,3694.9882271844604,-12.739633129364808,13.012863746635048,-11.846478898081745,10.828664033418402,-20.04102899115659,19.644747513392605,True
91,Alder,92,23,2.2924556673552434,0.15879591749777375,-1.2221507758620558,0.974563381966,1.2259540062931555,0.271636041867345,0.44341187831337037,0.12534338814322368,-0.14387030410031176,4.728781638810799,-0.38102363542805606,0.6986154704236036,-2.1033387075799683,-0.34096284414414324,0.7254697370853722,1.2236570268466278,True
91,Aspen,53,13,1.351279539561441,0.8677080202567072,-1.2007726206508338,0.6665014984384987,0.5002185084621775,0.20392404529784336,0.291181769859129,0.11084100935484265,0.346052811802126,2.356506267320756,0.45790730857093986,1.2775087319424747,-1.7859242948632046,-0.6156209464384629,0.44375815078059655,0.8892448460964009,True
91,Birch,96,24,0.7228241844944392,-0.3622529119036551,0.11406305288494531,0.6310943757745304,0.6619470284257929,0.44661389010337355,0.5926971683397902,0.21560349025425737,-0.5918597512084889,2.0375081201973675,-1.249266647998281,0.5247608241909707,-1.0630846832503926,1.2912107890202833,0.20288723389364355,1.0593015176554172,True
91,Oak,71,18,0.06327880430037477,-0.40199635549474566,1.0651735827706084,0.67882212207494,0.027316500825959603,0.1683442820739255,0.2669464509209804,0.10785852848283554,0.008754840449020501,0.11780276815172905,-0.7380129488666918,-0.06597976212279949,0.5323462366549278,1.598000928886289,0.46353559817032486,0.8941086459795551,True
91,Pine,365,91,2.0492872381206877,-0.12305705235067867,-0.22092277095628127,0.6047123621279177,0.35656100752745357,0.15126203735701943,0.18125706412820727,0.07706128720491129,1.3480896623691505,2.750484813872225,-0.4205224836760992,0.17440837897474187,-0.5773751347071157,0.13552959279455307,0.4531669417605033,0.756257782495332,True
91,Spruce,6,1,0.14299082081626088,-2.2671728915990927,0.15480634441261268,3.2286584037390282,0.9467826041164659,2.560682900027086,2.221834888481392,3.402777989706459,-3.9306859352142722,4.216667576846794,-13.284902161286869,8.750556378088682,-9.404977603445971,9.714590292271197,-11.412313602221417,17.869630409699475,True
92,Alder,92,23,2.1125685464720925,0.1296272858135456,-1.1999438179763484,1.0030495281020713,1.1304791764051128,0.2647122398167894,0.4401767878977536,0.12062909282841128,-0.13402126320047536,4.35915835614466,-0.3964326654711177,0.655687237098209,-2.074702687299493,-0.32518494865320346,0.7633245545203913,1.2427745016837513,True
92,Aspen,53,13,1.0435829518177577,0.5076610276774659,-0.9168752030881068,0.7912783002784423,0.568743862167085,0.30289592568985857,0.43789716939775675,0.15599803094807188,-0.09935062986246157,2.186516533497977,-0.10103112401621217,1.1163531793711439,-1.7968625111188268,-0.03688789505738688,0.47778852024427626,1.1047680803126083,True
92,Birch,96,24,0.40996075839226853,-0.9168151142050429,0.8142054509860988,0.6660770421045838,0.4516916385653419,0.5139691844548564,0.6752808811657204,0.2622488525159333,-0.4871378244435923,1.3070593412281295,-1.9376022787853646,0.10397205037527879,-0.5269606671958404,2.1553715691680377,0.14522818448655384,1.1869258997226138,True
92,Oak,71,18,0.090008752019708,-0.3290041971561404,0.907826483277212,0.6513864647331046,0.0425461895665302,0.18926004052680426,0.30895145417000236,0.11381413737346223,0.00508620221296982,0.17493130182644617,-0.7067688191308078,0.04876042481852705,0.2911567997656239,1.5244961667888002,0.42421249572949127,0.8785604337367179,True
92,Pine,365,91,1.8819681012309053,-0.11071749173095093,-0.28164716586601996,0.6686424648148119,0.32873399770128536,0.15043430031058413,0.18146196228756112,0.07815917575771547,1.235493928820158,2.5284422736416525,-0.40655513090280715,0.18512014744090532,-0.6385024735439291,0.07520814181188923,0.514937983934836,0.8223469456947878,True
92,Spruce,6,1,3758.4505886562297,1.021017584698757,-0.5729719152349814,-2.0914896123331594,24014.519039184637,2.008188022663604,1.89251545320188,3.1845797917351866,-99567.68530763153,107084.58648494398,-7.619518092757895,9.66155326215541,-8.715808695946182,7.569864865476219,-15.79363054617773,11.610651321511412,True
93,Alder,92,23,2.5527257824338396,0.3733775833085741,-1.5731415044042651,1.0747232743981985,1.317742661152113,0.2450300276614634,0.41227704875509286,0.12796233225584824,-0.06601085252940786,5.171462417397088,-0.11356810724235306,0.8603232738595012,-2.392455504897767,-0.7538275039107634,0.8204250284259926,1.3290215203704043,True
93,Aspen,53,13,1.2480875706086798,0.6170159993662395,-0.8588938994539149,0.6013180594835841,0.4702902669775199,0.2105267949643535,0.305849807850748,0.10812285886998621,0.3030038958277568,2.193171245389603,0.19394656545369,1.040085433278789,-1.4735220995915141,-0.2442656993163156,0.38403703973084025,0.8185990792363279,True
93,Birch,96,24,0.746789529331727,-0.1697383782755318,-0.10644503331760273,0.6571877795363397,0.786510996114644,0.4717655949207614,0.6372203626282,0.23763226149850092,-0.8152891981831709,2.3088682568466252,-1.1067055711559657,0.767228814604902,-1.3720196764161081,1.1591296097809025,0.18522959650801418,1.1291459625646652,True
93,Oak,71,18,0.11862336170934423,-0.29864829570660517,1.0148452448128071,0.4487276626578288,0.04627385988243922,0.16046528561103682,0.26946735878324685,0.1153532939672883,0.026260350810999547,0.21098637260768893,-0.6189383463172898,0.02164175490407949,0.4769861455443146,1.5527043440812998,0.21848152423478556,0.6789738010808721,True
93,Pine,365,91,2.061100927932333,-0.09092110784404395,-0.28374586753689135,0.6219648642677036,0.34756216563920594,0.15078921570015308,0.18019219032031455,0.07669579713472455,1.3776000884570547,2.744601767407611,-0.38745670838999546,0.20561449270190757,-0.6381040961556945,0.07061236108191177,0.4711382009874799,0.7727915275479273,True
93,Spruce,6,1,8474.873517900221,2.8943454109327558,-3.3956245489574064,-1.287602078201589,69697.32423512341,3.9289124806070914,4.133821233413043,3.3446736998082023,-291408.50885487057,308358.25589067105,-14.010400598488586,19.799091420354095,-21.182021762977907,14.390772665063093,-15.678571502624244,13.103367346221066,True
94,Alder,92,23,1.7778467696622313,0.081437316650584,-1.090257857715351,1.009973430534072,0.9998311901172138,0.2871761026563813,0.4738371698984961,0.12598905772442617,-0.2091076209997933,3.764801160324256,-0.489264841580158,0.652139474881326,-2.031909663034917,-0.14860605239578495,0.7595966530386907,1.260350208029453,True
94,Aspen,53,13,0.996512672081721,0.35530764406391785,-0.6065257479467265,0.6695804437056359,0.5364164387457491,0.29062922303739996,0.42652288364869195,0.14593172765149348,-0.08145652001078996,2.074481864174232,-0.22873364573815186,0.9393489338659875,-1.4636555729960938,0.25060407710264065,0.37631965750570623,0.9628412299055655,True
94,Birch,96,24,0.8765519536047581,-0.11385976115089741,-0.22245911952842637,0.6646633479667823,0.8417956689029275,0.455906954254616,0.5969977977160381,0.21603358758059266,-0.79532690607207,2.5484308132815863,-1.019330324798855,0.7916108024970603,-1.4081482768222084,0.9632300377653557,0.23560199567110363,1.0937247002624608,True
94,Oak,71,18,0.08537173694195267,-0.22511898683883175,0.774669743045471,0.686516214883922,0.03834600578368985,0.17384791226729732,0.28837138591477784,0.1337577374430254,0.008832789054205398,0.16191068482969995,-0.5721208720542139,0.12188289837655047,0.19907804769772175,1.35026143839322,0.4195346535321211,0.9534977762357228,True
94,Pine,365,91,1.8657531421975522,-0.019373915372021776,-0.3988619251069647,0.6864954200432767,0.3135342862750667,0.14405654287318526,0.17684524033819474,0.07561585018277542,1.2491700699889685,2.4823362144061356,-0.30266933046602196,0.2639214997219784,-0.746638185523753,-0.05108566469017639,0.5377925340933285,0.8351983059932249,True
94,Spruce,6,1,169.93139850272541,-1.5219590617648384,4.339799258049189,-3.3526709561866967,742.5213541001434,1.8377743765022436,2.9094975467754636,2.5921754219520694,-3024.8801325739323,3364.7429295793827,-9.429263999387842,6.385345875858166,-8.178758303628488,16.858356819726865,-14.505901611300015,7.800559698926622,True
95,Alder,92,23,1.5854325192344019,0.124447147112047,-1.0837570502428142,0.9975480120070769,0.8869040910300424,0.2770338306117119,0.4666767006778515,0.13037925994593408,-0.17710299194690182,3.3479680304157053,-0.4260993766779629,0.6749936709020569,-2.0111789276527574,-0.1563351728328708,0.7384466301323337,1.25664939388182,True
95,Aspen,53,13,1.2939480884845536,0.5972066085521307,-0.9984589519754883,0.7273424894487119,0.6991586794143695,0.2957202507860624,0.4293352993425235,0.15905363248271373,-0.11106388049054416,2.6989600574596513,0.0029345154548111596,1.1914787016494501,-1.8612405379596932,-0.13567736599128344,0.40771224823599556,1.0469727306614283,True
95,Birch,96,24,0.5380553608817032,-0.6715707847636908,0.5489123654066452,0.6170319860210932,0.6016294148382336,0.5164279968479719,0.68238526733109,0.2587942962932826,-0.6568325878038278,1.7329433095672342,-1.6972413629939291,0.3540997934665474,-0.8063636769286715,1.904188407741962,0.10304417524800813,1.1310197967941784,True
95,Oak,71,18,0.12183548202142376,-0.28772937347187144,0.7747518908612923,0.6466145048976016,0.051541848083846736,0.166993505901787,0.28117095079769444,0.1090135030235048,0.018957522664162965,0.22471344137868454,-0.6210498063198109,0.045591059376068,0.21353232415985868,1.3359714575627257,0.4290226421611242,0.8642063676340791,True
95,Pine,365,91,1.686176083021908,-0.17964738422241314,-0.1860052327397552,0.6824028036782076,0.2795845333666821,0.1457302974473397,0.17767528536542518,0.07592568825516297,1.1363571379448927,2.235995028098923,-0.46623433323353625,0.10693956478871,-0.5354138240860936,0.1634033586065832,0.5330906034716607,0.8317150038847545,True
95,Spruce,6,1,86.10236162101612,0.13661530863516333,-0.5089074323316769,-0.1981407388820803,838.7583408001393,2.992630185125395,2.6350189470252166,4.611780102672208,-3522.7835029781104,3694.988226220142,-12.739633126365689,13.012863743636014,-11.846478897550778,10.828664032887424,-20.04102898640301,19.644747508638847,True
96,Alder,92,23,2.051186001974087,0.23881644540016547,-1.3421407582073441,1.0545273488596123,1.0713332268752411,0.25424572841889254,0.4224541148493829,0.1270645088136702,-0.0778636616519508,4.180235665600125,-0.26644351386331755,0.7440764046636484,-2.1816795390037456,-0.5026019774109429,0.8020133383144548,1.3070413594047698,True
96,Aspen,53,13,0.8758865895327635,0.43275983976745747,-0.7976218184573008,0.8149859313820506,0.5136998886984284,0.30756098558798156,0.44494978171645894,0.17038128867171673,-0.15643198611164488,1.908205165177172,-0.18530710077721324,1.050826780312128,-1.6917818815607573,0.09653824464615557,0.4725919127972,1.157379949966901,True
96,Birch,96,24,0.5357456611479917,-0.7052731084587841,0.5526721811366073,0.6260960835764606,0.6311453707475789,0.5363768400543872,0.7305009232867047,0.2731941169034241,-0.7177635237008227,1.789254845996806,-1.7705638112202875,0.3600175943027192,-0.898165707123284,2.0035100693964987,0.0835089861230226,1.1686831810298988,True
96,Oak,71,18,0.06018312510518845,-0.46669053196007804,1.110591792856817,0.7191390522516857,0.02254416842471012,0.14229148546575596,0.23182014116155794,0.09551244916685943,0.015184776594913747,0.10518147361546315,-0.7507055256563959,-0.18267553826376015,0.6478768544670239,1.57330673124661,0.5284954058012179,0.9097826987021536,True
96,Pine,365,91,1.827453660964348,-0.14212773332260548,-0.22003976599849584,0.651111013773806,0.29279985526842717,0.14520099413242546,0.17695481809545133,0.07558642664602905,1.2516460309648334,2.4032612909638624,-0.42767377714942706,0.1434183105042161,-0.5680315173302258,0.12795198533323415,0.5024659908885256,0.7997560366590863,True
96,Spruce,6,1,8.500495513225914,-0.2611721795205217,-0.8031514829719122,1.103986449150922,55.04154186287905,2.1162156560712853,2.273507097461636,3.310829715300871,-228.3241448297751,245.32513585622695,-9.366513248741349,8.844168889700306,-10.585263001848773,8.978960035904947,-13.14136406294747,15.349336961249314,True
97,Alder,92,23,2.504056071686918,0.3634337905989716,-1.5670611593262311,1.0737282904100913,1.293370931108624,0.25664621915323027,0.4287357176482366,0.12534434321687987,-0.06624687117250216,5.074359014546339,-0.146596639571482,0.8734642207694252,-2.419083305699689,-0.7150390129527728,0.8246327475212665,1.3228238332989162,True
97,Aspen,53,13,1.7901808105362946,0.8410722870219708,-1.26062162277097,0.658636566815642,0.8281586117386079,0.2456282734230954,0.3508092164581345,0.12703374334720866,0.1259337719710596,3.4544278491015294,0.34746379121210813,1.3346807828318334,-1.9655991371219483,-0.5556441084199915,0.4033527019052602,0.9139204317260238,True
97,Birch,96,24,0.34421106739562163,-0.995092117851632,1.0471937422541917,0.5554781889492445,0.4191276493322047,0.5502617179506958,0.7536808506565523,0.2971920978085767,-0.4882126219989616,1.176634756790205,-2.087959386615531,0.09777515091226696,-0.449681482582875,2.5440689670912584,-0.03477097001437157,1.1457273479128607,True
97,Oak,71,18,0.09228175754875721,-0.1616776491132805,0.7760785625718997,0.5964163841090369,0.04959459164719844,0.2323104558948045,0.35873421546741535,0.11846406868029989,-0.0067094616935240575,0.1912729767910385,-0.6253712598067355,0.3020159615801744,0.06004207162422803,1.4921150535195713,0.35996111337133185,0.8328716548467419,True
97,Pine,365,91,1.9085076365800142,-0.014078463253198451,-0.35996667219208445,0.6471372474867412,0.3113381388855593,0.14506009852030996,0.17879648778019755,0.07619848444390151,1.2962434135809788,2.5207718595790496,-0.2993474278157042,0.27119050130930733,-0.7115801720914272,-0.008353172292741629,0.4972885780023442,0.7969859169711382,True
97,Spruce,6,1,86.10236162101434,0.1366153086351582,-0.5089074323316765,-0.19814073888206993,838.7583406738936,2.9926301846416763,2.63501894687679,4.611780102152611,-3522.78350243492,3694.9882256769492,-12.73963312428442,13.012863741554735,-11.846478896912151,10.828664032248797,-20.041028984167355,19.644747506403213,True
98,Alder,92,23,2.1130922569926263,0.1348456405972195,-1.1961747682096904,1.0060679781667035,1.0651242673229502,0.25974937068649046,0.42882311404620493,0.12083723635441058,-0.0036184042439972863,4.22980291822925,-0.38135165116431735,0.6510429323587563,-2.048370596559054,-0.3439789398603268,0.7659293630653748,1.2462065932680322,True
98,Aspen,53,13,1.7627053300871895,0.5852138446288778,-1.0031491826723737,0.6477348193747645,0.9409289675580867,0.2854352402337009,0.4191298812765495,0.14321672316521095,-0.12816222301512337,3.6535728831895025,0.011610254051196756,1.1588174352065588,-1.8454222132266458,-0.1608761521181017,0.35993003895916303,0.9355395997903659,True
98,Birch,96,24,0.6627952285261817,-0.2714012778142084,0.07984066396574284,0.6295393554523084,0.6091219571310769,0.4372911300781738,0.5735742151687785,0.21135989481016793,-0.546973555886343,1.8725640129387062,-1.139899207786566,0.5970966521581492,-1.0593272365369515,1.219008564468437,0.20976036041760376,1.0493183504870132,True
98,Oak,71,18,0.08905722674320456,-0.3109100796226207,0.9865798046731226,0.565754809971435,0.04538268189221987,0.22245481098086622,0.34666548201443764,0.1179980623311178,-0.0015269854417388345,0.17964143892814793,-0.7549317407335479,0.13311158148830649,0.2946326065200989,1.6785270028261463,0.3302296917997263,0.8012799281431437,True
98,Pine,365,91,1.739136281123783,-0.07262819426904543,-0.31251262885376685,0.6803381158554495,0.2952902644970352,0.14818909730236174,0.18168598910431688,0.0778475044855107,1.1584311192100567,2.319841443037509,-0.3640505135567879,0.21879412501869705,-0.6698084980554999,0.04478324034796621,0.527246554324162,0.8334296773867369,True
98,Spruce,6,1,86.10236162100632,0.136615308635133,-0.5089074323316689,-0.19814073888202668,838.7583407640669,2.992630185072616,2.635018947063358,4.611780102412918,-3522.783502822913,3694.9882260649256,-12.73963312613863,13.012863743408895,-11.846478897714881,10.828664033051542,-20.041028985287323,19.644747507523267,True
99,Alder,92,23,4.492530161953004,0.5829639283628958,-1.9891993290175223,1.0923749743960143,2.5960980527037645,0.24969803202885152,0.4185101624212261,0.12466560688274536,-0.6666691862931211,9.651729510199129,0.08674156004367056,1.079186296682121,-2.820900333126071,-1.1574983249089734,0.8446282773449076,1.340121671447121,True
99,Aspen,53,13,1.0307735406209197,0.3516814890704884,-0.635412840579557,0.6851365495029158,0.5328345090252329,0.2852444400009839,0.4153444484359523,0.1429301432393024,-0.03999749420410459,2.101544575445944,-0.221538674084286,0.9249016522252629,-1.470078759035549,0.1992530778764351,0.3979076730098785,0.9723654259959531,True
99,Birch,96,24,0.5180788654802252,-0.6666930552527993,0.5525215327014601,0.6128425937344104,0.6141214401194361,0.534728283814863,0.7224804959127503,0.2707623512063308,-0.7016193236873097,1.73777705464776,-1.7287095830242594,0.3953234725186606,-0.8823870944949201,1.9874301598978403,0.07508519285800053,1.1505999946108203,True
99,Oak,71,18,0.08508029124437179,-0.3280670544440229,0.9551114157212911,0.6241793233431224,0.04059252147721343,0.18173822940193013,0.2960318545583736,0.11202976751182193,0.0040572792649025274,0.16610330322384104,-0.6908180785760412,0.034683969687995364,0.3642293609651759,1.5459934704774063,0.40056697149001413,0.8477916751962307,True
99,Pine,365,91,1.6713132368802974,-0.12074633927176541,-0.25037351076525816,0.6840884316176228,0.28659612147430136,0.152419532289013,0.18228701184128707,0.07621356114039575,1.1077056035299229,2.234920870230672,-0.4204880504570809,0.17899537191355003,-0.6088513254889019,0.1081043039583856,0.5342101129489097,0.8339667502863358,True
99,Spruce,6,1,8.500495513225163,-0.2611721795205562,-0.803151482971885,1.1039864491509537,55.041541862081324,2.1162156560473235,2.273507097460174,3.310829715261232,-228.3241448263435,245.32513585279384,-9.366513248638284,8.84416888959717,-10.585263001842454,8.978960035898686,-13.141364062776887,15.349336961078794,True
100,Alder,92,23,2.4659018894194737,0.25160773506701234,-1.40376751923834,1.0327989914523736,1.4748625447372794,0.2839092578886934,0.4783512088590806,0.12117513171705598,-0.46507749775602836,5.396881276594976,-0.31260225566692673,0.8158177258009514,-2.3543900284337287,-0.4531450100429515,0.7919888803214864,1.273609102583261,True
100,Aspen,53,13,1.35210217803144,0.5432083074761836,-1.0507910736683936,0.806012006786201,0.8271777245934321,0.32580622968480966,0.46807306356107764,0.1615233630575341,-0.31017369401643125,3.014378050079311,-0.11152382380085124,1.1979404387532187,-1.9914191113679558,-0.11016303596883137,0.48141865616794466,1.1306053574044572,True
100,Birch,96,24,0.3452690208262857,-1.0832691832276553,1.0382139909206667,0.6621067110493726,0.40078335467803905,0.5486478644477882,0.7168252222963881,0.266505734648792,-0.45072131596153936,1.1412593576141108,-2.172931199631866,0.006392833176555257,-0.3854627747276418,2.461890756568975,0.13280331807439805,1.1914101040243472,True
100,Oak,71,18,0.05238828717279418,-0.4274654284177905,1.0465755182734175,0.7759208151971562,0.02583089246258289,0.19486546580130112,0.3061600154513791,0.14498739385596532,0.0008296100255496749,0.10394696432003869,-0.8164185260682182,-0.03851233076736282,0.43547756976395113,1.6576734667828839,0.4865247658322935,1.0653168645620188,True
100,Pine,365,91,1.8499007561095877,-0.03169704276864071,-0.34656696967593154,0.658216513242567,0.3267056707625174,0.15380885450953338,0.18647670832030414,0.07865261708171631,1.2074154044119023,2.492386107807273,-0.33417093541070625,0.2707768498734248,-0.7132840616963092,0.02015012234444613,0.503541651830619,0.812891374654515,True
100,Spruce,6,1,0.1429908208162557,-2.267172891599102,0.1548063444126076,3.2286584037390518,0.9467826041171785,2.5606829000289095,2.221834888481433,3.402777989708705,-3.9306859352173444,4.216667576849856,-13.284902161294722,8.750556378096517,-9.404977603446154,9.71459029227137,-11.412313602231059,17.869630409709163,True
101,Alder,92,23,1.543103842479928,0.030047912254796926,-0.9762644494321757,0.9894415008798084,0.8998770425981062,0.3003323766931987,0.501042463382461,0.1353561416442628,-0.24521268386953454,3.3314203688293906,-0.5667995760282536,0.6268954005378475,-1.9719810587621824,0.019452159897831,0.7204496124475128,1.258433389312104,True
101,Aspen,53,13,0.994527084671972,0.4167904641848097,-0.7330220858568541,0.7299231767080481,0.6345548677422371,0.33859758141686513,0.49005919388550356,0.1492066882983906,-0.2806586641426474,2.2697128334865915,-0.26364685078237415,1.0972277791519935,-1.717832906616679,0.2517887349029707,0.43008111068954125,1.029765242726555,True
101,Birch,96,24,0.8423309699663445,-0.09961735916462547,-0.18016555024224618,0.6245916530733792,0.7423988466017655,0.4411690157706122,0.5749579223698292,0.2111804102308163,-0.6321372209897228,2.316799160922412,-0.9758171048494356,0.7765823865201847,-1.322081612683614,0.9617505121991217,0.20516912990582847,1.0440141762409298,True
101,Oak,71,18,0.07274937237760012,-0.35193436790748917,0.9550368931857859,0.6956760844300371,0.033587161940012704,0.17660467207456562,0.2889134688222275,0.11968698536209553,0.00570911655733429,0.13978962819786594,-0.7044387687282201,0.0005700329132417581,0.3783631958261928,1.531710590545379,0.45677986177919117,0.9345723070808831,True
101,Pine,365,91,1.6676880842112976,-0.036689855776436214,-0.30802917532955226,0.6615146996651378,0.2873313116291032,0.14258901001026147,0.1736572264021562,0.07690080261981226,1.1026346574528376,2.2327415109697575,-0.3170992837207096,0.2437195721678372,-0.6495360243518817,0.03347767369277721,0.5102848813956569,0.8127445179346187,True
101,Spruce,6,1,3758.450588655953,1.0210175846987302,-0.572971915234963,-2.0914896123331306,24014.519048045044,2.0081880241758525,1.8925154537637465,3.184579792034759,-99567.68534575505,107084.58652306694,-7.619518099264604,9.661553268662065,-8.715808698363679,7.569864867893753,-15.793630547466659,11.610651322800397,True
102,Alder,92,23,2.6479439861140395,0.25700737916841265,-1.3310061683574945,0.9567560598395596,1.4373308968739356,0.26909122845171723,0.4502431947933765,0.12911744318428978,-0.20844913765222683,5.504337109880305,-0.27775489184865365,0.791769650185479,-2.2257699060795773,-0.4362424306354117,0.7001622736265063,1.2133498460526129,True
102,Aspen,53,13,0.9701673410948735,0.352353100712369,-0.624164396137447,0.6931961729659698,0.5455578005274343,0.30408076450802407,0.4424578814177199,0.15263489152508705,-0.1261721052677518,2.0665067874574987,-0.25872007373028394,0.963426275155022,-1.5133167981071625,0.26498800583226845,0.3864648746352472,0.9999274712966923,True
102,Birch,96,24,0.4611785592038846,-0.6059681303270722,0.46769436050318,0.6797118212702254,0.524208214284533,0.5130528186632749,0.673977477251082,0.2670998331671337,-0.5799442024200123,1.5023013208277816,-1.6249353133474118,0.41299905269326753,-0.8708830849984355,1.8062718060047955,0.14922849735705157,1.2101951451833992,True
102,Oak,71,18,0.08555463697133713,-0.3101991550251654,0.9150294821326752,0.6434451892795956,0.037425918553290485,0.16290300687248566,0.27276922910594364,0.10852637841869811,0.010852190881898982,0.16025708306077527,-0.635354917638487,0.014956607588156257,0.3705798221161717,1.4594791421491786,0.42682563132376355,0.8600647472354277,True
102,Pine,365,91,1.7084843818765953,-0.20749080983802934,-0.16816900051494416,0.685462769671746,0.28326405106307556,0.1428906995967628,0.1724159830663091,0.07355577662197024,1.1514294552026654,2.265539308550525,-0.4884935275762461,0.07351190790018744,-0.5072348736603847,0.17089687263049635,0.5408111359793661,0.8301144033641259,True
102,Spruce,6,1,169.93139850273425,-1.5219590617648098,4.339799258049155,-3.3526709561867056,742.5213539558627,1.8377743763124095,2.9094975467650523,2.5921754216320685,-3024.8801319531335,3364.742928958602,-9.429263998571022,6.385345875041403,-8.178758303583725,16.858356819682037,-14.505901609923171,7.800559697549761,True
103,Alder,92,23,2.6916663743779843,0.3366827098814253,-1.4180427723258613,0.95944434510496,1.350842159634296,0.24398259877504422,0.4106635524716852,0.12504944193452308,0.007151441550099502,5.376181307205869,-0.14818143585938964,0.8215468556222403,-2.2341502880084043,-0.6019352566433184,0.7109348565456886,1.2079538336642315,True
103,Aspen,53,13,1.1789726364676347,0.5364899920545727,-0.9617511001665486,0.7788477586203144,0.626203239760812,0.2874490788923792,0.42040600470799266,0.1563670095306113,-0.07942988756579727,2.437375160501067,-0.04116055882316172,1.114140542932307,-1.8065885967681692,-0.11691360356492797,0.4646164883636461,1.0930790288769827,True
103,Birch,96,24,0.5346358542098965,-0.5714902710445804,0.4664770933184061,0.604722735506912,0.6070960641941673,0.5274451805593016,0.7099526485603435,0.2587145134774126,-0.6711093319610241,1.740381040380817,-1.6190419270952274,0.47606138500606665,-0.9435501476705064,1.8765043343073187,0.09089338029275418,1.11855209072107,True
103,Oak,71,18,0.050771514447967556,-0.4466615395337448,1.1426301606383822,0.7159143295116042,0.02326126563465182,0.1731113961318907,0.28293909262274786,0.10815188669117912,0.004341833916000987,0.09720119497993412,-0.792193332389981,-0.10112974667750863,0.5778813680830404,1.707378953193724,0.5000422601724134,0.931786398850795,True
103,Pine,365,91,1.8688781227039781,-0.18627960523965492,-0.1799382320289868,0.6511374982305876,0.31477010399615607,0.1507679251154554,0.18640851665307712,0.07725469328055946,1.2498647443996505,2.487891501008306,-0.4827733366354156,0.11021412615610576,-0.54652122124301,0.18664475718503637,0.4992117337747365,0.8030632626864388,True
103,Spruce,6,1,3758.4505886563843,1.021017584698773,-0.5729719152349946,-2.0914896123331737,24014.519222603067,2.0081880375173977,1.892515455920858,3.184579811189241,-99567.68609681717,107084.58727412994,-7.619518156668596,9.661553326066143,-8.715808707645012,7.569864877175023,-15.793630629881786,11.610651405215439,True
104,Alder,92,23,2.333285047418611,0.28505631012354643,-1.3560809385248616,0.9759195435098603,1.2950744752700827,0.27243435771565827,0.45552775553496533,0.12887822783141023,-0.24040333148716897,4.906973426324391,-0.25634972779657045,0.8264623480436633,-2.261346630248789,-0.45081524680093454,0.7198011475430965,1.232037939476624,True
104,Aspen,53,13,1.0948144008843292,0.34660050381678553,-0.6685044365787123,0.6943105874469281,0.6071177101600568,0.30715877211386583,0.4405373845336143,0.1574003731464054,-0.1252343154759279,2.3148631172445864,-0.27065815849026253,0.9638591661238336,-1.5537974555671452,0.21678858240972076,0.37800269525700964,1.0106184796368465,True
104,Birch,96,24,0.7279167002079553,-0.30639350464004717,0.06212773770646243,0.6181285127520781,0.7165780959792946,0.4709201179289852,0.6212725171491874,0.2236579907192232,-0.6952692512434152,2.151102651659326,-1.2416815072358172,0.6288944979557229,-1.171773107701325,1.2960285831142497,0.1739244377078461,1.0623325877963101,True
104,Oak,71,18,0.08439099095571258,-0.30898970295220696,0.9046014695893865,0.6507747916559518,0.03905061291997486,0.17820433287739554,0.2942101070011591,0.12315324958241762,0.006445641337634589,0.16233634057379057,-0.6646870400989933,0.046707634194579295,0.31735563817639656,1.4918473010023763,0.40495987666408384,0.8965897066478197,True
104,Pine,365,91,1.8155390277602976,-0.30825484250667257,-0.03981734114712421,0.6436063657007577,0.3052252317198805,0.14867966505278649,0.17709806136867184,0.07579739253371745,1.2152961856606814,2.415781869859914,-0.6006418912799105,-0.01586779373343461,-0.38809078855275037,0.30845610625850195,0.4945464663542535,0.7926662650472619,True
104,Spruce,6,1,169.93139850273158,-1.5219590617648084,4.3397992580491405,-3.3526709561866896,742.521354253171,1.8377743766747532,2.909497546763056,2.592175422370329,-3024.8801332323505,3364.7429302378137,-9.429264000130061,6.385345876600444,-8.178758303575151,16.858356819673432,-14.505901613099635,7.800559700726256,True
105,Alder,92,23,1.847412754877049,0.3330771828764476,-1.4467404960775694,1.0909520191868545,1.0492923567639123,0.2584420867141486,0.4402497389153256,0.1306663007111852,-0.2378353109646849,3.932660820718783,-0.18052215669639804,0.8466765224492933,-2.3216443402185645,-0.5718366519365745,0.8312802041085343,1.3506238342651746,True
105,Aspen,53,13,0.9957745137994404,0.33137435006791444,-0.6611817734415242,0.7347962247677456,0.5300764587507056,0.30198981233579403,0.43967065299329344,0.14952107964552505,-0.0694540114911365,2.0610030390900174,-0.2754968986674034,0.9382455988032323,-1.5447330301892896,0.22236948330624118,0.4343223656832697,1.0352700838522215,True
105,Birch,96,24,0.533918662956261,-0.8260073900193803,0.8759293262853973,0.4365627102190711,0.5866995254633256,0.5139122988392175,0.7368574338437885,0.30263101866264713,-0.6313172367281711,1.6991545626406932,-1.8466815748568504,0.1946667948180898,-0.5875331406154736,2.339391793186268,-0.16448861503179446,1.0376140354699368,True
105,Oak,71,18,0.08256836178021877,-0.32814025761594723,0.8523933233950113,0.7280831333424534,0.03897345818293396,0.18758148875424116,0.31417524617939263,0.1340412478981266,0.004777013661827048,0.16035970989861048,-0.7025544762299147,0.04627396099802028,0.22529690739298958,1.479489739397033,0.46053568275381707,0.9956305839310898,True
105,Pine,365,91,1.8439338214945926,-0.04982701276815577,-0.27150181421502934,0.6135184569236775,0.32108239177332903,0.15284245591012638,0.183922464107274,0.07742971574931781,1.2125069689366086,2.4753606740525766,-0.3504004273971797,0.25074640186086816,-0.6331958391802799,0.09019221075022116,0.46124850079177504,0.7657884130555799,True
105,Spruce,6,1,8.500495513225294,-0.26117217952055666,-0.8031514829718758,1.103986449150941,55.04154186195623,2.116215656036396,2.273507097455078,3.310829715263693,-228.32414482580515,245.32513585225576,-9.366513248591268,8.844168889550154,-10.58526300182052,8.978960035876769,-13.141364062787488,15.34933696108937,True
106,Alder,92,23,1.9970500352235119,-0.040932969000019546,-0.8884282031048472,0.8872533746375333,1.1350245216957904,0.2840432451818876,0.47858707101176773,0.12475938658515748,-0.25857269307737774,4.2526727635244015,-0.6054092313237396,0.5235432933237005,-1.839519438765768,0.06266303255607375,0.6393203101342961,1.1351864391407704,True
106,Aspen,53,13,1.1317330290592968,0.44379666206692564,-0.7688971217857274,0.692073198040239,0.6064978859595153,0.28312463858938136,0.4162688646391803,0.15258034078157542,-0.08707010393617853,2.3505361620547722,-0.12516360066346072,1.012756924797312,-1.6054207241525276,0.06762648058107268,0.3854515235328444,0.9986948725476337,True
106,Birch,96,24,0.6657019647771372,-0.6024643590780834,0.5017927361152464,0.5266841746575913,0.6800708174524817,0.4964551067978556,0.6441393860767543,0.2520842309154349,-0.6849773803230064,2.0163813098772807,-1.5884670536698162,0.3835383355136496,-0.7775236847810963,1.7811091570115893,0.026023132917296965,1.0273452163978858,True
106,Oak,71,18,0.09472893820100341,-0.3138525801611489,0.9857677303831699,0.5508275871812612,0.04444380322963113,0.1992288566680702,0.3429630541826327,0.12058748504982686,0.006018735670003231,0.18343914073200357,-0.7115150424335254,0.08380988211122753,0.3012106091126048,1.670324851653735,0.3101339596309063,0.7915212147316162,True
106,Pine,365,91,1.8750493325147404,-0.09012715874775391,-0.2853956486133715,0.6518978448883195,0.3148312866948474,0.14379443598897454,0.1759158822122364,0.07682613341903384,1.2559156349407936,2.494183030088687,-0.3729071256914619,0.1926528081959541,-0.6313442732226275,0.06055297599588444,0.5008148678646949,0.8029808219119441,True
106,Spruce,6,1,3758.4505886564616,1.0210175846987772,-0.5729719152349917,-2.0914896123331865,24014.51910764387,2.008188025000539,1.8925154521183631,3.1845798026834538,-99567.6856021876,107084.58677950052,-7.619518102812897,9.661553272210451,-8.715808691284195,7.569864860814211,-15.79363059328435,11.610651368617978,True
107,Alder,92,23,2.905448599159466,0.37133098619112465,-1.5241653388831138,0.9953201698468952,1.573535864500455,0.27926949441660043,0.4616094150373358,0.12935168548657186,-0.22162327631063983,6.032520474629571,-0.1836584496195101,0.9263204220017593,-2.4415170508974557,-0.6068136268687717,0.738260876280602,1.2523794634131884,True
107,Aspen,53,13,1.15235848535207,0.5053270893925904,-0.8484803793215461,0.7128688989387844,0.6300709744439947,0.2956457469553546,0.42767133015964826,0.1521637203223166,-0.11381654252447171,2.4185335132286117,-0.08879528265146752,1.0994494614366483,-1.7079180940404985,0.010957335397406398,0.4070844545895977,1.018653343287971,True
107,Birch,96,24,0.39667095048562395,-1.0638555287437852,1.1664129408644408,0.4605989916327643,0.42389100936278157,0.5043711607498319,0.6942280614860964,0.29082712166810204,-0.44521318308839986,1.2385550840596478,-2.065580189773785,-0.06213086771378529,-0.21238391289660297,2.5452097946254844,-0.11700877531053466,1.0382067585760633,True
107,Oak,71,18,0.05059839714601798,-0.45915586087002236,1.0797717832420557,0.7888391760983726,0.02175804941069322,0.15860134532311806,0.26238250851761247,0.09888772134259004,0.007169148754979135,0.09402764553705682,-0.7757254710946169,-0.14258625064542785,0.5560541042907877,1.6034894621933238,0.5914584581880373,0.9862198940087079,True
107,Pine,365,91,1.8546236394751157,-0.14513613455591617,-0.2493449460185459,0.6753394841364012,0.31665873341674317,0.14726178773762677,0.18086320378441625,0.07811637715255768,1.2318961636019257,2.4773511153483057,-0.43473484664871515,0.1444625775368828,-0.6050227609196166,0.10633286888252486,0.5217191691566462,0.8289597991161562,True
107,Spruce,6,1,3758.450588656132,1.0210175846987513,-0.572971915234983,-2.091489612333145,24014.519062604322,2.008188024170424,1.8925154532266215,3.1845797948667363,-99567.68540839838,107084.58658571065,-7.619518099241225,9.661553268638727,-8.715808696052639,7.569864865582672,-15.793630559651687,11.610651334985397,True
108,Alder,92,23,2.9695198361878328,0.29398793666349193,-1.3741588728223948,0.9254804600313494,1.4816390323676647,0.24788278734108352,0.4142930105943759,0.11722201281534003,0.02507360382531232,5.913966068550353,-0.19862701428554336,0.7866028876125273,-2.19747917384699,-0.5508385717977995,0.6925263420283148,1.158434578034384,True
108,Aspen,53,13,1.0647323673909947,0.41914075437081527,-0.7478814043783089,0.717160129078521,0.7138659384093059,0.3456838782092158,0.5047287776785715,0.1636867321278017,-0.3698349450663734,2.499299679848363,-0.27553700715322477,1.1138185158948553,-1.7621718574676755,0.26640904871105775,0.3882193255478836,1.0461009326091584,True
108,Birch,96,24,0.3751982718251516,-0.6316811853861963,0.44105508913951613,0.7649797323713257,0.3773172633095447,0.46020184522037183,0.5961291464783188,0.23026172686277538,-0.3741863819833818,1.124582925633685,-1.5456817732140387,0.282319402441646,-0.7429088518168288,1.6250190300958611,0.30766006733162904,1.2222993974110223,True
108,Oak,71,18,0.04501108819039086,-0.4235968763625732,1.139286522695823,0.7294858109603066,0.024059219036886705,0.2495574032160299,0.39719650388491456,0.11110877100975584,-0.003011313998559445,0.09303349037934117,-0.9217155379906282,0.07452178526548181,0.3464789827518926,1.9320940626397536,0.5077117758193503,0.9512598461012629,True
108,Pine,365,91,1.8346834738882505,0.005408753059850001,-0.3726568165836745,0.6558701993756128,0.32251544453666103,0.1488011761601335,0.18265066723121168,0.08084696332322229,1.2004384412646991,2.468928506511802,-0.2872172542425032,0.2980347603622032,-0.7318497803910399,-0.013463852776309126,0.49688003081448073,0.8148603679367448,True
108,Spruce,6,1,8.500495513225133,-0.26117217952055816,-0.8031514829718819,1.1039864491509537,55.04154186245849,2.116215656055249,2.273507097458563,3.310829715285162,-228.32414482796634,245.3251358544166,-9.366513248672389,8.844168889631272,-10.585263001835521,8.978960035891756,-13.141364062879848,15.349336961181756,True
109,Alder,92,23,3.0078870003219307,0.34334026782676114,-1.47859883705326,0.9726257094254651,1.590906976355066,0.2606319096434293,0.4299778710034272,0.12481774613549843,-0.1537063096776925,6.169480310321553,-0.17461088465921898,0.8612914203127413,-2.3330895022000546,-0.6241081719064652,0.7245766675793193,1.220674751271611,True
109,Aspen,53,13,1.0688288214521702,0.484159316693904,-0.8705472873816125,0.7647828859904864,0.5925124651801502,0.31533722230187067,0.45577433387149713,0.16240889751355178,-0.12186955626426066,2.259527199168601,-0.14953455658905357,1.1178531899768616,-1.7864601024488476,0.04536552768562263,0.4384099872577922,1.0911557847231805,True
109,Birch,96,24,0.31848550533893366,-1.1243721740779418,1.0956129155780507,0.6715455664342401,0.35492769053087253,0.5207814440179152,0.6668008249624052,0.2674887245453157,-0.38643152433149747,1.0234025350093647,-2.158689074163974,-0.0900552739919096,-0.2287110790115079,2.4199369101676096,0.1402898706760788,1.2028012621924016,True
109,Oak,71,18,0.0703638692645799,-0.41267090367529136,1.1473429111151134,0.5857932294588238,0.033286755646416505,0.17792040603543885,0.29219026156275385,0.10930305366439547,0.003923226915933858,0.13680451161322593,-0.7678015204736,-0.057540286876982705,0.5641287080710203,1.7305571141592067,0.3676234212242152,0.8039630376934325,True
109,Pine,365,91,1.6799188004847305,0.032224242907961366,-0.40319393122406916,0.6800076854168143,0.314620482399391,0.1527342825346813,0.18772702715334652,0.08205553092818758,1.0611996615916586,2.2986379393778025,-0.268136442603123,0.3325849284190458,-0.7723698466046492,-0.03401801584348907,0.5186407996688815,0.8413745711647471,True
109,Spruce,6,1,0.14299082081630893,-2.267172891598967,0.15480634441256522,3.2286584037388613,0.9467826041182442,2.5606829000300166,2.221834888481486,3.402777989711825,-3.930685935221876,4.216667576854494,-13.284902161299351,8.750556378101416,-9.404977603446424,9.714590292271554,-11.412313602244673,17.869630409722394,True
110,Alder,92,23,3.0146155542311943,0.3996596263196889,-1.5986508611003434,1.0224932028533091,1.6733531858854167,0.2863949544447605,0.48012282409449386,0.1352974894786029,-0.31082227236184146,6.34005338082423,-0.16949016398716799,0.9688094166265457,-2.5527940832974494,-0.6445076389032376,0.7536178732753799,1.2913685324312385,True
110,Aspen,53,13,1.0993909724105588,0.5222723674696119,-0.9109387491247949,0.7632190433087106,0.5806775545155186,0.2989427894801898,0.4372078349496301,0.15254411807027324,-0.06752426190059158,2.2663062067217092,-0.07847565958811686,1.1230203945273407,-1.7895407877184593,-0.03233671053113052,0.4566701610649705,1.0697679255524508,True
110,Birch,96,24,0.518097002226991,-0.6870428882721645,0.49315104844540275,0.6846655576120257,0.5849352969909108,0.5103888761030444,0.6733068593859801,0.2672310236369168,-0.6436349874284025,1.6798289918823843,-1.7007192514244864,0.3266334748801575,-0.844094492090431,1.8303965889812364,0.15392167810190127,1.2154094371221502,True
110,Oak,71,18,0.06331464623860793,-0.35380441152370556,1.028131994721215,0.6679183505831299,0.02999275693205313,0.18057861438639775,0.2946705060978683,0.11772588336370841,0.003448852841979766,0.12318043963523609,-0.7142408343972679,0.006632011349856859,0.4399672028650079,1.6162967865774223,0.4329365039041603,0.9029001972620995,True
110,Pine,365,91,1.841327608521547,-0.23946695346969213,-0.10021989608444663,0.6259771880786262,0.29933669487910514,0.14955440772292028,0.17931580850064432,0.0738154038627558,1.2526649102691443,2.42999030677395,-0.533574233638835,0.05464032669945082,-0.4528546698262098,0.2524148776573165,0.4808149825963013,0.7711393935609512,True
110,Spruce,6,1,8.500495513225268,-0.2611721795205555,-0.8031514829718795,1.1039864491509443,55.04154186141964,2.1162156560283014,2.2735070974586162,3.3108297152262476,-228.3241448234964,245.32513584994695,-9.366513248556437,8.844168889515327,-10.585263001835747,8.978960035891989,-13.14136406262637,15.349336960928259,True
111,Alder,92,23,2.34833243457327,0.26147434925219537,-1.2862796978598858,0.9550873212157787,1.3053514293927668,0.26681518283493094,0.44233675960846564,0.12695085616769428,-0.24577923110185473,4.9424441002483945,-0.2687647593787382,0.791713457883129,-2.1653310570720508,-0.4072283386477209,0.7027991714220803,1.207375471009477,True
111,Aspen,53,13,0.9041076900449022,0.47042662865785506,-0.8714588832113863,0.8306647799309992,0.5199194546282166,0.29605929752780763,0.4267939690510806,0.16674351975888504,-0.14070957127770123,1.9489249513675055,-0.12452680437590508,1.0653800616916151,-1.7291334747725409,-0.01378429165023165,0.4955811316717737,1.1657484281902246,True
111,Birch,96,24,0.533172860339261,-0.853660340890084,0.8116102818606697,0.530771063775696,0.5696600657978351,0.49480285231974624,0.65885198791327,0.25851730718951355,-0.5982212016552998,1.664566922333822,-1.8363815154707228,0.12906083369055465,-0.4969266362299273,2.120147199951267,0.017333377271551154,1.044208750279841,True
111,Oak,71,18,0.07164708463642148,-0.3471617629219957,0.9374295172938383,0.7070538737215004,0.0313387951908013,0.16720833567717377,0.2744309561879068,0.1039233956443605,0.00909458763049431,0.13419958164234866,-0.6809109977963006,-0.01341252804769083,0.3896630361396263,1.4851959984480503,0.4996219078366808,0.91448583960632,True
111,Pine,365,91,1.834196425088195,-0.1211878872358248,-0.23115140430551,0.6417413526484834,0.31870664014989075,0.1440521244026658,0.1727706176907079,0.07660872431815292,1.2074416237185743,2.4609512264578157,-0.4044746131553181,0.16209883868366848,-0.5709146866843111,0.10861187807329109,0.49108592303263954,0.7923967822643273,True
111,Spruce,6,1,8.500495513225808,-0.2611721795205385,-0.8031514829718823,1.1039864491509128,55.041541860670364,2.116215656006983,2.2735070974572538,3.3108297151862214,-228.32414482027198,245.3251358467236,-9.366513248464695,8.844168889423617,-10.585263001829889,8.978960035886123,-13.141364062454183,15.349336960756009,True
112,Alder,92,23,2.100410534975158,0.276796454165391,-1.4410540093893505,1.0965825501419006,1.0258165491834603,0.2461431789821143,0.41166911774238607,0.12287188585233132,0.06181570360678279,4.139005366343533,-0.21236139072308913,0.7659542990538711,-2.2591598747427835,-0.6229481440359175,0.8524004967148703,1.340764603568931,True
112,Aspen,53,13,0.6558513521227987,0.2931178310582112,-0.7196183746096982,0.9347937059865181,0.3960175739956657,0.29911482908735165,0.42376019585235847,0.17371527554412802,-0.13997575804688744,1.4516784622924848,-0.3079759225338755,0.8942115846502979,-1.5711963706756347,0.13195962145623807,0.5856997899419558,1.2838876220310804,True
112,Birch,96,24,0.48734409287854535,-0.48639461028595393,0.32617651729993224,0.6696425805095676,0.46704779671858404,0.45524951078990133,0.5992453226651006,0.2215136508900421,-0.4402531455464073,1.414941331303498,-1.3905594344644727,0.4177702138925649,-0.8639764185421888,1.5163294531420533,0.22969734945896547,1.1095878115601696,True
112,Oak,71,18,0.06276864234649566,-0.39728321973288266,1.001345975236506,0.7386096051227226,0.023643199909298807,0.14802922353666292,0.23975107224782957,0.09323325527715903,0.01557661781164512,0.1099606668813462,-0.6927507865519398,-0.1018156529138255,0.5228008321433157,1.479891118329696,0.5525152487165401,0.924703961528905,True
112,Pine,365,91,1.8362295549059224,-0.1559006283468995,-0.15871180711867064,0.611189796939139,0.3184576316819573,0.15192159604901795,0.18355864632243862,0.07672434389263763,1.2099644429032557,2.462494666908589,-0.4546631194913458,0.1428618627975468,-0.519690363641337,0.20226674940399578,0.46030699482987447,0.7620725990484035,True
112,Spruce,6,1,8474.873517901187,2.89434541093281,-3.3956245489574544,-1.287602078201626,69697.32539956184,3.9289125445501125,4.133821278914009,3.3446737362358387,-291408.5138650438,308358.26090084616,-14.010400873613147,19.79909169547877,-21.182021958752813,14.390772860837906,-15.67857165935975,13.103367502956498,True
113,Alder,92,23,2.017778672227477,0.260785632471954,-1.3670826913247414,1.0589187141830636,1.1210811346169813,0.2720190731200848,0.45539886847911354,0.1360537191111916,-0.21013450425027713,4.245691848705231,-0.27979511458035916,0.8013663795242671,-2.2720922471088665,-0.46207313554061646,0.7885405371208059,1.3292968912453214,True
113,Aspen,53,13,1.291156469030643,0.7384675240148141,-1.0676623524891096,0.6689959454559126,0.474539739857149,0.20690436972245435,0.2974511820764927,0.11065315299896061,0.33753315877996504,2.2447797792813207,0.322677626166737,1.1542574218628912,-1.66541288224485,-0.4699118227333692,0.4466301092789282,0.8913617816328969,True
113,Birch,96,24,0.5797591966711934,-0.31202253835984645,0.01862440270551364,0.7405173575828956,0.5361311010632994,0.45513876298464784,0.5782543311031927,0.21460272204526548,-0.485043447242569,1.6445618405849558,-1.215967407837719,0.5919223311180262,-1.1298386120162656,1.1670874174272927,0.3142978277483272,1.166736887417464,True
113,Oak,71,18,0.07055183962846286,-0.3801071882540038,1.0311974652040636,0.658648179882802,0.02788729463638574,0.1503354247473257,0.24051419926674072,0.10027206152485849,0.014888566563072088,0.12621511269385363,-0.6801779519556072,-0.08003642455240045,0.5511291142059445,1.5112658162021828,0.45850430740384596,0.858792052361758,True
113,Pine,365,91,1.7261100750909943,-0.11132401374797628,-0.23262247219568966,0.6534744836113939,0.3032654336849483,0.15145302639880406,0.18272012933521586,0.07607109433749899,1.1297212877030427,2.322498862478946,-0.4091650359267634,0.18651700843081082,-0.5919520371958553,0.12670709280447606,0.5038763340433603,0.8030726331794276,True
113,Spruce,6,1,3758.450588656331,1.0210175846987666,-0.5729719152349877,-2.09148961233317,24014.51886009932,2.008188012200873,1.8925154530197346,3.1845797686100643,-99567.6845370895,107084.58571440216,-7.619518047740389,9.661553217137921,-8.71580869516248,7.569864864692505,-15.793630446678371,11.61065122201203,True
114,Alder,92,23,1.8723415151703047,0.09602640073056116,-1.119795172136023,1.003214065112285,1.0653825573328133,0.2860085722438487,0.46805196834710106,0.12821207875783625,-0.24488244318510688,3.989565473525716,-0.4723555361444725,0.6644083376055948,-2.049950105046496,-0.18964023922555007,0.7484195004479013,1.2580086297766686,True
114,Aspen,53,13,1.2142878934376062,0.7357657681249208,-0.9849702412304007,0.6204764423080379,0.5668111112728473,0.238783456222631,0.35131099469898003,0.10882030661651865,0.07523832009398612,2.3533374667812264,0.25591244746378766,1.2156190887860538,-1.6909561167087124,-0.27898436575208885,0.40179384883467084,0.8391590357814049,True
114,Birch,96,24,0.6204944557054981,-0.2135484596413297,0.027330811623672985,0.6472194399619764,0.5543099431680967,0.43230607695392553,0.5779833526077519,0.21156840450364323,-0.4804129377706172,1.7214018491816134,-1.0721456438143435,0.645048724531684,-1.1205940164161232,1.1752556396634692,0.22702632667810874,1.067412553245844,True
114,Oak,71,18,0.06153121197095057,-0.34257315730443294,1.0168768810566409,0.6688934956087955,0.030163710435528603,0.1865692979846402,0.30621125354137557,0.12766067336871587,0.001324193953235478,0.12173822998866567,-0.7149670346864097,0.029820720077543772,0.4056766608914971,1.6280771012217845,0.414081725084344,0.923705266133247,True
114,Pine,365,91,1.7797185278568277,0.002093499944781717,-0.33844379224888604,0.6375454451386892,0.3112275423200213,0.14825480999512133,0.17808998037104967,0.07686235613161246,1.1676717993173784,2.391765256396277,-0.28945804710451173,0.2936450469940751,-0.6886679049968398,0.011780320499067687,0.48639123408298857,0.7886996561943898,True
114,Spruce,6,1,8474.873517900201,2.894345410932737,-3.3956245489573713,-1.2876020782016047,69697.32288967613,3.9289124042889734,4.13382117731033,3.3446736599131515,-291408.5030658782,308358.25010167854,-14.010400270118247,19.79909109198372,-21.182021521587384,14.39077242367264,-15.678571330969712,13.103367174566502,True
115,Alder,92,23,1.7077850637809926,0.33538976865217457,-1.242993588894206,0.9376833108793277,0.9111558758009715,0.25474727612764114,0.4218961253764364,0.15239892397822075,-0.10294577347964529,3.5185159010416305,-0.17086691128963388,0.841646448593983,-2.081423482866338,-0.4045636949220739,0.6348224738462338,1.2405441479124215,True
115,Aspen,53,13,1.1974065768876385,0.6858328458839306,-1.0264963851119753,0.6966561205441362,0.46226644077771295,0.21601318375295106,0.3126163788005484,0.10506636834132917,0.2684473845448764,2.1263657692304005,0.25173810092055193,1.1199275908473092,-1.6547225186705714,-0.39827025155337903,0.4855173484703016,0.9077948926179708,True
115,Birch,96,24,0.5750798622613092,-0.40721231033800437,0.16767978210942627,0.6861184909840837,0.49717367870251894,0.4193635899633698,0.5482611744428739,0.20403797431774184,-0.4123499781580211,1.5625097026806396,-1.2401045981917573,0.42567997751574865,-0.9212142345671221,1.2565737987859746,0.2808814620531906,1.091355519914977,True
115,Oak,71,18,0.06699413205854804,-0.28631150511961423,0.9143747880174322,0.682418465486261,0.03175624350378001,0.1761442177339055,0.2980939149635781,0.1204153587598474,0.0036084047325416063,0.1303798593845545,-0.6378968352297403,0.06527382499051188,0.319376843466024,1.5093727325688404,0.4420684034486524,0.9227685275238695,True
115,Pine,365,91,1.5921406781716394,-0.08863908271369866,-0.3006509340618394,0.7115582162643037,0.27267808404200866,0.14440713062566643,0.1722602784080308,0.07447452822600416,1.0559036599494247,2.128377696393854,-0.3726239486364159,0.19534578320901855,-0.6394106051083037,0.038108736984624914,0.565099805095234,0.8580166274333734,True
115,Spruce,6,1,8.500495513225692,-0.26117217952054406,-0.8031514829718785,1.1039864491509184,55.04154186221965,2.1162156560529994,2.273507097461645,3.310829715266903,-228.32414482693815,245.32513585338955,-9.366513248662693,8.844168889621605,-10.585263001848778,8.97896003590502,-13.141364062801323,15.349336961103159,True
116,Alder,92,23,1.959811379517736,0.13423100259842427,-1.069431236593436,0.9197633838143637,1.0209995598685864,0.2523525227912886,0.420253028972098,0.12433265655112873,-0.06921069780619016,3.9888334568416624,-0.36726660830928015,0.6357286135061286,-1.904595821734286,-0.23426665145258607,0.672678355582771,1.1668484120459566,True
116,Aspen,53,13,1.1325359024006965,0.4395377422575248,-0.8224823985682479,0.7319099890927094,0.6015294528484411,0.3053931853596064,0.44092565023004254,0.1500748796205277,-0.07628279044743125,2.3413545952488244,-0.1741728406291601,1.0532483251442097,-1.7085556666856498,0.06359086954915405,0.4303232272921454,1.0334967508932735,True
116,Birch,96,24,0.5350719016044333,-0.6460860993405562,0.5002146060165698,0.6309830093208488,0.6307705455705066,0.547828885028056,0.7483640460483171,0.2747147211132788,-0.7176928480889492,1.7878366512978157,-1.734121551925372,0.44194935324425977,-0.9861009859381782,1.9865301979713177,0.08537586065272007,1.1765901579889775,True
116,Oak,71,18,0.10164169285444831,-0.3330147261407543,0.9749705970292731,0.5591092216825492,0.047959215668955904,0.19839148285100794,0.3478310467828899,0.12499412894570079,0.0059146977267114376,0.19736868798218518,-0.7290057832788324,0.06297633099732386,0.2806969218612613,1.669244272197285,0.3096198961028153,0.808598547262283,True
116,Pine,365,91,1.8434042849508683,-0.1880395314931786,-0.17004903247709105,0.6458164496288968,0.32183777442201494,0.14956813481241688,0.17930225881092432,0.07716356255789483,1.2104919292928782,2.476316640608858,-0.4821738067674338,0.10609474378107664,-0.5226571599805295,0.18255909502634746,0.49406989894140485,0.7975630003163888,True
116,Spruce,6,1,7.700199476929005,-0.3948532177669421,-0.4767427808565086,0.9833301310710395,66.24713200077522,2.600185199627099,2.4155679096475016,4.252262476151239,-277.3382038607471,292.73860281460514,-11.582547164657987,10.792840729124103,-10.870092641067734,9.916607079354717,-17.312678619325567,19.279338881467645,True
117,Alder,92,23,2.739685966556199,0.34217312003968736,-1.4574534611794336,0.9846169849642631,1.411883439433302,0.25250282926166423,0.41895122275491675,0.12278497349453725,-0.06613568295257366,5.545507616064971,-0.15962319339321307,0.8439694334725878,-2.290030980018905,-0.6248759423399621,0.7406076515850055,1.2286263183435207,True
117,Aspen,53,13,0.8280963554015858,0.4650081553235096,-0.9319944997394729,0.9175849883091142,0.5284449422258419,0.3085789414211816,0.45101823111971984,0.17681587150761538,-0.23385351468165794,1.8900462254848294,-0.15510444405605117,1.0851207547030703,-1.8383495684914941,-0.025639430987451695,0.5622601913959848,1.2729097852222435,True
117,Birch,96,24,0.37089192443907704,-0.8893396534174205,0.8469745820798752,0.6346193916370467,0.4384692120895948,0.5402546213027345,0.722990620627665,0.27573033690882365,-0.49994577809641016,1.2417296269745641,-1.962331964456396,0.18365265762155492,-0.5889471968327357,2.282896360992486,0.08699514233410699,1.1822436409399866,True
117,Oak,71,18,0.10104590587637959,-0.24086722673121236,0.9042016240822931,0.5369598465682671,0.047305551960352195,0.20882393190836127,0.32124874363565226,0.12230003234854131,0.006623628971738876,0.1954681827810203,-0.657681539340711,0.17594708587828634,0.2629864480654005,1.5454168000991857,0.2928479603030147,0.7810717328335195,True
117,Pine,365,91,1.8916830191207508,-0.17057201530662713,-0.22422566718431247,0.6692870664619934,0.32622686267708206,0.15175440775625104,0.1803661866870472,0.07727618761251008,1.2501392708560533,2.5332267673854485,-0.46900572112932687,0.1278616905160726,-0.5789260695909578,0.13047473522233288,0.5173190321753476,0.8212551007486393,True
117,Spruce,6,1,169.93139850273457,-1.521959061764812,4.339799258049162,-3.352670956186711,742.5213538940603,1.8377743763153997,2.9094975468148836,2.592175421364086,-3024.880131687219,3364.7429286926886,-9.429263998583892,6.385345875054267,-8.178758303798125,16.85835681989645,-14.505901608770142,7.8005596963967205,True
118,Alder,92,23,1.92631592337199,0.12365762688379704,-1.1373515806198893,0.9856223928255451,1.2357307230639034,0.31489874368231136,0.5182602463533093,0.12778416462726772,-0.5294392182333973,4.382071064977377,-0.5021374548841284,0.7494527086517224,-2.1672849155427256,-0.10741824569705294,0.7316782175758584,1.2395665680752317,True
118,Aspen,53,13,1.7814512769840511,0.734052886424845,-1.2092486921177097,0.7008415875451833,1.0870824365091167,0.3295607946811565,0.4794826379015024,0.1548478948836337,-0.40312266814278863,3.9660252221108907,0.07177567430495924,1.396330098544731,-2.1728051278779748,-0.24569225635744463,0.38966309246544156,1.012020082624925,True
118,Birch,96,24,0.7257917617711244,-0.3131384220673772,0.11623400855862641,0.5939410020838234,0.6207371795046328,0.41216518932078244,0.5404048725015936,0.20981371182942676,-0.5070458568658643,1.9586293804081132,-1.131734064900955,0.5054572207662008,-0.9570567143305087,1.1895247314477615,0.17723285991067145,1.0106491442569754,True
118,Oak,71,18,0.06799964342018464,-0.3896750935619817,0.988709767155847,0.7187878033110527,0.030302139839644734,0.1675739314428104,0.2714671261233398,0.11410257660424876,0.007516319155410997,0.12848296768495826,-0.7241540606386936,-0.05519612648526989,0.4468591155704221,1.5305604187412718,0.4910381071931609,0.9465374994289446,True
118,Pine,365,91,1.860585558059245,-0.16248275686524571,-0.1406862298903297,0.6042713975914217,0.31822026965035294,0.1547279287431903,0.1860849550005538,0.07629074116104265,1.2347872320416489,2.486383884076841,-0.4667640614535721,0.14179854772308065,-0.5066329166440002,0.2252604568633409,0.4542413000062496,0.7543014951765937,True
118,Spruce,6,1,7.700199476929095,-0.3948532177669348,-0.47674278085651844,0.9833301310710386,66.24713200191738,2.600185199647706,2.415567909640863,4.25226247623628,-277.3382038656614,292.73860281951954,-11.582547164746645,10.792840729212775,-10.87009264103918,9.916607079326143,-17.312678619691464,19.279338881833542,True
119,Alder,92,23,1.7583601798548716,0.0887430236579362,-1.0928779315662134,1.0086662893774356,0.9859329621815464,0.28099133260333203,0.46318877539415043,0.1287670887130055,-0.20097440329148775,3.717694763001231,-0.46966820373006957,0.6471542510459419,-2.013368290410569,-0.17238757272185745,0.7527687590542638,1.2645638197006075,True
119,Aspen,53,13,1.1993252364766596,0.48874996411457583,-0.8500960429170719,0.7069424348579703,0.6509812337505939,0.3096454961049167,0.4477144774574788,0.1523492836697163,-0.10887053070437513,2.5075210036576943,-0.13350595714646318,1.1110058853756148,-1.7498119701198784,0.04961988428573472,0.4007850870009303,1.01309978271501,True
119,Birch,96,24,0.39575792202642024,-0.8143009648505216,0.8317616470181562,0.5820100368436917,0.47907753959287047,0.5543048371457475,0.7787992821574607,0.2703238734373482,-0.555731424117593,1.3472472681704335,-1.915198217325515,0.286596287624472,-0.7150009509261389,2.3785242449624513,0.04512349066454535,1.118896583022838,True
119,Oak,71,18,0.07347226708896844,-0.3608067135887194,0.954632308165114,0.697118377228079,0.03513033437836018,0.1891842252501813,0.30959113273694744,0.12505237292535323,0.0033518261900594565,0.14359270798787743,-0.7384200076378846,0.016806580460445864,0.33668582089001253,1.5725787954402155,0.4475127961783872,0.9467239582777709,True
119,Pine,365,91,1.9123452694205711,-0.024623806986898828,-0.4266647884590156,0.7088540551335898,0.3150603799692103,0.15157837282102643,0.18620707298674224,0.0781010359596055,1.2927610468446948,2.5319294919964475,-0.3227113300604443,0.27346371608664666,-0.7928516272036871,-0.06047794971434417,0.5552639094855343,0.8624442007816453,True
119,Spruce,6,1,8.500495513225362,-0.26117217952054356,-0.8031514829718998,1.1039864491509492,55.041541862079015,2.116215656047455,2.2735070974598734,3.3108297152611956,-228.32414482633337,245.3251358527841,-9.366513248638839,8.84416888959775,-10.585263001841177,8.978960035897376,-13.141364062776734,15.349336961078631,True
120,Alder,92,23,1.740560284844221,0.04252488356758829,-0.9549034611887499,0.929972418172626,0.9495706772917201,0.2802794745573373,0.4612857053758511,0.13096192560665104,-0.14651189807848297,3.627632467766925,-0.5144716755404136,0.5995214426755903,-1.8716118682736755,-0.03819505410382429,0.6697131107357548,1.1902317256094972,True
120,Aspen,53,13,1.5189287153241924,0.6130510494608525,-1.0440964793244965,0.709487610217663,0.8797677211528839,0.3069790265831775,0.4513517061625231,0.14528210053538473,-0.24903071153026524,3.28688814217865,-0.0038464006787395366,1.2299484996004446,-1.9511216912647358,-0.13707126738425712,0.4175322985836332,1.001442921851693,True
120,Birch,96,24,0.8421460128409107,0.034965074864980156,-0.34458771254396986,0.6355607822068596,0.47814800199721624,0.28430416959538246,0.3691565650182382,0.14608571836774342,-0.10749719140328207,1.7917892170851035,-0.5296875462205625,0.5996176959505227,-1.0777645151393729,0.3885890900514332,0.34542193585470804,0.9256996285590112,True
120,Oak,71,18,0.08296443419709414,-0.39553243672835886,1.077775559036682,0.5884863237318062,0.0403013205577094,0.20160122858057522,0.3477882993145433,0.11018804205456094,0.0025226616856547646,0.1634062067085335,-0.7979301731569504,0.0068652997002325855,0.3835872081726034,1.7719639099007605,0.3685500712772119,0.8084225761864006,True
120,Pine,365,91,1.7375057949505484,-0.21880407189368065,-0.13869966242390946,0.6634153115942982,0.2966301530942596,0.15460445236253442,0.18893948622328782,0.07825093620149853,1.1541656656222246,2.3208459242788724,-0.5228425531307413,0.08523440934338009,-0.5102599477793117,0.23286062293149284,0.509530378563436,0.8173002446251605,True
120,Spruce,6,1,0.14299082081629377,-2.2671728915990026,0.1548063444125722,3.2286584037389177,0.9467826041163545,2.5606829000257956,2.2218348884804873,3.4027779897058332,-3.9306859352137606,4.216667576846348,-13.284902161281225,8.75055637808322,-9.40497760344212,9.714590292267264,-11.412313602218836,17.869630409696672,True
121,Alder,92,23,1.7162042878198962,0.2882854431975177,-1.3210811186130886,1.047624182890239,1.0058834170079978,0.2717777572911395,0.45713208449413933,0.13896346269435875,-0.282777632001842,3.7151862076416347,-0.25181573935370916,0.8283866257487446,-2.229535077017437,-0.4126271602087399,0.7714635018958957,1.3237848638845824,True
121,Aspen,53,13,1.2491849809338402,0.5001242828545894,-0.8787044556142134,0.7189802640669978,0.6457353595057214,0.2918710109433949,0.42774925232668826,0.14912236424176653,-0.04846880726760472,2.5468387691352854,-0.08641247317313427,1.0866610388823132,-1.738298760790473,-0.019110150437953832,0.41930765358457694,1.0186528745494186,True
121,Birch,96,24,0.4725546621945357,-0.794670141593906,0.7209689810046243,0.591599435866116,0.554299722116503,0.5381052791465958,0.7210784431149918,0.2771743101699489,-0.6283324313908646,1.5734417557799358,-1.863393673586128,0.2740533903983161,-0.7111550483144848,2.153093010323733,0.04110733102721198,1.14209154070502,True
121,Oak,71,18,0.08540643247225754,-0.39515622564869923,1.126326102821831,0.5354086268762539,0.040300357064610284,0.2103396405705853,0.3558962451089309,0.11152864185821357,0.004966583101093047,0.16584628184342204,-0.8149959054102656,0.024683454112867154,0.4159542244181704,1.8366979812254915,0.3127965260141643,0.7580207277383435,True
121,Pine,365,91,1.7919262497010289,-0.11099544522098011,-0.25160833965438784,0.653651743180226,0.31409274096172995,0.14979282621818837,0.1802558808135294,0.07878517017775824,1.1742449444714798,2.409607554930578,-0.405571588971297,0.18358069852933684,-0.606091819263899,0.10287513995512332,0.4987162085380572,0.8085872778223948,True
121,Spruce,6,1,86.10236162100956,0.13661530863514826,-0.5089074323316837,-0.1981407388820379,838.7583408997838,2.992630185372245,2.6350189470267678,4.611780103231123,-3522.783503406852,3694.988226648871,-12.739633127427812,13.012863744698109,-11.84647889755746,10.828664032894093,-20.041028988807785,19.644747511043708,True
122,Alder,92,23,1.9818223125670522,0.16902209554509112,-1.1738258826186323,0.9831268668825017,1.0968941098785945,0.26606427139744515,0.4421518131914874,0.12333537847353354,-0.19802423478768527,4.1616688599217895,-0.3597247343967411,0.6977689254869233,-2.0525096996907997,-0.29514206554646505,0.7380237192669322,1.2282300144980713,True
122,Aspen,53,13,1.0342711324373874,0.4655441162664448,-0.8448201530788185,0.763790720637546,0.5919653214348429,0.3138497452739789,0.45312005433781766,0.16207360272003088,-0.15532771875732365,2.2238699836320985,-0.1651605600154628,1.0962487925483524,-1.7553989937227525,0.06575868756511538,0.43809162201904983,1.0894898192560423,True
122,Birch,96,24,0.3474627913943669,-0.8124156071665586,0.7640753750680134,0.676828911168347,0.4103185402261124,0.551561462446125,0.7057667186033654,0.2798464489039044,-0.4674652469400768,1.1623908297288106,-1.907864280688362,0.28303306635524483,-0.6376382477096292,2.165788997845656,0.1210297081529389,1.232628114183755,True
122,Oak,71,18,0.113161999556542,-0.2333744178317254,0.8801867357130267,0.5145818251017391,0.047870451490380855,0.16504629513930869,0.26682172827932865,0.10431538298809166,0.01761217847077913,0.20871182064230487,-0.5628082017307101,0.09605936606725934,0.3476083370320191,1.4127651343940344,0.3063674492041599,0.7227962009993183,True
122,Pine,365,91,1.7150534431968776,-0.07568869899311596,-0.26389867915369586,0.6487515080257908,0.29971698051704304,0.14585024699287252,0.1757981499524098,0.07664444602888264,1.1256428915286896,2.3044639948650656,-0.3625115356329043,0.21113413764667233,-0.6096157765532028,0.08181841824581104,0.4980258296266067,0.799477186424975,True
122,Spruce,6,1,0.142990820816324,-2.2671728915989218,0.15480634441253965,3.2286584037388137,0.9467826041149664,2.5606829000224915,2.2218348884805916,3.40277798970023,-3.9306859352077574,4.216667576840406,-13.284902161266928,8.750556378069085,-9.404977603442601,9.714590292267681,-11.412313602194832,17.86963040967246,True
123,Alder,92,23,2.6595543246412294,0.10616837878912187,-1.1687749449821487,0.9347572534654995,1.3758144314046483,0.25050414663602416,0.4138189726656335,0.12226461657702233,-0.07458775077768554,5.393696400060144,-0.3916559729188299,0.6039927304970737,-1.991153195235409,-0.3463966947288887,0.6917820201145142,1.177732486816485,True
123,Aspen,53,13,1.1955036478138528,0.7501123754721668,-1.105219037943515,0.7129714574383278,0.46316014285618706,0.2140175634034203,0.30369615878988415,0.11151970989164146,0.26474849390481814,2.126258801722887,0.3200279797459164,1.1801967711984171,-1.7155193182589357,-0.49491875762809423,0.4888642099882484,0.9370787048884072,True
123,Birch,96,24,0.8100605444045641,0.2988359815735162,-0.5652777132630591,0.659007080996221,0.4354965677535478,0.2778920671240495,0.35756743910760425,0.14585277779291403,-0.054873229889937924,1.6749943186990661,-0.25308165053082354,0.850753613677856,-1.2754375114619283,0.14488208493581012,0.3693308747324008,0.9486832872600411,True
123,Oak,71,18,0.08756045080859756,-0.3325653847393986,0.974626362203337,0.6052423796123165,0.04051656743879041,0.17245226391954266,0.2872694459250114,0.1080740325181331,0.006689043724342605,0.16843185789285253,-0.6767815441933809,0.0116507747145837,0.40123414828079607,1.548018576125878,0.3895257078529213,0.8209590513717118,True
123,Pine,365,91,1.7943108262597995,-0.13467119687480375,-0.2200968266268322,0.6498124262379845,0.32216358167250997,0.1481676312306905,0.17774439099336856,0.07741375428109888,1.1607577520448547,2.4278639004747444,-0.4260513019072042,0.15670890815759667,-0.5696413181354477,0.12944766488178336,0.49757385924450237,0.8020509932314667,True
123,Spruce,6,1,8474.873517900387,2.8943454109327655,-3.3956245489574157,-1.2876020782015947,69697.32303192186,3.928912427600122,4.13382120630447,3.3446736493006077,-291408.50367791194,308358.25071371277,-14.010400370417994,19.799091192283523,-21.182021646339138,14.390772548424307,-15.67857128530761,13.103367128904422,True
124,Alder,92,23,2.592493868267488,0.22982088602796905,-1.3406712183477125,0.9880810163484648,1.3020962987954583,0.2565617856348515,0.42505059555422386,0.11977032563248094,0.004851090637095989,5.18013664589788,-0.2800417502671584,0.7396835223230964,-2.185369958933074,-0.4959724777623511,0.7500626621115066,1.2260993705854228,True
124,Aspen,53,13,1.164920971002386,0.5137675642889653,-0.846531284659139,0.697705253785857,0.6531724887370108,0.30287872674372746,0.430171198399788,0.15859803229784852,-0.1476782879375882,2.4775202299423604,-0.09489002482846298,1.1224251534063936,-1.7109926726895621,0.0179301033712842,0.3789905754226773,1.0164199321490368,True
124,Birch,96,24,0.4958268040917303,-0.8892473767036332,0.8004193840168313,0.5827344238199149,0.530958017660774,0.512872664096105,0.6785429372271186,0.2631543882918912,-0.5587016496598293,1.55035525784329,-1.9078567572031804,0.12936200379591412,-0.5472254590737783,2.148064227107441,0.060087093987745144,1.1053817536520847,True
124,Oak,71,18,0.07165530900293682,-0.3917782685363668,1.0315045568047738,0.6689674150946792,0.03793915840917525,0.20920151888558589,0.3722499432330812,0.12484969873658025,-0.004071568126466044,0.14738218613233967,-0.809346247906777,0.025789710834043356,0.28849056032610143,1.7745185532834462,0.41976637341892353,0.9181684567704348,True
124,Pine,365,91,1.8372961505047671,-0.07902933175676286,-0.29436380830135045,0.6552203895302677,0.32513105927564534,0.14991935225007882,0.17899236237805724,0.07805738597231224,1.197907362183435,2.476684938826099,-0.37385429617158894,0.21579563265806323,-0.6463625067789758,0.05763489017627482,0.501716084074004,0.8087246949865314,True
124,Spruce,6,1,86.10236162101178,0.1366153086351494,-0.5089074323316735,-0.19814073888205608,838.7583407694184,2.9926301850603094,2.6350189470338314,4.611780102489378,-3522.783502845933,3694.9882260879567,-12.73963312608566,13.012863743355961,-11.846478897587842,10.828664032924495,-20.041028985616332,19.64474750785222,True
125,Alder,92,23,1.7514502692640979,0.29407503965055387,-1.2800039697245562,1.0007865138650147,0.9805808757616493,0.2688536832513555,0.4464438468112679,0.13730511265900797,-0.19724816678429957,3.700148705312495,-0.24021516019739436,0.8283652394985022,-2.167217301708828,-0.39279063774028444,0.7279214550882663,1.273651572641763,True
125,Aspen,53,13,1.2243523327650108,0.6818834504052722,-1.0593256984905597,0.7216009158714501,0.5567620122154838,0.23922814931070435,0.3466698970688285,0.11720165407411562,0.10549718004252728,2.3432074854874942,0.20113648552622437,1.16263041528432,-1.7559849390982198,-0.36266645788289953,0.48607537409352014,0.9571264576493801,True
125,Birch,96,24,0.47028650173063813,-0.3548074885477822,0.20607988087914964,0.6934313420106065,0.4366886307446117,0.45359451508916243,0.5851352796819466,0.21445668787471425,-0.3970148125593598,1.337587816020636,-1.2556853484104507,0.5460703713148862,-0.956049291662537,1.3682090534208364,0.26750184864397725,1.1193608353772357,True
125,Oak,71,18,0.09251905847894157,-0.2895808614248394,0.8448966440385439,0.6613595935131877,0.04472292171439672,0.1895720612152437,0.31543819180387545,0.12110011534072905,0.0032517331205863947,0.18178638383729673,-0.6679682793002606,0.08880655645058183,0.2152793780193748,1.4745139100577132,0.41964275161966563,0.9030764354067098,True
125,Pine,365,91,1.7976236913205386,-0.09347470150083725,-0.24789958489491723,0.6410635296951297,0.305745766762581,0.14667991768630073,0.17608012810883775,0.07614917003386631,1.19635718734447,2.398890195296607,-0.38192913292138453,0.19497972991971002,-0.5941712084358922,0.09837203864605773,0.4913118398132027,0.7908152195770567,True
125,Spruce,6,1,8.500495513225447,-0.26117217952054245,-0.8031514829718961,1.103986449150942,55.041541862556095,2.1162156560674745,2.2735070974637486,3.310829715277854,-228.324144828386,245.3251358548369,-9.366513248724974,8.844168889683889,-10.585263001857847,8.978960035914053,-13.141364062848417,15.3493369611503,True
126,Alder,92,23,2.062188605134239,0.1783924274876227,-0.9780649813813588,0.7940366024165578,1.1218471883002743,0.24141480099061513,0.4347820706270204,0.13572321824388323,-0.16724694206423996,4.291624152332718,-0.30136875974126043,0.6581536147165058,-1.842102983748746,-0.11402697901397163,0.5243152263782198,1.0637579784548958,True
126,Aspen,53,13,0.8465470137096587,0.5042494324222481,-0.9645926634018614,0.8992520787580704,0.4829226579396774,0.2949101689248147,0.4235064134871187,0.17136007035879133,-0.12392240113455133,1.8170164285538686,-0.0883947402266606,1.0968936050711569,-1.8156606647109919,-0.11352466209273104,0.5548911247323192,1.2436130327838217,True
126,Birch,96,24,0.33971291107454576,-0.9647636649310516,0.8638075485005705,0.72202785359675,0.3878345684995133,0.5239891877874772,0.6851542240899764,0.264786143862308,-0.4305600186629834,1.1099858408120749,-2.005451421026096,0.0759240911639929,-0.4969678809658,2.224582977966941,0.19613971635356675,1.2479159908399333,True
126,Oak,71,18,0.07824382176361296,-0.39929051271522886,1.109694668964053,0.5826552771796322,0.037110341176585224,0.1972975933948988,0.3385343522703925,0.1105219263274999,0.004171270754419906,0.15231637277280602,-0.7930981573605329,-0.005482868069924762,0.43397727370780703,1.7854120642202989,0.36205258892697406,0.8032579654322902,True
126,Pine,365,91,1.7671215387071035,-0.11137918806683597,-0.196946357346339,0.612212965878786,0.30827174807002683,0.14690531848444832,0.1787578332073576,0.07820029018732562,1.16088754829314,2.373355529121067,-0.4002768830240485,0.1775185068903766,-0.5484838408215781,0.15459112612890005,0.45842763112594576,0.7659983006316263,True
126,Spruce,6,1,0.14299082081624037,-2.2671728915991496,0.1548063444126382,3.2286584037390975,0.9467826041173776,2.5606829000299025,2.221834888481911,3.4027779897092723,-3.9306859352182157,4.216667576850696,-13.284902161299044,8.750556378100743,-9.40497760344818,9.714590292273455,-11.412313602233453,17.869630409711647,True
127,Alder,92,23,1.9148953360563217,0.15180157499431912,-1.159743886788829,0.9890036875917696,1.1540799154069952,0.291409547864935,0.4813719662995959,0.13127465621963816,-0.37859598303721254,4.208386655149856,-0.4273136659926996,0.7309168159813378,-2.116369516629867,-0.20311825694779106,0.7281228937772868,1.2498844814062524,True
127,Aspen,53,13,1.3489529772643973,0.8024932779145527,-1.1307548165512917,0.6635399599094188,0.481193020982042,0.1953774664228608,0.2817844556363201,0.10106263428510087,0.3819593980194751,2.31594655650932,0.40986755949812215,1.1951189963309834,-1.6970218808059834,-0.5644877522966001,0.4604469926510316,0.866632927167806,True
127,Birch,96,24,0.3251468560369684,-1.0568200141151056,1.025693459678357,0.66846990008843,0.3497657603696758,0.5166376118615981,0.660807426597139,0.25722543393221836,-0.36951813477125256,1.0198118468451893,-2.0829069058557343,-0.030733122374476896,-0.286727128425909,2.3381140477826228,0.15759798538383418,1.179341814793026,True
127,Oak,71,18,0.07993805002091099,-0.2931004676173692,0.9216286246768567,0.6356357745770544,0.039537391834450056,0.18629607765841152,0.3023707254851435,0.12678063700373113,0.001021085622977147,0.15885501441884484,-0.6649489949457039,0.07874805971096555,0.3180941305958207,1.5251631187578927,0.3825805639889585,0.8886909851651503,True
127,Pine,365,91,1.936161696600148,-0.11199222523099277,-0.2806876261376039,0.6591388891779584,0.3154690539001615,0.1470496328103875,0.17663160022714905,0.0749038689699821,1.3157737934097173,2.5565495997905785,-0.40117372254841427,0.1771892720864287,-0.628043751080277,0.06666849880506925,0.5118361549267426,0.8064416234291741,True
127,Spruce,6,1,3758.4505886564084,1.021017584698768,-0.5729719152349796,-2.091489612333185,24014.519029471245,2.0081880239696983,1.8925154543840266,3.184579788427758,-99567.68526583798,107084.58644315081,-7.619518098377556,9.661553267775092,-8.715808701032547,7.569864870562587,-15.793630531947041,11.61065130728067,True
128,Alder,92,23,2.0621007839971073,0.03095837373017577,-0.9956086367963405,0.912917953618836,1.0895727166802731,0.27164905127673783,0.45222953502353197,0.12219768736392407,-0.10319603285816203,4.227397600852377,-0.5088870326630879,0.5708037801234394,-1.8943198083259176,-0.09689746526676324,0.6700757280147018,1.1557601792229701,True
128,Aspen,53,13,2.501679619867221,0.9127908205009465,-1.4647143446403401,0.6736481670655382,2.064156787181066,0.40669015805189973,0.6133951152405487,0.1599318800932905,-1.6463987452040998,6.6497579849385415,0.09551634969567213,1.7300652913062209,-2.6973779788037833,-0.23205071047689718,0.3522530212025388,0.9950433129285376,True
128,Birch,96,24,0.49676018063034666,-0.5116394490984981,0.32251808866016346,0.6821898768755351,0.48376604575431154,0.4399017446931788,0.5771940150681244,0.23052333284855503,-0.46404094344784574,1.457561304708539,-1.3853222850365499,0.3620433868395536,-0.8238390468927228,1.4688752242130498,0.224350639767049,1.1400291139840213,True
128,Oak,71,18,0.07600033168519787,-0.3272468480038378,1.0891345529036052,0.5324772004529622,0.03500092754139312,0.18844608691651113,0.32174985570339404,0.11498651888286947,0.006138187913943133,0.14586247545645262,-0.703386811772571,0.04889311576489547,0.44691915301319707,1.7313499527940133,0.3029631481624673,0.7619912527434571,True
128,Pine,365,91,2.101510260445157,-0.17051473709552184,-0.16713708833770421,0.5914725436612321,0.3461468821440483,0.14792766587653508,0.1768143725561004,0.07518967090770196,1.4207926567552147,2.7822278641350997,-0.4614229365604432,0.12039346236939952,-0.5148526454989025,0.18057846882349413,0.44360776358435544,0.7393373237381089,True
128,Spruce,6,1,7.700199476929463,-0.39485321776692894,-0.4767427808565075,0.9833301310710088,66.2471320015975,2.6001851996427057,2.415567909643479,4.252262476210584,-277.33820386428465,292.7386028181436,-11.582547164725124,10.792840729191266,-10.870092641050427,9.91660707933741,-17.312678619580936,19.27933888172295,True
129,Alder,92,23,1.3960093149727413,-0.0415884135287374,-0.8333772033763063,0.9565976500202488,0.7411174122194916,0.27264600737546296,0.45629405310514215,0.12216350105090586,-0.07680580698095785,2.8688244369264404,-0.5834150606726791,0.5002382336152043,-1.7401657504948904,0.07341134374227787,0.7138233625294916,1.199371937511006,True
129,Aspen,53,13,1.0794561419722208,0.47788662745268,-0.8502453744634978,0.7452663153630786,0.5927846069948128,0.31132782248092156,0.438242827153079,0.15322622983811265,-0.1117891251959433,2.270701409140385,-0.14775005523434775,1.1035233101397077,-1.7309273077598348,0.030436558832839355,0.437346678201734,1.0531859525244234,True
129,Birch,96,24,0.7904576066225566,0.24670576970841346,-0.6053410880624528,0.7305156878205203,0.4722026122002124,0.30836834184016365,0.3951639697429308,0.14184158595138605,-0.147377540296866,1.7282927535419792,-0.36574037460124426,0.8591519140180712,-1.3901708413209781,0.17948866519607243,0.44880605478782487,1.012225320853216,True
129,Oak,71,18,0.068803037793682,-0.40665926999946933,1.1048054863649088,0.6248057672715235,0.02796543159801991,0.15744043402418056,0.2557461868012237,0.0995108648220812,0.012983802700111277,0.12462227288725274,-0.7209116915731022,-0.09240684842583646,0.5943339609995524,1.6152770117302653,0.4261812497703674,0.8234302847726795,True
129,Pine,365,91,1.9154119820261086,-0.16207255559560818,-0.19975125217116818,0.6353470527456728,0.3144293086920635,0.14655614361688546,0.17693581951319354,0.07646741761968542,1.2970687971417352,2.533755166910482,-0.4502835782429508,0.12613846705173443,-0.5477056417063455,0.14820313736400909,0.48496951081892303,0.7857245946724226,True
129,Spruce,6,1,8.50049551322551,-0.2611721795205484,-0.8031514829718792,1.1039864491509292,55.04154186149704,2.11621565603099,2.273507097458716,3.310829715229653,-228.3241448238292,245.3251358502802,-9.366513248567998,8.844168889526902,-10.585263001836177,8.978960035892419,-13.141364062641037,15.349336960942894,True
130,Alder,92,23,1.778692831074433,0.07278883064215497,-1.0982759746292279,1.0148423168498812,0.9892402123653956,0.2743848049179703,0.4496342310175028,0.12442918136393216,-0.18721421684275086,3.744599878991617,-0.4724933112350049,0.6180709725193148,-1.9918295248114677,-0.20472242444698818,0.7675654658360995,1.262119167863663,True
130,Aspen,53,13,0.8171036858455513,0.3990366304556013,-0.7531615135666742,0.8216231644152207,0.46891189798836047,0.2936169566804101,0.42908417255328424,0.16420025233765376,-0.12521005274713004,1.7594174244382326,-0.1910087348905995,0.989081995801802,-1.6154384413738438,0.10911541424049565,0.4916504033870991,1.1515959254433423,True
130,Birch,96,24,0.3593458837098029,-0.8954405398554285,0.81184857846483,0.6865114929513981,0.42388526899767354,0.538848727966903,0.7171635202120195,0.2667777239260714,-0.4825268490036255,1.2012186164232315,-1.965640625377016,0.17475954566615914,-0.6125000760447669,2.236197232974427,0.15666790579446166,1.2163550801083347,True
130,Oak,71,18,0.07466345334121732,-0.36342300459709453,0.96530550638722,0.6891415763673158,0.03469395820504558,0.1749291363750922,0.28746020365629377,0.10838970790720463,0.005414022929741871,0.1439128837526928,-0.7125830221642089,-0.01426298702998019,0.3915325384394447,1.5390784743349952,0.4727948138941736,0.905488338840458,True
130,Pine,365,91,1.9566089477044109,-0.12194549887596474,-0.2548981092657941,0.6448843853744082,0.3290892256528082,0.15293908866833839,0.18451526062968748,0.07637210961712655,1.3094361992486434,2.603781696160178,-0.422708947340338,0.17881794958840852,-0.6177579024324322,0.1079616839008441,0.49469427207539146,0.7950744986734248,True
130,Spruce,6,1,169.93139850272405,-1.5219590617648207,4.3397992580491405,-3.352670956186665,742.5213536253035,1.8377743758506386,2.9094975467283244,2.592175420888859,-3024.8801305308625,3364.74292753631,-9.429263996584194,6.385345873054553,-8.178758303425713,16.858356819523994,-14.50590160672536,7.800559694352028,True
131,Alder,92,23,1.9268683113658955,0.18837453502517598,-1.2563356644377413,1.0366047172624133,1.1578550264357361,0.27393355330560915,0.4613133742822236,0.1320511762006877,-0.37412524761366805,4.227861870345459,-0.35601083909624986,0.7327599091466018,-2.1730990576598717,-0.33957227121561073,0.7741807531597518,1.2990286813650749,True
131,Aspen,53,13,2.761829607370188,0.9373091267075675,-1.5264107829489693,0.6791152907124273,2.2777395111614496,0.41384464316395225,0.6102373948059511,0.15713031751530418,-1.8154593108907204,7.339118525631097,0.10565717978670253,1.7689610736284325,-2.7527287403212677,-0.3000928255766706,0.3633500956314171,0.9948804857934375,True
131,Birch,96,24,0.3395370260587732,-0.9326695687815806,0.9065318738292849,0.6693167344339525,0.4041322487801148,0.5223248571575295,0.7128452082911679,0.27272806887894485,-0.4631045034821028,1.142178555599649,-1.9700518205856037,0.10471268302244241,-0.509240240461982,2.322303988120552,0.1276552485849748,1.21097822028293,True
131,Oak,71,18,0.08376353379855914,-0.4840865056858188,1.3302073687898956,0.4486514912805796,0.033572914463399314,0.17580703277066834,0.2968553304912684,0.09652686854443417,0.01675171606063741,0.15077535153648086,-0.8349988117924718,-0.13317419957916576,0.7376816491923837,1.9227330883874076,0.25598305527798737,0.6413199272831718,True
131,Pine,365,91,1.8140616330464918,-0.05623837439321108,-0.3067371101312729,0.6562624631760028,0.318396265133277,0.15592575829204225,0.18814660958096457,0.07927857687899693,1.1879172018649427,2.440206064228041,-0.36287527916800455,0.25039853038158233,-0.6767381583078194,0.06326393804527358,0.5003566160895001,0.8121683102625055,True
131,Spruce,6,1,7.700199476928285,-0.39485321776696175,-0.476742780856514,0.9833301310710901,66.24713200230804,2.6001851996686103,2.415567909647036,4.252262476250911,-277.33820386734305,292.7386028211996,-11.582547164836615,10.792840729302693,-10.870092641065737,9.91660707935271,-17.31267861975437,19.279338881896546,True
132,Alder,92,23,1.9068029773226969,0.1769752865350598,-1.2148675539297316,1.0150519996004093,1.045858653035836,0.27480451916827103,0.45438067413868777,0.12650947770106513,-0.17162132390139817,3.985227278546792,-0.3691409492178479,0.7230915222879675,-2.1178536624207,-0.3118814454387633,0.7636409967599977,1.2664630024408208,True
132,Aspen,53,13,2.448809855446114,0.8128666901192867,-1.3443698298357136,0.6566124336026334,1.9803997084289264,0.3992326110153769,0.6064206863063141,0.15694572291081216,-1.5309523582306226,6.4285720691228505,0.010578721168335137,1.6151546590702384,-2.563017824319801,-0.1257218353516263,0.3412181952677181,0.9720066719375487,True
132,Birch,96,24,0.4097751753921717,-0.8193912897611351,0.7284143350381315,0.6568885110212496,0.4944894216646098,0.5429572887539117,0.7292702677952233,0.2814056945306424,-0.5723234988529875,1.3918738496373309,-1.8977513316441628,0.25896875212189263,-0.7199793651892478,2.176808035265511,0.09799251160181122,1.215784510440688,True
132,Oak,71,18,0.07553123791198209,-0.3403285235420978,1.0381785971254318,0.5972242216817277,0.03649566816738466,0.1781958707438853,0.29424927188467437,0.11011004877814184,0.0026855793641472475,0.14837689645981694,-0.6960089701997048,0.015351923115509092,0.45085459227776103,1.6255026019731025,0.3774436444584237,0.8170047989050317,True
132,Pine,365,91,1.9696080543940189,-0.17091239009884868,-0.18004056773793597,0.6184954103354893,0.31959679101919786,0.15014767748041136,0.18214679381786186,0.07406927953789681,1.3411027205252348,2.598113388262803,-0.4661863691131743,0.12436158891547694,-0.5382426357141039,0.1781615002382319,0.47283394384539007,0.7641568768255884,True
132,Spruce,6,1,0.14299082081626108,-2.267172891599093,0.15480634441261043,3.22865840373903,0.9467826041169094,2.5606829000283433,2.221834888481461,3.4027779897075487,-3.930685935216181,4.216667576848703,-13.284902161292278,8.75055637809409,-9.404977603446271,9.714590292271494,-11.412313602226106,17.869630409704165,True
133,Alder,92,23,2.8988864105997405,0.5117239616418143,-1.681527339596398,1.0056753224376702,1.668578130090969,0.2747216495882489,0.4624811963468879,0.13931060694061126,-0.41706199600898586,6.214834817208467,-0.03422758823461258,1.0576755115182412,-2.6006115337715623,-0.7624431454212339,0.7288247652011148,1.2825258796742256,True
133,Aspen,53,13,1.134691599453936,0.5308686758999728,-0.9160334945942407,0.7482830914549287,0.6330925122610219,0.3066059527151818,0.4375469194673124,0.15878585758772,-0.13755543599775333,2.406938634905625,-0.08527905423287518,1.1470164060328207,-1.7953169490379333,-0.03675004015054806,0.4291909640403166,1.0673752188695407,True
133,Birch,96,24,0.4864562810926719,-0.5128152552705386,0.37024376066372405,0.6739539224998361,0.5631369956273319,0.5434293809421719,0.7232991124201651,0.27420517627794244,-0.6319824004917404,1.604894962677084,-1.5921129129890095,0.5664824024479321,-1.066290709576863,1.8067782309043112,0.12935877385704198,1.2185490711426303,True
133,Oak,71,18,0.08411336782369276,-0.33709185293915755,0.9640487569759973,0.6298691862796277,0.0384599699590986,0.18102038791541275,0.2970809516110796,0.11141732568041376,0.007346946489770023,0.1608797891576155,-0.6984100594672211,0.02422635358890607,0.37107269573849766,1.5570248182134971,0.40747927343836465,0.8522590991208908,True
133,Pine,365,91,1.8915395503517178,-0.0815756035131547,-0.2997687138332425,0.6537278611550635,0.3058165852543074,0.14249819164264768,0.17101217943311725,0.07275605539510753,1.290133777768963,2.4929453229344727,-0.36180643195310735,0.198655224926798,-0.6360739269972364,0.036536499330751426,0.5106489249077625,0.7968067974023646,True
133,Spruce,6,1,8.50049551322601,-0.2611721795205289,-0.8031514829718899,1.1039864491509044,55.041541863393526,2.1162156560920145,2.2735070974661746,3.3108297153210042,-228.3241448319886,245.32513585844063,-9.366513248830547,8.84416888978949,-10.58526300186828,8.9789600359245,-13.141364063034116,15.349336961335924,True
134,Alder,92,23,3.2931277162795727,0.2846835732995799,-1.4045419103392613,0.9297110039338042,1.7245791988199648,0.2590067233860901,0.42894289215097925,0.12247931679552854,-0.13411104663400097,6.720366479193146,-0.23003786300872703,0.7994050096078869,-2.2569757725022717,-0.5521080481762511,0.6863090990146044,1.1731129088530041,True
134,Aspen,53,13,1.209597756787501,0.5195782080357507,-0.865516862134169,0.6998029787066712,0.7698250726267163,0.3348623996280673,0.4857806076511212,0.15408001542356328,-0.3374236460843667,2.7566191596593685,-0.15335297810248882,1.1925093941739902,-1.841729541947457,0.11069581767911896,0.3901675951749871,1.0094383622383551,True
134,Birch,96,24,0.8969328363708732,-0.1684216598279946,-0.10558332895162566,0.5896113180725614,0.8645908283134631,0.4507232764492401,0.6152330861139856,0.2207948796673027,-0.8202191775039397,2.614084850245686,-1.0635969919152117,0.7267536722592226,-1.3274893430182289,1.1163226851149775,0.15109362871246018,1.0281290074326626,True
134,Oak,71,18,0.10265542288259816,-0.32479382825839137,0.9094830076903159,0.611390820874515,0.043826478353727195,0.17107391416117498,0.2796501656376867,0.10440106354727832,0.01517740596104987,0.19013343980414643,-0.6662587900799031,0.016671133563120333,0.35129894087293545,1.4676670745076963,0.40300542586502164,0.8197762158840084,True
134,Pine,365,91,1.7418462369106325,-0.0917814762085904,-0.289503032243735,0.6789794762868678,0.3009799376772762,0.14997362719501836,0.18055991069939578,0.07943305512625165,1.1499520078903567,2.3337404659309082,-0.38671317540095024,0.20315022298376945,-0.6445844039794881,0.06557833949201802,0.522769838908677,0.8351891136650587,True
134,Spruce,6,1,8474.873517900645,2.894345410932779,-3.395624548957428,-1.2876020782016044,69697.32278253876,3.928912416167367,4.133821199925333,3.3446736393590233,-291408.50260490284,308358.24964070413,-14.010400321226808,19.799091143092365,-21.182021618891945,14.390772520977087,-15.678571242532435,13.103367086129225,True
135,Alder,92,23,1.7493636498888947,0.23167919820525587,-1.2075170719192432,0.9983601044992461,0.9562071210977929,0.2556337339417065,0.4292982324015836,0.12481466604841915,-0.1508970705481394,3.649624370325929,-0.27633913036604507,0.7396975267765568,-2.060657098160846,-0.3543770456776404,0.7503171836789357,1.2464030253195564,True
135,Aspen,53,13,0.8535043045840803,0.3654601645054391,-0.8283645197753223,0.8999549035921116,0.5250463239447393,0.2969093421144324,0.42822404993562024,0.17636051658791158,-0.20161578636100475,1.9086243955291655,-0.23120149708005783,0.9621218260909361,-1.6889129664691398,0.03218392691849514,0.545545176649724,1.254364630534499,True
135,Birch,96,24,0.46638080565944895,-0.7324308197722178,0.6847203518239844,0.590014049853417,0.5188947498870596,0.5107462403886831,0.7004235054194243,0.26843666184101356,-0.5641889570290191,1.496950568347917,-1.746816939242414,0.2819552996979784,-0.70638118836048,2.075821892008449,0.05687566880294248,1.1231524309038914,True
135,Oak,71,18,0.056515356466489204,-0.37930722588616794,0.9375111137534766,0.806592882329842,0.026050100646065714,0.18879307485268185,0.33048910757462696,0.11311433735182518,0.004519137953742272,0.10851157497923614,-0.756139780474244,-0.002474671298091924,0.27785209412015643,1.597170133386797,0.5808157200155634,1.0323700446441206,True
135,Pine,365,91,1.8413236644660202,0.06338378703124609,-0.450625843554668,0.6699573645947994,0.3222364742981505,0.15492003306141816,0.1885239184315592,0.07879348058921509,1.2076272427416441,2.4750200861903964,-0.24127530166523858,0.36804287572773076,-0.8213688911247577,-0.07988279598457826,0.515005487054097,0.8249092421355018,True
135,Spruce,6,1,7.700199476928843,-0.3948532177669472,-0.47674278085650873,0.9833301310710505,66.24713200268778,2.6001851996889456,2.415567909652931,4.25226247626315,-277.33820386897634,292.738602822834,-11.582547164924096,10.792840729390202,-10.870092641091095,9.916607079378078,-17.312678619807066,19.279338881949165,True
136,Alder,92,23,2.0985904449740085,0.22271073612339795,-1.351625580447622,1.0620402500198485,1.1482062634244286,0.2713914213646979,0.446982975704995,0.1200314079183346,-0.1832282250650259,4.380409115013043,-0.31662268495679136,0.7620441572035873,-2.2399103178182354,-0.46334084307700885,0.8235030496023263,1.3005774504373706,True
136,Aspen,53,13,1.2399169419976208,0.601369126954731,-1.011669456818163,0.7487671109611433,0.6667079307649281,0.3058999284795148,0.44969612612101934,0.15503056573544727,-0.09988280606525413,2.5797166900604958,-0.013359794357307386,1.2160980482667694,-1.915367656103911,-0.1079712575324151,0.4372215250610517,1.060312696861235,True
136,Birch,96,24,0.5331516343000059,-0.7598219694543,0.6688386079548805,0.5808227366027061,0.5973956218378951,0.5137387648150255,0.6658002915428565,0.2710825735648386,-0.6533276360387491,1.7196309046387608,-1.7801515007407966,0.2605075618321966,-0.6534982409004599,1.991175456810221,0.04242934648168206,1.1192161267237302,True
136,Oak,71,18,0.09271186626436767,-0.21089106400691843,0.8295097567710794,0.5977756379567194,0.04884603315113773,0.24523681506632017,0.39623923923889726,0.11464111343330628,-0.004785223966299809,0.19020895649503516,-0.7003857955938502,0.27860366758001326,0.03861292505761249,1.6204065884845464,0.36895101782907846,0.8266002580843603,True
136,Pine,365,91,2.02236934173608,-0.0052138715942956155,-0.37500168172910964,0.6376606408736126,0.34293436959661955,0.15128031150743904,0.18545660286884136,0.07856822706827342,1.34796932735841,2.6967693561137507,-0.3027152400797045,0.29228749689111333,-0.7397126781459977,-0.010290685312221493,0.4831517372405427,0.7921695445066825,True
136,Spruce,6,1,86.10236162101074,0.13661530863513968,-0.5089074323316571,-0.19814073888205896,838.7583408913504,2.9926301853240367,2.635018947002716,4.611780103215346,-3522.783503370565,3694.988226612587,-12.739633127220397,13.012863744490677,-11.846478897453947,10.828664032790632,-20.041028988739924,19.644747510975805,True
137,Alder,92,23,2.085004762204052,0.17896406274177357,-1.2627260094673627,1.0246266631759504,1.1291948105358791,0.2976694454736907,0.4926053294285964,0.13515980591256072,-0.15903264019385288,4.329042164601956,-0.4125914093180062,0.7705195348015533,-2.2416755880026313,-0.2837764309320938,0.7560249507533706,1.29322837559853,True
137,Aspen,53,13,1.392051269264647,0.6675511330350645,-0.9453832746455891,0.6015159880619685,0.4819698197465842,0.18806728604265235,0.26734230809995047,0.1013449799648915,0.4234966544582681,2.360605884071026,0.2896157720896489,1.0454864939804802,-1.4826277568402253,-0.40813879245095297,0.3978556259171636,0.8051763502067734,True
137,Birch,96,24,0.6450738228421492,-0.7165212686828989,0.5850371794542021,0.5510738914688225,0.7434881291880487,0.5194342974667362,0.7063636019638985,0.2677990398318422,-0.8315577773538284,2.1217054230381267,-1.7481626194367066,0.3151200820709089,-0.817861905198611,1.9879362641070153,0.01920188276614998,1.082945900171495,True
137,Oak,71,18,0.09555254457629288,-0.13964860791073094,0.5853337423462218,0.7422097584452682,0.042866769974200705,0.19211299322982536,0.3046220871687699,0.10895333513148177,0.009990113597707545,0.1811149755548782,-0.5231077473142676,0.24381053149280565,-0.022694488463264828,1.1933619731557084,0.5247379913239127,0.9596815255666236,True
137,Pine,365,91,1.8249435698672374,-0.1718294419697637,-0.15009377215819625,0.620219807233846,0.3292482298364203,0.16153671188050872,0.19391151265885756,0.07977307872495083,1.1774581306075698,2.472429009126905,-0.4895006072801379,0.14584172334061044,-0.531431831329558,0.23124428701316546,0.46334149403841,0.777098120429282,True
137,Spruce,6,1,7.700199476929676,-0.3948532177669238,-0.476742780856505,0.9833301310709935,66.24713200340206,2.600185199699888,2.415567909648177,4.252262476317597,-277.3382038720488,292.7386028259082,-11.582547164971155,10.792840729437307,-10.870092641070636,9.916607079357627,-17.312678620041392,19.279338882183378,True
138,Alder,92,23,1.4251195646627157,0.05558844947721702,-1.0248998895967736,1.0404575146561132,0.7694078000836645,0.26815519390275716,0.44288096419327583,0.12687930818753396,-0.10391675836559688,2.9541558876910283,-0.4773136495675691,0.5884905485220031,-1.9050327410647265,-0.14476703812882064,0.7883115514382366,1.2926034778739899,True
138,Aspen,53,13,0.8978510838335485,0.5077374783264463,-0.9069859216051868,0.8396841699100641,0.6158907441816885,0.34532414691244184,0.5132708336771771,0.176526372394976,-0.33982770445107224,2.1355298721181692,-0.1862173760915764,1.201692332744469,-1.9384422789035225,0.12447043569314897,0.4849411432448657,1.1944271965752624,True
138,Birch,96,24,0.40659073322470907,-0.46788399877815157,0.29669240066238184,0.748759083698616,0.39085842827115547,0.45029276525852036,0.5794951010491137,0.22315874084735648,-0.3696878430296575,1.1828693094790756,-1.362204298480186,0.42643630092388285,-0.8542348902714754,1.4476196915962392,0.30554656199363806,1.191971605403594,True
138,Oak,71,18,0.09409868463203093,-0.2615378200023949,0.9032404141602548,0.5769981386385432,0.04134785703723001,0.17226639745759664,0.27949272452911744,0.10903984322423037,0.011568016564676195,0.17662935269938568,-0.6053829884455999,0.08230734844081006,0.3453706011108456,1.461110227209664,0.35935370064137084,0.7946425766357156,True
138,Pine,365,91,1.9776043490488933,-0.13751828203406105,-0.23107254919572923,0.6360549444317329,0.33578251678046733,0.1495032785352339,0.18634619242317854,0.07850437513268722,1.3172688615009873,2.637939836596799,-0.43152501373688557,0.1564884496687635,-0.5975329742538495,0.1353878758623911,0.48167160927501035,0.7904382795884555,True
138,Spruce,6,1,0.14299082081620643,-2.267172891599251,0.15480634441269187,3.2286584037392076,0.9467826041176254,2.5606829000307387,2.2218348884816304,3.4027779897112156,-3.9306859352193166,4.216667576851729,-13.284902161302742,8.750556378104239,-9.404977603446918,9.7145902922723,-11.412313602241703,17.86963040972012,True
139,Alder,92,23,2.0404214776473544,0.24738084648358968,-1.2408418259928953,0.9652745696956179,1.1214328256188644,0.2652378906911956,0.4451356078240232,0.12866930552012207,-0.18819061079399457,4.269033566088703,-0.2797237254562207,0.7744854184234001,-2.1254553078970386,-0.3562283440887519,0.7095713629206142,1.2209777764706216,True
139,Aspen,53,13,1.1262185176014141,0.5473201385890638,-0.9116498513085721,0.733673748529557,0.6512890914210482,0.3124678488718475,0.4529801932545633,0.15550791232097283,-0.18259591273072595,2.4350329479335544,-0.08060751290284252,1.1752477900809701,-1.8219476305829598,-0.001352072034184304,0.421168898751665,1.046178598307449,True
139,Birch,96,24,0.6146182050060288,-0.4405422439207276,0.32367265261924255,0.5916092861978414,0.644716093556796,0.48832129833636534,0.6563270699047674,0.24989597317296358,-0.6658436067253085,1.8950800167373663,-1.4103904928223934,0.5293060049809382,-0.9798495603632438,1.627194865601729,0.09529431321783172,1.087924259177851,True
139,Oak,71,18,0.10120019593010911,-0.1967515556284978,0.7738833118430118,0.6106949476994131,0.04987342454873415,0.22983447635703033,0.3546811693674147,0.13230196862656532,0.0016524238869854574,0.20074796797323274,-0.6555030904801598,0.2619999792231642,0.06593673477019113,1.4818298889158326,0.3466191130667961,0.8747707823320301,True
139,Pine,365,91,1.6767194688275875,-0.15724647263951372,-0.19209648117151215,0.6630344366488409,0.2955723641569322,0.15223210167977325,0.18261485496516183,0.0787166398040637,1.0954595418288853,2.2579793958262897,-0.45661959083219683,0.14212664555316937,-0.5512190181133308,0.16702605577030658,0.5082336708986303,0.8178352023990515,True
139,Spruce,6,1,7.700199476930222,-0.39485321776690707,-0.4767427808565044,0.9833301310709567,66.24713200303542,2.6001851996976124,2.415567909653309,4.252262476284148,-277.33820387047075,292.73860282433117,-11.582547164961348,10.792840729427532,-10.870092641092718,9.916607079379709,-17.312678619897508,19.279338882039422,True
140,Alder,92,23,2.5617334619619925,0.2544980307299705,-1.3998239881711418,1.010552700494585,1.3434098511021344,0.2691729799077265,0.4466731026149942,0.12496147472716441,-0.1080113194476291,5.231478243371614,-0.2804267041270582,0.7894227655869992,-2.2874929178906127,-0.5121550584516711,0.7622180282749348,1.2588873727142351,True
140,Aspen,53,13,0.9370740494598638,0.3790122160984382,-0.6780719766804255,0.728689486652927,0.5238463473851748,0.30642430523092407,0.45658707040832963,0.15190931593922097,-0.11563459830598488,1.9897826972257127,-0.2367704797481585,0.994794911945035,-1.5956180469663894,0.2394740936055384,0.42341628705222645,1.0339626862536275,True
140,Birch,96,24,0.49624390659161305,-0.8649844963700656,0.8145452135819172,0.551650941530766,0.5479295158187539,0.508272924486218,0.6744186014751783,0.28379820797313143,-0.5919914074296719,1.5844792206128981,-1.874458396968878,0.1444894042287469,-0.5249083427052516,2.153998769869086,-0.011996796099921436,1.1152986791614534,True
140,Oak,71,18,0.08816652258594063,-0.2075750369489648,0.8673737933940888,0.5749290352141964,0.04824521025105628,0.25583918957420015,0.41345329726074087,0.11553153024676711,-0.008131320116874563,0.18446436528875582,-0.7182321966261298,0.3030821227282002,0.04211755806234596,1.6926300287258318,0.344327135688323,0.8055309347400696,True
140,Pine,365,91,1.8285532941500426,-0.121771718542204,-0.25870462590823173,0.665422647712,0.33741991407924743,0.15790544954791316,0.1921915233150793,0.08083486830299634,1.1649977713425093,2.4921088169575762,-0.43230179918325173,0.1887583620988437,-0.6366602278486723,0.1192509760322088,0.5064562646985921,0.8243890307254079,True
140,Spruce,6,1,3758.4505886562765,1.0210175846987597,-0.572971915234981,-2.091489612333166,24014.518975020714,2.00818802061262,1.8925154542504472,3.184579781491536,-99567.68503155638,107084.58620886895,-7.619518083933222,9.66155325333074,-8.715808700457803,7.56986486998784,-15.793630502102868,11.610651277436535,True
141,Alder,92,23,2.2715679245228775,0.23714769380515896,-1.3867273189570326,1.0572206841144733,1.155986787761919,0.24950219826661163,0.4161982824090198,0.12026709046384838,-0.02571290267512394,4.5688487517208785,-0.25868549606317515,0.7329808836734931,-2.2138339473486184,-0.5596206905654469,0.8182151141629341,1.2962262540660126,True
141,Aspen,53,13,1.2053714480034985,0.4872136711764992,-0.8687158311507438,0.7227970473412932,0.6257285788151606,0.29084980571013963,0.4255749747687187,0.1507022209753487,-0.05207720914752012,2.462820105154517,-0.09727089610244793,1.0716982384554463,-1.723940761987862,-0.013490900313625764,0.41994959588885383,1.0256444987937328,True
141,Birch,96,24,0.9276523353565368,-0.03285091780755658,-0.1475287724776507,0.5122190968399661,0.8370915120180739,0.4424596649592212,0.6131309346972131,0.23150816255081344,-0.7348836626984921,2.590188333411566,-0.9116140041858471,0.845912168570734,-1.3652597323792424,1.0702021874239411,0.05242390293529753,0.9720142907446347,True
141,Oak,71,18,0.11272526453709145,-0.31786323930193755,0.9574185760060515,0.534754589967066,0.05049851517354049,0.1738666202588357,0.2900193653137396,0.10693551909816162,0.011929806384831446,0.21352072268935146,-0.6649024658247173,0.029175987220842303,0.37853750001071307,1.5362996520013898,0.32131040050510384,0.7481987794290282,True
141,Pine,365,91,1.7640280881890198,-0.10709613354663522,-0.2338738636653904,0.6453028804622,0.32621560726147314,0.1543661849669169,0.1844568867568245,0.07922507825746565,1.1225064743416377,2.405549702036402,-0.4106660483486104,0.19647378125533999,-0.5966188612787442,0.12887113394796343,0.4895022414689319,0.8011035194554681,True
141,Spruce,6,1,8.50049551322537,-0.26117217952055183,-0.8031514829718805,1.1039864491509386,55.04154186190711,2.1162156560410113,2.273507097459438,3.31082971525369,-228.32414482559375,245.32513585204447,-9.36651324861112,8.844168889570017,-10.585263001839284,8.978960035895522,-13.14136406274445,15.34933696104633,True
142,Alder,92,23,2.1930988786999155,0.22550639365047198,-1.2500389558407863,0.9704204193428638,1.164665575326863,0.26262147363215443,0.4409620780495725,0.12693370712076626,-0.12142921506492188,4.507626972464752,-0.29639859918573463,0.7474113864866786,-2.1263584243235925,-0.37371948735798,0.7181663496763171,1.2226744890094106,True
142,Aspen,53,13,0.9849518853220879,0.4811717728388224,-0.9053972612944766,0.8232964970122867,0.5362141527842025,0.28766351486281094,0.41476212238394067,0.1589326991245984,-0.09261079791128013,2.062514568555456,-0.09690970325504145,1.0592532489326862,-1.738892951736411,-0.07190157085254234,0.5039092804813818,1.1426837135431915,True
142,Birch,96,24,0.5295944731893736,-0.6782706051920093,0.6070122720339984,0.5774052919595426,0.5649445161128386,0.49610639080627733,0.6466024002555651,0.2577727139082375,-0.5924341000989124,1.6516230464776596,-1.6635807197243666,0.30703950934034796,-0.6771959076213373,1.891220451689334,0.06544643198303379,1.0893641519360515,True
142,Oak,71,18,0.08236053913715549,-0.3592404357356951,0.9255206749533167,0.6900844119772993,0.0366712617798406,0.17615542731933348,0.28689556529931015,0.12781203917344694,0.009164394271945112,0.15555668400236589,-0.7108481402719806,-0.007632731199409548,0.35287472988308377,1.4981666200235497,0.4349705140420908,0.9451983099125079,True
142,Pine,365,91,2.048248286207658,-0.06504459451440822,-0.30328180315697234,0.6206227180689032,0.33632332962306655,0.15371269447454916,0.18521928300253104,0.07539749674114471,1.3868492593322315,2.7096473130830847,-0.3673293829583375,0.2372401939295211,-0.6675260965092478,0.06096249019530309,0.47234923662672823,0.7688961995110782,True
142,Spruce,6,1,3758.450588656538,1.0210175846987775,-0.5729719152349817,-2.091489612333202,24014.518979094457,2.008188021347063,1.8925154546242176,3.1845797813087566,-99567.68504908404,107084.5862263971,-7.619518087093256,9.66155325649081,-8.715808702066006,7.569864871596042,-15.793630501316466,11.610651276650062,True
143,Alder,92,23,2.5153984776333798,0.19419040602543033,-1.238744349542179,0.9392485832613758,1.2906953025309649,0.2583622133699015,0.4244217698663339,0.12214036661290384,-0.04958721567160618,5.080384170938366,-0.3192502020599228,0.7076310141107836,-2.0821934312112513,-0.39529526787310687,0.6965202706047887,1.1819768959179628,True
143,Aspen,53,13,1.2647817515977156,0.5311330002290816,-0.9496375765774724,0.7464724095611844,0.7968465351181291,0.3291856594730409,0.474816028753802,0.15683943218380897,-0.3365413131679118,2.866104816363343,-0.1303903494659997,1.192656349924163,-1.903816110153158,0.004540956998213219,0.4312917704391912,1.0616530486831777,True
143,Birch,96,24,0.7976583441226848,-0.16320520840857333,0.00225260048284704,0.5408951304969444,0.6853930065356842,0.4235078177066951,0.5615885648377571,0.22467824592446844,-0.5635913278918341,2.158908016137204,-1.004328290277674,0.6779178734605273,-1.1131107638976447,1.117615964863339,0.09466474054977658,0.9871255204441122,True
143,Oak,71,18,0.10062328291500837,-0.2969098812247379,0.8828503130784341,0.6106528066180291,0.04769937554714956,0.18295810209168784,0.29984496968782665,0.10829084187900433,0.005414930841107918,0.19583163498890882,-0.6620957814363598,0.06827601898688407,0.2843572486690704,1.4813433774877978,0.39450338156310405,0.8268022316729542,True
143,Pine,365,91,1.784429933919855,-0.04935280233196224,-0.3729842913586641,0.7058791244442096,0.32585738238494233,0.15238049485020227,0.18289630883016222,0.0804715570981282,1.1436127897416024,2.4252470780981077,-0.3490177441653862,0.2503121395014618,-0.7326603233929292,-0.013308259324399052,0.5476272136549618,0.8641310352334575,True
143,Spruce,6,1,7.70019947692964,-0.39485321776692006,-0.4767427808565151,0.983330131071001,66.24713200270718,2.6001851996812877,2.4155679096483413,4.252262476272558,-277.33820386905904,292.7386028229183,-11.582547164891121,10.79284072935728,-10.870092641071354,9.916607079358323,-17.3126786198476,19.2793388819896,True
144,Alder,92,23,1.8531730342527288,-0.01268532124427204,-0.9492885920455167,0.9430265826732543,0.9473011433081451,0.2617158313203833,0.4314409915056064,0.12259915083198392,-0.029388926786526604,3.7357349952919843,-0.5327905402931336,0.5074198978045895,-1.8066869017373188,-0.09189028235371466,0.6993865327879449,1.1866666325585637,True
144,Aspen,53,13,1.0344787099857078,0.4768986455978399,-0.8623033032373054,0.7721689726747559,0.5804917409360668,0.3057521605357666,0.43906967008797815,0.1557379684729241,-0.13206311795745385,2.201020537928869,-0.1375333249136006,1.0913306161092804,-1.7446468396206112,0.02004023314600034,0.4592018077507534,1.0851361375987585,True
144,Birch,96,24,0.6351843940043038,-0.35252260489194753,0.1217369615711187,0.6558377272042595,0.5648419145836456,0.44493487864409836,0.5685437115824261,0.20897499742808806,-0.4866404037907537,1.7570091917993613,-1.2362016793013029,0.5311564695174078,-1.0074399245913475,1.250913847733585,0.2407953442274362,1.0708801101810828,True
144,Oak,71,18,0.05514527771133926,-0.4461033469225216,1.046419055994135,0.7847736207387063,0.02001655867647675,0.13642289003890232,0.22443547717850915,0.08683988225495752,0.015192059374254142,0.09509849604842438,-0.7184045751204451,-0.17380211872459822,0.5984439686061771,1.494394143382093,0.611440490295238,0.9581067511821746,True
144,Pine,365,91,1.8843530981325296,-0.14937876555731605,-0.20342924187192546,0.6321465252866318,0.32238166645267124,0.14586158930695842,0.17657558113721822,0.07690088603769712,1.2503711477479276,2.5183350485171316,-0.4362239075052355,0.13746637639060338,-0.5506752020763741,0.14381671833252324,0.4809165429711184,0.7833765076021453,True
144,Spruce,6,1,8.50049551322534,-0.2611721795205571,-0.8031514829718717,1.103986449150936,55.04154186049637,2.1162156560000733,2.27350709745544,3.310829715179587,-228.32414481952384,245.3251358459745,-9.366513248434984,8.84416888939387,-10.585263001822074,8.97896003587833,-13.141364062425614,15.349336960727486,True
145,Alder,92,23,1.8860952703441036,0.06566350784724052,-1.0929104730494212,0.9994642738703782,1.0964624089117685,0.29063983577995683,0.47565221047262835,0.12734549564675657,-0.2928933620546226,4.065083902742829,-0.511922092114463,0.6432491078089441,-2.0381692901062176,-0.14765165599262486,0.7463918610396771,1.2525366867010792,True
145,Aspen,53,13,1.095384661124669,0.5962335397718327,-0.9754522900132698,0.7530372894150149,0.6161023174802668,0.3225814203645464,0.46995996104095816,0.1557680463629076,-0.14271929962161223,2.3334886218709503,-0.05201809455073758,1.244485174094403,-1.9198721901634017,-0.031032389863138055,0.44000968070811647,1.0660648981219134,True
145,Birch,96,24,0.46393446885180833,-0.7165557058741443,0.601343370650338,0.6577574922714821,0.4940850067125037,0.5065863041306002,0.6671443228534052,0.2575388271452798,-0.5173610023906026,1.4452299400942192,-1.7226798328627733,0.28956842111448466,-0.7236628404004372,1.9263495817011131,0.14626315159459957,1.1692518329483645,True
145,Oak,71,18,0.09185512518339192,-0.3358072114617259,0.8961387791222981,0.6682702155875168,0.044928536588364036,0.1967252574672827,0.34527540208414215,0.10720772419220642,0.002177390818886127,0.18153285954789772,-0.7284724688141995,0.056858045890747666,0.20696619212290723,1.5853113661216889,0.4542827024838329,0.8822577286912006,True
145,Pine,365,91,2.0267809867274207,-0.10958413364403341,-0.29486761144596846,0.6589097392112979,0.3291246427131326,0.14828193821055044,0.1844772188982064,0.07926702144844082,1.379538588600726,2.6740233848541153,-0.4011890298775948,0.18202076258952798,-0.6576525933760193,0.06791737048408247,0.5030266165386308,0.814792861883965,True
145,Spruce,6,1,0.14299082081629189,-2.2671728915990035,0.15480634441256583,3.228658403738928,0.9467826041190613,2.5606829000321336,2.2218348884814287,3.402777989714665,-3.930685935225409,4.216667576857993,-13.284902161308496,8.75055637811049,-9.404977603446175,9.714590292271309,-11.412313602256825,17.869630409734683,True
146,Alder,92,23,2.680243049226298,0.22712249339584342,-1.2884792776226794,0.9366240759760994,1.5290294210317104,0.27904415030240004,0.461215484576201,0.12756532005834217,-0.35838162221868997,5.718867720671286,-0.3274191183405415,0.7816641051322284,-2.20504813562416,-0.37191041962119886,0.6831148083202119,1.190133343631987,True
146,Aspen,53,13,1.024276928929043,0.49737134831772195,-0.87570761003474,0.7767892832133932,0.552336795313244,0.29081807672069987,0.4224964286904879,0.15087871713323775,-0.0856854174877737,2.13423927534586,-0.08704945716974793,1.0817921538051918,-1.7247459709066841,-0.026669249162795783,0.4735871494526115,1.079991416974175,True
146,Birch,96,24,0.5260264688544442,-0.41085097469747667,0.2081854861703857,0.7022332907041584,0.49663757444434503,0.44826960874790406,0.6052606509573059,0.21904773323626422,-0.4603386222332677,1.512391559942156,-1.3011531109367254,0.47945116154177214,-0.9939144108848533,1.4102853832256248,0.26718558496445277,1.137280996443864,True
146,Oak,71,18,0.05834940593298689,-0.3902548554294089,0.9856700767226767,0.7650998572010334,0.025159388511527738,0.1563927776205852,0.2537798001066633,0.10266628295501298,0.008131056281809462,0.10856775558416432,-0.7024161460693173,-0.07809356478950047,0.47912347562690705,1.4922166778184462,0.5601770987461026,0.9700226156559641,True
146,Pine,365,91,2.1888321247309825,-0.16330689806977475,-0.18796556878356127,0.5882569992408274,0.37680143309566605,0.148639849924823,0.18227892596585188,0.07663988106097071,1.4478305966655702,2.929833652796395,-0.45561564812100763,0.12900185198145817,-0.5464274821715759,0.17049634460445331,0.4375402981116354,0.7389737003700194,True
146,Spruce,6,1,86.10236162101226,0.13661530863515678,-0.508907432331684,-0.1981407388820545,838.7583408728977,2.992630185358625,2.635018947070541,4.611780103024516,-3522.7835032911685,3694.988226533193,-12.739633127369201,13.012863744639516,-11.846478897745802,10.828664033082434,-20.04102898791884,19.644747510154733,True
147,Alder,92,23,2.236988227829674,0.1425281682741026,-1.2088220229912088,0.982930318853799,1.1699347223661574,0.26443191350104106,0.43363924299673745,0.115264967826541,-0.0880111884426582,4.561987644102006,-0.3829746933644286,0.6680310299126339,-2.0705888955916856,-0.347055150390732,0.7538654165220233,1.2119952211855747,True
147,Aspen,53,13,1.1756122671671883,0.5483684093642854,-0.9330078906143162,0.7414261709280655,0.6231841307026562,0.29419111127481057,0.4319823948558151,0.15389448493402813,-0.07672313006478126,2.4279476643991575,-0.04283076283710652,1.1395675815656774,-1.8011090141923476,-0.06490676703628473,0.4321636248738837,1.0506887169822474,True
147,Birch,96,24,0.3998614862742387,-0.7654335832075806,0.7099636145954765,0.6384326172745701,0.46633591211453557,0.5348199662193169,0.7337082557187335,0.27741669580932565,-0.5263218878793652,1.3260448604278425,-1.8276322001480314,0.29676503373287033,-0.747244312721581,2.167171541912534,0.0874591136338746,1.1894061209152658,True
147,Oak,71,18,0.10059311927221445,-0.26936703368213727,0.8905164636755357,0.5767796094028514,0.04657044115936902,0.18047096452233186,0.2909996373557323,0.11076013851854624,0.007638129667470392,0.1935481088769585,-0.6295885865277144,0.09085451916343995,0.3096787564951624,1.471354170855909,0.35570144762683414,0.7978577711788688,True
147,Pine,365,91,1.809073912128183,-0.08271960432378658,-0.28773813700933526,0.6599371436446845,0.31089324358476667,0.15382559025102935,0.1852696627472198,0.07585459772795845,1.1976846011352087,2.420463223121157,-0.3852264087568714,0.21978720010929823,-0.652081505005492,0.07660523098682143,0.5107647470181206,0.8091095402712484,True
147,Spruce,6,1,8474.873517899416,2.8943454109327016,-3.39562454895735,-1.2876020782015654,69697.32375724263,3.928912456414286,4.133821218642248,3.344673681949085,-291408.5067987163,308358.25383451517,-14.010400494395402,19.799091316260803,-21.182021699424247,14.390772601509546,-15.678571425782641,13.10336726937951,True
148,Alder,92,23,1.9486121234815903,0.14102898395614347,-1.1276823211187346,0.9698692273748936,1.0264588862472543,0.2642516888500053,0.44195145368077743,0.1264861941704668,-0.09125921782346791,3.9884834647866487,-0.38411571905999164,0.6661736869722786,-2.0059679657659455,-0.24939667647152375,0.7185044956588575,1.2212339590909296,True
148,Aspen,53,13,1.022178672639531,0.43746669798811855,-0.8560510360514251,0.8026749047343811,0.6395964732167584,0.32782029974587695,0.472182006584523,0.15550424479191272,-0.2631385616920616,2.3074959069711234,-0.22131285860948058,1.0962462545857177,-1.8049363039016781,0.09283423179882788,0.49017742513206974,1.1151723843366925,True
148,Birch,96,24,0.6947969880424223,-0.2826705991329363,0.041044511043192726,0.6424132976776885,0.6432196075922529,0.45261372427206736,0.592508215351177,0.21124716390600498,-0.5826926733912265,1.9722866494760711,-1.1816005237739808,0.6162593255081084,-1.1357279481469136,1.217816970233299,0.2228581959492394,1.0619683994061377,True
148,Oak,71,18,0.051831673464612905,-0.38943669125242686,1.0262885609389438,0.7605041456872755,0.022247338177743013,0.15775563967082862,0.25959891317532924,0.10277792589362754,0.007425800607011944,0.09623754632221387,-0.7043182659300051,-0.07455511657484853,0.5081269615450992,1.5444501603327885,0.5553585469942022,0.9656497443803489,True
148,Pine,365,91,1.776744807287254,-0.17121937652902738,-0.16422374337231413,0.6320059577170224,0.2877315606840016,0.1441606966494938,0.17757148692989866,0.07574299455547344,1.2109042679139355,2.342585346660573,-0.4547196159698045,0.11228086291174968,-0.5134282091698082,0.18498072242518002,0.48305303510006864,0.7809588803339762,True
148,Spruce,6,1,86.10236162099962,0.1366153086351172,-0.5089074323316747,-0.19814073888198408,838.7583408691017,2.992630185288454,2.6350189470207983,4.611780103066241,-3522.783503274848,3694.988226516847,-12.739633127067322,13.012863744337555,-11.846478897531766,10.828664032868415,-20.041028988098304,19.644747510334334,True
149,Alder,92,23,2.549083535980301,0.1993420009344771,-1.3541742831314352,1.0172597202235727,1.254038710502944,0.2541332475366914,0.42155695294939166,0.11990066415310423,0.056945116491851966,5.04122195546875,-0.3056944262118204,0.7043784280807746,-2.1919301431768714,-0.5164184230859992,0.7789823455655828,1.2555370948815625,True
149,Aspen,53,13,0.9794369368816151,0.4376260126602831,-0.8123868462107368,0.7807580459267751,0.5647678021142083,0.29734233279379185,0.4259415188872868,0.17561394244377393,-0.15550645297500454,2.114380326738235,-0.15990577627236247,1.0351578015929288,-1.6683483750318446,0.04357468261037123,0.42784861589712747,1.1336674759564227,True
149,Birch,96,24,0.5273229108106716,-0.39594441548128684,0.21506938724341593,0.6720494005523535,0.49365561732570956,0.45250769230183235,0.5904578909752684,0.2104575808835867,-0.4531197560459833,1.5077655776673264,-1.2946637514770882,0.5027749205145147,-0.9576309507583867,1.3877697252452186,0.2540624788608262,1.090036322243881,True
149,Oak,71,18,0.09546073611270839,-0.3408807729618071,1.0051761520479465,0.5564450769180447,0.04693132880365239,0.20848601392584878,0.34836149399201205,0.11227714056395523,0.001785411755110211,0.18913606047030657,-0.7570205984552355,0.07525905253162135,0.3098436998191575,1.7005086042767354,0.3323389663863176,0.7805511874497717,True
149,Pine,365,91,1.8197807069664964,-0.06236113974514413,-0.3009463272902271,0.6534692993088848,0.30766882033083637,0.14720627108241136,0.17795328197187443,0.07652286652652321,1.214732408370058,2.424829005562935,-0.3518506751662682,0.22712839567597998,-0.6509016148327118,0.049008960252257705,0.5029827139415122,0.8039558846762573,True
149,Spruce,6,1,169.93139850273238,-1.52195906176481,4.3397992580491485,-3.3526709561866963,742.5213539117165,1.8377743761216454,2.909497546675875,2.592175421715772,-3024.880131763189,3364.742928768654,-9.429263997750231,6.3853458742206115,-8.17875830320003,16.85835681929833,-14.505901610283312,7.80055969790992,True
150,Alder,92,23,2.6698586830401774,0.37958913188241955,-1.4619015934895718,0.9629988101739022,1.4160338613001568,0.2591966280332464,0.4354774583056892,0.1228302582102179,-0.1442110577793696,5.483928423859725,-0.1355097000064655,0.8946879637713046,-2.3273215327429058,-0.5964816542362378,0.7188994829381408,1.2070981374096637,True
150,Aspen,53,13,1.1960721151683666,0.5264296719387778,-0.8936044717693342,0.7200954918589879,0.6740001568823776,0.31779712094913676,0.4626550124532314,0.16094076829224827,-0.15838190992368206,2.5505261402604154,-0.11220755275157335,1.1650668966291289,-1.823344528129068,0.03613558459039956,0.3966729092543311,1.0435180744636448,True
150,Birch,96,24,0.5884017738237446,-0.41025938268507933,0.16487999583135296,0.6792027060592105,0.5765304421591133,0.4697302099616816,0.6065831645888913,0.22184160292092295,-0.5566374486542554,1.7334409963017445,-1.3431841253485564,0.5226653599783978,-1.0398465274515594,1.3696065191142652,0.2386061339674596,1.1197992781509614,True
150,Oak,71,18,0.06355886747224769,-0.3822394215962935,0.9382311763796651,0.7821629483574523,0.025518501662778408,0.15527150414683866,0.2507018344528094,0.10921230344051962,0.01262372497113358,0.1144940099733618,-0.6921626410154569,-0.07231620217713008,0.43782822044239067,1.4386341323169396,0.5641742783278295,1.0001516183870751,True
150,Pine,365,91,1.7698085405568615,-0.08116953152150694,-0.24287847974552676,0.6260747490125007,0.3066432066175246,0.14996888154965562,0.18147740970685416,0.0781640125095848,1.1667771698752802,2.372839911238443,-0.3760918981313536,0.21375283508833973,-0.5997641656552988,0.11400720616424523,0.47236075638386565,0.7797887416411358,True
150,Spruce,6,1,169.9313985027316,-1.521959061764814,4.339799258049155,-3.352670956186697,742.5213537369649,1.8377743761086727,2.909497546806597,2.5921754209880263,-3024.880131011295,3364.742928016758,-9.429263997694418,6.385345874164791,-8.178758303762478,16.858356819860788,-14.505901607152074,7.800559694778679,True
151,Alder,92,23,1.7395902733919058,0.18043695805444496,-1.256747787351689,1.075975602017526,0.9724978994091793,0.2786616380386274,0.46777864355387866,0.13884547487641752,-0.1930449456735579,3.672225492457369,-0.3733444909369711,0.7342184070458609,-2.186359544670784,-0.32713603003259395,0.8000493970179507,1.3519018070171012,True
151,Aspen,53,13,1.001191661596097,0.5035118053688229,-0.8808474030095665,0.7750344842450225,0.6733188562978779,0.35423769343216194,0.5148108369326493,0.16105207269053695,-0.3518932387122995,2.354276561904493,-0.2083554914102288,1.2153791021478746,-1.9153985127151976,0.15370370669606448,0.4513882270777812,1.098680741412264,True
151,Birch,96,24,0.40367107816310144,-0.6598291961586348,0.49721086028531214,0.723937477442702,0.37686134154498985,0.45062745263958676,0.5809585150978108,0.21805228897787446,-0.34480807566724936,1.1521502319934522,-1.5548142138886614,0.2351558215713918,-0.6566228972666964,1.6510446178373206,0.2908668099238718,1.1570081449615321,True
151,Oak,71,18,0.06945246292769676,-0.43220199132589604,1.1041147045540365,0.648673261870339,0.03359986342630072,0.19083508977504282,0.30782933909374766,0.11333691949656222,0.002386854834691518,0.13651807102070201,-0.813110424758049,-0.05129355789374318,0.48968477210883044,1.7185446369992425,0.4224518237357084,0.8748947000049696,True
151,Pine,365,91,1.8312218233491009,-0.1523723358554177,-0.20326514805301937,0.6469529703954751,0.32120847785057627,0.14515407535505648,0.1754575822986637,0.07755202522449385,1.1995470153225285,2.4628966313756733,-0.43782611122816323,0.13308143951732782,-0.5483124997199738,0.14178220361393495,0.49444248569854643,0.7994634550924037,True
151,Spruce,6,1,7.700199476928716,-0.39485321776695664,-0.4767427808564973,0.9833301310710532,66.24713200244231,2.6001851996788288,2.415567909651337,4.252262476250976,-277.3382038679203,292.73860282177776,-11.582547164880577,10.792840729346665,-10.870092641084227,9.916607079371232,-17.312678619754685,19.27933888189679,True
152,Alder,92,23,2.052997539245897,0.1490953316391125,-1.14347183175587,0.9443925467330785,1.2067854903199324,0.2951487127297801,0.48762375579983513,0.1406279245952297,-0.3452350346922177,4.451230113184011,-0.4374507137867457,0.7356413770649707,-2.112521579507791,-0.17442208400394876,0.6649240974727366,1.2238609959934204,True
152,Aspen,53,13,1.1349467993153672,0.5301840255054747,-0.9622627397142186,0.7937030190366912,0.6929579768237191,0.3286378630465569,0.4755665516762816,0.1563439747751814,-0.2576043912807562,2.527497989911491,-0.13023848605595645,1.190606537066906,-1.917949505569817,-0.006575973858620188,0.47951803885412814,1.1078879992192543,True
152,Birch,96,24,0.27012349966511334,-1.0661610836103284,1.121067145958195,0.6597039701400723,0.32662174116663983,0.5374552998183294,0.718629040155106,0.2701223472411343,-0.37857547128470365,0.9188224706149304,-2.1335937005523795,0.0012715333317228072,-0.30619215765758523,2.548326449573975,0.12321767238173365,1.196190267898411,True
152,Oak,71,18,0.08927342563965684,-0.33482327697389924,0.9935529428198473,0.5795637088719687,0.041325610475047805,0.19207811868653935,0.3075848764214878,0.11159615769810709,0.006787161896266131,0.17175968938304756,-0.7182128064976941,0.04856625254989566,0.37961095991071925,1.6074949257289752,0.35681684582942264,0.8023105719145148,True
152,Pine,365,91,1.9387773818506402,-0.11626684856395267,-0.23308911445679453,0.6271336781457394,0.31613233798538937,0.14544357250134518,0.17581657117208546,0.07427434322520651,1.3170850926427324,2.5604696710585477,-0.40228993660095247,0.1697562394730471,-0.5788424382363774,0.11266420932278831,0.4810689422083909,0.7731984140830879,True
152,Spruce,6,1,169.93139850274392,-1.5219590617647942,4.339799258049155,-3.352670956186736,742.5213538987545,1.8377743761139163,2.9094975466900834,2.592175421661527,-3024.880131707407,3364.742928712895,-9.42926399771696,6.385345874187371,-8.17875830326116,16.85835681935947,-14.505901610049953,7.800559697676481,True
153,Alder,92,23,2.7508940268613284,0.3088347264964892,-1.385404533567778,0.9537177378555997,1.5074477708611607,0.24509240187403766,0.4220935534595323,0.12820875517262317,-0.24484164993339474,5.746629703656051,-0.17823491969491367,0.795904372687892,-2.22422677436848,-0.5465822927670763,0.6989297781184249,1.2085056975927744,True
153,Aspen,53,13,1.2429651822706005,0.4156801772837763,-0.7402885838166023,0.6642852666825716,0.7353805468386332,0.31594283756697444,0.4629027386662054,0.14520314965483938,-0.23483735452287569,2.7207677190640767,-0.21923072543916117,1.0505910800067138,-1.6705264646395164,0.1899492970063118,0.37248861278303524,0.956081920582108,True
153,Birch,96,24,0.47245123107568415,-0.6703181365456706,0.3933923092723792,0.7703119260048216,0.4824323510799972,0.4917310958365975,0.6245296757553018,0.23439176422002295,-0.485701060258862,1.4306035224102303,-1.6469385376061219,0.3063022645147805,-0.8469775342751515,1.63376215281991,0.30478965028139854,1.2358342017282447,True
153,Oak,71,18,0.05263590063205838,-0.42969781929215506,1.0621456158074345,0.7647940536663547,0.022788042238186684,0.16346673351783886,0.2701867969388735,0.13165765329488305,0.007150777952756447,0.0981210233113603,-0.7559787849989883,-0.10341685358532182,0.5228505119701067,1.6014407196447622,0.5020042778184021,1.0275838295143074,True
153,Pine,365,91,1.7014743996284711,-0.17370478071282916,-0.2058990918610852,0.6831111338963922,0.2942649224148926,0.1527324782893449,0.18280438001578508,0.07653189383718695,1.1227856314514018,2.2801631678055405,-0.47406191807246334,0.126652356646805,-0.5653943406340791,0.15359615691190867,0.5326067958072712,0.8336154719855132,True
153,Spruce,6,1,8474.873517899792,2.8943454109327305,-3.395624548957384,-1.2876020782015722,69697.32519948052,3.928912533052394,4.133821269903587,3.3446737309610315,-291408.5130041648,308358.26003996434,-14.010400824142534,19.799091646007994,-21.182021919984024,14.390772822069254,-15.678571636664035,13.10336748026089,True
154,Alder,92,23,2.1095899407489385,0.15376681875818765,-1.1838441840632155,0.984370455847387,1.1264706096041988,0.2677615112899871,0.4427069050756539,0.11990171902546849,-0.1290336847476743,4.348213566245551,-0.3783529188202803,0.6858865563366556,-2.0636311296108367,-0.3040572385155941,0.7460909848522389,1.222649926842535,True
154,Aspen,53,13,1.078368522526264,0.4445264991787231,-0.7941385124103318,0.730431838153657,0.5808911333745778,0.3114109801859316,0.45411934375119145,0.15630059372706873,-0.08897591457122589,2.245712959623754,-0.18127729517306934,1.0703302935305157,-1.706725500314107,0.1184484754934434,0.4163340354511419,1.044529640856172,True
154,Birch,96,24,1.0163668154461536,0.40889490063017075,-0.8090642740154808,0.7008010272778848,0.5862867096926975,0.30162571981256064,0.38691489169804394,0.13893184440241177,-0.1480491964848123,2.1807828273771195,-0.19015981433009133,1.0079496155904328,-1.5775106462415942,-0.040617901789367306,0.4248703921214714,0.9767316624342983,True
154,Oak,71,18,0.04484158796043405,-0.5523250287067177,1.2791359539132279,0.7333053891760825,0.019170801314519065,0.16063581543762256,0.26323281317509034,0.10361754728720957,0.006576508383294863,0.08310666753757323,-0.8729554582758781,-0.23169459913755747,0.7537210597621675,1.8045508480642882,0.526483899167201,0.940126879184964,True
154,Pine,365,91,1.8124364797196963,-0.10768808533501756,-0.23286748074771194,0.6391201384452676,0.3136821088289865,0.14967130801667508,0.18185967718937676,0.07790903196368681,1.195562706020311,2.429310253419082,-0.40202525660513627,0.18664908593510116,-0.5905049174837793,0.12476995598835547,0.4859075796158224,0.7923326972747128,True
154,Spruce,6,1,8.500495513225628,-0.26117217952053895,-0.8031514829718926,1.103986449150929,55.04154186154793,2.1162156560381984,2.273507097462,3.310829715225534,-228.32414482404803,245.32513585049927,-9.366513248599006,8.844168889557928,-10.58526300185032,8.978960035906534,-13.141364062623316,15.349336960925173,True
155,Alder,92,23,3.5167939748908656,0.29401781993217024,-1.476841425295606,0.9595380479831425,1.6640210317040725,0.23039203558314192,0.3834405365068921,0.1056098475164031,0.2099018437194573,6.823686106062274,-0.16383793732002971,0.7518735771843702,-2.2388489172611785,-0.7148339333300334,0.7496606683874294,1.1694154275788555,True
155,Aspen,53,13,1.0988342817946184,0.5985989804748801,-0.9373422878535095,0.7184144209252372,0.42463048427892297,0.20926114475741345,0.2991068674469842,0.11364523323825841,0.24550737565749792,1.9521611879317389,0.17807296587706484,1.0191249950726955,-1.5384200419302667,-0.33626453377675214,0.4900357743918563,0.9467930674586181,True
155,Birch,96,24,0.6243231776830365,-0.19197471027722693,-0.0659071764071944,0.7037528921023499,0.565729723672998,0.431667297074614,0.5617179438717971,0.21683325423821911,-0.49926488559644877,1.7479112409625217,-1.0493032224723964,0.6653538019179425,-1.1815274987168933,1.0497131459025046,0.27310333279983734,1.1344024514048625,True
155,Oak,71,18,0.07812935850193227,-0.3013604323394101,0.9728909274444698,0.6055184586217127,0.03508429211262886,0.1700378140031201,0.2792157093428371,0.10490020990298185,0.008100818350061254,0.1481578986538033,-0.6407573295898373,0.03803646491101709,0.41557403902106793,1.5302078158678718,0.39613676331635383,0.8149001539270716,True
155,Pine,365,91,1.9417567322887,0.06399813469091743,-0.47164444878442846,0.6667559995438238,0.3201848193375698,0.1588738760486929,0.20289724198436396,0.08262516826216641,1.312095007163971,2.571418457413429,-0.24843641194698507,0.3764326813288199,-0.8706534576288821,-0.07263543993997479,0.5042688894606129,0.8292431096270347,True
155,Spruce,6,1,8.500495513225648,-0.2611721795205429,-0.8031514829718832,1.1039864491509233,55.04154186181833,2.1162156560431864,2.2735070974611014,3.310829715243543,-228.32414482521145,245.32513585166274,-9.36651324862047,8.844168889579384,-10.585263001846442,8.978960035902677,-13.141364062700807,15.349336961002654,True
156,Alder,92,23,1.6181083324460324,0.40086137599821914,-1.3027171478998645,0.9518255642294969,1.0059118428742109,0.2734810992859873,0.4711770609681246,0.15024487026770847,-0.3809300778115303,3.617146742703595,-0.14262484083571003,0.9443475928321483,-2.2390825457027566,-0.36635175009697263,0.6532454563036061,1.2504056721553878,True
156,Aspen,53,13,0.8247084502017259,0.4068149009621219,-0.7842413728733558,0.8350053786463464,0.4836049126893998,0.3005806989468726,0.43988554415708986,0.16916868613005448,-0.14713200689294004,1.7965489072963918,-0.19722462840051225,1.010854430324756,-1.6682244695825643,0.09974172383585267,0.4950481761017002,1.1749625811909925,True
156,Birch,96,24,0.592091503875092,-0.8756142801281676,0.8759861996218291,0.44886807890142966,0.632721434029583,0.5012173570267469,0.6836309188129404,0.2835390345423793,-0.6645478786927599,1.848730886442944,-1.8710752147373988,0.11984665448106369,-0.4817638140772805,2.2337362133209386,-0.1142649179247236,1.012001075727583,True
156,Oak,71,18,0.0408266439249791,-0.49144797386112143,1.2155278712475484,0.7553698616006106,0.019409882550577007,0.18931609532991328,0.3233881453097873,0.10636620953578235,0.002084356203377574,0.07956893164658063,-0.8693244816910777,-0.11357146603116514,0.5700424316164664,1.8610133108786302,0.5430620187811839,0.9676777044200373,True
156,Pine,365,91,1.9023889452784013,0.10252311426526844,-0.4807818402064721,0.6497005981163636,0.3185048199857627,0.14820357044236138,0.18486836779248095,0.07791410235137104,1.2760310347825352,2.5287468557742674,-0.18892766727848914,0.39397389580902603,-0.8443360387660281,-0.11722764164691607,0.496478068080092,0.8029231281526352,True
156,Spruce,6,1,7.700199476928941,-0.3948532177669458,-0.4767427808565059,0.9833301310710427,66.24713200087434,2.6001851996242764,2.4155679096444165,4.252262476164694,-277.33820386117367,292.7386028150316,-11.582547164645845,10.792840729111955,-10.870092641054459,9.916607079341446,-17.312678619383455,19.27933888152554,True
157,Alder,92,23,2.006778456763549,0.38207997031145163,-1.527473278976272,1.0944551453119704,1.0652304506675028,0.2541238704373689,0.4262017665649001,0.12783579934815567,-0.11014322155751799,4.123700135084616,-0.12293782182040064,0.8870977624433038,-2.3744597300438377,-0.6804868279087062,0.8404083569047898,1.348501933719151,True
157,Aspen,53,13,1.0610471733268554,0.4383666768207931,-0.7301711658452039,0.6840287347012101,0.5740136696300863,0.3010917494112118,0.43502900171942294,0.1473514910686541,-0.0924764829354503,2.214570829589161,-0.16669984689990047,1.0434332005414868,-1.6043946751336096,0.14405234344320184,0.38791482709557246,0.9801426423068477,True
157,Birch,96,24,0.7023150961331571,-0.24240549852645957,-0.00995610240356729,0.6614868026214458,0.7023978973090621,0.4699073820618718,0.6084635174276424,0.22137156564929553,-0.692707756767616,2.09733794903393,-1.17568212027387,0.690871123220951,-1.2184171687305632,1.1985049639234286,0.22182376512333113,1.1011498401195605,True
157,Oak,71,18,0.10954184159377924,-0.2643486445447743,0.8806802505677807,0.5550980733431286,0.04899636900340152,0.17794646599190958,0.2957642406310642,0.12164257341121672,0.01174467974608373,0.20733900344147474,-0.6195312772339041,0.0908339881443555,0.2903323554462286,1.4710281456893326,0.3122984806092046,0.7978976660770525,True
157,Pine,365,91,1.7591366062114584,-0.13126362229696986,-0.28415736512270967,0.7055959112781472,0.2935069798944467,0.14545742750949378,0.17843646093740648,0.07679205734309688,1.1819383752683426,2.336334837154574,-0.41731395699841334,0.15478671240447361,-0.6350628516834063,0.06674812143798692,0.5545799468031012,0.8566118757531933,True
157,Spruce,6,1,3758.450588656582,1.0210175846987872,-0.5729719152349974,-2.0914896123332,24014.519182982054,2.008188034681912,1.8925154555563917,3.1845798066208477,-99567.68592634151,107084.58710365469,-7.619518144468472,9.661553313866047,-8.715808706076844,7.569864875606849,-15.793630610225602,11.610651385559201,True
158,Alder,92,23,2.8060306719494066,0.3649819471217579,-1.6063591759660363,1.068177881361913,1.4023991936486788,0.25259292231380676,0.42318690614748794,0.12215961754873517,0.01905696796398315,5.5930043759348305,-0.1369934073205571,0.8669573015640729,-2.447354225482198,-0.7653641264498744,0.8254113115156597,1.310944451208166,True
158,Aspen,53,13,1.3863505000949836,0.6031681549067193,-1.069627144904304,0.76109453324891,0.8534970134564024,0.3178282363817958,0.463344914837508,0.1554819531941367,-0.3288159631107641,3.1015169633007313,-0.03553159858659605,1.2418679084000346,-2.0007536120115166,-0.13850067779709152,0.44864185028948533,1.0735472162083346,True
158,Birch,96,24,0.7949404350724512,-0.05904294169875618,-0.1918758666648266,0.6363696242788552,0.7806927261894622,0.4489639829845941,0.5990769302272589,0.22187812605966845,-0.7555827061557148,2.345463576300617,-0.9507241651083385,0.8326382817108262,-1.3816943605902725,0.9979426272606193,0.19570051408098982,1.0770387344767207,True
158,Oak,71,18,0.10972520411932053,-0.3567486274217476,1.0464735221663413,0.49584246759022854,0.05001113315994422,0.18082716336802349,0.29199193717344785,0.11783145892337937,0.009902564537800362,0.2095478437008407,-0.7176811561390195,0.004183901295524262,0.4636551762601099,1.6292918680725728,0.26064989121217474,0.7310350439682823,True
158,Pine,365,91,1.864859179145255,-0.06560614759794972,-0.29735909299933,0.6471939047022864,0.33470128931639925,0.14748089268158146,0.17745268506508896,0.07712497029252433,1.2066499871278051,2.5230683711627044,-0.3556357420707419,0.22442344687484242,-0.646329928147817,0.051611742149156925,0.49552324790770275,0.7988645614968701,True
158,Spruce,6,1,8.50049551322519,-0.2611721795205553,-0.8031514829718857,1.1039864491509526,55.04154186129094,2.1162156560196745,2.2735070974556097,3.3108297152260016,-228.3241448229427,245.3251358493931,-9.36651324851932,8.84416888947821,-10.585263001822819,8.978960035879046,-13.141364062625303,15.349336960927207,True
159,Alder,92,23,2.5731133476273453,0.2847776547482052,-1.4563040012765385,1.0368772575951313,1.293774118550846,0.24924791962413134,0.41597322146935306,0.11385881793838942,0.0020091544503699765,5.144217540804321,-0.21055020975108485,0.7801055192474953,-2.282963368343755,-0.6296446342093219,0.8106067826845127,1.2631477325057499,True
159,Aspen,53,13,1.1315062530630393,0.4909763318630383,-0.8524356011294303,0.7241730485163744,0.5975090228310624,0.2851752759733545,0.4142598870074331,0.1471089482760358,-0.06923308317955335,2.332245589305632,-0.08210484097451193,1.0640575047005885,-1.6849220117955248,-0.019949190463335875,0.42854654890072674,1.0197995481320221,True
159,Birch,96,24,0.9956609009834261,0.05057431645146613,-0.3553676195772749,0.6045010267186851,0.8942580241967107,0.4324799563980329,0.5649075183869897,0.2107619159613375,-0.7804127246974137,2.771734526664266,-0.8083682073062883,0.9095168402092206,-1.477322712188494,0.7665874730339443,0.1859096692934687,1.0230923841439015,True
159,Oak,71,18,0.1116699910064766,-0.2433110563616602,0.8902917987430751,0.5202032787566343,0.05367675994113178,0.22069360060104598,0.3382379639288536,0.11488639436158489,0.004530729746967194,0.218809252265986,-0.6838173268412701,0.19719521411794969,0.21516599709257656,1.5654176003935736,0.29088907584706614,0.7495174816662025,True
159,Pine,365,91,2.0084611533432377,-0.09542162567141062,-0.26012886814993025,0.6218510084388267,0.34593673225051014,0.15467596814526835,0.18870752307197522,0.0792879697376745,1.3281568214154411,2.688765485271034,-0.3996007467777289,0.20875749543490768,-0.6312329847265533,0.11097524842669282,0.4659266897595389,0.7777753271181145,True
159,Spruce,6,1,0.14299082081630882,-2.267172891598961,0.1548063444125523,3.228658403738868,0.9467826041183983,2.5606829000317988,2.221834888482668,3.4027779897105446,-3.9306859352225394,4.216667576855157,-13.284902161307013,8.750556378109092,-9.404977603451522,9.714590292276627,-11.412313602239157,17.869630409716894,True
160,Alder,92,23,1.3231621283785076,0.09643127529144212,-0.9695608965298826,0.9840556713706443,0.7839768008822482,0.2727334425771685,0.45364979241248116,0.13358559049710128,-0.2348270222775477,2.8811512790345626,-0.44556913094267836,0.6384316815255626,-1.8710945311739702,-0.06802726188579511,0.718582381288268,1.2495289614530205,True
160,Aspen,53,13,1.8942742531685375,0.8185620647354575,-1.3735854672569918,0.7586328438293328,1.542879050633857,0.3811375186623557,0.558682754519941,0.17484328561880105,-1.206257280870732,4.994805787207807,0.05263754529070397,1.584486584180211,-2.4963004961514192,-0.2508704383625646,0.40727210667147534,1.1099935809871904,True
160,Birch,96,24,0.3331699157424686,-0.818818602869952,0.7420169097558791,0.7205564204128472,0.41316712837527647,0.5450725137992606,0.7373263648925464,0.2769210128346961,-0.487415664537659,1.1537554960225962,-1.9013796642728193,0.26374245853291534,-0.7223768946845235,2.2064107141962817,0.17056738594560894,1.2705454548800854,True
160,Oak,71,18,0.04704039998245095,-0.37647412477309905,1.05188495262778,0.7494187216359256,0.0206793338703242,0.16070175694987948,0.2673428422186197,0.1055548099352392,0.005764276821605588,0.08831652314329631,-0.6972361741516012,-0.05571207539459688,0.5182664061705484,1.5855034990850116,0.5387304391976357,0.9601070040742155,True
160,Pine,365,91,1.8805157831837396,-0.12447082198426958,-0.25779208088332783,0.6601628981403374,0.3081246425172575,0.14331501146413272,0.17264395787660392,0.07407055230746572,1.274571084236885,2.4864604821305942,-0.4063079732317071,0.15736632926316796,-0.5973062795072599,0.08172211774060417,0.5144989286762243,0.8058268676044504,True
160,Spruce,6,1,8.500495513225298,-0.26117217952055194,-0.8031514829718857,1.1039864491509457,55.041541861097514,2.1162156560245386,2.273507097461105,3.310829715202544,-228.32414482211038,245.325135848561,-9.366513248540244,8.84416888949914,-10.585263001846462,8.97896003590269,-13.141364062524381,15.349336960826271,True
161,Alder,92,23,1.8352981928995622,0.04985308753601187,-1.04989580585739,0.9922126192218298,0.9423706460579482,0.2912355409576401,0.4775467340219486,0.12415404747315956,-0.037465440925799065,3.7080618267249235,-0.5289163512877291,0.6286225263597529,-1.9989195903624344,-0.10087202135234552,0.745482539000652,1.2389426994430075,True
161,Aspen,53,13,1.017838989377822,0.4294767788509043,-0.8156289280130421,0.7737374436669081,0.5518450349603217,0.2929925311872087,0.42493190521768337,0.15129603996946506,-0.09113512761116005,2.1268131063668037,-0.15931375648672674,1.0182673141885354,-1.6695615622046478,0.0383037061785636,0.46969666826855544,1.0777782190652607,True
161,Birch,96,24,0.44924409284013556,-0.8330126260353682,0.7577174728234968,0.6179545224667997,0.4670941533146017,0.5003640498396112,0.6467856014978014,0.2532929667022851,-0.47844521378586813,1.3769333994661392,-1.8267788189160732,0.16075356684533693,-0.5268545603122929,2.0422895059592863,0.11489282711943305,1.1210162178141663,True
161,Oak,71,18,0.0877484866567822,-0.40593196674082516,1.0969381141457382,0.5621928769692246,0.042839290424479405,0.20453483450187088,0.35023544225563036,0.10857415287737855,0.0022409050890054294,0.17325606822455897,-0.8141852050957408,0.0023212716140905143,0.3978652455277557,1.7960109827637205,0.34547796079475734,0.7789077931436919,True
161,Pine,365,91,1.8423113772651358,-0.054557635538979195,-0.2921334628663379,0.6396916327689066,0.3117172729498496,0.1474261091234393,0.18113741616233928,0.07793023875610858,1.2293015654856314,2.45532118904464,-0.3444794950173402,0.23536422393938183,-0.6483505320621338,0.06408360632945798,0.4864373695715646,0.7929458959662486,True
161,Spruce,6,1,8474.87351790048,2.8943454109327553,-3.3956245489573904,-1.2876020782016124,69697.32381160952,3.928912473325457,4.133821240898009,3.344673671184834,-291408.50703263714,308358.2540684381,-14.010400567158241,19.79909138902375,-21.1820217951831,14.390772697268321,-15.678571379467854,13.10336722306463,True
162,Alder,92,23,2.1241513059739643,0.23416096489775245,-1.3205284125892527,1.0361713786965854,1.0839417807371343,0.26089387555699217,0.43639025263888864,0.1304547359462631,-0.029955208951991885,4.2782578208999205,-0.2843107897931823,0.7526327195886873,-2.1877623387696294,-0.45329448640887604,0.7769200041313503,1.2954227532618203,True
162,Aspen,53,13,1.1129085944611479,0.4989731963186974,-0.893404938435376,0.7647351837673464,0.6079561756148802,0.3051187572418098,0.44812006921343833,0.15586771041724923,-0.10882508131431079,2.3346422702366065,-0.11418590261809147,1.1121322952554862,-1.7939359327873428,0.007126055916590546,0.4515072926448111,1.0779630748898816,True
162,Birch,96,24,0.39720671271745456,-0.9028205972123183,0.8519009513075715,0.632636049054811,0.44691281477596817,0.515334159645412,0.6786994514398453,0.2634212881315474,-0.49040071357921067,1.2848141390141197,-1.9263187203415804,0.12067752591694358,-0.49605474251934334,2.1998566451344863,0.10945863310310355,1.1558134650065184,True
162,Oak,71,18,0.13050711609504176,-0.17154164309395586,0.84530558934384,0.44951894532626474,0.06030347178078621,0.20958687685389088,0.32027839594435786,0.11133953083945584,0.010140882643863772,0.25087334954621976,-0.589878800188393,0.24679551400048133,0.20602723542508017,1.4845839432625998,0.22728431163745377,0.6717535790150757,True
162,Pine,365,91,1.6675312986576165,-0.10227114189236738,-0.2219740921078385,0.6442656159320472,0.29930362548757017,0.14665810357306353,0.17663231589343015,0.0780394286084642,1.0789336332514488,2.2561289640637843,-0.390682674613965,0.18614039082923026,-0.5693316244491076,0.1253834402334306,0.490796624656895,0.7977346072071995,True
162,Spruce,6,1,7.700199476928486,-0.39485321776696397,-0.4767427808564968,0.9833301310710683,66.2471320007928,2.600185199616991,2.4155679096413114,4.252262476164628,-277.3382038608233,292.7386028146803,-11.58254716461452,10.79284072908059,-10.87009264104109,9.916607079328095,-17.312678619383142,19.279338881525277,True
163,Alder,92,23,1.7164119142873726,0.18241042664187318,-1.3370889922225546,1.143685115079233,0.9722225473264866,0.254518295461108,0.42652949906358534,0.1287698643824967,-0.2156761003748957,3.648499928949641,-0.3233912023420917,0.688212055625838,-2.184726742763133,-0.48945124168197585,0.8877820686962132,1.399588161462253,True
163,Aspen,53,13,1.5476325517708869,0.5759386645433475,-1.0541986491786917,0.7360506422951556,0.9010653646103197,0.3015902700177041,0.43966868186853686,0.15113839339913457,-0.26312609198484127,3.358391195526615,-0.030129673843351634,1.1820070029300467,-1.9377459448029568,-0.1706513535544265,0.43232666954075744,1.0397746150495537,True
163,Birch,96,24,0.7831719539430662,-0.3726694323212744,0.24269391942680818,0.4906046599592468,0.7135552953789994,0.43757998050035435,0.5935237999111725,0.23266839953328247,-0.6340104545971865,2.200354362483319,-1.2417410441647705,0.4964021795222216,-0.936095578361612,1.4214834172152284,0.028505135259275782,0.9527041846592178,True
163,Oak,71,18,0.10678466672643837,-0.25628748881138924,0.88242217696502,0.5514689851265104,0.04776575156427455,0.1728239643601928,0.28006734279251144,0.10504352274045016,0.011443827567849507,0.20212550588502723,-0.6012455654501041,0.08867058782732562,0.32340542106150083,1.441438932868539,0.34180123620032576,0.7611367340526951,True
163,Pine,365,91,2.0034272438894205,-0.09007255654301934,-0.246937512977435,0.6042145248549086,0.34687429052002955,0.14960596485339742,0.17834953654600547,0.07749566384113062,1.3212791501036698,2.6855753376751714,-0.38428122675240806,0.2041361136663694,-0.5976720577603227,0.10379703180545274,0.4518148780357792,0.756614171674038,True
163,Spruce,6,1,7.700199476929382,-0.394853217766929,-0.4767427808565136,0.9833301310710176,66.2471319999808,2.600185199592916,2.4155679096397624,4.252262476115649,-277.33820385732866,292.7386028111874,-11.582547164510897,10.792840728977039,-10.870092641034441,9.916607079321414,-17.312678619172456,19.27933888131449,True
164,Alder,92,23,4.279694830583872,0.33400559211582403,-1.5540648084503177,0.9327299341787283,2.5954499350587548,0.2726122741778693,0.452745552002327,0.1324347339822267,-0.8782165200351066,9.43760618120285,-0.2077540173864315,0.8757652016180796,-2.453801455291935,-0.6543281616087002,0.6695437295842372,1.1959161387732193,True
164,Aspen,53,13,1.0365921876533803,0.43655359612065714,-0.8425238975807448,0.7894264869686671,0.5451547907337088,0.28689193101683585,0.4197250529654565,0.1574448653175484,-0.05893738020745354,2.1321217555142145,-0.13997732418296627,1.0130845164242805,-1.6859929704228847,0.0009451752613951481,0.4730291844133736,1.1058237895239607,True
164,Birch,96,24,0.4670606225509303,-0.34165938831003473,0.18644679789588395,0.7050738728078305,0.45741231856332426,0.45464304246845966,0.6098534078035792,0.22199513115659783,-0.44139972455257936,1.37552096965444,-1.244619714053674,0.5613009374336045,-1.0247747106888223,1.3976683064805902,0.26417238038794005,1.145975365227721,True
164,Oak,71,18,0.1004453887143095,-0.2962901784396638,0.8530526097808876,0.6363321304447904,0.045367407672708936,0.1769673344757272,0.29217651546607376,0.1275860945036607,0.009891663999111136,0.19099911342950787,-0.6495184564428041,0.05693809956347651,0.2698658440606032,1.436239375501172,0.3816692199580227,0.8909950409315581,True
164,Pine,365,91,1.9201645314152433,-0.12936862630122253,-0.22597471167932395,0.6318545899013435,0.33259230679659896,0.15313929536925983,0.18342972421412218,0.07798985815282464,1.2661027739152162,2.5742262889152707,-0.4305257926718492,0.17178854006940414,-0.5866997355164084,0.13475031215776048,0.47848308175695864,0.7852260980457283,True
164,Spruce,6,1,0.14299082081632408,-2.267172891598913,0.15480634441251992,3.2286584037388235,0.9467826041170342,2.560682900027701,2.221834888481967,3.4027779897066397,-3.930685935216655,4.216667576849304,-13.284902161289333,8.750556378091508,-9.404977603448538,9.714590292273579,-11.412313602222401,17.869630409700047,True
165,Alder,92,23,1.6176754081840328,0.16667923093820525,-1.0900324999307653,0.9644543089198419,0.9664248202985685,0.28667028547228324,0.4748855015077222,0.13422844074524992,-0.30289084231659613,3.5382416586846617,-0.4030177219291211,0.7363761838055316,-2.0337676440323285,-0.14629735582920222,0.6977034890547156,1.2312051287849681,True
165,Aspen,53,13,1.2097992386286356,0.601064303256073,-1.0146271973082728,0.7575666083813871,0.6528896331728311,0.3039735635242876,0.4376261248725032,0.15308154631009943,-0.10223160077387883,2.52183007803115,-0.0097934427442673,1.2119220492564131,-1.8940698209728837,-0.13518457364366188,0.4499377236551584,1.0651954931076157,True
165,Birch,96,24,0.36943191059086816,-0.6746333022868171,0.5911986708693351,0.7054039951382381,0.4252592499349353,0.5249910776116221,0.7164099745807694,0.25946174757078394,-0.47516966686180756,1.214033488043544,-1.7173108980526886,0.3680442934790543,-0.8316533769728378,2.014050718711508,0.19009056851567607,1.2207174217608001,True
165,Oak,71,18,0.08547428163271713,-0.3218180796824114,0.9444702604450262,0.6258912858963156,0.04031417410441545,0.18361412397415042,0.30185706370514,0.10979583264503269,0.005006853334673628,0.16594170993076063,-0.688313405051852,0.04467724568702924,0.3419610395680208,1.5469794813220317,0.40673788669966704,0.8450446850929642,True
165,Pine,365,91,1.6336858674304764,-0.07986349120900764,-0.26815971141063477,0.6758725115103111,0.3028967031513008,0.15131570510463327,0.18113067021194867,0.08015768007808255,1.0380222096860945,2.2293495251748583,-0.3774344632237588,0.21770748080574348,-0.6243635143098918,0.0880440914886223,0.5182378577987968,0.8335071652218254,True
165,Spruce,6,1,8474.87351790152,2.8943454109328153,-3.395624548957444,-1.2876020782016524,69697.32531950643,3.928912538076932,4.133821272272136,3.34467373617372,-291408.5135205928,308358.26055639586,-14.010400845761293,19.79909166762692,-21.182021930175125,14.390772832260238,-15.678571659092503,13.103367502689197,True
166,Alder,92,23,2.325178387952259,0.12044711263268992,-1.1439556312449244,0.9465256287952392,1.30445393750804,0.2823209103800559,0.4623111057334557,0.12887317422400948,-0.26714970119657977,4.917506477101098,-0.44060637119550394,0.6815005964608838,-2.0627018060679116,-0.22520945642193702,0.6904172758112437,1.2026339817792346,True
166,Aspen,53,13,1.0965853031196622,0.49199780747287697,-0.8273130640967723,0.7199554283253492,0.5809319366688807,0.2890715944161996,0.41904808646708774,0.14928833949688944,-0.07084113126765201,2.2640117375069764,-0.08891331042338474,1.0729089253691386,-1.6694217218274243,0.014795593633879722,0.41994927808025717,1.0199615785704412,True
166,Birch,96,24,0.45053247262109414,-0.5790120653294337,0.3606950842848349,0.734208216164496,0.42908436198589905,0.4445008587220652,0.5712212039524102,0.22073828762147601,-0.4016661075368056,1.302731052778994,-1.4618291387103546,0.30380500805148725,-0.7737995328373977,1.4951897014070674,0.29580292349225956,1.1726135088367324,True
166,Oak,71,18,0.07197891787377768,-0.42110817070517154,1.0787035148732258,0.6528633664683772,0.03509665482441238,0.2015264846228271,0.34655490486010204,0.12263903637921185,0.0019257016459083565,0.142032134101647,-0.8233567175696848,-0.018859623840658257,0.38697702964402036,1.7704300001024311,0.40807482532585815,0.8976519076108962,True
166,Pine,365,91,1.7645361849604768,-0.0967759655543365,-0.262905524722811,0.6553312521617536,0.30772477365804,0.1464261702614273,0.17854659805700676,0.07946803205383135,1.1593778509519708,2.369694518968983,-0.38473138817858193,0.19117945706990896,-0.6140276022164295,0.08821655277080759,0.49905283065880335,0.8116096736647038,True
166,Spruce,6,1,86.10236162102062,0.13661530863517224,-0.5089074323316686,-0.19814073888211153,838.758340689837,2.992630184797792,2.6350189469794185,4.611780102107646,-3522.7835025035133,3694.9882257455542,-12.739633124956118,13.012863742226461,-11.846478897353716,10.82866403269038,-20.04102898397393,19.644747506209704,True
167,Alder,92,23,1.8957154543079382,0.17342038283593778,-1.2018771180418455,1.0178552624750703,1.0389693093266932,0.2572258319290416,0.4275827315003574,0.12305503376239381,-0.1690177239876387,3.960448632603515,-0.33776190592941224,0.6846026716012877,-2.051607946729333,-0.3521462893543582,0.7733092410626078,1.262401283887533,True
167,Aspen,53,13,1.065606800118282,0.4460079585098762,-0.766247236401659,0.7107643918740945,0.5716113450541137,0.29444864004091587,0.4335201404788461,0.151116931267236,-0.0830892041646023,2.214302804401166,-0.14570873712272947,1.0377246541424818,-1.6374385755047376,0.10494410270141952,0.4070835488884957,1.0144452348596933,True
167,Birch,96,24,0.6325447334106823,-0.8263388153843341,0.7466909546561619,0.4972133712251644,0.6685425544374121,0.4950057375362386,0.6700701066378196,0.2659384941201626,-0.6952384862570177,1.9603279530783824,-1.80946293751736,0.15678530674869184,-0.5841261155351963,2.07750802484752,-0.030963433097479176,1.025390175547808,True
167,Oak,71,18,0.06280836960718204,-0.4529706228578766,1.213036706363658,0.5988877901245299,0.033483699586257805,0.22040052207888697,0.37633897907782154,0.11400854272421816,-0.004025374490661884,0.12964211370502599,-0.8928919061588717,-0.013049339556881479,0.46186096017897504,1.9642124525483409,0.3713257864167405,0.8264497938323192,True
167,Pine,365,91,1.5743953660682235,-0.1345993493339179,-0.24080914233964432,0.7008767295785717,0.2765290683885591,0.14944139628770495,0.1823066408635579,0.07931325438806319,1.030585167293308,2.118205564843139,-0.4284843860644002,0.15928568739656443,-0.5993255586561155,0.11770727397682682,0.5449026871909086,0.8568507719662348,True
167,Spruce,6,1,8474.873517900303,2.8943454109327544,-3.3956245489574,-1.2876020782015964,69697.32310638722,3.928912437017374,4.133821217151232,3.3446736465931797,-291408.50399831065,308358.25103411125,-14.01040041093717,19.799091232802677,-21.182021693008977,14.390772595094177,-15.67857127365849,13.103367117255297,True
168,Alder,92,23,2.658282373861544,0.39995935274102934,-1.6024185735754573,1.0699181023712876,1.4052266852027202,0.26068155210378363,0.43579411932179285,0.12308205940539911,-0.1343103754321211,5.4508751231552095,-0.1180904537032782,0.9180091591853369,-2.4684678100566813,-0.7363693370942332,0.8253183731723901,1.314517831570185,True
168,Aspen,53,13,0.5713056153314472,0.22858551755513012,-0.6303234653590448,0.9538859450395509,0.3692676997592814,0.3231610082173853,0.45580924014565904,0.1804142924514397,-0.1707656099764796,1.313376840639374,-0.42083084216424615,0.8780018772745064,-1.5463064272104563,0.28565949649236655,0.591329850504945,1.3164420395741567,True
168,Birch,96,24,0.19463779677801551,-1.4025464068022573,1.641523980552456,0.5476452241956388,0.24203415322360974,0.5635489118591915,0.7993969864598965,0.30446499899484936,-0.28606292317424903,0.6753385167302801,-2.5218031895784963,-0.28328962402601854,0.05385256393248761,3.2291953971724245,-0.05704854429857109,1.1523389926898486,True
168,Oak,71,18,0.07656577514343998,-0.302382898251076,0.9679925230623054,0.6195631863156902,0.036588612698284624,0.177446785451115,0.2882938651604902,0.11390136279598088,0.0035345985354678366,0.14959695175141213,-0.656568164406436,0.05180236790428394,0.3925555597877247,1.543429486336886,0.39221511464004627,0.846911257991334,True
168,Pine,365,91,1.7254773659424159,-0.08043538850356327,-0.27088303463778307,0.6605434407562878,0.3107915382890907,0.14716633368396093,0.17905493749629747,0.07924077706417312,1.114288064219282,2.3366666676655496,-0.3698463847507899,0.20897560774366333,-0.6230047906575571,0.08123872138199095,0.5047119291634559,0.8163749523491197,True
168,Spruce,6,1,3758.4505886565007,1.0210175846987746,-0.5729719152349817,-2.0914896123331963,24014.51883953799,2.0081880088295754,1.8925154515971405,3.184579768398278,-99567.68444862105,107084.58562593405,-7.619518033234859,9.661553202632408,-8.715808689041545,7.569864858571581,-15.793630445767155,11.610651221100762,True
169,Alder,92,23,3.4960500107026116,0.46643735196825087,-1.722200375545356,1.028801236623711,2.0014103889198784,0.2662590311683334,0.4412147830620181,0.13315165926850603,-0.4813325705656708,7.473432591970894,-0.06269652209234444,0.9955712260288462,-2.5990220421381878,-0.8453787089525245,0.7641902936739557,1.293412179573466,True
169,Aspen,53,13,1.1463838812448603,0.48504261455181313,-0.867610448288838,0.741388185886477,0.6014079294380307,0.28649219056052905,0.40914657518009373,0.15195833652272875,-0.06219060116697528,2.3549583636566958,-0.09068499722953732,1.0607702263331635,-1.6898212741269911,-0.04539962245068485,0.4360164757350496,1.0467598960379045,True
169,Birch,96,24,0.39419413446354856,-0.5880448262794958,0.4242970164788598,0.7368684543621922,0.3794781507990193,0.44536827239924087,0.5733740569567146,0.22560091822999892,-0.3594822284203012,1.1478704973473983,-1.4725846580957918,0.2964950055368001,-0.714473352537629,1.5630673854953485,0.2888055575739806,1.1849313511504038,True
169,Oak,71,18,0.07495617472737205,-0.3820057819578482,1.066881311121206,0.6103781542630023,0.03832330184939112,0.19449997101597308,0.3178442284810375,0.11742673386027651,-0.0015374559178456954,0.15144980537258979,-0.7702293489634084,0.006217785047712088,0.4324615757943303,1.7013010464480818,0.3759934124919853,0.8447628960340194,True
169,Pine,365,91,1.6550874503257051,-0.21861264391917912,-0.1110635879054012,0.6555658430612845,0.2898019038895919,0.14550160169064535,0.17595952422004182,0.0768187552169498,1.0851754628521009,2.224999437799309,-0.5047498496695606,0.06752456183120237,-0.4570980370143306,0.23497086120352817,0.5044973756932463,0.8066343104293228,True
169,Spruce,6,1,7.700199476928826,-0.3948532177669494,-0.47674278085650457,0.9833301310710493,66.24713200170974,2.6001851996489904,2.4155679096450107,4.252262476216611,-277.3382038647682,292.7386028186259,-11.582547164752185,10.792840729218288,-10.870092641057013,9.916607079344004,-17.312678619606828,19.279338881748927,True
170,Alder,92,23,1.77963028389204,0.27278383514431104,-1.3737371059831711,1.0975526097038095,0.917888391959664,0.24261094981898942,0.4122285067849319,0.12859425084296036,-0.0444800144955797,3.6037405822796593,-0.20935444652802998,0.754922116816652,-2.192954639511353,-0.5545195724549892,0.8419985583280374,1.3531066610795817,True
170,Aspen,53,13,1.5234738149792388,0.6073435260329816,-1.1534683999292425,0.8007587127226794,0.8793572058291462,0.3100426525498813,0.46705922306399583,0.16148741674524072,-0.24366065044617335,3.2906082804046513,-0.01571051098512455,1.2303975630510877,-2.0920590488714703,-0.21487775098701467,0.4762375989234739,1.1252798265218849,True
170,Birch,96,24,0.3786307870668678,-0.6779119309121888,0.63479629458185,0.6646853455026073,0.4593865435406972,0.5548646833606113,0.7379339907316579,0.26954025829169925,-0.5337505412507854,1.2910121153845209,-1.7799210862941204,0.42409722446974274,-0.8308043072234378,2.100396896387138,0.12935512664199,1.2000155643632247,True
170,Oak,71,18,0.1282880161545617,-0.10887160005526159,0.6639287710345715,0.561037867838279,0.05625587401820484,0.20894877618526678,0.3143210899111086,0.10392863400573299,0.016000821651230235,0.24057521065789317,-0.5259351028844159,0.30819190277389275,0.03654124972566253,1.2913162923434804,0.3535954461403985,0.7684802895361595,True
170,Pine,365,91,1.8979422098668983,-0.12933603222594378,-0.23425613873476367,0.6414360967810369,0.3157594464858301,0.15140277902556626,0.180834640247877,0.07555951302723174,1.2769832330795563,2.51890118665424,-0.42707824007686435,0.1684061756249768,-0.5898777818106674,0.12136550434114005,0.4928440010634977,0.790028192498576,True
170,Spruce,6,1,3758.4505886558118,1.0210175846987297,-0.5729719152349798,-2.091489612333103,24014.519066144338,2.0081880255346243,1.89251545402115,3.1845797938959066,-99567.68542363016,107084.5866009418,-7.619518105110926,9.661553274508385,-8.715808699471214,7.569864869001254,-15.793630555474502,11.610651330808297,True
171,Alder,92,23,2.3085651176894957,0.15245626802973902,-1.1932505772236157,0.9613018092421033,1.1760123390449335,0.24834085340062018,0.4137200814497986,0.11573887782761029,-0.028512284610897165,4.645642519989888,-0.34106899295683657,0.6459815290163147,-2.015432301965926,-0.3710688524813053,0.7312951103683605,1.191308508115846,True
171,Aspen,53,13,1.6124812174977246,0.6723834956775857,-1.1167521985302633,0.7020602137507573,0.962809507310966,0.33390523645712383,0.4893657683444233,0.1533294278317357,-0.32235692646699654,3.5473193614624456,0.001375800945566219,1.3433911904096052,-2.1001695284939403,-0.13333486856658627,0.39393319245690644,1.0101872350446082,True
171,Birch,96,24,0.46445561926185247,-0.5428667159173668,0.327757013375925,0.7373363658232901,0.4483940312432374,0.46092797590742873,0.6099989487418711,0.22184418603247497,-0.4260936307928988,1.3550048693166037,-1.458309461967091,0.3725760301323575,-0.883753552074879,1.539267578826729,0.29673466344903054,1.1779380681975495,True
171,Oak,71,18,0.07110854231361353,-0.44846316634213196,1.2123966705298328,0.560094892880596,0.03462481257420101,0.20724934371724507,0.36351606798272285,0.11235477213842401,0.0019971271589481893,0.14021995746827887,-0.8621345877680131,-0.034791744916250755,0.48681556201389053,1.937977779045775,0.3358338290776931,0.7843559566834989,True
171,Pine,365,91,1.8837895554214474,-0.1046315654415832,-0.2604561337133662,0.6482468901551943,0.31932632518420934,0.14374284533931916,0.17236933899493043,0.07678170060384922,1.2558161080568349,2.51176300278606,-0.387310076427668,0.17804694554450162,-0.5994302786297423,0.07851801120300994,0.49725129279909797,0.7992424875112907,True
171,Spruce,6,1,8474.873517899916,2.894345410932734,-3.395624548957384,-1.28760207820158,69697.32505697741,3.9289125133778366,4.133821246926759,3.344673737425145,-291408.5123910233,308358.25942682306,-14.010400739489745,19.799091561355212,-21.182021821122717,14.390772723207947,-15.678571664476879,13.103367508073719,True
172,Alder,92,23,1.6594726269694642,-0.03257114015667979,-0.8790823902680188,0.9405184357219468,0.9391953674041965,0.28609342197933396,0.4716321038923567,0.12779068219668,-0.20698080776928163,3.52592606170821,-0.601121698051077,0.5359794177377173,-1.8163520902623003,0.058187309726262626,0.6865613081726238,1.1944755632712698,True
172,Aspen,53,13,1.103009325352765,0.47695051470495575,-0.8584995416101949,0.7492197726871629,0.6164987005475293,0.30842450693195217,0.44134764232240653,0.1608855492713698,-0.13589119698990437,2.3419098476954345,-0.14285173694929088,1.0967527663592023,-1.745420834586676,0.028421751366285997,0.4259081568594819,1.072531388514844,True
172,Birch,96,24,0.28829074826425216,-0.9806795570962902,0.9832681818807217,0.7000820997883086,0.32358497893988997,0.5258638050620014,0.6802904014852852,0.2672416430187525,-0.35437695077918285,0.9309584473076872,-2.0250904649097876,0.06373135071720715,-0.367847276062394,2.3343836398238373,0.16931712926922582,1.2308470703073913,True
172,Oak,71,18,0.13392250124161545,-0.09308805202964333,0.6850860546602192,0.5077325463159429,0.06012939710844495,0.21237617899033848,0.31980001947446185,0.10692802314723922,0.01390372229065484,0.25394128019257606,-0.5169926794903306,0.33081657543104387,0.04676254417174097,1.3234095651486975,0.29430331883464317,0.7211617737972427,True
172,Pine,365,91,1.732775530114975,-0.2131859982746792,-0.09256617448457365,0.61846198166624,0.2889522735467192,0.14628052132099906,0.17560079896774,0.07314492906598828,1.164534389212168,2.301016671017782,-0.5008549939431359,0.0744829973937775,-0.43789516990685584,0.2527628209377085,0.47461830314611997,0.76230566018636,True
172,Spruce,6,1,86.10236162100475,0.13661530863512764,-0.508907432331667,-0.19814073888201825,838.7583405713963,2.9926301844668814,2.63501894694869,4.611780101479909,-3522.78350199392,3694.988225235929,-12.73963312353237,13.012863740802624,-11.846478897221502,10.82866403255817,-20.0410289812729,19.644747503508864,True
173,Alder,92,23,3.3302252790556173,0.31314091721464177,-1.4406448869604624,0.9314526889171831,1.952796879802123,0.2624049286534762,0.4470114677439906,0.13677439407069836,-0.550548168249072,7.210998726360307,-0.20833373798015753,0.8346155724094411,-2.3289862462714,-0.552303527649525,0.65964232181206,1.2032630560223063,True
173,Aspen,53,13,0.8207697643903372,0.49044524949956636,-0.8965952119920928,0.8683627944490387,0.4827733860572461,0.29689555353917335,0.4298161535052689,0.17179616197527847,-0.1493996773753391,1.7909392061560134,-0.10618870290653482,1.0870792019056674,-1.7603431105944214,-0.03284731338976432,0.5231254815096753,1.2136001073884022,True
173,Birch,96,24,0.6760883515281417,-0.5411369240308015,0.40464709045737884,0.5597989863736864,0.7163562219633954,0.4797977273253059,0.647932024592606,0.2606179820368101,-0.7466569389761646,2.098833642032448,-1.494056625175841,0.41178277711423783,-0.882201837900439,1.6914960188151968,0.042189178298962515,1.0774087944484103,True
173,Oak,71,18,0.11737638712058375,-0.2078734681588603,0.7616320904074675,0.5928759956432439,0.058621108386438914,0.20961038712627325,0.3234905797762927,0.12305751286671351,0.0003681650590293267,0.23438460918213816,-0.6262575519533781,0.2105106156356575,0.11594219072550072,1.4073219900894343,0.34725217193570834,0.8384998193507794,True
173,Pine,365,91,2.0596940666572525,-0.03309055055786173,-0.3543260196094979,0.6343247091825803,0.3377356029878957,0.1522467502230059,0.18474016795243303,0.07500230944476063,1.3955177235896161,2.723870409724889,-0.3324924759470307,0.2663113748313072,-0.7176281058652529,0.00897606664625722,0.4868283861181929,0.7818210322469678,True
173,Spruce,6,1,7.700199476929013,-0.394853217766947,-0.4767427808565001,0.9833301310710354,66.24713200128244,2.600185199641992,2.4155679096482072,4.252262476182357,-277.3382038629295,292.73860281678753,-11.582547164722072,10.792840729188178,-10.870092641070762,9.91660707935776,-17.312678619459458,19.27933888160153,True
174,Alder,92,23,1.987148397996792,0.1341519556273549,-1.1059342115542552,0.9460655984670787,1.0050847636999367,0.25691232464252345,0.4316854545101038,0.12422818829474412,-0.010246366200322488,3.9845431621939067,-0.37640730328494687,0.6447112145396567,-1.9638183400972211,-0.24805008301128928,0.6991881789425957,1.1929430179915617,True
174,Aspen,53,13,0.9297800219471979,0.44006283954042996,-0.8501469852586869,0.828839845381582,0.5419647743613742,0.3125244195061317,0.45781279706815,0.17231231694763208,-0.15933896800575575,2.0188990119001513,-0.18797849489728263,1.0681041739781425,-1.7701562454877149,0.06986227497034103,0.4825652801912555,1.1751144105719085,True
174,Birch,96,24,0.7958563953062869,-0.3655469503462646,0.26213454879622755,0.4650619388216001,0.6566953842385524,0.414791652222202,0.5594870601280676,0.22529636557830754,-0.508397321734867,2.1001101123474406,-1.1893589752103317,0.4582650745178025,-0.8490550458353417,1.373324143427797,0.017603909887703884,0.9125199677554963,True
174,Oak,71,18,0.04400072321726328,-0.3710953732201618,0.9599360076534418,0.8451531375639426,0.021995358980911855,0.20391867745751224,0.32019403581728234,0.12072894492465998,9.780294157789304e-05,0.08790364349294867,-0.778118756967146,0.035928010526822485,0.32082603725307135,1.5990459780538122,0.6041771549216615,1.0861291202062238,True
174,Pine,365,91,1.9789794164482781,-0.18759611065849718,-0.14238248216439908,0.6050345997321617,0.3373720978101656,0.14541380170542337,0.17465383994731684,0.07678836032287502,1.315517927063508,2.6424409058330482,-0.47356065272583714,0.09836843140884277,-0.48584922861542873,0.20108426428663057,0.454025905658428,0.7560432938058954,True
174,Spruce,6,1,86.10236162100931,0.13661530863514562,-0.5089074323316795,-0.19814073888203856,838.758340745375,2.9926301850197636,2.635018947050892,4.611780102331225,-3522.7835027424853,3694.9882259845035,-12.739633125911212,13.012863743181502,-11.846478897661253,10.828664032997896,-20.041028984935835,19.644747507171758,True
175,Alder,92,23,2.8817041942019372,0.35805705652790903,-1.5722400916996624,1.0483291208294103,1.4108212728185752,0.24945206329432199,0.4177982543223198,0.12155633219994,0.07799337764137304,5.685415010762501,-0.1376765006181203,0.8537906136739384,-2.402526328058564,-0.7419538553407611,0.8067614538424189,1.2898967878164018,True
175,Aspen,53,13,1.1068096987427645,0.4127703732305744,-0.7199770113222439,0.6871952223881136,0.5711922720340926,0.28284831430117774,0.4121841445046702,0.14391770494724257,-0.04104414677653634,2.2546635442620655,-0.1556345950528205,0.9811753415139693,-1.5482920612561295,0.1083380386116416,0.39798176634166266,0.9764086784345645,True
175,Birch,96,24,0.46330046860555674,-0.5702654757779123,0.3232581597988476,0.7458520810417459,0.4314630209116912,0.443703254786523,0.5678136890087316,0.2176320685468738,-0.3936223334975524,1.3202232707086659,-1.4514984388961065,0.310967487340282,-0.8044688385189387,1.4509851581166338,0.3136160075710295,1.1780881545124624,True
175,Oak,71,18,0.05429551671587901,-0.4257021425137489,1.0496607774780298,0.7643864026469064,0.021836174053624917,0.15065417405653986,0.2414001027389352,0.10144590437542157,0.01071033088489326,0.09788070254686476,-0.7264091324993835,-0.12499515252811427,0.5678241557485504,1.5314973992075092,0.5618995300319136,0.9668732752618991,True
175,Pine,365,91,1.8076283634600834,-0.11894888976516524,-0.24254167567892967,0.6529972377261911,0.3086942287573112,0.14644920127709424,0.17476053566914201,0.07635257464149978,1.2005635406570714,2.4146931862630954,-0.40694960419645587,0.16905182466612537,-0.5862182453577027,0.1011348939998434,0.5028455410719075,0.8031489343804747,True
175,Spruce,6,1,86.10236162101388,0.13661530863515323,-0.5089074323316679,-0.1981407388820719,838.7583407519772,2.9926301850378896,2.635018947051721,4.61178010236647,-3522.7835027708875,3694.9882260129157,-12.739633125989192,13.0128637432595,-11.84647889766481,10.828664033001473,-20.041028985087518,19.644747507323377,True
176,Alder,92,23,2.2583847609865906,0.19762142476394698,-1.2605457557361694,0.993133184752272,1.4123673873661995,0.294553434404606,0.48166014542579,0.12786911152442476,-0.5483986333443354,5.065168155317517,-0.3877416300795391,0.782984479607433,-2.217744081033949,-0.3033474304383901,0.7390201953948162,1.2472461741097276,True
176,Aspen,53,13,1.4597778116558597,0.55046865725793,-0.967548363368065,0.7028828718565207,0.8430319800588997,0.3107133205938649,0.4591692684369726,0.1474670144907888,-0.234358379578536,3.1539140028902555,-0.07393313765369958,1.1748704521695597,-1.8902835548697539,-0.044813171866376345,0.4065368112424527,0.9992289324705885,True
176,Birch,96,24,0.3027796114437736,-1.1406476099631224,1.1408358305320485,0.6454317033776227,0.3611543347779085,0.5588245746985355,0.7324309233051177,0.28215803358871994,-0.41450407116621807,1.0200632940537653,-2.2505214513479186,-0.030773768578326255,-0.31383520435612833,2.5955068654202256,0.08504149364922864,1.2058219131060168,True
176,Oak,71,18,0.04016262587314214,-0.5217359852567307,1.349090160692801,0.6718272155377282,0.018750091350562364,0.18854776998515715,0.32724646569581445,0.11156300668002976,0.0027372868986822174,0.07758796484760207,-0.8980789092799444,-0.14539306123351703,0.6959034813387028,2.002276840046899,0.4491465222042088,0.8945079088712475,True
176,Pine,365,91,1.8636598090413738,-0.11352031667248369,-0.2067067569280655,0.6113912580334729,0.3232059439854856,0.15415254976385698,0.188334459125392,0.07921855445433476,1.2280568698342311,2.4992627482485164,-0.41667010565217794,0.18962947230721056,-0.577077221957206,0.16366370810107506,0.45560344847147605,0.7671790675954698,True
176,Spruce,6,1,169.93139850273073,-1.521959061764814,4.339799258049151,-3.3526709561866923,742.5213536549634,1.837774376276272,2.9094975469744173,2.5921754204031395,-3024.880130658472,3364.742927663933,-9.42926399841554,6.385345874885912,-8.178758304484555,16.858356820582856,-14.505901604635504,7.800559692262119,True
177,Alder,92,23,2.183726590270181,0.22274890883553425,-1.382197044875133,1.0805407706910357,1.0444245108592485,0.2498940442280899,0.41907278261346104,0.12556539117763055,0.10815234525834505,4.2593008352820165,-0.27386299254062063,0.7193608102116892,-2.2150161383894598,-0.5493779513608062,0.8310059414301695,1.330075599951902,True
177,Aspen,53,13,1.6929910364614862,0.8571147763747812,-1.2211556083734676,0.6261839254753399,0.7781436732742019,0.24517767011744104,0.36065092080658884,0.11271848328456383,0.12925277972086446,3.256729293202108,0.3644118018097301,1.3498177509398324,-1.945910768074247,-0.4964004486726882,0.3996676526999143,0.8527001982507654,True
177,Birch,96,24,0.4329195520274002,-0.7547211765653555,0.6662175520534975,0.6472516216762931,0.48672044734316056,0.5400341789627165,0.7151995749680232,0.2638619175838111,-0.533749268621184,1.3995883726759843,-1.8272756700891448,0.31783331695843364,-0.7542305376797572,2.086665641786752,0.12319907759859916,1.171304165753987,True
177,Oak,71,18,0.08732164540872853,-0.3093731155177628,0.9003345749020374,0.6489231032383059,0.039962176070209694,0.175871349775148,0.292074205648441,0.10701116705411794,0.007556808127560197,0.16708648268989684,-0.6604137989026632,0.041667567867137545,0.3173520204324468,1.483317129371628,0.43532791982429,0.8625182866523219,True
177,Pine,365,91,1.8374223190987842,-0.02418887713073028,-0.34746353954061915,0.6579040523598357,0.31610880896200305,0.15594928735305089,0.18733067184018942,0.07743665128789134,1.2157763010585307,2.459068337139038,-0.3308720531471644,0.2824942988857039,-0.7158599995717508,0.02093292049051254,0.5056204570954101,0.8101876476242613,True
177,Spruce,6,1,7.700199476929129,-0.39485321776693816,-0.47674278085650956,0.983330131071032,66.24713200247115,2.6001851996703578,2.4155679096453904,4.252262476262985,-277.338203868044,292.73860282190225,-11.58254716484411,10.792840729310234,-10.870092641058653,9.916607079345633,-17.312678619806373,19.279338881948437,True
178,Alder,92,23,1.681087651671944,0.16041693594415443,-1.2134857925221765,1.0687539795300618,0.93910998890517,0.27515806917292895,0.45598876287548806,0.13345706199249885,-0.18519611124101187,3.5473714145849,-0.38640190614972103,0.7072357780380298,-2.1196676394615372,-0.3073039455828158,0.8035361128422238,1.3339718462178998,True
178,Aspen,53,13,1.7318174309093146,0.8760859481106518,-1.2748890127062888,0.6472892060607969,0.6961111144828929,0.22250373558966954,0.3278989811253233,0.1021179078639582,0.3329297729540559,3.1307050888645733,0.42894795090089993,1.3232239453204035,-1.9338266854556465,-0.6159513399569312,0.4420755871499412,0.8525028249716525,True
178,Birch,96,24,0.4434356073333589,-0.7745142343955836,0.7076909344897263,0.6200957700356142,0.47946329099344137,0.5023126668880508,0.6644234922360359,0.25395213799261757,-0.5088198743890731,1.3956910890557908,-1.7721505489331721,0.22312208014200496,-0.6119114721011499,2.0272933410806027,0.11572490360799126,1.1244666364632372,True
178,Oak,71,18,0.07068295245327268,-0.33539443077500974,0.9242181637095342,0.7155960906619939,0.0286293329825678,0.15917700663564502,0.25542904085710594,0.0988070449016059,0.013538564649895404,0.12782734025664994,-0.6531130657884971,-0.017675795761522284,0.41437966429808204,1.4340566631209866,0.518376403601836,0.9128157777221518,True
178,Pine,365,91,1.7057960597883484,-0.14010431587246128,-0.23049750041813608,0.6728868996036267,0.29347602996223887,0.15377616043285958,0.1827405798257678,0.07581642971037562,1.1286586936537102,2.2829334259229865,-0.4425139137463914,0.16230528200146885,-0.5898672824753979,0.1288722816391257,0.5237895625624782,0.8219842366447752,True
178,Spruce,6,1,169.93139850273127,-1.5219590617648242,4.339799258049178,-3.352670956186709,742.5213539665806,1.8377743763046857,2.9094975467552744,2.5921754216815054,-3024.880131999252,3364.7429290047144,-9.429263998537804,6.385345875008156,-8.178758303541631,16.858356819639987,-14.505901610135886,7.800559697762467,True
179,Alder,92,23,2.5072128337581416,0.42407704584258343,-1.5665072119045014,1.0290021135778467,1.4031924205033797,0.26889789484897186,0.4559415668563124,0.13704624005751181,-0.2813372419161406,5.295762909432424,-0.11030101526521574,0.9584551069503826,-2.4725952666732938,-0.660419157135709,0.7566515096983341,1.3013527174573594,True
179,Aspen,53,13,1.0547016910128912,0.49279741913957,-0.8936414349058773,0.78569554302771,0.5563208222578264,0.2856643663880577,0.4212251854811593,0.15527549989765543,-0.06326685729581394,2.1726702393215964,-0.08126661768408505,1.066861455963225,-1.7401251369039858,-0.0471577329077687,0.4736577435005179,1.097733342554902,True
179,Birch,96,24,0.7085623337192681,-0.3548535618768529,0.15859427688583647,0.5926044155538914,0.6155057040268771,0.43520400725620323,0.5680496041498815,0.23401937217402777,-0.5138851230538846,1.9310097904924208,-1.2192062857706985,0.5094991620169926,-0.9696012692657489,1.2867898230374217,0.12782174257756085,1.0573870885302221,True
179,Oak,71,18,0.09261133714404608,-0.35881747868492153,0.9839869949777565,0.5997575399462093,0.04839844759781115,0.2151449978283908,0.3676122680233595,0.1238711481560491,-0.003992368583040501,0.18921504287113267,-0.7882486916771438,0.07061373430730072,0.2502298369609447,1.7177441529945683,0.3525096934040301,0.8470053864883884,True
179,Pine,365,91,2.0139040931970977,-0.11608717281755636,-0.2418295498550112,0.6162839918203509,0.34941682297677323,0.15806853831854606,0.1897560278225053,0.07913879415332731,1.326755964193528,2.7010522222006674,-0.426937976836051,0.19476363120093826,-0.6149956108779266,0.1313365111679043,0.46065303544343855,0.7719149481972631,True
179,Spruce,6,1,0.14299082081627343,-2.2671728915990608,0.15480634441260083,3.2286584037389847,0.9467826041174944,2.5606829000287696,2.22183488848084,3.40277798970991,-3.9306859352186856,4.216667576851233,-13.284902161294081,8.750556378095958,-9.404977603443609,9.71459029226881,-11.41231360223631,17.86963040971428,True
180,Alder,92,23,2.251667895200279,0.3943988517475544,-1.258166988584492,0.8226810805845093,1.2575835705096705,0.2586097254200113,0.43510982288610034,0.13441757734052612,-0.247515188651783,4.750850979052341,-0.11953363452640564,0.9083313380215144,-2.122856329694524,-0.3934776474744597,0.5555543914805219,1.0898077696884967,True
180,Aspen,53,13,1.1770529215119498,0.4363716778469709,-0.717268504310766,0.6472637408532481,0.7363919857171,0.3211105344513157,0.4738309142372372,0.15701760994409866,-0.30278217780556305,2.656888020829463,-0.20892410056772875,1.0816674562616706,-1.6694673761482264,0.23493036752669438,0.3317250401163696,0.9628024415901266,True
180,Birch,96,24,0.46525594999395553,-0.9028189525250947,0.929186534083955,0.51249536413792,0.5182639528572633,0.5026316078960544,0.6873485216948991,0.28479320810911,-0.5640609953448608,1.4945728953327717,-1.901088711434594,0.09545080638440462,-0.43594695983087106,2.294320027998781,-0.05312852964819903,1.078119257924039,True
180,Oak,71,18,0.10855228905952675,-0.24881222690371615,0.8088278776240709,0.6085554131653349,0.051713742762284624,0.17909032523248297,0.2991991281727658,0.10827989601952223,0.005331226488091451,0.21177335163096206,-0.6062780121928595,0.10865355838542715,0.21162391827414506,1.4060318369739968,0.3924278361373781,0.8246829901932917,True
180,Pine,365,91,1.8699823862354514,-0.26399496175028525,-0.08207131796105126,0.6289586814436906,0.3130686280802205,0.1500211210536272,0.1801390498019342,0.07618134760772474,1.2543150574493445,2.4856497150215584,-0.5590200603268081,0.031030136826237564,-0.4363250427169086,0.27218240679480604,0.47914371252589943,0.7787736503614817,True
180,Spruce,6,1,86.10236162100632,0.13661530863513274,-0.5089074323316674,-0.19814073888202788,838.7583407735395,2.9926301850593586,2.6350189470294367,4.611780102512316,-3522.7835028636705,3694.988226105683,-12.739633126081587,13.012863743351852,-11.846478897568927,10.828664032905591,-20.041028985715,19.644747507950942,True
181,Alder,92,23,1.9390211360369485,-0.0429724040279189,-0.8799511781702175,0.9109131311456222,1.1443455595245802,0.2912385141498435,0.48218322153831156,0.1307494800519936,-0.33512519627080306,4.2131674683447,-0.6217477514463918,0.535802943390554,-1.8381890073249463,0.07828665098451126,0.6510760146063502,1.1707502476848943,True
181,Aspen,53,13,1.1620083550176992,0.5540607826014442,-0.9384840014215696,0.744310860061176,0.7513076435803724,0.33880324442690607,0.49735220716631284,0.15268843637618718,-0.34780088098733786,2.6718175910227364,-0.12678982765791136,1.2349113928607998,-1.9379506810745635,0.060982678231424226,0.4374719593236068,1.0511497607987452,True
181,Birch,96,24,0.26625561287367744,-1.2179257151882588,1.2253247572984858,0.6762895555775935,0.3062213321609139,0.5184520610038512,0.69230593977881,0.27439079372790415,-0.3419263848896607,0.8744376106370155,-2.24761625954312,-0.18823517083339736,-0.14965459684020188,2.6003041114371737,0.13132575465724317,1.221253356497944,True
181,Oak,71,18,0.10193430744516857,-0.3534528513958598,1.04373473194684,0.5195244792696664,0.041426769680031374,0.1660164324539495,0.2652625019488436,0.10387212705644229,0.019246129083544103,0.18462248580679302,-0.6848230374794193,-0.022082665312300298,0.5142685620472968,1.5732009018463833,0.31219484591463054,0.7268541126247022,True
181,Pine,365,91,1.9628572048626605,-0.15901240532234623,-0.18175803893421802,0.615324387011916,0.32219693379371417,0.1458664230381888,0.17321218462587723,0.0739955176523225,1.3292385417974462,2.5964758679278748,-0.445867053078666,0.12784224243397352,-0.5223896878980808,0.15887361002964476,0.4698079774805298,0.7608407965433023,True
181,Spruce,6,1,8.500495513224783,-0.26117217952056876,-0.8031514829718824,1.1039864491509759,55.041541861511185,2.1162156560340573,2.2735070974598117,3.310829715227973,-228.32414482389078,245.32513585034036,-9.366513248581217,8.844168889540079,-10.585263001840895,8.97896003589713,-13.141364062633762,15.349336960935712,True
182,Alder,92,23,2.142204620378178,0.16985044765747598,-1.1731239225057795,0.9542498420631721,1.1534867135258329,0.26852497441252565,0.44338140781871493,0.12580945775421698,-0.1501078346291238,4.434517075385481,-0.3637865124465853,0.7034874077615372,-2.054251300518487,-0.291996544493072,0.7042299817683115,1.2042697023580327,True
182,Aspen,53,13,1.6678680341271241,0.7243588347102524,-1.2387928436096776,0.7516697390139583,0.8922244528223929,0.3013734864444335,0.4514931395959166,0.14843442183066272,-0.1251241322259422,3.4608602004801905,0.11872613922421427,1.3299915301962906,-2.1461022766753666,-0.33148341054398855,0.45337960056546267,1.049959877462454,True
182,Birch,96,24,0.5455307030647696,-0.6888005061723479,0.745940358669889,0.4452947642925792,0.606351753768827,0.5223248106216456,0.7220290294127734,0.28351525842884656,-0.6587362183548184,1.7497976244843576,-1.7261826655520884,0.34858165320739265,-0.6880716170883252,2.179952334428103,-0.11779101111981649,1.0083805397049748,True
182,Oak,71,18,0.1253601698724957,-0.08280219899482913,0.5585458265511762,0.6320005193444407,0.05759235126289574,0.20676689392521058,0.3315112993369258,0.11268271325247789,0.010405355623796492,0.24031498412119492,-0.49551064660541166,0.32990624861575346,-0.10315349637910831,1.2202451494814608,0.40708488233825785,0.8569161563506236,True
182,Pine,365,91,1.8563209262140992,-0.08844649738941691,-0.3025501999766551,0.6712971344185485,0.3079384434402036,0.1462359220052454,0.17598513217296116,0.07482190586164082,1.250742398381531,2.4618994540466677,-0.3760277859574716,0.1991347911786378,-0.6486350085868422,0.043534608633531924,0.5241555852987876,0.8184386835383095,True
182,Spruce,6,1,169.93139850272541,-1.5219590617648235,4.339799258049153,-3.3526709561866768,742.5213539278365,1.8377743764298682,2.909497546862125,2.592175421327401,-3024.880131832555,3364.7429288380063,-9.42926399907642,6.385345875546774,-8.178758304001397,16.8583568200997,-14.505901608612266,7.800559696238913,True
183,Alder,92,23,2.5235684005492103,0.15915599842640754,-1.189952113512523,0.9340220237868326,1.3433918712814106,0.26709008831603737,0.44425673985866104,0.12606393076909522,-0.14614064974491514,5.193277450843336,-0.37162942708091534,0.6899414239337305,-2.0728190300165776,-0.3070851970084687,0.6834964518486315,1.1845475957250338,True
183,Aspen,53,13,1.7579947205763964,0.683826447445605,-1.1399085036536074,0.6864235521990504,1.029198336871551,0.3100532387079524,0.45265042262336536,0.15501788704722638,-0.31025677129526974,3.8262462124480625,0.06075113674638266,1.3069017581448272,-2.049543584033607,-0.23027342327360745,0.37490344507684675,0.9979436593212541,True
183,Birch,96,24,0.5518516680854133,-0.8507161569550257,0.7884157960187492,0.5332133431087427,0.5823555465461456,0.48671687756090504,0.6623748429643511,0.2588725457931509,-0.6047567145104835,1.7084600506813101,-1.8173778877079176,0.1159455737978663,-0.527117816285402,2.1039494083229004,0.019070122074660856,1.0473565641428246,True
183,Oak,71,18,0.0735269235088683,-0.3741367644708099,0.9699971180388673,0.6984366605672294,0.027667806834322486,0.14440093233762763,0.23091621720220187,0.09481754626866871,0.018301749930002435,0.12875209708773416,-0.6623622317457563,-0.0859112971958636,0.5090864194233526,1.430907816654382,0.5091800461067866,0.8876932750276723,True
183,Pine,365,91,1.8266524741828332,-0.05356713310717317,-0.284655477940566,0.6299725243666244,0.3130262736424949,0.14521794249978634,0.1736617088834178,0.07561434371373657,1.211068437816336,2.44223651054933,-0.33914650686591524,0.23201224065156892,-0.626171142018181,0.05686018613704896,0.48127260097403857,0.7786724477592103,True
183,Spruce,6,1,3758.4505886562747,1.0210175846987508,-0.5729719152349629,-2.091489612333175,24014.519002096782,2.008188023342969,1.8925154549532854,3.184579783896431,-99567.68514805532,107084.58632536785,-7.619518095680975,9.661553265078476,-8.715808703481851,7.569864873011926,-15.793630512450305,11.610651287783954,True
184,Alder,92,23,2.1096915774731397,0.09017370693513714,-1.0806693836303052,0.9315146211670283,1.2154099792044426,0.2822483287840431,0.4649921057834682,0.13141111074209738,-0.3056803558145109,4.52506351076079,-0.4707355362229272,0.6510829500932015,-2.0047434826802943,-0.15659528458031602,0.6703626526630518,1.192666589671005,True
184,Aspen,53,13,1.1993679960065686,0.45582350283940815,-0.7784138354735233,0.6716351850407116,0.6399956391556866,0.3015918143372519,0.435775069049806,0.15053604685064997,-0.08675139231139961,2.4854873843245366,-0.1502479389736125,1.0618949446524288,-1.654136623194298,0.09730895224725145,0.36912167299431836,0.9741486970871049,True
184,Birch,96,24,0.5865424918651603,-0.2678265947224613,0.058706570985948135,0.6803835717741568,0.5681491745542857,0.4621255840085455,0.6140546180994867,0.21662868659952086,-0.5418508097041856,1.7149357934345062,-1.1856478938348833,0.6499947043899609,-1.160858903882094,1.2782720458539905,0.25014030145975374,1.1106268420885597,True
184,Oak,71,18,0.049496066686314434,-0.3869324491879342,1.0282088012401056,0.7697091703105199,0.021197941050050993,0.1583221637201085,0.2606502690750557,0.09984327493918255,0.007184799262276893,0.09180733411035197,-0.7029448106006314,-0.07092008777523695,0.5079486866873532,1.5484689157928582,0.570421159438667,0.9689971811823728,True
184,Pine,365,91,1.887317944471026,-0.07470511341939928,-0.295784025168977,0.6453706510503189,0.32091619059274223,0.14993948584455083,0.18079310475897434,0.07554560882174506,1.2562179360223367,2.518417952919715,-0.36956967169709004,0.22015944485829148,-0.6513239863348812,0.05975593599692719,0.4968058987465972,0.7939354033540406,True
184,Spruce,6,1,0.14299082081632652,-2.2671728915989133,0.15480634441253222,3.2286584037388075,0.9467826041172637,2.5606829000278886,2.2218348884804984,3.402777989707222,-3.9306859352176393,4.216667576850292,-13.284902161290141,8.750556378092313,-9.404977603442207,9.714590292267273,-11.412313602224922,17.869630409702538,True
185,Alder,92,23,2.680606647184448,0.43526037404872003,-1.6073431244957967,1.0381984547540857,1.4978000512912457,0.26056661801776465,0.4396509175725788,0.13256101201694392,-0.2959562142902499,5.657169508659146,-0.08256102505131829,0.9530817731487584,-2.4810569370515063,-0.7336293119400872,0.7747612991010502,1.3016356104071212,True
185,Aspen,53,13,1.0330115654132779,0.5042033378536497,-0.8696582448314527,0.758836533978216,0.6056545193663964,0.3125301337640327,0.44855627984950397,0.1630879969234907,-0.18409675896084376,2.2501198897873995,-0.1238494798152393,1.1322561555225388,-1.7710658372758292,0.031749347612923806,0.4310989338877595,1.0865741340686725,True
185,Birch,96,24,0.5284111885136425,-0.206912420955703,-0.0028468607120030903,0.7249007143477003,0.49911761317796965,0.4254429824760606,0.5565403171974579,0.2205681896202395,-0.46287947356842996,1.5197018505957152,-1.0518789070942864,0.6380540651828803,-1.108183969529516,1.1024902481055097,0.2868332509882604,1.1629681777071403,True
185,Oak,71,18,0.10082863522339112,-0.31061347198718814,0.9723226579429958,0.5449515631138929,0.046455511027995264,0.19312685990405526,0.333254643015734,0.1026615814914246,0.008103047120998297,0.19355422332578395,-0.6960962977423555,0.07486935376797915,0.3071436064658729,1.6375017094201185,0.3400381888195607,0.7498649374082251,True
185,Pine,365,91,1.8472133930890333,-0.15511007912169433,-0.22112462106175163,0.6601949904592754,0.33156385182737413,0.15661551094607656,0.19113267886122365,0.08032639672246354,1.1951741509958107,2.499252635182256,-0.46310342186549314,0.15288326362210447,-0.5969979449390632,0.15474870281556002,0.5022285458353188,0.818161435083232,True
185,Spruce,6,1,8474.873517900207,2.8943454109327424,-3.3956245489573824,-1.287602078201599,69697.32307827949,3.9289124125963646,4.133821181839042,3.344673667506127,-291408.50387737295,308358.2509131733,-14.01040030586206,19.799091127727547,-21.182021541072867,14.390772443158102,-15.678571363639643,13.103367207236444,True
186,Alder,92,23,2.2512399357670714,0.17165404200009288,-1.2590708543794231,1.0016590074666427,1.2765962102561053,0.27335262955023737,0.45068059244689046,0.12898444755999938,-0.28572677435676663,4.788206645890909,-0.37157686823004293,0.7148849522302287,-2.154703828025235,-0.36343788073361105,0.7453295221098085,1.2579884928234768,True
186,Aspen,53,13,1.1865220849870222,0.5169622813867212,-0.8667781851133936,0.7094953847649254,0.6320054679648823,0.28952415961102707,0.4193625314807409,0.15032142462635856,-0.08354045316548242,2.456584623139527,-0.06485830031825235,1.0987828630916947,-1.7095187437569215,-0.024037626469865514,0.4074131722258057,1.011577597304045,True
186,Birch,96,24,0.5333951395675034,-0.40704165041931906,0.18178291843341704,0.7096002107904147,0.5055453628505283,0.4524527398534258,0.5886594740326039,0.22254986090167506,-0.47066158818802495,1.5374518673230317,-1.3056518461092574,0.4915685452706192,-0.9873456082863865,1.3509114451532205,0.2675969772142206,1.1516034443666088,True
186,Oak,71,18,0.05475417431125201,-0.5229829386281195,1.3072957098269316,0.6230701047499175,0.02457551644362808,0.1875465558527133,0.3243771786227369,0.11246675411517405,0.005701238185284327,0.1038071104372197,-0.8973274308788071,-0.14863844637743195,0.659836151440793,1.95475526821307,0.3985855239859213,0.8475546855139138,True
186,Pine,365,91,1.8108560681213812,-0.08797092898026207,-0.31766603461762993,0.6835614429229825,0.3131246487826038,0.15642342427039452,0.19329453750869102,0.08032369258121537,1.19507857142607,2.4266335648166923,-0.395586522310976,0.2196446643504519,-0.6977907769358795,0.06245870770061962,0.5256003161471576,0.8415225696988073,True
186,Spruce,6,1,7.70019947693061,-0.39485321776689347,-0.4767427808565069,0.9833301310709317,66.24713200171453,2.600185199650727,2.415567909646313,4.2522624762116665,-277.3382038647871,292.7386028186483,-11.582547164759601,10.792840729225814,-10.87009264106262,9.916607079349607,-17.31267861958567,19.279338881727536,True
187,Alder,92,23,1.966179747847966,0.21914822468929587,-1.2291806933561076,0.9892046401968769,1.00652125288214,0.24074188607192057,0.40874846201616205,0.12460982964682227,-0.03406973674188074,3.9664292324378128,-0.2592756855417718,0.6975721349203636,-2.0414823691861543,-0.4168790175260607,0.7415687886814085,1.2368404917123454,True
187,Aspen,53,13,1.1095424189953957,0.5305703635329528,-0.9431485170533247,0.7783349507407125,0.6576979395079614,0.3137231112575974,0.4591691197919708,0.1503719244885072,-0.21215107375072817,2.4312359117415197,-0.09987983216545626,1.1610205592313618,-1.8658834098416985,-0.020413624264950747,0.4761512549291405,1.0805186465522845,True
187,Birch,96,24,0.21376821614304786,-1.254485063705471,1.524449215843322,0.512082677858158,0.27499987427996775,0.5808259515848807,0.820229733847902,0.3079717702568219,-0.33240527132767705,0.7599417036137728,-2.408055538678322,-0.10091458873261994,-0.10459783530846334,3.1534962669951074,-0.09957584105613293,1.1237411967724489,True
187,Oak,71,18,0.0742561168617878,-0.42426076753023995,1.1088686730513746,0.61715479282909,0.03524431300400469,0.1842259635362139,0.29725108527724203,0.11189547083556635,0.003908173673912052,0.14460406004966356,-0.7919773297768825,-0.05654420528359738,0.5155530235949137,1.7021843225078355,0.39381049826370573,0.8404990873944743,True
187,Pine,365,91,1.6890346754760825,-0.14981507311428635,-0.20897131637966676,0.6706702128394407,0.29334912379998546,0.1510477254840696,0.18324706644544034,0.07872164770052302,1.1121468775540124,2.2659224733981524,-0.44685904790745945,0.14722890167888672,-0.5693371332875358,0.15139450052820225,0.5158595987749648,0.8254808269039167,True
187,Spruce,6,1,7.700199476928862,-0.39485321776694754,-0.4767427808565078,0.983330131071049,66.24713200124064,2.6001851996301197,2.4155679096416383,4.252262476192787,-277.3382038627498,292.7386028166075,-11.58254716467099,10.792840729137096,-10.870092641042506,9.91660707932949,-17.31267861950432,19.27933888164642,True
188,Alder,92,23,2.873601551911588,0.4394670535090878,-1.7150688544338055,1.1034169016157767,1.494959931582119,0.2579333685843377,0.4300772177052222,0.1267114370622894,-0.09731716845025495,5.844520272273431,-0.0731213156803287,0.9520554226985043,-2.569756950274182,-0.8603807585934292,0.8516045469836964,1.355229256247857,True
188,Aspen,53,13,1.3067083560154773,0.7257531978088673,-1.0748171861816136,0.6841348564902048,0.5085855580228972,0.21468054487410188,0.30581882720991976,0.11232397790903355,0.28466741265110707,2.3287492993798473,0.2943364909364596,1.157169904681275,-1.689383128390574,-0.46025124397265316,0.45841137194835924,0.9098583410320503,True
188,Birch,96,24,0.18139538873316427,-1.225731681481316,1.3256300779057753,0.7295216421450809,0.21888427046181125,0.5506420038630359,0.7283172559638929,0.2761013323340641,-0.2533276658268695,0.616118443293198,-2.319354230892243,-0.1321091320703891,-0.1208708585635061,2.7721310143750566,0.1811605639044196,1.2778827203857421,True
188,Oak,71,18,0.044855241058737144,-0.47259109125472165,1.2013493589473183,0.7272067211862528,0.018137827671644423,0.1643708075324572,0.2807552859805452,0.09507902337373321,0.00865198550226369,0.0810584966152106,-0.8006765962473903,-0.144505586262053,0.6409594626933889,1.7617392552012476,0.5374281962397149,0.9169852461327908,True
188,Pine,365,91,1.8478506969570014,-0.11443116501041097,-0.25659141384893297,0.6547084783143703,0.3246500418453411,0.1467579532444231,0.17898429789730103,0.0796626762132114,1.2094078568714637,2.486293537042539,-0.40303905781070154,0.17417672778987964,-0.6085742530647865,0.09539142536692058,0.498047277960648,0.8113696786680926,True
188,Spruce,6,1,7.700199476928569,-0.39485321776696186,-0.4767427808564974,0.9833301310710636,66.24713199975739,2.6001851995896352,2.415567909641929,4.252262476097615,-277.3382038563682,292.7386028102253,-11.582547164496813,10.79284072896289,-10.870092641043748,9.916607079330753,-17.312678619094815,19.279338881236942,True
189,Alder,92,23,2.6711598748649035,0.07316182620220273,-1.0660364826181037,0.878423216254426,1.4143116524678225,0.25849344324247797,0.42931694945604115,0.12128018086145112,-0.13948733779702271,5.48180708752683,-0.4405395736788848,0.5868632260832902,-1.9192137050723295,-0.2128592601638779,0.6374043420235731,1.1194420904852789,True
189,Aspen,53,13,1.0978078815110373,0.5239309095544696,-0.9425045984039594,0.7891643560279854,0.6023711544324551,0.3017893484077175,0.4439165522186615,0.16618859385919327,-0.11270227399737776,2.3083180370194523,-0.082537491835048,1.1303993109439872,-1.8345883090943707,-0.050420887713548246,0.4551958731152222,1.1231328389407487,True
189,Birch,96,24,0.4656449013670972,-0.8630228614599057,0.7992356977561533,0.6059834094481567,0.4876577136843874,0.5058062352871687,0.6538748262736342,0.25662901992941906,-0.5028854111371364,1.4341752138713308,-1.8675977043923155,0.14155198147250403,-0.4994161477047089,2.0978875432170154,0.09629602443375862,1.1156707944625546,True
189,Oak,71,18,0.08679147315828563,-0.2547678182489191,0.8982440424341819,0.5956134941127691,0.04221138190748331,0.21598358072163598,0.33608036261086144,0.12436791915853934,0.0025372022359966967,0.17104574408057455,-0.6858728497016013,0.17633721320376322,0.22742483103905164,1.569063253829312,0.34737408849958185,0.8438528997259563,True
189,Pine,365,91,1.4653799537488357,-0.09274481777084001,-0.26766170313944765,0.7187018015830686,0.2709959545608161,0.15368972080376672,0.18660411788577358,0.08038624910526794,0.9324509391765197,1.9983089683211517,-0.39498442717971305,0.20949479163803306,-0.6346293533435545,0.09930594706465923,0.5606176538316264,0.8767859493345108,True
189,Spruce,6,1,169.93139850272664,-1.5219590617648293,4.339799258049172,-3.352670956186691,742.5213538222205,1.8377743764810406,2.9094975469722932,2.592175420818729,-3024.880131378125,3364.742928383578,-9.429263999296603,6.385345875766945,-8.178758304475394,16.85835682057374,-14.50590160642364,7.800559694050259,True
190,Alder,92,23,2.3479633010392025,0.3431048362234746,-1.5491132948126747,1.104643397573866,1.2093053265071327,0.25707592557219217,0.4288956968545147,0.12433596992630781,-0.055276917814770066,4.751203519893175,-0.16777954515823484,0.853989217605184,-2.4014533662413533,-0.6967732233839962,0.8575517847053615,1.3517350104423707,True
190,Aspen,53,13,1.78570592175898,0.8198410303581994,-1.1980047333300081,0.6205145290642198,0.7855508961823063,0.24201538069964112,0.35287360749399554,0.10990566376875949,0.20708229328633498,3.364329550231625,0.3334929142997949,1.306189146416604,-1.9071307967864044,-0.4888786698736117,0.39965082873426844,0.8413782293941712,True
190,Birch,96,24,0.24670964742547588,-1.0751676269189878,1.0581011094124533,0.7419696599801108,0.28161202369955696,0.5132352844386767,0.6799896423548514,0.2701337555831572,-0.3125961395331316,0.8060154343840833,-2.0944972027191646,-0.055838051118810794,-0.29241701493700956,2.4086192337619163,0.20546070426978125,1.2784786156904402,True
190,Oak,71,18,0.09510584876874421,-0.2680368882786331,0.9734122779865103,0.5118356130137128,0.0437914202536355,0.17548594511961876,0.28670640896931193,0.12526618570320094,0.007697808107855197,0.18251388942963323,-0.6183083007514167,0.08223452419415062,0.4011438905311706,1.54568066544185,0.2618032598732396,0.7618679661541861,True
190,Pine,365,91,1.6590890316775109,-0.14151836506802362,-0.1973004778125217,0.6572706384790789,0.30350631465577405,0.1492397552258637,0.18251936911214725,0.08059167464571729,1.0622265381096296,2.255951525245392,-0.43500686313962256,0.15197013300357531,-0.5562352363735334,0.16163428074849012,0.4987825096755317,0.815758767282626,True
190,Spruce,6,1,0.1429908208162892,-2.267172891599019,0.154806344412586,3.2286584037389288,0.9467826041184153,2.5606829000312756,2.2218348884818373,3.4027779897119275,-3.9306859352226318,4.21666757685521,-13.284902161304819,8.750556378106781,-9.404977603447914,9.714590292273087,-11.412313602245046,17.869630409722905,True
191,Alder,92,23,3.310197192965063,0.41721780517624907,-1.6898283105772107,1.0526289367718549,1.6984112136819551,0.2582519983950317,0.43297820338503257,0.12267786848492479,-0.06503819830069135,6.685432584230817,-0.09600377380659275,0.9304393841590909,-2.5502815058570945,-0.829375115297327,0.8088324520926727,1.296425421451037,True
191,Aspen,53,13,0.8351933103558067,0.41221510856388244,-0.7571135434141092,0.8066504039497933,0.6067586106229034,0.3395816065113059,0.4941211851955719,0.18098591492305274,-0.3841337684669224,2.0545203891785357,-0.2701996788658033,1.094629895993568,-1.7500872413240816,0.23586015449586317,0.44294559105124715,1.1703552168483393,True
191,Birch,96,24,0.49769092478053634,-0.6550295540692181,0.6113617800121277,0.5827997097366177,0.5017309860462495,0.4732821302230975,0.6351069841538127,0.2455826697518376,-0.4987901213963183,1.494171970957391,-1.595008716962795,0.2849496088243587,-0.650015511015858,1.8727390710401135,0.09505132966216484,1.0705480898110704,True
191,Oak,71,18,0.07395590079875054,-0.38101852152209176,1.0443381079487062,0.6346577523291218,0.039671332897203065,0.22201491577678942,0.3791634956714248,0.12768421348033077,-0.005228411079385334,0.15314021267688643,-0.8241621481307859,0.06212510508660246,0.28752460304710803,1.8011516128503042,0.3797989955452323,0.8895165091130113,True
191,Pine,365,91,1.7657961079928701,-0.04016314868193299,-0.3235673377318638,0.6623984470111807,0.3130867565093586,0.14952588152831905,0.17944348772263666,0.07895392296533592,1.1500931286159937,2.381499087369747,-0.3342143304609617,0.25388803309709573,-0.6764531999523018,0.02931852448857425,0.50713105037891,0.8176658436434513,True
191,Spruce,6,1,8.500495513225301,-0.2611721795205516,-0.8031514829718859,1.1039864491509457,55.04154186216944,2.1162156560512018,2.273507097460681,3.310829715264358,-228.3241448267225,245.3251358531731,-9.366513248654966,8.844168889613863,-10.585263001844638,8.978960035900865,-13.141364062790345,15.349336961092234,True
192,Alder,92,23,1.651935040366913,0.2076036154562412,-1.1775270241880105,1.002992588530794,0.9443601540057242,0.2632946070520887,0.4458725522986041,0.13288178491797567,-0.22478232243906437,3.5286524031728908,-0.3156390886030799,0.7308463195155622,-2.063605028377432,-0.2914490199985892,0.7389179641426256,1.2670672129189624,True
192,Aspen,53,13,1.1625334281609345,0.7108884504811631,-1.0022919888766828,0.6691660537927961,0.5045076506536609,0.24678263820574184,0.3443019486796151,0.12655669429963404,0.1486873464650884,2.1763795098567806,0.21496017178948007,1.2068167291728462,-1.6941926590385796,-0.310391318714786,0.41484085483531635,0.9234912527502759,True
192,Birch,96,24,0.1571927763030609,-1.2717922498969823,1.4312999132398727,0.7318703734407235,0.1968512852137359,0.5399330245042115,0.726836430054325,0.274966039152657,-0.23377086773418432,0.5481564203403061,-2.3441458419348358,-0.1994386578591285,-0.01225997515262911,2.8748598016323745,0.18576408545338274,1.277976661428064,True
192,Oak,71,18,0.07757784349295145,-0.36902713609923254,1.1366105927793768,0.5248689813678188,0.03952037335653172,0.22680115713095284,0.3890518539896398,0.12320164506003967,-0.0013051518808845919,0.1564608388667875,-0.8217241404352182,0.08366986823675321,0.360059842067026,1.9131613434917276,0.27895746859832027,0.7707804941373173,True
192,Pine,365,91,2.037971947748543,-0.25278975330231257,-0.09152941889508702,0.60438071007708,0.3402051463020201,0.15004055587928947,0.18174287930109362,0.07588847942411486,1.3689391067786671,2.707004788718419,-0.5478530715729462,0.042273564968321076,-0.44893716591638455,0.2658783281262105,0.45514168316087245,0.7536197369932877,True
192,Spruce,6,1,3758.4505886560314,1.0210175846987333,-0.572971915234958,-2.0914896123331443,24014.518936042266,2.0081880157636247,1.8925154525050687,3.1845797794783426,-99567.6848638459,107084.58604115798,-7.619518063069704,9.66155323246717,-8.715808692948022,7.569864862478105,-15.793630493440773,11.610651268774483,True
193,Alder,92,23,1.9926181836976078,0.2090259815863206,-1.3399877221968692,1.0800312129566503,1.1143736759797402,0.2609179112437402,0.4311410804341757,0.13041628952261758,-0.221965328211583,4.207201695606798,-0.30949353898128285,0.727545502153924,-2.1967900216560663,-0.48318542273767207,0.820856242579465,1.3392061833338356,True
193,Aspen,53,13,1.1764791260344676,0.45074473994059355,-0.7763701152987724,0.6861442325621213,0.5988539331866581,0.2830063549011469,0.4088694182260005,0.14614431657119836,-0.026962908754888826,2.379921160823824,-0.11797782281896046,1.0194673027001475,-1.5980239733851818,0.045283742787636805,0.3924562329334647,0.979832232190778,True
193,Birch,96,24,0.4530689795468933,-0.7222475030479997,0.6366059796585567,0.6335434372418369,0.5169904440572204,0.516882817698556,0.6918761593793086,0.2679493342765541,-0.5737186673896407,1.4798566264834272,-1.7488213947462472,0.30432638865024797,-0.7375197935093872,2.0107317528265005,0.10137293079900844,1.1657139436846653,True
193,Oak,71,18,0.08673061196979362,-0.3594457951634557,1.0218941416193081,0.5893590964106794,0.03850303819913353,0.18048579855466088,0.2866638360745327,0.1155927837781458,0.009878226068967988,0.16358299787061925,-0.7196969568614855,0.0008053665345741368,0.44971073001760276,1.5940775532210134,0.35863493432446064,0.8200832584968982,True
193,Pine,365,91,1.7241168256560453,-0.10556798743672943,-0.28294131110607784,0.6918257901037196,0.2927629798223733,0.14614398795899908,0.17842318262040388,0.07727319564221707,1.1483817133262475,2.299851937985843,-0.3929684824547435,0.18183250758128464,-0.6338206850983901,0.06793806288623433,0.539863639697453,0.8437879405099862,True
193,Spruce,6,1,169.9313985027333,-1.5219590617648229,4.339799258049182,-3.352670956186718,742.5213539346969,1.8377743762564382,2.909497546741979,2.5921754216261417,-3024.8801318620654,3364.742928867532,-9.429263998330212,6.385345874800565,-8.178758303484422,16.858356819582784,-14.505901609897684,7.800559697524247,True
194,Alder,92,23,2.1701000063621922,0.15331987958825224,-1.1898330157937178,0.9688699756145075,1.1422788419980043,0.2770294674670671,0.45307370220959087,0.1253423030726323,-0.09993915915152618,4.440139171875911,-0.3972179733686263,0.7038577325451307,-2.090221792216373,-0.2894442393710627,0.7197784870836686,1.2179614641453465,True
194,Aspen,53,13,1.2945049008243017,0.6602952504695658,-0.8795760454799965,0.5746641228923748,0.5108456331005935,0.21641572392938116,0.308697406706998,0.11172732926314985,0.26792216654974,2.3210876350988636,0.2253915707356836,1.095198930203448,-1.4999267097643934,-0.25922538119559957,0.3501396486945638,0.7991885970901857,True
194,Birch,96,24,0.6159123127192329,-0.7150563380306982,0.7326894184457344,0.42981369159257904,0.6597859291019459,0.49949856223184025,0.678371949357083,0.28409075946873147,-0.6944794931870303,1.926304118625496,-1.7071035978161186,0.2769909217547222,-0.6146158279758331,2.079994664867302,-0.1344150785605232,0.9940424617456813,True
194,Oak,71,18,0.06910250626999072,-0.35541909171354685,0.9607557994016475,0.7047599107258574,0.030846179411627088,0.16946078396719375,0.2712106443134446,0.1228255094613695,0.007533274474619954,0.13067173806536148,-0.6936642321917416,-0.017173951235352147,0.4194170876514288,1.5020945111518662,0.4595991677535508,0.949920653698164,True
194,Pine,365,91,1.9123985970908595,-0.13225558338633214,-0.2239281100913577,0.6317652850630139,0.3396467402883778,0.1582464487924136,0.19251032754811945,0.08018754061711346,1.2444638934236747,2.5803333007580442,-0.44345625850778836,0.17894509173512407,-0.6025106587551576,0.15465443857244227,0.47407190889689277,0.789458661229135,True
194,Spruce,6,1,8474.873517899876,2.8943454109327273,-3.3956245489573726,-1.2876020782015831,69697.32470249796,3.9289124994099223,4.133821241210275,3.344673721193548,-291408.5108658213,308358.2579016211,-14.010400679390665,19.79909150125612,-21.182021796526655,14.390772698611912,-15.678571594637956,13.10336743823479,True
195,Alder,92,23,2.072476365427538,0.35032601508476696,-1.4967775848678115,1.086173233445823,1.0752780228032124,0.2517753070686562,0.42739186889984804,0.13284815552839668,-0.0644127511649848,4.209365482020061,-0.1500245008675289,0.8506765310370628,-2.3461291142437313,-0.6474260554918918,0.8221654404027254,1.3501810264889205,True
195,Aspen,53,13,1.525274672317059,0.6581324567156167,-1.1454189279720852,0.7575832310824012,0.8951868754092717,0.3146218597524107,0.45234773372770987,0.16226428403009577,-0.2736707051085112,3.324220049742629,0.025876158297623575,1.29038875513361,-2.054445732242822,-0.23639212370134854,0.4315009440250152,1.0836655181397872,True
195,Birch,96,24,0.16668686227301424,-1.4084725182276348,1.431913761435048,0.8096976383492351,0.215943882597415,0.5904722570751391,0.7658271216954157,0.29156315899709007,-0.26219632818301297,0.5955700527290414,-2.5812013885438185,-0.23574364791145097,-0.08908500611428516,2.952912528984381,0.23062803773806784,1.3887672389604024,True
195,Oak,71,18,0.07660662895283378,-0.33957640652983134,0.9195205260774578,0.6995606789712797,0.032374954385767915,0.16031770422298278,0.26262446462189826,0.09895288100283868,0.011985949537653126,0.14122730836801445,-0.6595718834570614,-0.019580929602601216,0.3953199007207281,1.4437211514341874,0.5020499018347426,0.8970714561078168,True
195,Pine,365,91,1.7624283205213809,-0.0689259176087792,-0.26661498810430734,0.6393241277774332,0.30424698932340855,0.15961799230831147,0.1927305621383716,0.07914595591908621,1.164109247937843,2.3607473931049188,-0.3828238113494398,0.24497197613188143,-0.6456306406620308,0.11240066445341612,0.4836790873793233,0.7949691681755431,True
195,Spruce,6,1,7.700199476928347,-0.39485321776696536,-0.4767427808565006,0.9833301310710786,66.24713200241817,2.6001851996758747,2.4155679096493965,4.252262476252507,-277.33820386781684,292.7386028216735,-11.582547164867874,10.792840729333944,-10.87009264107588,9.916607079362878,-17.312678619761247,19.279338881903403,True
196,Alder,92,23,1.8869000627181085,0.14935385953266478,-1.1070646744607933,0.9445372877469924,1.0633065885174466,0.27747176463610607,0.45603732752682297,0.12996334236004792,-0.22619834385081927,3.9999984692870365,-0.4020629661054884,0.700770685170818,-2.013343033439541,-0.20078631548204573,0.6862624546752858,1.202812120818699,True
196,Aspen,53,13,1.0113534920200706,0.4227940212722054,-0.7558886907847114,0.7326426671413551,0.5785538722933121,0.3015735127584532,0.4399503783679931,0.15694670648819234,-0.15129404308580185,2.174001027125943,-0.18324064214126096,1.0288286846856718,-1.64000207671867,0.12822469514924706,0.4172464522336928,1.0480388820490174,True
196,Birch,96,24,1.0803909756579686,0.35162723204543206,-0.7718373602129405,0.6778091618365757,0.7432504179513697,0.3374719070092816,0.4455314896097355,0.1500085180464861,-0.3957685095034553,2.5565504608193925,-0.3186211048211062,1.0218755689119703,-1.6567013554976908,0.11302663507180977,0.379879296718333,0.9757390269548184,True
196,Oak,71,18,0.0767608474731977,-0.3425968876782878,0.924543418841368,0.695308811676737,0.03568580598437267,0.17768915132065854,0.29642780640820565,0.11758202071204445,0.005531680608263936,0.14799001433813147,-0.6972659181339873,0.012072142777411698,0.33287104088519637,1.5162157967975398,0.46061411605232083,0.9300035073011531,True
196,Pine,365,91,1.783010399153617,-0.12431015721838144,-0.26601309846470267,0.685569620488074,0.3211051015743113,0.1504203714789831,0.1833406464130531,0.08054076923236361,1.151538886475602,2.414481911831632,-0.4201204045477605,0.1715000901109976,-0.6265629457209375,0.09453674879153218,0.5271816000858458,0.8439576408903022,True
196,Spruce,6,1,3758.450588656308,1.0210175846987632,-0.5729719152349846,-2.0914896123331683,24014.519155608024,2.0081880294345846,1.8925154531426098,3.1845798072795066,-99567.68580856084,107084.58698587347,-7.619518121891069,9.661553291288595,-8.715808695691166,7.569864865221196,-15.79363061305955,11.610651388393213,True
197,Alder,92,23,0.9815111084400959,0.02798752024930517,-0.523184752265288,0.7444627098002813,0.6595852812394671,0.2903292914993804,0.5160574841410627,0.15293828689801267,-0.3292760359589132,2.292298252839105,-0.5489809382110276,0.6049559787096379,-1.5487405601690938,0.5023710556385176,0.44053000230321915,1.0483954172973435,True
197,Aspen,53,13,1.7638314362569365,0.7615511055279208,-1.0870441051910371,0.5800918662256529,0.7307226749219421,0.2226543768956859,0.3301491060256224,0.1109963129478327,0.2953892435249623,3.232273628988911,0.3141103832799097,1.208991827775932,-1.7505035732204837,-0.42358463716159045,0.3570364243130407,0.8031473081382651,True
197,Birch,96,24,0.8261567444060007,-0.13694552164714668,-0.07583325097503846,0.580055397822553,0.7226733869221942,0.4227818402957752,0.5473743431845646,0.20957102281551657,-0.6091349809848989,2.2614484697969006,-0.9766267497140038,0.7027357064197104,-1.1629659442240143,1.0112994422739372,0.16382925697920248,0.9962815386659035,True
197,Oak,71,18,0.060112211978922366,-0.37152484589423845,1.029177420187267,0.6971593653376837,0.030389908951576353,0.18620130969006665,0.30692513684549755,0.12930890872488432,-0.0005463001664921668,0.1207707241243369,-0.7431842155660628,0.0001345237775859376,0.4165522829832966,1.6418025573912374,0.43905770327292015,0.9552610274024473,True
197,Pine,365,91,1.9058394362900453,-0.06578066130497844,-0.29077161000562074,0.6348074026287073,0.32037168734739463,0.15147784874095505,0.1821895673564133,0.07647774525869977,1.2758102245565497,2.535868648023541,-0.3636704980366003,0.2321091754266434,-0.6490577945870971,0.06751457457585563,0.4844095508102777,0.7852052544471368,True
197,Spruce,6,1,169.9313985027306,-1.5219590617648144,4.339799258049152,-3.3526709561866928,742.5213538297307,1.83777437610899,2.9094975467373123,2.592175421372815,-3024.8801314104353,3364.7429284158966,-9.429263997695784,6.3853458741661555,-8.178758303464374,16.858356819562676,-14.505901608807681,7.800559696434297,True
198,Alder,92,23,2.655965396501565,0.3315488343448838,-1.5273161462154259,1.057461224889434,1.320120089937031,0.2507491260423422,0.41991087905122226,0.11845488988440003,0.03250412140969239,5.279426671593438,-0.16676236245433612,0.8298600311441038,-2.361800780286267,-0.692831512144585,0.8220570227824736,1.2928654269963942,True
198,Aspen,53,13,1.0895347795825876,0.44693831176756726,-0.778967519338041,0.7128549420809114,0.5974873514492174,0.3072191520532565,0.44756155828645106,0.15390150649240755,-0.11116100638769488,2.29023056555287,-0.17044168857049957,1.064318312105634,-1.6783761439614677,0.12044110528538587,0.40357828567688425,1.0221315984849384,True
198,Birch,96,24,0.47435944999112983,-1.0111756742730031,0.975122949154222,0.5552220144936669,0.5228491061964596,0.5206075683613417,0.6907210893000156,0.2596412981048982,-0.5640640056557868,1.5127829056380466,-2.0451472422966637,0.022795893750657603,-0.3967087551341185,2.3469546534425625,0.03955198501209922,1.0708920439752347,True
198,Oak,71,18,0.05033072013879026,-0.35798299213150064,0.9607390186823382,0.7968738018175234,0.021472025978709296,0.15608875405948858,0.2568661264213449,0.1016109992127983,0.007472376907438315,0.09318906337014221,-0.6695374492036397,-0.046428535059361564,0.44803208447921605,1.4734459528854604,0.5940573985279203,0.9996902051071266,True
198,Pine,365,91,1.811845290268984,-0.18409593343566052,-0.11905522663297102,0.6061112259393908,0.3135464178709189,0.14948031953854507,0.18020704034416293,0.07701133583140184,1.1952383605846193,2.428452219953349,-0.47805751496087157,0.10986564808955054,-0.47344265867139246,0.2353322054054504,0.45466403779947984,0.7575584140793018,True
198,Spruce,6,1,169.93139850273218,-1.5219590617648144,4.339799258049158,-3.352670956186701,742.5213537634214,1.8377743760334966,2.9094975467366435,2.5921754212159347,-3024.8801311251277,3364.7429281305917,-9.429263997370963,6.385345873841334,-8.178758303461489,16.858356819559805,-14.505901608132689,7.800559695759286,True
199,Alder,92,23,1.5911157825828879,0.0976444806951895,-1.0362834081396768,0.9875376633575164,0.8831925437819299,0.2740466626412086,0.4598687557796114,0.13167156994110726,-0.1640438083693998,3.3462753735351756,-0.4469656744624909,0.6422546358528699,-1.9501759256530184,-0.12239089062633501,0.7258680869271454,1.2492072397878873,True
199,Aspen,53,13,1.0307638860467436,0.3775579684001297,-0.7713475939793887,0.7733756958038778,0.5611142002578638,0.29998846785293487,0.4281101796362187,0.15207045154150878,-0.09683731599303691,2.158365088086524,-0.22529142802146918,0.9804073648217285,-1.6316672097392844,0.088972021780507,0.46777868208699974,1.0789727095207557,True
199,Birch,96,24,0.5649970135752289,-0.13790968400264184,-0.06023421065036866,0.7011708593785596,0.5290828689869174,0.42634280881856473,0.5694112319351349,0.21589172802550452,-0.48580723305293505,1.6158012602033929,-0.9846633029277048,0.7088439349224211,-1.1911340671150263,1.0706656458142891,0.2723912524041703,1.129950466352949,True
199,Oak,71,18,0.05222583882049183,-0.42992186863546855,1.0565312666637692,0.7689792838574607,0.022513690154885125,0.16276869513950376,0.26616705644341854,0.09987916006145223,0.0072883251914040575,0.0971633524495796,-0.7548095439077147,-0.1050341933632224,0.5252595984363833,1.587802934891155,0.5696196459817724,0.9683389217331491,True
199,Pine,365,91,1.7651883416535932,-0.09743499780171552,-0.27993814877607515,0.6687403782441822,0.3018608350117855,0.14808473934643593,0.178828356108697,0.07848629568450109,1.1715617777385763,2.35881490556861,-0.3886520912118081,0.19378209560837703,-0.6316143195626303,0.07173802201048002,0.5143925973543912,0.8230881591339732,True
199,Spruce,6,1,86.1023616210064,0.13661530863513194,-0.5089074323316649,-0.19814073888202965,838.75834082849,2.9926301852277826,2.635018947050961,4.611780102799382,-3522.7835031001027,3694.9882263421155,-12.739633126806257,13.012863744076522,-11.846478897661534,10.828664032998205,-20.041028986950142,19.644747509186086,True
200,Alder,92,23,2.761727166451252,0.36619666302616216,-1.52477970191422,1.0071611528638784,1.455736099927759,0.24512403869483723,0.4191852436165659,0.130730589823255,-0.13124243080403764,5.654696763706541,-0.12093585469857115,0.8533291807508955,-2.357822288040206,-0.691737115788234,0.747361576684723,1.2669607290430338,True
200,Aspen,53,13,1.028894110295674,0.4888248615157487,-0.8900642100855669,0.7854522620450887,0.6651620258777605,0.3427048915061764,0.49929671310572216,0.15536619918435476,-0.30779902558699224,2.36558724617834,-0.19986640209812606,1.1775161251296236,-1.8934385207228486,0.11331010055171475,0.47323219547732026,1.0976723286128571,True
200,Birch,96,24,0.6896458369433175,-0.670483335623328,0.5197461904902199,0.5571786763273888,0.7173995608496379,0.5062055391252195,0.6572306478201657,0.25080890870156636,-0.735171614646898,2.114463288533533,-1.6758512304447963,0.3348845591981404,-0.7855706062263383,1.825062987206778,0.05905053458576265,1.055306818069015,True
200,Oak,71,18,0.07418741400845338,-0.3578485824554513,0.9592108973892578,0.6870879177429317,0.03504745085091903,0.1841735899054013,0.3064526394955183,0.13656540921786411,0.004232409322728017,0.14414241869417876,-0.7254606064974614,0.009763441586558674,0.34752886884310086,1.5708929259354147,0.4145022200731917,0.9596736154126716,True
200,Pine,365,91,2.0308746067812993,-0.12765476331725997,-0.21445771633134364,0.605548662518812,0.3492229823977751,0.1489508203332801,0.18187098345608818,0.07832758686688436,1.344107676341808,2.7176415372207905,-0.4205750544286123,0.16526552779409234,-0.5721173874863225,0.14320195482363518,0.45151299157883007,0.759584333458794,True
200,Spruce,6,1,8474.873517900505,2.894345410932768,-3.3956245489574144,-1.2876020782016027,69697.3236845404,3.9289124394283976,4.133821196160558,3.3446736922811975,-291408.5064859028,308358.2535217039,-14.010400421310955,19.79909124317649,-21.18202160269341,14.390772504778582,-15.678571470238172,13.103367313834966,True
