iter,Species,n_train,n_test,a0,a_DBH_cm,a_H_m,a_BA_sq_m_sq_m,SE_a0,SE_a_DBH_cm,SE_a_H_m,SE_a_BA_sq_m_sq_m,CI95_lo_a0,CI95_hi_a0,CI95_lo_a_DBH_cm,CI95_hi_a_DBH_cm,CI95_lo_a_H_m,CI95_hi_a_H_m,CI95_lo_a_BA_sq_m_sq_m,CI95_hi_a_BA_sq_m_sq_m,success
1,Alder,92,23,2.102115257369046,1.6097980952223025,-2.615885020830401,1.3532220096333036,1.3512243083234339,0.23274756897468782,0.4154869273826337,0.1419503695244324,-0.5831591156756208,4.787389630413713,1.147261210334812,2.072334980109793,-3.441577980587753,-1.790192061073049,1.07112547896836,1.6353185402982473,True
1,Aspen,53,13,1.2237695828864266,1.7738350524509954,-1.7705066778646772,0.9660155868842394,0.8854969558106889,0.38397404142371316,0.5932456686074321,0.12100216530028583,-0.5557031720640584,3.0032423378369115,1.0022103271054645,2.545459777796526,-2.962678483032352,-0.5783348726970026,0.722852631857766,1.2091785419107128,True
1,Birch,96,24,0.976627434995386,-0.35431667777478426,1.0576307772523206,0.1458503914405155,0.8331577737123718,0.39693663029935633,0.5932474664486537,0.22554941652556337,-0.6780958192362215,2.6313506892269936,-1.1426670879090253,0.43403373235945664,-0.12060989842727499,2.2358714529319164,-0.302110218517217,0.593811001398248,True
1,Oak,71,18,0.5028228034848234,0.4997441158389133,0.27620121976511564,0.497809210089867,0.18122697774356555,0.1172021320570223,0.2491514494391756,0.11303045222689143,0.14109224193391018,0.8645533650357367,0.2658076811435208,0.7336805505343058,-0.22110715473299009,0.7735095942632213,0.2721994831857346,0.7234189369939994,True
1,Pine,356,89,0.47824975371999817,0.5647628835754402,-0.37769122362872376,0.7887097006002644,0.12405288541550795,0.1638084414212063,0.21416348941915822,0.09492128023633165,0.23427169008217652,0.7222278173578198,0.24259652515811875,0.8869292419927617,-0.7988921757500145,0.04350972849256701,0.6020255289865654,0.9753938722139633,True
1,Spruce,6,1,18.918689424456282,0.7870641120941768,0.24702600004946298,-0.6550068248504355,25.45168298794999,0.2823774313470996,0.8436270688339019,1.1249816958817467,-90.59106385900759,128.42844270792017,-0.427907913696006,2.0020361378843594,-3.38280831051428,3.876860310613206,-5.495412389494228,4.185398739793357,True
2,Alder,92,23,0.7209579223525219,1.0775222518937113,-1.63368352381866,1.2552349090824488,0.5049772786533652,0.2443808168599977,0.4431604780887231,0.1555460177870342,-0.2825783054853358,1.7244941501903797,0.5918667313886758,1.5631777723987468,-2.5143718504181147,-0.7529951972192053,0.946119884419427,1.5643499337454707,True
2,Aspen,53,13,1.16467328921276,1.704516649395582,-1.6341063147990078,0.9217831744317804,0.7658617361984587,0.3249984955107635,0.49614623779535877,0.12242477667812644,-0.3743834909164687,2.703730069341989,1.0514077207128931,2.3576255780782707,-2.631149508267396,-0.6370631213306196,0.6757613748083402,1.1678049740552205,True
2,Birch,96,24,1.1047310039378175,-0.23682348287860636,0.9799320984664331,0.04942875676620328,0.9506971396396149,0.40908620880937535,0.6141377276694365,0.22103850049178286,-0.7834355766649994,2.9928975845406347,-1.0493040046483195,0.5756570388911069,-0.23979843918129407,2.1996626361141605,-0.3895727845799223,0.48843029811232885,True
2,Oak,71,18,0.35417949824044986,0.4480758416232178,0.3249187925076202,0.6054018785266019,0.12510091463243503,0.11035040296996866,0.22429529614564486,0.0959868233559934,0.10447702753790414,0.6038819689429956,0.22781551542510248,0.6683361678213331,-0.1227764923676648,0.7726140773829051,0.4138113772316886,0.7969923798215152,True
2,Pine,356,89,0.5293586797740452,0.7356250739530642,-0.671150379529193,0.8507214113408318,0.13557769590966756,0.16198260772602913,0.20901835665848015,0.09337088028041643,0.2627144690430709,0.7960028905050194,0.4170496305554293,1.054200517350699,-1.0822322640938913,-0.26006849496449475,0.6670864519872216,1.034356370694442,True
2,Spruce,6,1,12.979986461924735,0.7915629712151382,-0.0739600594432712,-0.2544668140443793,12.437361382973954,0.29270417978435503,0.2128742017213056,0.4531422900019303,-40.53366044274553,66.493633366595,-0.4678414669274873,2.0509674093577637,-0.989883824561334,0.8419637056747915,-2.2041807250619456,1.6952470969731868,True
3,Alder,92,23,0.8690335728878361,1.3532149740348491,-2.1137388954113927,1.3791771297393187,0.6123398751069342,0.2490620594030294,0.43713443762535237,0.16313037611312292,-0.34786325474415813,2.0859304005198305,0.8582564676692304,1.848173480400468,-2.9824517328729283,-1.245026057949857,1.0549897866436129,1.7033644728350246,True
3,Aspen,53,13,1.0481148893991992,1.556750208033869,-1.5367451424503986,0.9932553391196612,0.5908774976531044,0.28181688281749134,0.43508684349619353,0.1250866186044002,-0.13929789806136994,2.2355276768597685,0.9904179789188858,2.1230824371488524,-2.4110848891410743,-0.6624053957597231,0.741884367876029,1.2446263103632935,True
3,Birch,96,24,1.0272957140955246,-0.0021631677751228753,0.6538430375898124,0.18968578775150025,0.8134237943184095,0.3826727910140128,0.545840784642907,0.19218816923408083,-0.5882341536827389,2.642825581873788,-0.762184361877553,0.7578580263273074,-0.4302438760233337,1.7379299512029585,-0.19201650544419585,0.5713880809471963,True
3,Oak,71,18,0.41186743771869044,0.40832587290115846,0.41355279499661046,0.5293603605494058,0.15400974479419116,0.10859911968545799,0.207113283811393,0.09442635428175446,0.10446270050818102,0.7192721749291999,0.19156112276919132,0.6250906230331256,0.00015295027945794182,0.826952639713763,0.34088456856287164,0.71783615253594,True
3,Pine,356,89,0.576278300967231,0.7055557599079353,-0.6632560581530913,0.8421821213326031,0.14590418730773674,0.16566594582013397,0.20874573238631666,0.09569366828034896,0.2893247087411401,0.8632318931933218,0.37973619886714255,1.031375320948728,-1.0738017654108263,-0.25271035089535643,0.6539788738930967,1.0303853687721094,True
3,Spruce,6,1,18.918689424456087,0.7870641120941754,0.2470260000494595,-0.655006824850428,25.451682990451058,0.2823774313604328,0.8436270688578528,1.1249816959686085,-90.59106386976902,128.4284427186812,-0.4279079137533758,2.0020361379417264,-3.3828083106173357,3.8768603107162547,-5.4954123898679565,4.1853987401671,True
4,Alder,92,23,1.069973526275391,1.4013040941338895,-2.221102208358132,1.3711311606522196,0.757769173008145,0.24255730730299097,0.4337752178239973,0.15606600775113044,-0.4359334711251919,2.5758805236759743,0.9192724156899162,1.8833357725778628,-3.0831393023546947,-1.3590651143615697,1.0609827652037356,1.6812795561007037,True
4,Aspen,53,13,1.6881406287496397,1.752575613662316,-1.800104923345036,0.9083511546174484,0.8927943472704502,0.2626034924571998,0.39684831941748866,0.10851390290500336,-0.10599678337402008,3.4822780408732994,1.2248541380366722,2.28029708928796,-2.597601478942776,-1.002608367747296,0.690284302455307,1.12641800677959,True
4,Birch,96,24,0.9766460210308673,-0.15242841186528078,0.9175469979002489,0.09171697826053558,0.8531994642804862,0.4296971221896303,0.6393058906253155,0.2172222332770591,-0.7178817606066409,2.6711738026683753,-1.0058439866793834,0.7009871629488218,-0.3521696838169459,2.187263679617444,-0.33970512698859795,0.5231390835096691,True
4,Oak,71,18,0.30733541734240205,0.43992656754274273,0.3917644162036134,0.593315020230428,0.12785897725386824,0.1171319140128607,0.22341945680581404,0.10269875379685178,0.052127830606550685,0.5625430040782534,0.2061302886501001,0.6737228464353854,-0.05418268603258525,0.8377115184398121,0.38832744970392474,0.7983025907569313,True
4,Pine,356,89,0.45473341095308184,0.5566727339400843,-0.3897421604434305,0.8133365534259277,0.12227876125083591,0.16352270572703403,0.2132158431304062,0.10076575286453444,0.2142445638449681,0.6952222580611955,0.2350683394073017,0.878277128472867,-0.8090793517519931,0.029595030865132044,0.6151579041945809,1.0115152026572745,True
4,Spruce,6,1,11.701202228254685,0.7803381607466467,-0.07130235221712301,-0.21656258053491068,11.416641896940178,0.29113361431668455,0.2103267448311038,0.4542709438332658,-37.42064319357831,60.82304765008768,-0.47230867959933975,2.032985001092633,-0.9762652949927757,0.8336605905585297,-2.1711326970407545,1.738007535970933,True
5,Alder,92,23,0.6498686718211234,1.2483208825376262,-1.8231927252837534,1.3182682797692191,0.4528677904009631,0.2385667305709827,0.4161449565757361,0.14987616124909917,-0.2501108981511967,1.5498482417934434,0.7742196367880041,1.7224221282872483,-2.6501933797873205,-0.9961920707801862,1.0204209035390823,1.616115655999356,True
5,Aspen,53,13,0.5951410851345103,1.4764083420594192,-1.2336006653465446,0.9654108830583199,0.3515826729119184,0.2825756391289496,0.43359388580028957,0.11744095759126087,-0.1113907481529901,1.3016729184220106,0.9085513350499138,2.0442653490689247,-2.10494020122145,-0.36226112947163913,0.7294044428581768,1.2014173232584628,True
5,Birch,96,24,1.7491714380423948,0.18626630374599482,0.38291328998787133,0.08158031037359052,1.3236664441060413,0.3700522477402415,0.561119203831444,0.18949253039453604,-0.8797443748039715,4.378087250888761,-0.5486894020479085,0.9212220095398982,-0.7315178829202718,1.4973444628960144,-0.2947682114074436,0.45792883215462465,True
5,Oak,71,18,0.3754804275386755,0.4406691492579029,0.3423690953359334,0.5821685249843781,0.13949050962041157,0.1077517749282214,0.20424051741285837,0.09096913147487985,0.09705620502908807,0.6539046500482629,0.22559570634011952,0.6557425921756863,-0.06529668365058089,0.7500348743224476,0.40059337860209243,0.7637436713666638,True
5,Pine,356,89,0.4552497898854596,0.7500018082167459,-0.6476393377648559,0.8632587325284229,0.12591074889375165,0.17567363264272282,0.22714804759253726,0.1005817700099741,0.20761781741345728,0.7028817623574619,0.4044998670016365,1.0955037494318554,-1.094377361029013,-0.20090131450069887,0.6654419272029864,1.0610755378538592,True
5,Spruce,6,1,3.9858988778056186,0.5181254029726622,-0.045668990105486064,0.3205609250021031,4.805823384523718,0.3188932897449923,0.1658540700974475,0.584020096864311,-16.69189022605291,24.663687981664143,-0.8539616806304117,1.8902124865757362,-0.7592814575414838,0.6679434773305116,-2.19227473896853,2.833396588972736,True
6,Alder,92,23,1.1502589429044494,1.3014125024955405,-2.02561276206775,1.2628581622718706,0.7784628458292705,0.2466451354589727,0.44687919438456114,0.14791107957936317,-0.3967723807596888,2.6972902665685874,0.8112571245880134,1.7915678804030677,-2.913691255872106,-1.1375342682633938,0.9689159729275657,1.5568003516161757,True
6,Aspen,53,13,1.113157747415596,1.694790983707117,-1.6211713125201404,0.937493649288756,0.6115862561023226,0.2778925353486194,0.41475194196031023,0.11612661161654596,-0.11587084821621296,2.342186343047405,1.1363450260874695,2.2532369413267643,-2.4546465446348433,-0.7876960804054373,0.7041284862124205,1.1708588123650914,True
6,Birch,96,24,1.15222651136012,-0.026015104753079287,0.7589968679480696,0.09595060048074276,0.911025977206783,0.38267206784961966,0.5771548224468622,0.20198988458971243,-0.6571497163573039,2.961602739077544,-0.7860348625886033,0.7340046530824447,-0.3872824276760023,1.9052761635721416,-0.305218745465423,0.49711994642690854,True
6,Oak,71,18,0.28401603948530113,0.21941518893418094,0.704990704361003,0.5580516646397138,0.13261644983379056,0.2173684493678499,0.37438794469065295,0.13161012774620803,0.019312497735878564,0.5487195812347236,-0.2144540519055721,0.653284429773934,-0.04229076088790085,1.4522721696099068,0.29535675018394614,0.8207465790954814,True
6,Pine,356,89,0.5285767319936634,0.6651225154484789,-0.5634312986686648,0.823042060146567,0.14090258099709713,0.17129010398080616,0.21840343936235965,0.09821311121272783,0.2514599300901942,0.8056935338971326,0.3282417750321509,1.0020032558648069,-0.9929710715565885,-0.1338915257807411,0.6298837582072888,1.0162003620858453,True
6,Spruce,6,1,11.85981075858228,0.7104879998793494,-0.049619166971160124,-0.17667758735441846,8.127536478971072,0.22527256101648102,0.1596125631149374,0.331712326767786,-23.110156258367574,46.82977777553213,-0.2587815997038533,1.679757599462552,-0.7363765973514432,0.637138263409123,-1.6039205355956914,1.2505653608868545,True
7,Alder,92,23,0.7222427310191785,1.1153262054900204,-1.8206392979063935,1.391883976531093,0.4531284286969519,0.24022954373796526,0.4192753270151031,0.15261264838657324,-0.17825480279714712,1.622740264835504,0.637920467986546,1.5927319429934947,-2.653860905857282,-0.987417689955505,1.0885984071474133,1.6951695459147729,True
7,Aspen,53,13,0.8632217933823364,1.4934898100463472,-1.3353902530051898,0.9275623554358914,0.5004873976438365,0.2888156225035228,0.4446265704334185,0.12290686048098669,-0.14254528741797257,1.8689888741826453,0.9130930869672014,2.073886533125493,-2.2289007987178873,-0.44187970729249215,0.6805717721400022,1.1745529387317806,True
7,Birch,96,24,1.4974415976087363,0.19297993417145992,0.4939079628863491,0.036347792376911256,1.1648556047136505,0.39492468886648874,0.5887598878463962,0.20066697498512615,-0.816062180136879,3.8109453753543514,-0.5913745866124556,0.9773344549553755,-0.6754199943350604,1.6632359201077587,-0.36219414090502244,0.434889725658845,True
7,Oak,71,18,0.4122483772848177,0.48001116592715265,0.20873921288013939,0.6419442720674291,0.13788301031016229,0.09629666760851525,0.18978962988154627,0.08845217681129416,0.13703273682757777,0.6874640177420577,0.287802212915759,0.6722201189385463,-0.17008247387079597,0.5875608996310747,0.46539298822036335,0.8184955559144949,True
7,Pine,356,89,0.46199461155620103,0.8177559147434217,-0.7691048674435045,0.900167685847631,0.12723153003854937,0.16761872547140041,0.2132889679694061,0.10146906524132424,0.2117650241628064,0.7122241989495957,0.4880957707413255,1.147416058745518,-1.1885858752909833,-0.34962385959602577,0.7006058137170591,1.099729557978203,True
7,Spruce,6,1,11.859810758582347,0.7104879998793516,-0.04961916697116182,-0.1766775873544206,8.12753647906658,0.225272561018657,0.1596125631153959,0.33171232677123796,-23.11015625877844,46.829777775943136,-0.2587815997132136,1.679757599471917,-0.7363765973534178,0.637138263411094,-1.6039205356105461,1.250565360901705,True
8,Alder,92,23,0.4905150085729335,1.007842980383733,-1.446786470644336,1.2704442411061836,0.3597655286130663,0.2529289964790316,0.45465539317233744,0.15809267124342533,-0.22444338015544107,1.205473397301308,0.5051997491590351,1.510486211608431,-2.3503185254865526,-0.5432544158021196,0.9562682778400384,1.5846202043723288,True
8,Aspen,53,13,0.9131967098367526,1.6251781979761328,-1.5043775284783847,0.9480166483885659,0.5410473830062742,0.2885368486298211,0.43613705006821796,0.12658092912427696,-0.17407871316623535,2.0004721328397403,1.0453416919703367,2.205014703981929,-2.380827744290071,-0.6279273126666985,0.6936427477276076,1.2023905490495244,True
8,Birch,96,24,1.3569854809558883,0.09872942111326932,0.6394886201765245,0.02935394669858521,1.1320846125060557,0.3925671061800606,0.6022130244921627,0.20588896612841964,-0.891432277573311,3.6054032394850877,-0.6809427369560503,0.878401579182589,-0.5565584276571157,1.8355356680101647,-0.37955931174028373,0.43826720513745415,True
8,Oak,71,18,0.36044842508653574,0.4264454900156011,0.34921511412613804,0.605675719384761,0.13423570614993122,0.1053475729602356,0.20093260003109634,0.09323578706447758,0.09251283420278822,0.6283840159702833,0.21617085431068145,0.6367201257205208,-0.05184803413195371,0.7502782623842298,0.41957630950994007,0.7917751292595818,True
8,Pine,356,89,0.5995355698264705,0.7315123686082415,-0.6551754441535577,0.8125846980278367,0.15632561356629332,0.16794127914715407,0.21688721915245993,0.10043615014408816,0.2920858852250133,0.9069852544279278,0.40121784983149944,1.0618068873849835,-1.0817332269844115,-0.22861766132270378,0.6150542871122284,1.010115108943445,True
8,Spruce,6,1,39.39128951631083,1.3022601313603792,-0.4659469178006271,-0.6691433979105662,107.87327897830755,1.2135153421946148,0.9240974842775413,1.0589954014267424,-424.7499687409776,503.5325477735993,-3.9190749682614276,6.523595230982186,-4.442017481032728,3.5101236454314737,-5.225632852595001,3.8873460567738687,True
9,Alder,92,23,0.7453625368065991,0.9229512118921028,-1.4569427511583466,1.2232234122699315,0.4596228214511304,0.24146612291619413,0.4108472103352697,0.14638104934577678,-0.16804123790833836,1.6587663115215365,0.44308803312067296,1.4028143906635326,-2.2734152482517875,-0.6404702540649055,0.9323218365017181,1.5141249880381449,True
9,Aspen,53,13,1.2400960340481357,1.9105782874926938,-1.9865424145974722,1.04012925666668,0.6774449781828565,0.28844157916756874,0.4374500523149042,0.11243834203519691,-0.12128061862569073,2.601472686721962,1.3309332326390946,2.490223342346293,-2.865631207210394,-1.10745362198455,0.8141759488088807,1.2660825645244793,True
9,Birch,96,24,1.344497196968209,-0.20019099844445676,0.8680653112304756,0.07051101943924211,1.1556749278372593,0.41519628109129436,0.6046850751502295,0.21773376007360432,-0.9507729640528564,3.639767357989274,-1.0248066511688716,0.6244246542799582,-0.33289144258996106,2.069022065050912,-0.3619270221812637,0.5029490610597479,True
9,Oak,71,18,0.3787781011261849,0.40298600107683913,0.38757156778169743,0.5770756586808745,0.14095017648060895,0.10857673857052842,0.20754831531730142,0.0972784683196675,0.09744037136954958,0.6601158308828201,0.1862659238372438,0.6197060783164344,-0.026696603455512558,0.8018397390189074,0.38290702324803305,0.771244294113716,True
9,Pine,356,89,0.48584431861219346,0.6695588339234105,-0.5824317281723552,0.8571360932038116,0.130602705930218,0.16264463910534363,0.2087475608541101,0.09723138241664445,0.22898455116714644,0.7427040860572405,0.34968135604708034,0.9894363117997407,-0.99298103152566,-0.17188242481905053,0.6659085830384099,1.0483636033692132,True
9,Spruce,6,1,18.91868942445596,0.7870641120941756,0.24702600004945358,-0.6550068248504208,25.451682988505002,0.282377431356339,0.8436270688172297,1.124981695882227,-90.59106386139594,128.42844271030785,-0.4279079137357614,2.0020361379241125,-3.3828083104425546,3.876860310541462,-5.49541238949628,4.1853987397954375,True
10,Alder,92,23,0.6169634476927849,1.232742789002952,-1.9637469610852372,1.458876149035653,0.3886633614472535,0.22347614887872874,0.3922826869132998,0.15294006547886563,-0.15542331134255527,1.3893502067281251,0.788630903304753,1.676854674701151,-2.7433263689367764,-1.184167553233698,1.154939906982888,1.762812391088418,True
10,Aspen,53,13,1.1178235378551167,1.6064161827679333,-1.5844343616008307,0.9773295964461542,0.6252555792229306,0.28483822724191493,0.4212983041045213,0.12520566690220633,-0.13867459102818414,2.3743216667384175,1.0340123347147898,2.178820030821077,-2.4310650009738204,-0.7378037222278409,0.7257193886912283,1.2289398042010802,True
10,Birch,96,24,1.5678466364745458,0.2214574537064212,0.3500955318441361,0.13266567278597502,1.2824702470319664,0.38746016646308573,0.586222214874126,0.18911694505208415,-0.9792499730525783,4.11494324600167,-0.5480718812695204,0.9909867886823629,-0.8141923878101507,1.514383451498423,-0.242936904085568,0.508268249657518,True
10,Oak,71,18,0.38082225325290325,0.4380005087537084,0.3347531072786843,0.5926786173347898,0.14792818407605157,0.11305672982254591,0.21218970271421733,0.09719116851446453,0.0855563620413125,0.676088144464494,0.2123383315491259,0.6636626859582908,-0.08877931197703759,0.7582855265344062,0.3986842330424382,0.7866730016271413,True
10,Pine,356,89,0.5619468727569159,0.89588188623542,-0.8292016584771437,0.8220810003070732,0.1423496619674748,0.15625598636346777,0.20043946081393885,0.09447682729483085,0.2819840587522582,0.8419096867615736,0.5885691392800723,1.2031946331907677,-1.2234112035610538,-0.4349921133932334,0.636270945951367,1.0078910546627795,True
10,Spruce,6,1,19.776425212335816,0.937647890957123,-0.10223911452741936,-0.48766708268588455,8.514510667611328,0.13641788901395369,0.0917694871302661,0.21008069397872395,-16.85855735368898,56.41140777836061,0.35068908841184987,1.524606693502396,-0.49709134883127376,0.29261311977643506,-1.3915713540899008,0.41623718871813187,True
11,Alder,92,23,1.2107636943965352,1.4215040982800384,-2.2123161513941674,1.31882689698044,0.8060871484584984,0.2400052732113168,0.40857462106205594,0.15854806710130923,-0.3911651259056965,2.812692514698767,0.9445440513211529,1.898464145238924,-3.0242723548580264,-1.4003599479303082,1.003745930141436,1.633907863819444,True
11,Aspen,53,13,0.8806614862417501,1.5605901491047787,-1.3883892976541883,0.9085081885645747,0.5853173350325885,0.33686885820384427,0.5195436724677035,0.1268406953007428,-0.2955777361022187,2.0569007085857187,0.8836268334983322,2.237553464711225,-2.4324513964524694,-0.3443271988559069,0.6536122682279468,1.1634041089012026,True
11,Birch,96,24,0.5436610695271744,-0.45636266501105494,1.324873942802772,0.17436831197566866,0.5415409599540597,0.4317960983817728,0.6670874247118137,0.21826189185195186,-0.5318860211061633,1.6192081601605122,-1.3139469877199779,0.401221657697868,-1.9263627528243177e-05,2.6497671492330723,-0.2591186449433603,0.6078552688946977,True
11,Oak,71,18,0.3109395986750753,0.4239553162047837,0.3742929417552177,0.6257955978143469,0.10504649045039842,0.10829118024239567,0.2154489374189,0.09470188668375153,0.10126592617504157,0.520613271175109,0.20780521577370284,0.6401054166358646,-0.05574493719877993,0.8043308207092154,0.4367698408516219,0.814821354777072,True
11,Pine,356,89,0.48141017856514556,0.7754768244653373,-0.7033310447538893,0.8703577910557493,0.12757422491711126,0.15970447295776752,0.20645360674500263,0.0952540928532445,0.23050660416524094,0.7323137529650502,0.4613818484716229,1.0895718004590518,-1.1093687683906928,-0.2972933211170859,0.6830190681387358,1.0576965139727628,True
11,Spruce,6,1,12.979986461924792,0.7915629712151399,-0.07396005944327247,-0.25446681404438104,12.437361383193315,0.29270417978885155,0.21287420172223048,0.4531422900090498,-40.5336604436893,66.49363336753889,-0.4678414669468326,2.050967409377112,-0.9898838245653145,0.8419637056787697,-2.20418072509258,1.6952470970038178,True
12,Alder,92,23,0.9378000690733448,1.266750572319697,-1.839933731608185,1.2090302815109752,0.6136545353141013,0.22623665197744589,0.3978970759712455,0.14479347561104178,-0.28170936946404934,2.157309507610739,0.8171527667915823,1.7163483778478117,-2.630670557931799,-1.049196905284571,0.9212836749354729,1.4967768880864776,True
12,Aspen,53,13,1.3512959521571268,1.843724949193352,-1.8192187346375146,0.9225532271634831,0.9989907828863805,0.39152612394470815,0.6028236285768857,0.120703302616423,-0.6562511872516961,3.3588430915659497,1.0569237458248733,2.630526152561831,-3.0306381709820185,-0.6077992982930109,0.6799908591858025,1.1651155951411636,True
12,Birch,96,24,0.9130464904396945,-0.39787530086543205,1.122891152712988,0.14207793840008004,0.790705362520674,0.41929213935608345,0.6208785137078288,0.226644717134813,-0.6573626108024989,2.483455591681888,-1.2306256816457157,0.4348750799148517,-0.11022716785108533,2.3560094732770613,-0.30805803311063135,0.5922139099107915,True
12,Oak,71,18,0.38068862883445204,0.4782544028969545,0.2463911521325202,0.6302453005294919,0.15694875205896136,0.12213422842320869,0.24990861838491163,0.1196245618134527,0.06741760857092027,0.6939596490979838,0.23447346265179617,0.7220353431421128,-0.2524285379066832,0.7452108421717235,0.3914736758032249,0.8690169252557589,True
12,Pine,356,89,0.4685920919306276,0.7558650257141005,-0.6764762892213051,0.8765033284950399,0.11811984367259501,0.16340348055937656,0.20940180033286634,0.09339528380614068,0.2362826971115105,0.7009014867497447,0.43449511444581057,1.0772349369823906,-1.0883123025180965,-0.26464027592451356,0.6928203740872865,1.0601862829027933,True
12,Spruce,6,1,18.918689424456236,0.7870641120941764,0.24702600004946265,-0.6550068248504342,25.451682988903848,0.28237743134689586,0.8436270688608374,1.1249816959300307,-90.59106386311177,128.42844271202424,-0.42790791369513004,2.002036137883483,-3.3828083106301743,3.8768603107290995,-5.495412389701976,4.185398740001108,True
13,Alder,92,23,0.5565373556624779,1.2825316563897886,-2.005812877292972,1.481371368041348,0.4441273198664684,0.24624892958839686,0.4529384885243389,0.16750621030167326,-0.32607236580278554,1.4391470771277413,0.7931636543932434,1.7718996583863338,-2.9059329449293396,-1.1056928096566048,1.1484879740125544,1.8142547620701417,True
13,Aspen,53,13,1.1416026387979585,1.5739713289987052,-1.4371284661885113,0.8620557808842714,0.7056778853308365,0.3141305705028708,0.48792526182145396,0.12242811242934798,-0.2765101649526176,2.5597154425485344,0.9427023132908553,2.205240344706555,-2.417650989914706,-0.45660594246231656,0.6160272778177792,1.1080842839507636,True
13,Birch,96,24,1.4294808761667122,0.1371708190376572,0.5267912920362798,0.07724301360453868,1.2191146615315362,0.3966193018897768,0.6073674487243426,0.20160427259480923,-0.9917860718955802,3.8507478242290043,-0.650549349484338,0.9248909875596523,-0.6794928872366539,1.7330754713092136,-0.32316047363489764,0.477646500843975,True
13,Oak,71,18,0.4473374521986063,0.4536881327694952,0.35933681384708366,0.5045712077081062,0.15531214289737336,0.10087100935638672,0.19121892956603556,0.09115566648286434,0.13733311749387855,0.7573417869033341,0.25234875541518353,0.6550275101238069,-0.022337767014498022,0.7410113947086654,0.32262373589156523,0.6865186795246471,True
13,Pine,356,89,0.45915857919168135,0.7609618976809834,-0.6940894417421143,0.8844714356236556,0.12083327015687827,0.1616148573648186,0.20750970000473296,0.09486950640738379,0.22151261733309857,0.6968045410502641,0.44310971856478576,1.078814076797181,-1.102204211694019,-0.2859746717902096,0.6978890889573692,1.071053782289942,True
13,Spruce,6,1,12.979986461924733,0.7915629712151381,-0.07396005944327123,-0.25446681404437926,12.437361382780843,0.2927041797805003,0.21287420172070706,0.45314228999529793,-40.53366044191464,66.49363336576411,-0.4678414669109018,2.050967409341178,-0.9898838245587586,0.8419637056722161,-2.2041807250334085,1.69524709694465,True
14,Alder,92,23,0.45696436867206053,0.7131236575668268,-1.0816322715729443,1.2339839748263284,0.28980026975134715,0.2615126387643185,0.43527043180305725,0.14457188893990994,-0.11895277023013046,1.0328815075742515,0.19342224102524197,1.2328250741084117,-1.9466407891558464,-0.21662375399004208,0.9466777251965479,1.5212902244561088,True
14,Aspen,53,13,1.1116989598830713,1.7172446764557039,-1.6818082779236891,0.9688992578597247,0.7370736080404958,0.3308104063079876,0.5008208206790876,0.1252958290773489,-0.3695059107766123,2.592903830542755,1.0524562757545097,2.382033077156898,-2.688245397399127,-0.6753711584482511,0.7171078624303067,1.2206906532891428,True
14,Birch,96,24,1.2251267695191421,-0.1439944604477479,0.9659820036063126,-0.028153023882235725,1.0171331159311516,0.3885308749212545,0.6038844606445101,0.20358860174126026,-0.7949873945495858,3.24524093358787,-0.9156503148419024,0.6276613939464066,-0.23338466069916197,2.165348667911787,-0.43249756008776574,0.3761915123232943,True
14,Oak,71,18,0.3670937587279049,0.3915934732457934,0.44366510736002224,0.5456478300632688,0.13955576085095825,0.1096889921211633,0.2074449314880913,0.09506072801810293,0.08853929421703582,0.6456482232387739,0.17265332862733657,0.6105336178642502,0.029603291109586816,0.8577269236104577,0.3559058227994088,0.7353898373271288,True
14,Pine,356,89,0.4501901249644849,0.8686921444348277,-0.8506258258833207,0.9333802298222623,0.11886717837611817,0.1647860402587029,0.2131279474855001,0.09719921964374878,0.21641092738145618,0.6839693225475136,0.5446031167415105,1.1927811721281447,-1.269790150521555,-0.43146150124508637,0.74221597502594,1.1245444846185846,True
14,Spruce,6,1,11.70120222825475,0.7803381607466479,-0.07130235221712246,-0.21656258053491378,11.416641897043538,0.29113361431777723,0.2103267448307469,0.4542709438376953,-37.42064319402297,60.82304765053247,-0.4723086796040402,2.032985001097336,-0.9762652949912395,0.8336605905569946,-2.171132697059816,1.7380075359899885,True
15,Alder,92,23,0.8788049659037339,1.4360065021855943,-2.1214122541622773,1.318727097138242,0.6218426370656427,0.24131722276893597,0.4222307240421585,0.1579560742840378,-0.35697660425670474,2.1145865360641727,0.9564392311676825,1.9155737732035063,-2.960507092671585,-1.2823174156529695,1.0048225916250546,1.6326316026514296,True
15,Aspen,53,13,1.529745308413181,1.7775222417032484,-1.7885518707400387,0.9161196722185223,1.1066621953794038,0.36300268143245923,0.5585681902686895,0.12787037777089688,-0.6941756352883495,3.7536662521147113,1.0480410420850643,2.5070034413214324,-2.9110366741520908,-0.6660670673279867,0.6591545274877668,1.1730848169492778,True
15,Birch,96,24,1.526802063037815,0.11940082943287686,0.4731697686477545,0.12789011825611285,1.2541840553710941,0.39049029312156,0.5895462216327827,0.20385509387296638,-0.9641157282729935,4.017719854348623,-0.6561465986380893,0.8949482575038431,-0.6977199153473534,1.6440594526428625,-0.2769836943257738,0.5327639308379994,True
15,Oak,71,18,0.3775082143502518,0.46640024495706106,0.293503883646182,0.6005661793754082,0.13258519607723246,0.09670472044807508,0.18730623627767895,0.0896684029264513,0.11286705536001385,0.6421493733404897,0.27337681506902234,0.6594236748450998,-0.08036092872510114,0.6673686960174652,0.42158729804210515,0.7795450607087113,True
15,Pine,356,89,0.5194029730467812,0.8547815091647302,-0.7582629752378243,0.8271592334986451,0.1359777962658717,0.16221017677810115,0.20803440382364788,0.09464495428758025,0.25197187445067964,0.7868340716428828,0.5357584997432785,1.1738045185861818,-1.1674096939533023,-0.3491162565223463,0.6410185193763493,1.0132999476209408,True
15,Spruce,6,1,18.918689424456065,0.7870641120941722,0.24702600004946695,-0.6550068248504316,25.45168299125071,0.2823774313600711,0.8436270688824415,1.12498169601063,-90.59106387320968,128.42844272212182,-0.4279079137518227,2.002036137940167,-3.3828083107231253,3.8768603108220594,-5.495412390048764,4.1853987403479005,True
16,Alder,92,23,0.9119356080603517,1.1417107213776794,-1.7667094591355927,1.2480490258931913,0.6188524305745027,0.2635066465958848,0.45423760443876243,0.15467012447881906,-0.31790355504649204,2.1417747711671953,0.6180466332820289,1.6653748094733298,-2.669411246661935,-0.8640076716092505,0.9406746551242589,1.5554233966621238,True
16,Aspen,53,13,0.8834299991184664,1.624744129715301,-1.4599716556661875,0.9212525909167835,0.5269100708550484,0.2906324438109123,0.4383175206229533,0.11968658281206467,-0.17543543146585194,1.9422954297027848,1.0406963675265364,2.2087918919040654,-2.3408036911099592,-0.5791396202224156,0.6807333978810403,1.1617717839525268,True
16,Birch,96,24,0.769374960663552,-0.5308367112339913,1.2557708728335901,0.1886585236492623,0.6386566562098437,0.39064641281405144,0.5679097432567174,0.20662951316370906,-0.49905228546458047,2.0378022067916843,-1.3066942064900213,0.24502078402203875,0.12785310248819437,2.383688643178986,-0.22172552512345364,0.5990425724219782,True
16,Oak,71,18,0.4321558849896959,0.4560018296846909,0.3081499459607539,0.5580959466919848,0.1605434174254848,0.11029272792560335,0.21934944343371113,0.10985530926622249,0.11170988262465792,0.752601887354734,0.23585662335694751,0.6761470360124342,-0.12967337558373265,0.7459732675052404,0.33882383166257224,0.7773680617213974,True
16,Pine,356,89,0.48499588633887686,0.6971343164770597,-0.6283887108511788,0.8735855101152993,0.13520792186248187,0.17074446358974432,0.21610915638085468,0.10269876391248847,0.2190789199256281,0.7509128527521256,0.3613267013299099,1.0329419316242094,-1.0534162572206307,-0.2033611644817268,0.6716051573533116,1.075565862877287,True
16,Spruce,6,1,11.859810758582345,0.7104879998793511,-0.04961916697116083,-0.17667758735442093,8.127536479251862,0.22527256102301657,0.1596125631161134,0.3317123267784344,-23.11015625957565,46.82977777674034,-0.2587815997319719,1.679757599490674,-0.736376597356504,0.6371382634141822,-1.60392053564151,1.2505653609326683,True
17,Alder,92,23,1.4396277200556051,1.2342883219791727,-1.9476757276254024,1.1949468850088174,0.9595843583529532,0.2504695415007994,0.4429426967295417,0.15297786322688903,-0.46734454974973927,3.3465999898609495,0.7365327407057242,1.7320439032526211,-2.8279312595370065,-1.067420195713798,0.890935527874492,1.4989582421431429,True
17,Aspen,53,13,1.5970214215668606,1.6619593629689549,-1.6595167910391169,0.8803258318527112,0.8723094610597376,0.26582395843007667,0.4079510998300918,0.11661650189003316,-0.1559500704923409,3.349992913626062,1.1277661186722003,2.1961526072657094,-2.4793252192173076,-0.839708362860926,0.6459761974138654,1.114675466291557,True
17,Birch,96,24,1.5722030517323278,0.34463032285995976,0.30559813540050207,0.07408752033807957,1.1826405045352475,0.3812815023174747,0.5651584634158923,0.18337250308601902,-0.776623072197308,3.9210291756619635,-0.41262765179934735,1.1018882975192668,-0.8168553556989274,1.4280516264999314,-0.29010609894614164,0.4382811396223008,True
17,Oak,71,18,0.46436513206800994,0.41164074797127526,0.4100132500949943,0.4907788117892286,0.17521973137933153,0.12082836749466307,0.2377023626172655,0.1012554724913845,0.11462508444479586,0.814105179691224,0.17046631704868923,0.6528151788938613,-0.0644426514606179,0.8844691516506065,0.28867204280564657,0.6928855807728107,True
17,Pine,356,89,0.50707507558448,0.7401176224956492,-0.6624472612441413,0.8498317860153305,0.13789993184166835,0.17374238633148373,0.21776206347092902,0.0960081737758855,0.23586366253409152,0.7782864886348684,0.3984139140571947,1.0818213309341036,-1.0907256233431817,-0.23416889914510092,0.6610099923683139,1.038653579662347,True
17,Spruce,6,1,11.859810758582306,0.7104879998793503,-0.04961916697116145,-0.17667758735441877,8.127536479159403,0.22527256102074505,0.15961256311557143,0.33171232677517315,-23.11015625917787,46.82977777634248,-0.25878159972219905,1.6797575994808995,-0.7363765973541726,0.6371382634118498,-1.6039205356274762,1.2505653609186385,True
18,Alder,92,23,1.337388711046817,1.4534089487352153,-2.371689385281946,1.4000293906204422,0.8121110212516088,0.2301289637042968,0.3969353554523563,0.14625827721425358,-0.2765112906041953,2.9512887126978296,0.9960759915615663,1.9107419059088642,-3.1605149941655712,-1.5828637763983207,1.1093717986648886,1.6906869825759958,True
18,Aspen,53,13,1.1963201931101761,1.7173548082740095,-1.5925395095990629,0.8603419084307286,0.8189815347414034,0.34785255135154725,0.505819523009751,0.17176308265752327,-0.44948481877224844,2.842125204992601,1.0183189349057131,2.416390681642306,-2.609021897495982,-0.5760571217021437,0.515171070869187,1.20551274599227,True
18,Birch,96,24,1.2207718607899671,0.1015416844944933,0.6167250666934592,0.07083895748818686,0.9624037066810845,0.3787447416663231,0.5708717887653658,0.19218266159301275,-0.6906449724323838,3.132188694012318,-0.6506780645461816,0.8537614335351682,-0.5170755817068498,1.750525715093768,-0.31085239705694523,0.45253031203331895,True
18,Oak,71,18,0.39740916160099016,0.48051356640127557,0.2520428684735314,0.6147174380992612,0.1485508058298912,0.10634023005134521,0.2054097164616336,0.09383219302839489,0.10090051216733764,0.6939178110346427,0.2682575788498187,0.6927695539527324,-0.15795664158185668,0.6620423785289196,0.4274275969380708,0.8020072792604516,True
18,Pine,356,89,0.5171592337929025,0.6922147316802648,-0.6092609004492608,0.847813786109298,0.13842408831401792,0.17027786401317024,0.21775134574330035,0.09937873405107334,0.24491694845978773,0.7894015191260173,0.3573247901592098,1.0271046732013198,-1.0375181837122494,-0.18100361718627234,0.6523630231597094,1.0432645490588865,True
18,Spruce,6,1,12.97998646192487,0.7915629712151419,-0.07396005944327347,-0.25446681404438365,12.437361383132613,0.2927041797870384,0.2128742017216821,0.45314229000724804,-40.53366044342805,66.4936333672778,-0.46784146693902906,2.0509674093693127,-0.989883824562956,0.8419637056764091,-2.20418072508483,1.695247096996063,True
19,Alder,92,23,0.7287264187101411,1.2887044626862176,-1.9907400277665075,1.388214913468806,0.5092658722958804,0.2452830900399503,0.42121951047136486,0.15591284214764722,-0.28333248780786635,1.7407853252281487,0.8012558638353533,1.776153061537082,-2.8278252917953974,-1.1536547637376176,1.0783709024717647,1.6980589244658473,True
19,Aspen,53,13,1.0355364840297383,1.605837448401211,-1.581954545638032,0.9961206132518203,0.6834233373686176,0.32882534352924997,0.49909083282584654,0.12591119682060378,-0.3378541312224579,2.4089270992819345,0.9450381807043148,2.266636716098107,-2.584915124363062,-0.5789939669130018,0.7430925900438291,1.2491486364598114,True
19,Birch,96,24,1.2253360791652037,0.558867022739304,0.053643919384572365,0.19536949533738562,0.8325016231195999,0.3274987840072199,0.4788103425630535,0.15753319128161886,-0.42808400335224017,2.878756161682648,-0.09157383099556893,1.209307876474177,-0.8973147503945914,1.0046025891637362,-0.11750502033268262,0.5082440110074539,True
19,Oak,71,18,0.3865288193196179,0.403364584683566,0.4150573155331707,0.5485797059177617,0.18408530225671055,0.19660976463667978,0.3072124234651317,0.10375547328043717,0.01909301816195197,0.7539646204772839,0.010929851985805927,0.795799317381326,-0.19814124816358913,1.0282558792299306,0.34148291447416074,0.7556764973613628,True
19,Pine,356,89,0.41453880485828104,0.9096862219483437,-0.8825537034109292,0.9462086325789819,0.10359798328177451,0.15925356257048992,0.20333624483045992,0.09179543662066456,0.21078993377631072,0.6182876759402514,0.5964780632406093,1.2228943806560781,-1.2824604296024016,-0.4826469772194568,0.7656721395946892,1.1267451255632746,True
19,Spruce,6,1,11.70120222825477,0.7803381607466483,-0.0713023522171225,-0.21656258053491476,11.41664189678967,0.29113361431343565,0.2103267448307608,0.454270943827128,-37.42064319293064,60.823047649440184,-0.4723086795853594,2.032985001078656,-0.9762652949912993,0.8336605905570544,-2.17113269701435,1.7380075359445204,True
20,Alder,92,23,0.5235553730371695,1.1719408427402933,-1.742903421222635,1.3736857759802956,0.3433856061765548,0.22634162112871173,0.39957572858703144,0.14174451203756191,-0.15885136184640514,1.205962107920744,0.7221344330817481,1.6217472523988385,-2.5369762168761727,-0.9488306255690975,1.0919983438126093,1.655373208147982,True
20,Aspen,53,13,0.807601938438093,1.5970608659328898,-1.4890070278992624,0.9992531233103829,0.43990727318022055,0.2615432447763366,0.4014806676441733,0.11389101491097081,-0.07642482437792586,1.6916287012541118,1.0714700377919324,2.122651694073847,-2.2958126357831077,-0.6822014200154174,0.770380560013779,1.2281256866069867,True
20,Birch,96,24,1.0082193506541872,0.01151606410139669,0.6520679628638183,0.1754945364931782,0.8540037241162862,0.3856737899426972,0.5643358094195784,0.21920129145341508,-0.6879057604384766,2.7043444617468513,-0.7544653729104785,0.777497501113272,-0.46875166638994703,1.7728875921175837,-0.2598581491204662,0.6108472221068226,True
20,Oak,71,18,0.403302532408607,0.4680536974130799,0.3066546998772829,0.5708499419314238,0.1530825323201981,0.11064076170922876,0.2108441683115146,0.09602155478317935,0.09774851904214416,0.7088565457750697,0.24721381274573717,0.6888935820804226,-0.11419202147001584,0.7275014212245816,0.3791901164177002,0.7625097674451474,True
20,Pine,356,89,0.4845523175893506,0.7404101668494929,-0.6621388473851403,0.8660150144276708,0.12940216331873294,0.16117499287491185,0.20738402372893536,0.09778090391026455,0.23005368878838867,0.7390509463903125,0.42342308076318347,1.0573972529358024,-1.0700064465089614,-0.2542712482613192,0.6737067459268888,1.0583232829284528,True
20,Spruce,6,1,11.70120222825474,0.7803381607466485,-0.07130235221712407,-0.21656258053491267,11.416641896944771,0.2911336143171414,0.21032674483142702,0.4542709438330961,-37.420643193598025,60.8230476501075,-0.47230867960130374,2.032985001094601,-0.9762652949941675,0.8336605905599193,-2.171132697040026,1.7380075359702007,True
21,Alder,92,23,2.657126459712951,1.7145456458916315,-2.6088750874919002,1.1868639511667445,1.6593903263059602,0.237223201410125,0.397420860894579,0.14195478112945664,-0.64056311755377,5.954816036979672,1.243114382026487,2.185976909756776,-3.398665536420175,-1.8190846385636255,0.9047586533638484,1.4689692489696404,True
21,Aspen,53,13,0.8863082475717886,1.5101355876122884,-1.3731410506162363,0.9350418093716752,0.503793478394604,0.28832881739022176,0.4334616294914826,0.12309297644850938,-0.1261026512372122,1.8987191463807895,0.9307171360341403,2.0895540391904364,-2.2442148074880093,-0.5020672937444635,0.6876772120362181,1.1824064067071325,True
21,Birch,96,24,1.5629335994554878,-0.0749946559579337,0.7237703184409023,0.04594524841081301,1.281002708109905,0.383802949802,0.5835303968952118,0.19420003003697003,-0.9812483510989367,4.107115550009913,-0.8372604429651673,0.6872711310493,-0.43517141835774,1.8827120552395447,-0.3397527739971116,0.4316432708187376,True
21,Oak,71,18,0.20704522303303416,0.21038383412414197,0.7015945639878168,0.6505696760266294,0.09946579140265291,0.21362820681104824,0.35258700365733026,0.1050767710953622,0.008510672453601459,0.4055797736124669,-0.21601985132615403,0.6367875195744379,-0.0021720408329620744,1.4053611688085956,0.4408355631062827,0.8603037889469761,True
21,Pine,356,89,0.4976452711038206,0.7120795746029664,-0.6305698075394128,0.8568976603551306,0.13492128234345702,0.16678948982718889,0.2146178625720195,0.09895018511494183,0.23229204615115556,0.7629984960564857,0.38405031009308477,1.0401088391128481,-1.0526643872585848,-0.20847522782024075,0.662289735839015,1.0515055848712462,True
21,Spruce,6,1,18.918689424456172,0.7870641120941763,0.2470260000494607,-0.6550068248504313,25.45168298854705,0.28237743135255394,0.8436270688332516,1.1249816958975327,-90.59106386157664,128.42844271048898,-0.4279079137194749,2.0020361379078273,-3.382808310511484,3.8768603106104056,-5.495412389562146,4.185398739861283,True
22,Alder,92,23,0.8337863116903333,1.286751727352641,-2.063245990583617,1.4093674720693885,0.5651519740800991,0.2329197621565377,0.41938022427966715,0.15493990977039176,-0.289334478488375,1.9569071018690418,0.8238726447000672,1.7496308100052147,-2.8966760598052224,-1.2298159213620121,1.1014569597248332,1.7172779844139439,True
22,Aspen,53,13,1.4080886999955895,1.6701545252449026,-1.6286731692416696,0.884128929086843,0.8948969908349651,0.3165441119437302,0.4820534089127674,0.11631144875433701,-0.3902741325678285,3.2064515325590075,1.0340353164237164,2.306273734066089,-2.5973957627665025,-0.6599505757168368,0.6503923218755008,1.1178655362981853,True
22,Birch,96,24,1.1039188359814618,-0.09660908721685371,0.7813965064336925,0.1454884663299176,0.9125139776493117,0.38370586959140063,0.5607164382487995,0.19920674042553158,-0.7084126890544855,2.916250361017409,-0.8586820645461691,0.6654638901124618,-0.33223473926182145,1.8950277521292065,-0.2501533150736662,0.5411302477335014,True
22,Oak,71,18,0.2623046069948816,0.2826858229554581,0.5850621311026518,0.6235455674445793,0.12420677344820397,0.18802814816701258,0.2910951943057769,0.10536449820124666,0.014386849565739157,0.510222364424024,-0.09261993157780524,0.6579915774887214,0.004033691451704291,1.1660905707535993,0.41323714881720774,0.8338539860719509,True
22,Pine,356,89,0.5306714903021195,0.7697047927350866,-0.7310478484749001,0.8738818903394145,0.13675398823315932,0.15702245953247146,0.20030693572426078,0.09480651232600328,0.26171383460453845,0.7996291459997005,0.4608846028937673,1.0785249825764058,-1.1249967529888245,-0.33709894396097567,0.6874234357853057,1.0603403448935234,True
22,Spruce,6,1,39.39128951630957,1.3022601313603648,-0.46594691780061676,-0.6691433979105537,107.87327898023392,1.213515342211099,0.9240974842809296,1.058995401452676,-424.7499687492674,503.5325477818865,-3.9190749683323673,6.523595231053097,-4.442017481047296,3.510123645446063,-5.225632852706571,3.8873460568854643,True
23,Alder,92,23,0.9046806710576275,1.3938708715232921,-2.2151410418120943,1.422888630934234,0.6359741638222771,0.25158691784017,0.4314482942272817,0.15508169478269096,-0.3591843390008612,2.1685456811161163,0.8938947395754102,1.893847003471174,-3.0725538641286674,-1.3577282194955211,1.1146963506717513,1.7310809111967165,True
23,Aspen,53,13,1.1716478533030346,1.7014157837149606,-1.5705592249422988,0.8597291383289436,0.7612654528556905,0.3225741135848107,0.45513872727606836,0.17662984886476793,-0.3581723496377376,2.7014680562438067,1.0531788329160103,2.349652734513911,-2.485194740734804,-0.6559237091497934,0.5047781679124258,1.2146801087454615,True
23,Birch,96,24,1.0941531792588852,-0.22409032652125063,1.0124278853195603,0.03940664801909842,0.9005253204633349,0.3916526958932041,0.6044205276404724,0.21589339857186712,-0.6943678377813756,2.882674196299146,-1.0019463868317653,0.5537657337892641,-0.1880034543115643,2.2128592249506847,-0.3893762768045635,0.46818957284276036,True
23,Oak,71,18,0.3081699460917222,0.43948719838861694,0.3854721386030722,0.6034219299789823,0.13103001332212932,0.1157688628583179,0.22464356420143844,0.1033384435862038,0.04663294487270625,0.5697069473107381,0.2084115809874056,0.6705628157898282,-0.06291829222101686,0.8338625694271613,0.39715753328894765,0.8096863266690169,True
23,Pine,356,89,0.47765167880909704,0.7323101439709511,-0.5844354180410409,0.81206817677992,0.12404930179354245,0.16232679213890247,0.20882243127283773,0.09688570323857394,0.23368066317459285,0.7216226944436013,0.41305778406060556,1.0515625038812966,-0.9951319710106987,-0.1737388650713832,0.6215205229211498,1.0026158306386903,True
23,Spruce,6,1,12.979986461924668,0.7915629712151372,-0.07396005944327166,-0.25446681404437654,12.437361383029959,0.29270417978389096,0.21287420172046365,0.4531422900046432,-40.533660442986566,66.4936333668359,-0.46784146692549144,2.0509674093557657,-0.9898838245577117,0.8419637056711684,-2.2041807250736154,1.695247096984862,True
24,Alder,92,23,0.7613412188738164,1.11901064317587,-1.7349462151907051,1.2960737621248428,0.5001277294040505,0.25173456033320263,0.4381247493827172,0.14608765508401883,-0.23255754889187852,1.7552399866395114,0.6187411027979659,1.619280183553774,-2.605627089170675,-0.8642653412107353,1.0057552457994205,1.586392278450265,True
24,Aspen,53,13,2.0696729331224537,1.8306204882326302,-1.696972104139795,0.6918951315109074,1.2169398855082356,0.27586605668292224,0.4009123669450511,0.1452796981787761,-0.37585932586978865,4.515205192114696,1.2762468919581385,2.384994084507122,-2.5026356690114406,-0.8913085392681491,0.3999446475932291,0.9838456154285857,True
24,Birch,96,24,1.5382235712449879,0.2026096496935683,0.4201457016033511,0.10160695177725916,1.234792643198976,0.3922297886380538,0.588163738323044,0.19571205860995705,-0.9141812016844171,3.990628344174393,-0.5763925666211042,0.9816118660082408,-0.7479982512068716,1.5882896544135736,-0.28709408989031415,0.49030799344483245,True
24,Oak,71,18,0.2869876013349144,0.4410803618981993,0.4101892373233019,0.5956592606225296,0.11479872511661847,0.11602780151600121,0.23427135635818236,0.09860498114158296,0.05784838697069036,0.5161268156991384,0.20948790077307197,0.6726728230233266,-0.05741834707646726,0.8777968217230712,0.3988428945154232,0.792475626729636,True
24,Pine,356,89,0.45807231368869533,0.8360140961568404,-0.7544288328608889,0.8796786321415353,0.11725953628766399,0.1624132797605376,0.21215960136204057,0.09395523362774834,0.2274549079692735,0.6886897194081172,0.5165916387724659,1.155436553541215,-1.1716886857785218,-0.33716897994325606,0.6948944097322147,1.0644628545508559,True
24,Spruce,6,1,18.918689424455895,0.7870641120941735,0.2470260000494575,-0.6550068248504215,25.451682988140288,0.2823774313526252,0.8436270688203068,1.1249816958751173,-90.59106385982678,128.42844270873857,-0.4279079137197843,2.0020361379081315,-3.3828083104557907,3.8768603105547053,-5.49541238946569,4.185398739764848,True
25,Alder,92,23,1.0111677248203532,1.1924124434486407,-1.7784611756512967,1.1834702912213202,0.6533587944804213,0.2735998168612744,0.4600545614992832,0.158057088688169,-0.2872455855488989,2.3095810351896056,0.6486903003805662,1.7361345865167153,-2.69272294298817,-0.8641994083144234,0.8693650408066007,1.4975755416360397,True
25,Aspen,53,13,0.669219800022351,1.6034161238957116,-1.4323875412028797,0.9976326542170006,0.36810472373136593,0.26029763462137506,0.4002188196432853,0.11426591444247944,-0.07051433745850189,1.4089539375032039,1.0803284430772817,2.1265038047141416,-2.2366573705911192,-0.6281177118146402,0.7680067021054656,1.2272586063285358,True
25,Birch,96,24,0.9907962891508882,-0.08881016147043215,0.8325730116293305,0.1239225276944244,0.8208900063244495,0.3938587614681291,0.585537879932013,0.20819088060729057,-0.6395621201320275,2.621154698433804,-0.8710476584336023,0.6934273354927379,-0.33035575976021414,1.995501783018875,-0.28956253159372175,0.5374075869825705,True
25,Oak,71,18,0.511215036635943,0.447067287685739,0.3045175400250666,0.5279139302393566,0.17731934501540675,0.10179559297509902,0.1933968437981491,0.09620979069768175,0.15728414265489737,0.8651459306169886,0.2438824337044826,0.6502521416669954,-0.08150417583816427,0.6905392558882975,0.3358783842677586,0.7199494762109546,True
25,Pine,356,89,0.5287798543237268,0.6598960869167804,-0.5774121820294682,0.8405861679335823,0.13743602671694338,0.16618459332876914,0.2134144645635933,0.09618769510219793,0.2584808156503064,0.7990788929971471,0.33305648821669775,0.986735685616863,-0.9971400073204943,-0.15768435673844206,0.6514113049852859,1.0297610308818788,True
25,Spruce,6,1,18.91868942445619,0.7870641120941763,0.24702600004946126,-0.655006824850432,25.45168298941532,0.28237743135061183,0.8436270688609019,1.12498169594352,-90.5910638653125,128.4284427142249,-0.4279079137111187,2.0020361378994713,-3.382808310630453,3.8768603107293758,-5.495412389760013,4.185398740059149,True
26,Alder,92,23,0.9197318282042165,1.2615604427259637,-2.116394540236012,1.4486866998240047,0.6495829532267522,0.23400761191081323,0.4262242124639568,0.14830889292293808,-0.3711777911104074,2.2106414475188405,0.796519487282259,1.7266013981696684,-2.9634255978112805,-1.2693634826607438,1.1539539400539187,1.7434194595940906,True
26,Aspen,53,13,1.683985387447185,1.868998029593098,-1.9490905128896225,0.95393915133852,1.0584767750120934,0.3160133903916898,0.4750166162602745,0.13311474491837155,-0.4431033286935355,3.811074103587906,1.233945345660703,2.504050713525493,-2.903672142151193,-0.9945088836280523,0.6864350562537853,1.2214432464232547,True
26,Birch,96,24,0.8337002350421655,-0.3626610762098989,1.1810664266105413,0.09021766560312286,0.6618695678673596,0.3883090794277408,0.5622592900145943,0.19430878765367388,-0.48082985730555483,2.1482303273898857,-1.1338764256092244,0.40855427318942666,0.06437094413389843,2.297761909087184,-0.29569635881920153,0.4761316900254472,True
26,Oak,71,18,0.3925518161969755,0.45072924347505205,0.27346455254384266,0.624418889855212,0.1518505452108295,0.1085519988438436,0.2108133511916636,0.09916229737164498,0.08945685939286391,0.6956467730010871,0.23405854693659592,0.6673999400135082,-0.14732065757478652,0.6942497626624718,0.426490115897068,0.822347663813356,True
26,Pine,356,89,0.471226196513828,0.6888625370525475,-0.6482350465101222,0.9021134938827066,0.13125923242573717,0.17602483137422115,0.22570624534786618,0.10675957670518672,0.2130752211894384,0.7293771718382176,0.342669884080303,1.035055190024792,-1.0921374394813983,-0.20433265353884617,0.6921466340867248,1.1120803536786883,True
26,Spruce,6,1,19.776425212335884,0.9376478909571239,-0.10223911452741953,-0.48766708268588627,8.51451066748154,0.13641788901215032,0.09176948712995611,0.21008069397577087,-16.858557353130482,56.41140777780225,0.35068908841961,1.5246066934946376,-0.49709134882994016,0.2926131197751011,-1.3915713540771966,0.4162371887054241,True
27,Alder,92,23,0.6598748282231983,1.3384731459890136,-2.045368119308281,1.4144388013743814,0.46576507391594796,0.23787901710853465,0.4202695248110532,0.15627707494414497,-0.26573538256230533,1.5854850390087019,0.8657385862332224,1.8112077057448048,-2.8805654864626984,-1.2101707521538634,1.103870954232421,1.7250066485163418,True
27,Aspen,53,13,1.1247633075941503,1.6271323606429027,-1.6036105938732306,0.9706054171715229,0.6604800123948882,0.2816206059743883,0.42525770062941515,0.12299589166739175,-0.20252096993343027,2.452047585121731,1.0611945646114411,2.1930701566743642,-2.458197938456623,-0.7490232492898384,0.7234359190081019,1.217774915334944,True
27,Birch,96,24,1.205740266201158,0.09496270503461439,0.5243395747947807,0.15517379157427932,0.9437184145751778,0.3890723598618317,0.5696196103192408,0.19209029123889756,-0.6685659640414165,3.0800464964437326,-0.6777685851908556,0.8676939952600843,-0.6069741391272981,1.6556532887168594,-0.22633410747445268,0.5366816906230113,True
27,Oak,71,18,0.379583360638351,0.4644082792243751,0.3530787374561605,0.5483712538292072,0.15158308899452322,0.1127594814519839,0.21584121551873586,0.10088010040903474,0.07702224867632274,0.6821444726003794,0.2393394122506548,0.6894771461980954,-0.07774213186221074,0.7838996067745316,0.3470137306578631,0.7497287770005512,True
27,Pine,356,89,0.5826394773136034,0.6480118624559138,-0.5883703516019139,0.8264753623369004,0.1489618891800584,0.16228975025836406,0.2083977584730641,0.09418760806155027,0.28967222261209286,0.875606732015114,0.3288323537836269,0.9671913711282007,-0.9982316894371441,-0.17850901376668354,0.6412341230334702,1.0117166016403307,True
27,Spruce,6,1,12.979986461924545,0.7915629712151339,-0.0739600594432696,-0.25446681404437277,12.437361382999239,0.29270417978382646,0.21287420172074598,0.4531422900033215,-40.53366044285451,66.4936333667036,-0.4678414669252172,2.050967409355485,-0.9898838245589243,0.8419637056723852,-2.204180725067925,1.695247096979179,True
28,Alder,92,23,0.8112473753653556,1.2520590122431785,-1.9147713004288838,1.3215955373343338,0.5247000509174435,0.23616569823522257,0.4122296344281207,0.151165205478494,-0.23148371789927824,1.8539784686299896,0.7827293137195444,1.7213887107668127,-2.733991074910946,-1.0955515259468216,1.0211864565718016,1.622004618096866,True
28,Aspen,53,13,1.0278749817773003,1.6092690611645428,-1.597850626441963,1.0064510590843496,0.5581216492952265,0.2699583796031635,0.40698973896391255,0.12169353541744966,-0.09371246395211674,2.1494624275067173,1.0667673864584901,2.1517707358705955,-2.415727127629535,-0.779974125254391,0.7618987437907327,1.2510033743779665,True
28,Birch,96,24,1.09270425438222,0.023555662123070444,0.6067812177606041,0.18595883376471226,0.9825196895460881,0.39403380160414697,0.5754457996180612,0.23830082679306253,-0.8586646571603378,3.044073165924778,-0.759029479659162,0.806140803905303,-0.536103811007829,1.7496662465290371,-0.28732717764713045,0.659244845176555,True
28,Oak,71,18,0.42566636035717026,0.46775912118314383,0.2806139009759007,0.5763683490201503,0.17030661924599835,0.12116132907384874,0.24082037253062438,0.09821243538300348,0.08573292559635226,0.7655997951179883,0.22592009616693373,0.7095981461993539,-0.2000655744147095,0.761293376366511,0.3803355075265058,0.7724011905137949,True
28,Pine,356,89,0.4369790640092497,0.7667442988798371,-0.6899174536857022,0.8961077847608796,0.11743665765556735,0.15896640766724496,0.20120519091207353,0.09478890247453092,0.20601330904970175,0.6679448189687976,0.45410089525235053,1.0793877025073235,-1.0856329802386155,-0.29420192713278903,0.7096839639635657,1.0825316055581935,True
28,Spruce,6,1,11.701202228254653,0.7803381607466453,-0.07130235221712176,-0.2165625805349097,11.416641896828395,0.29113361431453716,0.21032674483083064,0.45427094382896416,-37.42064319309738,60.823047649606686,-0.4723086795901017,2.032985001083392,-0.9762652949915991,0.8336605905573555,-2.1711326970222453,1.7380075359524259,True
29,Alder,92,23,0.5912562376199709,1.22614544566897,-1.8486693712345346,1.3813499721702605,0.3979181149716947,0.2367886943584567,0.41876348811680525,0.15247666766318366,-0.1995223992960018,1.3820348745359436,0.7555776732638035,1.6967132180741364,-2.680873806930409,-1.01646493553866,1.078334635899985,1.684365308440536,True
29,Aspen,53,13,1.5672627642901154,1.8250141419729131,-1.8537999912362222,0.9280225530868479,0.8132203121174613,0.2701949942038225,0.40419752647223334,0.1085913333626656,-0.06696463727164614,3.201490165851877,1.282036972424633,2.3679913115211932,-2.6660653313437126,-1.0415346511287318,0.7098000985943889,1.146245007579307,True
29,Birch,96,24,1.075944337331408,-0.24172571724630268,0.9934492272380356,0.05029822003028538,0.8974362549759888,0.40355615491565805,0.6107876234297442,0.21004422942215772,-0.7064415290122688,2.8583302036750844,-1.0432230746457016,0.5597716401530963,-0.21962771421887883,2.20652616869495,-0.36686774997960603,0.4674641900401768,True
29,Oak,71,18,0.44865660439775085,0.44694047329962666,0.28443337480636866,0.5789461596247691,0.16798958031261574,0.11367643389137656,0.21642149982609002,0.10565804375609042,0.11334799870456641,0.7839652100909353,0.22004136159663473,0.6738395850026186,-0.14754574683719118,0.7164124964499285,0.3680518216176424,0.7898404976318959,True
29,Pine,356,89,0.4900873221694122,0.926975685786926,-0.9124629604948612,0.9121287915941928,0.12894343106338513,0.16418349574785016,0.2098698379520792,0.09733192575854023,0.2364908941275306,0.7436837502112938,0.6040716981877675,1.2498796733860846,-1.3252194756539248,-0.4997064453357975,0.7207035402010459,1.1035540429873398,True
29,Spruce,6,1,19.776425212336,0.9376478909571248,-0.10223911452741813,-0.4876670826858901,8.514510667582336,0.13641788901388527,0.09176948713049826,0.21008069397769874,-16.858557353564052,56.411407778236054,0.35068908841214597,1.5246066935021036,-0.49709134883227146,0.2926131197774352,-1.3915713540854955,0.4162371887137152,True
30,Alder,92,23,0.8508050691893432,1.2548842897947547,-1.788639896411945,1.188453912130942,0.5890939967825415,0.24325867397035714,0.42564772116904287,0.15222138267350613,-0.31989546004948677,2.021505598428173,0.7714587924811943,1.738309787108315,-2.6345252986796672,-0.9427544941442226,0.8859459011332964,1.4909619231285878,True
30,Aspen,53,13,1.6048874685470698,1.7440994046700014,-1.7871316770646188,0.9213696161796443,0.8927012350611606,0.27848943146027605,0.41749604562000764,0.11424039931306344,-0.18906282758652715,3.3988377646806667,1.18445393940523,2.3037448699347727,-2.6261213919419655,-0.9481419621872721,0.6917949386403558,1.1509442937189327,True
30,Birch,96,24,0.40048356422639697,-0.8570797281482735,1.8303221889669996,0.1754973017600138,0.38820971582652697,0.4411326985269988,0.670843313756715,0.22409161459303942,-0.37053444048415474,1.1715015689369488,-1.7332073446524738,0.019047888355926745,0.4979694626966342,3.162674915237365,-0.269567987726708,0.6205625912467355,True
30,Oak,71,18,0.4560667185837306,0.49208026370580654,0.2573210186576505,0.5566165731299032,0.17206371577558954,0.10862304777121909,0.21896646216550356,0.11002858101023341,0.11262610447101973,0.7995073326964415,0.2752677529147644,0.7088927744968487,-0.17973786907605854,0.6943799063913596,0.33699860625192823,0.7762345400078782,True
30,Pine,356,89,0.56749023050532,0.7417351409437583,-0.6513994907023712,0.8113994886395856,0.1504176604018939,0.16634406647841135,0.21023890278118018,0.09626761235672564,0.2716598723571346,0.8633205886535054,0.4145819022173142,1.0688883796702022,-1.0648818553413506,-0.23791712606339188,0.6220674503305903,1.0007315269485808,True
30,Spruce,6,1,11.859810758582286,0.7104879998793496,-0.049619166971160096,-0.17667758735441894,8.127536479310333,0.22527256102430576,0.15961256311629624,0.33171232678074924,-23.110156259827292,46.82977777699186,-0.25878159973752024,1.6797575994962195,-0.7363765973572898,0.6371382634149696,-1.6039205356514683,1.2505653609426306,True
31,Alder,92,23,0.6434901791034205,1.3493487553243515,-2.025854028824375,1.397589265890604,0.4538049329697259,0.23640555360525997,0.4191198653842514,0.161221793616803,-0.2583517647977037,1.545332123004545,0.8795423946548168,1.8191551159938864,-2.858766689451902,-1.1929413681968484,1.077194829446029,1.717983702335179,True
31,Aspen,53,13,1.7947753977050682,1.72486576602217,-1.6776089933671554,0.8107064543015642,1.0690760257501952,0.2928928789774637,0.41247057481664323,0.16369679096779616,-0.3536133102510657,3.943164105661202,1.1362754892975677,2.3134560427467723,-2.506499646563145,-0.8487183401711658,0.48174543677515963,1.1396674718279687,True
31,Birch,96,24,1.1877056514567383,0.013587941526017906,0.7001419027316512,0.09728763579381013,0.9826136607688026,0.39669156914941467,0.5846035808883194,0.1996046967109584,-0.76384989504544,3.1392611979589167,-0.7742757560115076,0.8014516390635434,-0.4609312701112732,1.8612150755745756,-0.2991445211430046,0.49371979273062483,True
31,Oak,71,18,0.37428503136632807,0.4429946424239592,0.36606957287441577,0.5636887665306173,0.17275106436766335,0.19455409613346356,0.3013013682834844,0.10564780112801299,0.029472463721710362,0.7190975990109458,0.054663041231725384,0.831326243616193,-0.23533047529867157,0.9674696210475031,0.35281487289470026,0.7745626601665343,True
31,Pine,356,89,0.4897520454577166,0.7579575525146434,-0.6840421571852484,0.8635391775046553,0.13074400782972156,0.1742556080538058,0.22182366172420476,0.09983732598807944,0.23261437586058537,0.7468897150548479,0.4152444774531586,1.100670627576128,-1.1203085711042031,-0.2477757432662937,0.6671864897637495,1.059891865245561,True
31,Spruce,6,1,18.91868942445638,0.7870641120941779,0.24702600004946457,-0.6550068248504395,25.451682990405196,0.28237743135223214,0.8436270688840702,1.1249816959896815,-90.5910638695714,128.42844271848415,-0.42790791371808856,2.0020361379064444,-3.3828083107301357,3.8768603108290645,-5.495412389958638,4.185398740257758,True
32,Alder,92,23,1.6643351585796249,1.4188108935806547,-2.2289827665518005,1.2369488149509407,1.113806827212176,0.24402215384343356,0.42249087992778783,0.14430613971232908,-0.5491218605188934,3.877792177678143,0.9338681404533269,1.9037536467079825,-3.0685946102158956,-1.3893709228877054,0.9501706860677184,1.523726943834163,True
32,Aspen,53,13,0.6846245415820996,1.5896983872583927,-1.5116759162023814,1.0689501664732577,0.3686956749819075,0.26292970613632244,0.4050433295288853,0.1169767547772552,-0.05629715689819215,1.4255462400623915,1.0613213607011711,2.1180754138156144,-2.325640961188008,-0.697710871216755,0.8338765767531462,1.3040237561933692,True
32,Birch,96,24,0.5426151077215994,-0.3276601935317042,1.0978300218893386,0.26485657305469174,0.5558089510895824,0.4596825955836548,0.6864642791172599,0.23747674127747226,-0.5612694448763801,1.646499660319579,-1.240629506760981,0.5853091196975726,-0.2655472899411726,2.46120733371985,-0.20679273339063953,0.736505879500023,True
32,Oak,71,18,0.38771560183182935,0.44195193908917024,0.2859757487113818,0.6275273598832948,0.1464027056950981,0.1123617028416576,0.2137143566260298,0.10413298984794934,0.09549457821250673,0.679936625451152,0.21767704154471382,0.6662268366336267,-0.1405998924893151,0.7125513899120788,0.4196770422171565,0.835377677549433,True
32,Pine,356,89,0.47123857263692553,0.8329482076889005,-0.7489159841740511,0.8687857067428905,0.12658351797786582,0.17293463328135292,0.2232623130900427,0.09972728911109899,0.2222834475605498,0.7201936977133012,0.49283312836139637,1.1730632870164048,-1.1880118314698387,-0.3098201368782636,0.6726494314141952,1.0649219820715856,True
32,Spruce,6,1,11.859810758582313,0.7104879998793497,-0.04961916697115945,-0.17667758735442024,8.127536479386308,0.22527256102612478,0.15961256311656136,0.3317123267837855,-23.110156260154156,46.82977777731878,-0.25878159974534676,1.6797575995040464,-0.7363765973584299,0.637138263416111,-1.6039205356645334,1.250565360955693,True
33,Alder,92,23,0.6729729944495024,1.2833549091654253,-1.9992887840614975,1.4153566216657523,0.4918346570272611,0.2386759455091058,0.4285391858100096,0.16461242180027102,-0.3044450346334876,1.6503910235324923,0.809036621676183,1.7576731966546677,-2.8509203647047308,-1.1476572034182642,1.0882240241967602,1.7424892191347443,True
33,Aspen,53,13,0.6662249003134162,1.4432254204958161,-1.2776673379230052,0.9885785449898038,0.4574924503561522,0.3325804909633767,0.5103825549251908,0.13314265918546717,-0.25314059909588527,1.5855903997227176,0.7748799015035294,2.111570939488103,-2.303319481763423,-0.25201519408258766,0.7210183540851511,1.2561387358944565,True
33,Birch,96,24,0.959893670999341,-0.17129168786654786,0.893594181260835,0.14205322340369245,0.7975162494181766,0.38458045711483624,0.5719056925980311,0.21133937798039784,-0.6240424395162841,2.543829781514966,-0.9351016715091349,0.5925182957760393,-0.24225988939457377,2.029448251916244,-0.27768502343613866,0.5617914702435235,True
33,Oak,71,18,0.37024667522491217,0.4744765387785855,0.30139255693235895,0.59084993761712,0.14961400761648536,0.11498731555497152,0.22064351243513655,0.10356825658586083,0.07161586614320309,0.6688774843066212,0.24496089632391943,0.7039921812332515,-0.13901373714965792,0.7417988510143758,0.3841268322599064,0.7975730429743336,True
33,Pine,356,89,0.5797122855305062,0.5806076415221655,-0.4528936105459173,0.7767178700679759,0.1531557838986614,0.16673496658877518,0.21447471680966282,0.09763868259715625,0.27849678808060296,0.8809277829804095,0.25268560929540956,0.9085296737489215,-0.8747066617395677,-0.031080559352266945,0.5846893119541305,0.9687464281818212,True
33,Spruce,6,1,18.91868942445624,0.7870641120941749,0.24702600004946684,-0.6550068248504367,25.451682988135747,0.28237743134930654,0.8436270688319207,1.1249816958847751,-90.5910638598069,128.42844270871936,-0.42790791370550385,2.0020361378938536,-3.3828083105057516,3.8768603106046857,-5.49541238950726,4.185398739806386,True
34,Alder,92,23,1.2936087356964914,1.5207746715197472,-2.5298109263795756,1.474188467429031,0.7998483691712137,0.22412253028503207,0.3987104173044256,0.1436500030686496,-0.2959218217592008,2.8831392931521833,1.0753782386039863,1.9661711044355081,-3.3221640976912665,-1.7374577550678847,1.1887142722477373,1.759662662610325,True
34,Aspen,53,13,1.8074487788910916,1.8031468103839081,-1.7381212026969237,0.7981893084006673,1.1683919115223527,0.3110557771509547,0.44283490024278277,0.16003368797003834,-0.540522673766326,4.15542023154851,1.1780568232553583,2.428236797512458,-2.628031252361417,-0.8482111530324303,0.4765895719496107,1.1197890448517238,True
34,Birch,96,24,0.8224258237846958,0.03889730102111417,0.7854291238947083,0.11251327313163273,0.6812507190162982,0.3995234858926171,0.6057438884829,0.1766969321677584,-0.530596907666693,2.1754485552360845,-0.7545908276108304,0.8323854296530588,-0.41763052459795047,1.9884887723873672,-0.23842208609399418,0.46344863235725964,True
34,Oak,71,18,0.2782657668224377,0.3167864993767903,0.5197165836946859,0.6325066530394113,0.14720465748454536,0.22801343336507449,0.3727156351908998,0.11067218078172344,-0.01555595926814718,0.5720874929130226,-0.13833021844988858,0.7719032172034692,-0.22422693782219472,1.2636601052115664,0.41160405564089353,0.8534092504379291,True
34,Pine,356,89,0.4586595111287001,0.793922494237105,-0.7265006624660505,0.8913737041217741,0.12055705404708994,0.1615457629010521,0.2078659886319745,0.09637132777034525,0.22155679073835088,0.6957622315190494,0.4762062050151357,1.1116387834590744,-1.1353161546065558,-0.3176851703255452,0.7018376859883713,1.080909722255177,True
34,Spruce,6,1,11.701202228254598,0.7803381607466437,-0.07130235221712085,-0.21656258053490784,11.416641896901217,0.29113361431484985,0.21032674483021854,0.454270943832461,-37.420643193410754,60.82304764991996,-0.47230867959144884,2.0329850010847363,-0.9762652949889646,0.8336605905547229,-2.1711326970372893,1.7380075359674734,True
35,Alder,92,23,1.10532018810148,1.4981789266978778,-2.2730376404706556,1.3395141064281821,0.6871856982544142,0.21689129787906766,0.3817494996979482,0.14015730698711382,-0.2603169852964473,2.4709573614994076,1.0671530486527285,1.929204804743027,-3.0316845521247573,-1.514390728816554,1.06098091077066,1.6180473020857042,True
35,Aspen,53,13,1.0269864151870267,1.5099817538656102,-1.3424032131892587,0.8710547493989842,0.627201755476796,0.307912708399285,0.4679837026614402,0.12330958191769507,-0.23342270130313114,2.2873955316771846,0.8912079998690107,2.1287555078622096,-2.282851673437742,-0.40195475294077543,0.6232548670764247,1.1188546317215438,True
35,Birch,96,24,1.3379477204011248,0.12946424169352086,0.47286851514402856,0.13613654418937476,0.9554380847883425,0.3597922698149234,0.5238918375618425,0.17652290388300843,-0.5596347864909959,3.2355302272932454,-0.5851142623306875,0.8440427457177293,-0.5676258949999309,1.513362925287988,-0.21445317984114776,0.4867262682198973,True
35,Oak,71,18,0.4529705765144569,0.45541005532796436,0.2529276555222197,0.6001032214510126,0.17368718241341183,0.12442315220913833,0.24532171549447487,0.11069899448175241,0.10628950943017135,0.7996516435987424,0.20706040408436327,0.7037597065715655,-0.2367365380285691,0.7425918490730085,0.37914710368323457,0.8210593392187906,True
35,Pine,356,89,0.43769300297367847,0.7792480921725774,-0.6682992392701742,0.8663384392372858,0.11614474727331695,0.1615839906554107,0.20809835118066564,0.09659522494080525,0.20926808204954467,0.6661179238978123,0.461456619423402,1.0970395649217528,-1.0775717249300298,-0.2590267536103185,0.6763620766659455,1.0563148018086261,True
35,Spruce,6,1,19.776425212335823,0.9376478909571233,-0.1022391145274198,-0.4876670826858845,8.514510667615145,0.13641788901392232,0.09176948713018873,0.21008069397893245,-16.8585573537054,56.41140777837705,0.3506890884119851,1.5246066935022615,-0.4970913488309413,0.2926131197761017,-1.3915713540907981,0.4162371887190291,True
36,Alder,92,23,1.1076631916152284,1.388353849695346,-2.1488849354027937,1.3171558518907887,0.7832250514988232,0.24297621827228466,0.42441963038589653,0.15358611547666942,-0.44883201511025317,2.66415839834071,0.9054896737278288,1.8712180256628632,-2.992329765304077,-1.3054401055015106,1.011935721225214,1.6223759825563633,True
36,Aspen,53,13,1.0497204371850184,1.6721813306693492,-1.6672611549120364,1.005164620745971,0.7416876086423554,0.35202069916012235,0.538072633421166,0.1362741124472118,-0.44075661482826156,2.5401974891982984,0.9647692506802455,2.379593410658453,-2.7485585948121303,-0.5859637150119423,0.7313115389102887,1.2790177025816534,True
36,Birch,96,24,0.35943065933893925,-0.9123825679982219,1.8957693201774688,0.18093881923748525,0.3595748248207902,0.4691860470324795,0.7063942156878042,0.22712594248676757,-0.35471598015773165,1.0735772988356103,-1.844226556113819,0.01946142011737495,0.49280943402649546,3.298729206328442,-0.2701529073601131,0.6320305458350837,True
36,Oak,71,18,0.3456295145099419,0.4266984598980653,0.34017070751533635,0.6216279699866782,0.12126304573795496,0.10079620940089368,0.19242038055909827,0.09218185981743124,0.1035874621824322,0.5876715668374516,0.22550838387979844,0.6278885359163322,-0.04390197956535047,0.7242433945960232,0.4376322077014967,0.8056237322718598,True
36,Pine,356,89,0.5599654261360092,0.7367248102506686,-0.6653502789076635,0.8303798648481673,0.1442102508979413,0.16770367228847208,0.21212572139135624,0.09420794067098852,0.276343343078796,0.8435875091932223,0.40689759911529355,1.0665520213860438,-1.0825434991982843,-0.2481570586170428,0.6450986368684332,1.0156610928279015,True
36,Spruce,6,1,3.9858988778055044,0.5181254029726541,-0.04566899010548285,0.32056092500211597,4.805823384568687,0.3188932897479776,0.16585407009783656,0.5840200968694368,-16.69189022624651,24.663687981857517,-0.8539616806432644,1.8902124865885725,-0.7592814575431546,0.6679434773321888,-2.1922747389905712,2.8333965889948036,True
37,Alder,92,23,0.8401736268371429,1.4025330513778056,-2.170257924679193,1.4096609636547537,0.5661407609326989,0.23499644261084537,0.40608451056899647,0.14987214782899977,-0.2849121694322154,1.9652594231065013,0.9355270027058931,1.8695391000497181,-2.9772655567978856,-1.3632502925605006,1.1118215632537036,1.7075003640558037,True
37,Aspen,53,13,1.0642507086719875,1.7776212236816924,-1.7306758532859374,0.9684713444472034,0.6807577713492207,0.3199635147714165,0.4870636140795792,0.12469820995393915,-0.3037832511146954,2.4322846684586703,1.134630467612218,2.4206119797511665,-2.7094668310469325,-0.7518848755249425,0.7178809096094244,1.2190617792849823,True
37,Birch,96,24,1.05878157640839,-0.20713895685308423,1.0300832446606343,0.010996211503345555,0.9506387856665178,0.4367986163540373,0.6728564031911298,0.20783213447822274,-0.829269108166919,2.946832260983699,-1.0746587120570237,0.6603807983508553,-0.30626765099022135,2.36643414031149,-0.4017763470065998,0.42376877001329094,True
37,Oak,71,18,0.521722870967026,0.4288395487613217,0.3693150971906585,0.48079518534939264,0.18528771675835182,0.10612711578533943,0.21958203739420804,0.12104351615523133,0.15188704041908285,0.8915587015149691,0.21700893906517432,0.640670158457469,-0.06897248384207572,0.8076026782233927,0.239191315902955,0.7223990547958303,True
37,Pine,356,89,0.5001982046401994,0.7505028822136502,-0.6912294919754216,0.8785026542426129,0.12949592867180454,0.165098287566492,0.2095409347982177,0.0925495838567817,0.24551516505989845,0.7548812442205003,0.42579974954989774,1.0752060148774027,-1.1033391446746987,-0.27911983927614453,0.696482960107864,1.0605223483773616,True
37,Spruce,6,1,19.776425212335862,0.9376478909571233,-0.10223911452741857,-0.48766708268588627,8.514510667675188,0.13641788901469348,0.09176948713025461,0.2100806939804032,-16.8585573539637,56.41140777863542,0.3506890884086671,1.5246066935055795,-0.4970913488312235,0.2926131197763864,-1.391571354097128,0.41623718872535537,True
38,Alder,92,23,0.7231404977345475,1.3779338295236334,-2.2863313670350633,1.5602089045084602,0.48932857152638964,0.22789095945170665,0.4048889476306731,0.16007441680803056,-0.24929721303216046,1.6955782085012554,0.9250484355186059,1.8308192235286609,-3.0909630690436583,-1.4816996650264687,1.242094638367101,1.8783231706498194,True
38,Aspen,53,13,1.0244337452213508,1.6886599611367035,-1.6511563549183585,0.9881785774376151,0.5526780298761271,0.2750433841146631,0.41605108138728397,0.12068457828960193,-0.0862143377230884,2.1350818281657897,1.1359395872836506,2.2413803349897563,-2.4872423054550863,-0.8150704043816308,0.745653837403446,1.230703317471784,True
38,Birch,96,24,0.5786745745758409,-0.5206536036417271,1.4339884325424719,0.11671905653479754,0.5409016862003294,0.428910565746447,0.6627722691944629,0.21611713770189966,-0.4956028632024271,1.6529520123541088,-1.3725070094665135,0.33119980218305933,0.11766549744069832,2.7503113676442457,-0.3125082335135886,0.5459463465831836,True
38,Oak,71,18,0.40578194421600344,0.4767675415232078,0.2578495832439904,0.6035176856686114,0.14488958535381152,0.10069120445759155,0.19427469599690114,0.09372934092381704,0.11658112143853444,0.6949827669934725,0.2757870562489859,0.6777480267974297,-0.1299243329415491,0.6456234994295298,0.41643313816738753,0.7906022331698352,True
38,Pine,356,89,0.45455974822872136,0.840984740662777,-0.7934003550578533,0.9069618473797322,0.12289534214510614,0.16968618576480804,0.2199130071962346,0.10141251400115854,0.21285825530300923,0.6962612411544336,0.5072584682724198,1.174711013053134,-1.225909034600428,-0.3608916755152787,0.7075111960565259,1.1064124987029385,True
38,Spruce,6,1,11.859810758582203,0.7104879998793483,-0.04961916697116061,-0.1766775873544151,8.127536479267286,0.22527256102293874,0.15961256311594982,0.33171232677911233,-23.110156259642157,46.829777776806566,-0.25878159973163983,1.6797575994903364,-0.7363765973557999,0.6371382634134786,-1.6039205356444213,1.2505653609355911,True
39,Alder,92,23,0.6531246052532785,1.3398168478485588,-2.1027797532986527,1.4679708864344254,0.4714379605279007,0.2332557659638219,0.41624500409811876,0.15455720604907655,-0.2837592756004953,1.5900084861070525,0.8762700282352245,1.8033636674618931,-2.929979231229453,-1.275580275367853,1.160820917316473,1.7751208555523779,True
39,Aspen,53,13,0.865776286088688,1.4829870419010613,-1.320346938531459,0.9167855106883773,0.5087756101857802,0.28958048008269693,0.4429337166908473,0.10797980635461113,-0.15664658139597498,1.8881991535733509,0.9010532799708766,2.064920803831246,-2.210455567283004,-0.43023830977991406,0.6997919657281403,1.1337790556486143,True
39,Birch,96,24,1.1308728628654183,-0.0168591356767271,0.6713480267631162,0.16166355488928677,1.0418787983281796,0.42069864288119024,0.610094550288352,0.23580247168572563,-0.9383883624156653,3.200134088146502,-0.852402953862969,0.8186846825095148,-0.5403524116110328,1.8830484651372652,-0.3066605076289891,0.6299876174075627,True
39,Oak,71,18,0.4053291625292667,0.4609167984227863,0.3135811824153419,0.5683333887781585,0.1676789150623429,0.11778490567873577,0.22761412223745256,0.10186114209954786,0.07064064727093222,0.7400176777876012,0.22581714270994818,0.6960164541356244,-0.14073850706474839,0.7679008718954321,0.3650176981969032,0.7716490793594138,True
39,Pine,356,89,0.5480152530385457,0.8762620021960905,-0.83322659459034,0.8611618379899962,0.14188678561688545,0.1663904273479313,0.2146489123462525,0.09730150058316488,0.2689627900937789,0.8270677159833125,0.5490175843315219,1.203506420060659,-1.2553822407149275,-0.4110709484657523,0.6697964245873085,1.052527251392684,True
39,Spruce,6,1,12.979986461924735,0.7915629712151387,-0.07396005944327229,-0.254466814044379,12.437361382625404,0.2927041797783427,0.21287420172083088,0.4531422899893447,-40.53366044124584,66.4936333650953,-0.46784146690161765,2.050967409331895,-0.9898838245592925,0.8419637056727478,-2.204180725007794,1.6952470969190356,True
40,Alder,92,23,1.1116500281137855,1.4433927453321915,-2.2427775361280347,1.3490404626143604,0.6962119116932424,0.22009736839792138,0.3874089338906186,0.14422432884487402,-0.2719248477689278,2.495224903996499,1.0059954758389904,1.8807900148253927,-3.012671383993909,-1.47288368826216,1.0624249156388648,1.635656009589856,True
40,Aspen,53,13,1.3530090448487455,1.6517733650881898,-1.6019257038720296,0.8953417160875301,0.7954678709606952,0.28540419500108094,0.433944162701429,0.12223091236250669,-0.24554349056578495,2.951561580263276,1.0782321622412128,2.225314567935167,-2.473969147533603,-0.7298822602104561,0.6497095013921224,1.1409739307829379,True
40,Birch,96,24,0.9205590629549936,-0.2912468843446617,1.0148120165134307,0.14214308469764278,0.7919885955675535,0.4090359471822697,0.6001356082234928,0.21481859935880007,-0.652398649883067,2.4935167757930543,-1.1036275821845127,0.5211338134951893,-0.17710910329439233,2.2067331363212537,-0.28450519611547687,0.5687913655107624,True
40,Oak,71,18,0.26329173430286656,0.16997722901195828,0.792995118797819,0.5441623777910927,0.12477405660598152,0.21373004812218013,0.34731632549476843,0.09815548434371489,0.014241674951702255,0.5123417936540309,-0.25662973254614185,0.5965841905700584,0.09974883162089232,1.4862414059747457,0.34824321104763856,0.7400815445345468,True
40,Pine,356,89,0.4700260815701077,0.7976643166492126,-0.7196403452192652,0.873719459531345,0.11126932191764839,0.14836300078775286,0.18994037397545777,0.08792274578178572,0.25118978757474386,0.6888623755654716,0.5058749114576144,1.0894537218408107,-1.0932010608282448,-0.34607962961028577,0.7007994892000552,1.046639429862635,True
40,Spruce,6,1,39.39128951630918,1.302260131360361,-0.46594691780061376,-0.6691433979105501,107.87327889802721,1.2135153413013713,0.9240974836340181,1.0589954006590785,-424.7499683955608,503.5325474281792,-3.9190749644181295,6.523595227138852,-4.442017478263858,3.51012364266263,-5.225632849291993,3.8873460534708935,True
41,Alder,92,23,1.1022067798531097,1.1581963790969203,-1.7558929297872,1.1576160312451065,0.819500410900924,0.25265595858592405,0.4617085513660043,0.15726438192699133,-0.5263780809552749,2.7307916406614945,0.6560957533099099,1.6602970048839307,-2.6734416544227413,-0.8383442051516584,0.8450861189426586,1.4701459435475543,True
41,Aspen,53,13,1.5421569215826225,1.8000096749311747,-1.8717963616567692,0.9626945022865506,0.9258389221985602,0.3039737457866347,0.4642885198799215,0.11835806311197748,-0.3183860500380289,3.402699893203274,1.189151562660935,2.4108677872014144,-2.804819074090846,-0.9387736492226922,0.7248450695421409,1.2005439350309604,True
41,Birch,96,24,1.8412091801260206,0.42779669834452433,0.21742066609397048,0.019974095936929386,1.2425210645197156,0.3411939264616394,0.501304820933107,0.15778583852645367,-0.6265449046401386,4.30896326489218,-0.24984389042776772,1.1054372871168163,-0.7782139793829098,1.2130553115708507,-0.2934021989691207,0.33335039084297946,True
41,Oak,71,18,0.2904526820087533,0.4374900302298656,0.34209045691917206,0.6599752384459565,0.11101888181203244,0.10403889410958088,0.2011667610996974,0.09714802960357695,0.06885806645738954,0.512047297560117,0.22982752844358897,0.6451525320161422,-0.05944007878803492,0.743620992626379,0.46606695978012014,0.8538835171117929,True
41,Pine,356,89,0.45413505298095375,0.8183657829284643,-0.7560989203326439,0.8965069701398142,0.1232515655190182,0.15985999469937054,0.2038500783504456,0.09894779952906625,0.21173296620207574,0.6965371397598318,0.5039649382462241,1.1327666276107045,-1.157016216385659,-0.3551816242796289,0.7019037374180137,1.0911102028616146,True
41,Spruce,6,1,19.77642521233571,0.9376478909571214,-0.10223911452741903,-0.4876670826858818,8.514510667235793,0.13641788900897286,0.09176948712967416,0.21008069396974743,-16.858557352073298,56.41140777674472,0.35068908843327906,1.5246066934809637,-0.49709134882872646,0.29261311977388843,-1.3915713540512755,0.4162371886795118,True
42,Alder,92,23,1.0136200372778528,1.4032542781927178,-2.127663357460884,1.3070017691339433,0.6805599851984775,0.2401522300025084,0.4211498810195346,0.15500919266863744,-0.33884992371673195,2.3660899982724377,0.926002185492129,1.8805063708933065,-2.964610247585858,-1.2907164673359102,0.9989535715878981,1.6150499666799885,True
42,Aspen,53,13,1.6298584416711934,1.7213796797848588,-1.7225733298034553,0.8801844098752366,0.822776072183623,0.23993900761201747,0.3625057633605711,0.11090402491119632,-0.023571978691475204,3.283288862033862,1.2392041916663845,2.203555167903333,-2.451055935169491,-0.9940907244374196,0.6573144277157321,1.103054392034741,True
42,Birch,96,24,0.9080743401953448,-0.2875249844511771,1.0727772345239779,0.09141662502458131,0.7578613143488216,0.40267966245844905,0.5957304463102472,0.20738470352582425,-0.597103646379449,2.413252326770139,-1.0872815521744024,0.5122315832720483,-0.1103948534839938,2.25594932253195,-0.320467296993025,0.5033005470421876,True
42,Oak,71,18,0.29074371252525644,0.4198973744755635,0.4217053066829809,0.602596849350532,0.10669213098873524,0.1029202146768389,0.1956232243087617,0.08910436845757932,0.0777853277629797,0.5037020972875332,0.21446776618251617,0.6253269827686109,0.031239716721328137,0.8121708966446337,0.4247437855290556,0.7804499131720084,True
42,Pine,356,89,0.545586087464106,0.7459485332538852,-0.6211511363147866,0.795651303922128,0.13765783189662192,0.15848807710063922,0.203695009060379,0.09242744703210007,0.2748508187258906,0.8163213562023213,0.4342458748982911,1.0576511916094793,-1.0217634535275801,-0.22053881910199297,0.6138718194841137,0.9774307883601423,True
42,Spruce,6,1,39.39128951630957,1.3022601313603648,-0.46594691780061676,-0.6691433979105537,107.87327898023392,1.213515342211099,0.9240974842809296,1.058995401452676,-424.7499687492674,503.5325477818865,-3.9190749683323673,6.523595231053097,-4.442017481047296,3.510123645446063,-5.225632852706571,3.8873460568854643,True
43,Alder,92,23,1.2990890197345513,1.2077379981629828,-1.7424673870646505,1.0722748894388117,0.8322832170955862,0.25283889902725976,0.4453288122969839,0.1443442778792179,-0.3548989822685866,2.9530770217376894,0.7052738166910382,1.7102021796349274,-2.627464822259749,-0.8574699518695523,0.785420968963068,1.3591288099145553,True
43,Aspen,53,13,1.446937794751168,1.9384809774714364,-1.9193872537912624,0.9118632008820072,0.9087190094278271,0.32153890742342,0.48659719366494225,0.11592741301683572,-0.3792014241036057,3.2730770136059415,1.2923243513397407,2.584637603603132,-2.897240924636911,-0.9415335829456135,0.6788983423789203,1.1448280593850941,True
43,Birch,96,24,1.2910317221912164,-0.023187730457670464,0.6748678891162764,0.12075300166310286,1.1121554839771846,0.39390211254223517,0.5909813546338976,0.21394256202091938,-0.9178050668580315,3.4998685112404644,-0.8055113263959478,0.759135865480607,-0.49887209289535084,1.8486078711279035,-0.3041553933801136,0.5456613967063193,True
43,Oak,71,18,0.2744311819161518,0.4129198709116919,0.4525110911376633,0.5978564162518224,0.10746226870684725,0.11270333387226662,0.21223609514318045,0.09877108158812893,0.05993559583477351,0.4889267679975301,0.1879630749761456,0.6378766668472382,0.028886072206167512,0.8761361100691591,0.40070851226580295,0.7950043202378418,True
43,Pine,356,89,0.5082629214599873,0.5027021129380694,-0.35081963569036934,0.7964706830385011,0.14234325830228714,0.18053265088020132,0.2312189466382715,0.10188944597996621,0.22831270171162144,0.7882131412083532,0.14764381310389102,0.8577604127722478,-0.8055640028869274,0.10392473150618875,0.5960820370827096,0.9968593289942926,True
43,Spruce,6,1,11.701202228254402,0.7803381607466395,-0.07130235221711964,-0.21656258053490018,11.416641897141021,0.2911336143207285,0.21032674483175465,0.4542709438407294,-37.420643194442754,60.82304765095156,-0.4723086796167466,2.032985001110026,-0.9762652949955727,0.8336605905613333,-2.1711326970728573,1.7380075360030571,True
44,Alder,92,23,0.7422948621076065,1.3667444600428984,-2.069822598472396,1.3778530134336644,0.48863251846124545,0.22412733804394738,0.3996301316085598,0.15150506115584556,-0.22875958945735564,1.7133493136725688,0.9213384727165725,1.8121504473692243,-2.8640035086992333,-1.2756416882455588,1.076768540928026,1.6789374859393027,True
44,Aspen,53,13,0.8604764422724795,1.6202487259677065,-1.4643668674432304,0.9310978469755343,0.5211343764865463,0.3013889252959216,0.45416966992156405,0.12747540181263828,-0.18678229593167006,1.9077351804766292,1.014585004948028,2.225912446987385,-2.377054989572766,-0.5516787453136949,0.6749264361497567,1.187269257801312,True
44,Birch,96,24,1.4525233540266747,-0.008707901636886275,0.687627397942348,0.05282672849262941,1.2351278429768417,0.4003441814946559,0.6084506387464349,0.20815931501483012,-1.0005471545949944,3.9055938626483435,-0.8038260025744222,0.7864101993006496,-0.5208080902121215,1.8960628860968174,-0.3605956388042446,0.46624909578950346,True
44,Oak,71,18,0.3464148365166553,0.43558828724525894,0.38818004389215405,0.5684411419516983,0.1380075005080417,0.11237818204459235,0.21867914019623647,0.09557134224612028,0.07095071258445373,0.6218789604488568,0.21128049707407706,0.6598960774164409,-0.04830534679060289,0.8246654345749109,0.37767994442303143,0.7592023394803651,True
44,Pine,356,89,0.4838710232698599,0.6740427175166681,-0.5646309280982665,0.8452562496221966,0.12798181910968462,0.16648306043694017,0.21434891971748826,0.09844354984340255,0.2321658226802783,0.7355762238594415,0.3466161157261919,1.0014693193071444,-0.9861965708510958,-0.14306528534543733,0.6516447379835949,1.0388677612607982,True
44,Spruce,6,1,12.979986461924756,0.7915629712151392,-0.07396005944327239,-0.25446681404437965,12.437361382648554,0.2927041797774754,0.21287420172010896,0.45314228999075545,-40.53366044134542,66.49363336519494,-0.46784146689788575,2.0509674093281642,-0.9898838245561863,0.8419637056696416,-2.2041807250138645,1.695247096925105,True
45,Alder,92,23,0.4637244537795321,0.8814665727701277,-1.2770744705346628,1.2556984817946306,0.3118783629966152,0.25186687546198205,0.442833812311055,0.15190548929291497,-0.1560682560637776,1.0835171636228418,0.38093408387783656,1.381999061662419,-2.1571136175449706,-0.3970353235243551,0.953818242510601,1.5575787210786602,True
45,Aspen,53,13,1.8438229856033075,1.846388078687101,-1.8872998473963154,0.8851278197479744,1.2247437140039192,0.3611812623568943,0.546126919988485,0.1147235679603319,-0.6173916538886643,4.305037625095279,1.120567157739607,2.572208999634595,-2.9847829821348366,-0.7898167126577944,0.654582178459778,1.1156734610361707,True
45,Birch,96,24,0.7243919191589695,-0.3767765776044784,1.0948222954441977,0.21779163972477833,0.7128329820675466,0.45676708732791116,0.6302189485678117,0.2508226122330918,-0.691355912796855,2.140139751114794,-1.2839554397800648,0.5304022845711078,-0.15684693498966107,2.3464915258780565,-0.2803637184133045,0.7159469978628612,True
45,Oak,71,18,0.3316460928123376,0.38740317413626796,0.4253691599022887,0.6001160245934112,0.16073838244737568,0.1956126856812309,0.30974374031762836,0.12268708293889416,0.01081093863486271,0.6524812469898125,-0.0030413806367933782,0.7778477289093293,-0.19288193337873943,1.0436202531833167,0.35523158211638406,0.8450004670704383,True
45,Pine,356,89,0.4977072217848484,0.6567655555202365,-0.5464836864332003,0.8357175567255316,0.1384841937084961,0.17407189628214464,0.22406672354173185,0.09902557226133181,0.2253467255958566,0.7700677179738402,0.3144137912188138,0.9991173198216592,-0.9871615888639069,-0.10580578400249369,0.6409613663312157,1.0304737471198475,True
45,Spruce,6,1,39.39128951631074,1.302260131360378,-0.4659469178006263,-0.6691433979105654,107.87327890337478,1.2135153413660866,0.9240974836859118,1.0589954007059377,-424.749968418568,503.5325474511895,-3.91907496469656,6.523595227417316,-4.44201747848715,3.510123642885898,-5.225632849493628,3.887346053672497,True
46,Alder,92,23,0.9398637674392105,1.0599587560783688,-1.5824406828191517,1.1501953905146622,0.5947699505251467,0.2619457660504101,0.4443027115812934,0.1534608708684792,-0.24211652714554943,2.1218440620239702,0.5393965900709523,1.5805209220857852,-2.4653989584616625,-0.6994824071766412,0.8452241571895687,1.4551666238397558,True
46,Aspen,53,13,1.3935384291763877,1.7508483712697385,-1.7114427303157245,0.8940481355340286,0.9268236840292279,0.32334258039543234,0.4439697044211768,0.1895789878060493,-0.46898349543364337,3.2560603537864186,1.1010671285976072,2.4006296139418697,-2.6036332543561094,-0.8192522062753397,0.513074896158966,1.2750213749090913,True
46,Birch,96,24,1.387958159682704,-0.1910418360084146,0.846351120504676,0.07437345052738824,1.1232532702874753,0.3934490747529279,0.5755090772665234,0.19854899067725032,-0.8429197909058603,3.6188361102712685,-0.972465659792287,0.5903819877754578,-0.29665958313553686,1.989361824144889,-0.3199619831011561,0.4687088841559326,True
46,Oak,71,18,0.15636314535482393,0.14421896417784605,0.6907238468966662,0.8083480573968781,0.06508266311183884,0.16346428478179692,0.2530104545962871,0.10944913499893053,0.02645760608137962,0.28626868462826827,-0.1820571138313907,0.4704950421870828,0.18571286586673919,1.1957348279265934,0.5898866695981704,1.0268094451955858,True
46,Pine,356,89,0.4050061109533558,0.7763248635938166,-0.7078930803728799,0.9202894156432506,0.10531487739884679,0.16097181295964635,0.2085225787948194,0.0971430121760559,0.19788057917742877,0.6121316427292829,0.4597373767762427,1.0929123504113905,-1.1179999056089271,-0.29778625513683254,0.7292357055479544,1.1113431257385469,True
46,Spruce,6,1,39.39128951631435,1.3022601313604187,-0.46594691780065645,-0.6691433979106003,107.8732789361864,1.2135153417395486,0.9240974839582967,1.058995401017924,-424.7499685597413,503.53254759237007,-3.9190749663033957,6.523595229024234,-4.4420174796591585,3.5101236440578454,-5.225632850836032,3.887346055014831,True
47,Alder,92,23,0.8147856034595488,1.0665813906928576,-1.6802162310491164,1.274453305334611,0.5171197563539855,0.24219145922937083,0.4280258446019828,0.15061939607239638,-0.21288124724669022,1.8424524541657878,0.5852767584176577,1.5478860229680576,-2.530827653912438,-0.8296048081857951,0.975128906072946,1.573777704596276,True
47,Aspen,53,13,1.0453441823417133,1.6837627615517794,-1.6142089569939122,0.9553000314326804,0.5635877587820203,0.275968369435671,0.4172879573213771,0.1194863990304707,-0.08722782165580178,2.1779161863392282,1.1291835601029212,2.2383419630006376,-2.4527805027791945,-0.7756374112086298,0.7151831227673033,1.1954169400980574,True
47,Birch,96,24,1.3390129966307636,0.13615160619090386,0.5209293932444746,0.11559390331238685,1.1162805614626263,0.3898633892574856,0.5877334914979678,0.20233135861733365,-0.8780165523686834,3.5560425456302105,-0.6381507366935805,0.9104539490753881,-0.6463600522335525,1.6882188387225017,-0.2862536395276316,0.5174414461524053,True
47,Oak,71,18,0.48717762616604404,0.4599365580235127,0.274519832158272,0.5555208938043205,0.1647542943069158,0.09864303172027017,0.19238789968991318,0.08914594839765107,0.15832667836789782,0.8160285739641903,0.26304424264347115,0.6568288734035542,-0.10948802283617537,0.6585276871527195,0.37758483607510096,0.73345695153354,True
47,Pine,356,89,0.4322479846100223,0.6741484225148031,-0.5373567091395257,0.8476856547577046,0.1220651306986844,0.1747691729365651,0.22901473278748175,0.1046712268699545,0.19217929031232667,0.672316678907718,0.3304253059276552,1.017871539101951,-0.9877659911394914,-0.08694742713956005,0.6418260073598202,1.0535453021555892,True
47,Spruce,6,1,12.979986461924671,0.7915629712151366,-0.07396005944327032,-0.2544668140443773,12.437361382892375,0.29270417978179597,0.21287420172055127,0.45314228999940037,-40.53366044239459,66.49363336624393,-0.4678414669164781,2.050967409346751,-0.9898838245580874,0.8419637056715468,-2.2041807250510583,1.6952470969623035,True
48,Alder,92,23,1.800966986785098,1.5580980932287325,-2.7637102074734528,1.5544060453427317,1.222977867611166,0.22766790409447749,0.4213831122875064,0.1418183958085155,-0.6294445344314075,4.231378508001603,1.1056559748744228,2.0105402115830424,-3.6011205957334287,-1.9262998192134768,1.2725717847058537,1.8362403059796097,True
48,Aspen,53,13,1.0969053422098083,1.65337875181685,-1.4868754273237748,0.8566006458329668,0.6040975844148663,0.265534912257841,0.3999115368477437,0.11445939816613108,-0.11707420423989756,2.310884888659514,1.1197663675502074,2.1869911360834924,-2.2905277488152977,-0.6832231058322515,0.6265858736215939,1.0866154180443397,True
48,Birch,96,24,1.5784479874423434,0.21958757232081175,0.3052094923998925,0.16032245547343313,1.1212118214647881,0.3641116801257398,0.5226454469348989,0.17143520710728855,-0.6483754695727255,3.8052714444574125,-0.5035696534190068,0.9427447980606303,-0.7328094783743182,1.3432284631741032,-0.18016266360603575,0.500807574552902,True
48,Oak,71,18,0.4250750929322107,0.4310459437864162,0.30714862814217064,0.5932961712662806,0.14848323415472903,0.10210595871343432,0.19300862782414063,0.09771038557113676,0.12870131712667737,0.721448868737744,0.22724159719863932,0.634850290374193,-0.07809820539377327,0.6923954616781145,0.3982654253912589,0.7883269171413023,True
48,Pine,356,89,0.4532058149647019,0.694971514176519,-0.569563587456382,0.848034908450332,0.12383448405699256,0.1665049325884618,0.21159783899362247,0.09822758877449007,0.20965728700731187,0.6967543429220919,0.3675018958519415,1.0224411325010965,-0.9857186075890927,-0.1534085673236713,0.6548481331105914,1.0412216837900727,True
48,Spruce,6,1,12.979986461924751,0.7915629712151393,-0.07396005944327301,-0.2544668140443791,12.437361382654522,0.2927041797765769,0.21287420171936064,0.45314228999174194,-40.53366044137111,66.49363336522062,-0.4678414668940196,2.050967409324298,-0.9898838245529672,0.8419637056664212,-2.2041807250181082,1.69524709692935,True
49,Alder,92,23,1.9908311632929419,1.542651410750114,-2.577763859081356,1.3879050082164288,1.1374699504929673,0.20718065124691606,0.3760607403605654,0.13974972532356655,-0.26965134087174336,4.251313667457627,1.1309234023379966,1.9543794191622312,-3.3251055569608132,-1.8304221612018985,1.1101817954679651,1.6656282209648925,True
49,Aspen,53,13,0.931454510419159,1.5877156270861517,-1.4425080708695643,0.9194339238461404,0.5632034698821432,0.29674308444953656,0.4462460394372911,0.12336651369716824,-0.20034523612125954,2.0632542569595778,0.9913880727870122,2.184043181385291,-2.3392730613897426,-0.5457430803493861,0.671519632829346,1.1673482148629348,True
49,Birch,96,24,0.9812532292608187,-0.45748200533219807,1.3170947711524164,-0.01385308377670427,0.7831402054192157,0.38314258632570464,0.5886779945345791,0.20809504594428238,-0.5741308169765829,2.5366372754982205,-1.2184362534749473,0.3034722428105511,0.14792946111705652,2.486260081187776,-0.4271478071519602,0.3994416395985517,True
49,Oak,71,18,0.3245074882845318,0.4057806606604133,0.45749419847728723,0.5557976237997189,0.1285765199049798,0.1158946218087582,0.21981888401629535,0.09993724880535683,0.06786768042269231,0.5811472961463713,0.17445402734352963,0.6371072939772969,0.01873386960824408,0.8962545273463304,0.35632204030592207,0.7552732072935157,True
49,Pine,356,89,0.4637724111236923,0.7184014682901741,-0.6123909675263669,0.8546310326615132,0.12135593010206,0.15835692568001178,0.20341627871929316,0.09505053183147298,0.2250985202416178,0.7024463020057667,0.4069567488736128,1.0298461877067355,-1.0124550984662861,-0.21232683658644763,0.667692658545397,1.0415694067776293,True
49,Spruce,6,1,18.91868942445543,0.7870641120941725,0.2470260000494409,-0.6550068248503982,25.45168298978951,0.28237743135508636,0.8436270688585759,1.124981695951542,-90.59106386692326,128.42844271583414,-0.42790791373037484,2.00203613791872,-3.3828083106204656,3.8768603107193473,-5.495412389794495,4.185398740093699,True
50,Alder,92,23,1.268147588025869,1.4882909992867592,-2.2158104536739684,1.249757299017213,0.8323339809193473,0.24715491877906468,0.4156180274858138,0.1489286506493067,-0.3859412964097295,2.9222364724614676,0.9971225341539532,1.9794594644195653,-3.0417639473376483,-1.3898569600102886,0.9537929009988639,1.545721697035562,True
50,Aspen,53,13,1.7575518916527717,1.7943157023556255,-1.6767569835172154,0.7630429489298146,1.051247972711118,0.29796286713081394,0.4193038944781106,0.15866838385479645,-0.3550100023898055,3.8701137856953487,1.1955369029855119,2.3930945017257392,-2.5193797066922783,-0.8341342603421525,0.4441868938198988,1.0818990040397305,True
50,Birch,96,24,0.9846909533717687,-0.17196623108657666,0.8469106484205156,0.17212553252211216,0.889989206905053,0.4209208485554517,0.5970205074170734,0.23964566175956079,-0.7829044326965453,2.752286339440083,-1.007951368922018,0.6640189067488649,-0.33882361229975455,2.0326449091407857,-0.3038314372152502,0.6480825022594745,True
50,Oak,71,18,0.41239115710951385,0.4867038318587909,0.16645513401047582,0.6701564398700333,0.15961927837279424,0.12140752434122887,0.24600170889630235,0.11801979259589689,0.09378974401392726,0.7309925702051004,0.2443733990321686,0.7290342646854132,-0.3245663320510427,0.6574766000719944,0.43458794790829025,0.9057249318317763,True
50,Pine,356,89,0.5128393438159972,0.8161577248550979,-0.7698326926304065,0.8774596057817422,0.13585408789751174,0.16824503424522383,0.21296933110718752,0.10143199196821436,0.24565154571280362,0.7800271419191906,0.485265802959525,1.1470496467506708,-1.1886850622769265,-0.35098032298388665,0.6779706466298226,1.0769485649336616,True
50,Spruce,6,1,12.979986461924604,0.7915629712151362,-0.07396005944327198,-0.2544668140443739,12.43736138292536,0.29270417978273017,0.2128742017207146,0.45314229000066475,-40.53366044253658,66.49363336638578,-0.467841466920498,2.05096740935077,-0.9898838245587919,0.8419637056722479,-2.204180725056495,1.695247096967747,True
51,Alder,92,23,0.9868616852525348,1.1472522502021931,-1.647819382596237,1.12708015461382,0.6921951840874627,0.24484433523297092,0.43872666553481243,0.14187174657442653,-0.388730788569425,2.3624541590744945,0.6606755843323849,1.6338289160720012,-2.519696438444744,-0.7759423267477302,0.8451398705405662,1.409020438687074,True
51,Aspen,53,13,1.2696881063810754,1.6844095269798631,-1.6311800535536798,0.9100583868361638,0.7126394542060989,0.280072201209457,0.423035050788671,0.12068351487952973,-0.1624144937927976,2.7017907065549487,1.1215833668210604,2.247235687138666,-2.4813008160563035,-0.7810592910510563,0.6675357838045427,1.152580989867785,True
51,Birch,96,24,1.3759185111095098,0.26089466660011734,0.41682750933332635,0.08468534784618663,1.0066524291578312,0.35755850166524794,0.547740670690015,0.18234514651105782,-0.6233801043664755,3.375217126585495,-0.44924738106677947,0.9710367142670142,-0.6710327419617473,1.5046877606284,-0.2774678526018744,0.4468385482942477,True
51,Oak,71,18,0.4058799902961009,0.47507408208450075,0.23059060656635802,0.6291509225127031,0.1351193267226669,0.10652720892909558,0.21681251568699092,0.10344356336261598,0.1361806853673843,0.6755792952248174,0.2624448831310279,0.6877032810379736,-0.20216898600211644,0.6633501991348325,0.42267670587077655,0.8356251391546297,True
51,Pine,356,89,0.5404614276293906,0.8110500795796454,-0.7872526346552688,0.8757254171133892,0.13748992465402246,0.15498650653358026,0.19464194725713088,0.09417718173163736,0.2700563864693809,0.8108664687894004,0.5062340519040293,1.1158661072552616,-1.170060057758974,-0.4044452115515637,0.6905046835464801,1.0609461506802984,True
51,Spruce,6,1,39.39128951631344,1.302260131360409,-0.4659469178006497,-0.6691433979105912,107.873278979538,1.2135153422182672,0.9240974842981226,1.058995401436857,-424.74996874626913,503.53254777889606,-3.919074968363166,6.523595231083984,-4.4420174811213045,3.5101236455200047,-5.225632852638546,3.887346056817363,True
52,Alder,92,23,0.5986095440323318,1.347678826928526,-2.034257905002056,1.4250373113804837,0.4353827407993583,0.24204725378783667,0.4335334955382361,0.163156579292417,-0.26662216408064887,1.4638412521453126,0.8666607726657405,1.8286968811913116,-2.8958146267500218,-1.1727011832540906,1.1007978949721404,1.749276727788827,True
52,Aspen,53,13,1.2405258684611342,1.692387012203725,-1.5491509527500977,0.8379789414404601,0.9566561831612818,0.37050414213948246,0.5206571398079639,0.18166797493287873,-0.6819467076663519,3.16299844458862,0.9478310629064091,2.4369429615010407,-2.5954506479427186,-0.5028512575574771,0.4729034776359316,1.2030544052449887,True
52,Birch,96,24,1.7631175659019176,0.2316336962666703,0.42843318154559545,0.019550108886957143,1.3520417298672214,0.3745885084088422,0.5636127855302845,0.18125669988700688,-0.9221540137343069,4.448389145538142,-0.5123314147712645,0.9755988073046051,-0.6909504598548144,1.5478168229460054,-0.34044134261434467,0.3795415603882589,True
52,Oak,71,18,0.3149702568630765,0.42193315295784173,0.41684017611611696,0.5881105377781258,0.12431682566525282,0.10768167490230098,0.20676199360941136,0.0950199208763284,0.06683283428932554,0.5631076794368275,0.20699963027741292,0.6368666756382706,0.004141509576806979,0.8295388426554269,0.3984499819101517,0.7777710936461,True
52,Pine,356,89,0.4550322408269426,0.7070913895069644,-0.5948399486279571,0.8558937537908751,0.12371522035890146,0.16968318002893454,0.21596592240153725,0.09884826597489593,0.2117182719128597,0.6983462097410256,0.37337102857618976,1.040811750437739,-1.0195857929732768,-0.17009410428263744,0.6614862763208136,1.0503012312609366,True
52,Spruce,6,1,3.9858988778055435,0.5181254029726563,-0.04566899010548308,0.32056092500211125,4.805823384621876,0.31889328975123915,0.16585407009807213,0.584020096875818,-16.691890226475323,24.663687982086408,-0.8539616806572956,1.8902124866026082,-0.7592814575441684,0.6679434773332023,-2.1922747390180324,2.833396589022255,True
53,Alder,92,23,1.4398709759366353,1.3152551163729607,-2.2361491851172284,1.3736925639084665,0.9350503634409502,0.23653303189081504,0.41978930704273154,0.1391466637752771,-0.4183451344362661,3.2980870863095366,0.8451954193985562,1.785314813347365,-3.0703922203677485,-1.4019061498667083,1.097167809262788,1.650217318554145,True
53,Aspen,53,13,1.9320906112913043,1.8703820643845344,-1.8979881554025784,0.8576187019034397,1.0757839374452343,0.28363381840221735,0.42868509089582507,0.11255923810818622,-0.22977814990002932,4.093959372482638,1.3003985665110267,2.440365562258042,-2.7594630985933257,-1.036513212211831,0.6314224442910948,1.0838149595157847,True
53,Birch,96,24,1.3189487648593712,0.028506759454611248,0.5997103202867788,0.14040308355557712,1.0765009668067451,0.3777224394756195,0.564964718211933,0.20225638033821786,-0.8190750755001681,3.4569726052189105,-0.7216826091933181,0.7786961281025405,-0.522358376114092,1.7217790166876497,-0.2612955459502209,0.5421017130613752,True
53,Oak,71,18,0.5030380554249713,0.46813493571596343,0.28984825587747304,0.5282064164933029,0.1649675960171389,0.0932790112741173,0.18070817212001963,0.08143238722553665,0.17376135563129186,0.8323147552186507,0.2819492499576055,0.6543206214743214,-0.07084676531472728,0.6505432770696733,0.36566669130290896,0.6907461416836969,True
53,Pine,356,89,0.4182757419779404,0.8215377328380795,-0.7388113754705743,0.8987222984663039,0.1066022244477107,0.16372912840987058,0.21266458763792842,0.09351336560847065,0.20861835099406606,0.6279331329618147,0.49952736140052195,1.143548104275637,-1.1570643981427204,-0.3205583527984281,0.7148071094806377,1.08263748745197,True
53,Spruce,6,1,3.985898877805615,0.5181254029726611,-0.04566899010548408,0.32056092500210254,4.8058233845910605,0.31889328974893705,0.1658540700976822,0.5840200968723629,-16.691890226342665,24.663687981953892,-0.8539616806473856,1.890212486592708,-0.7592814575424917,0.6679434773315235,-2.192274739003175,2.83339658900738,True
54,Alder,92,23,0.9666022395527071,1.015708180470464,-1.4794280037574563,1.0915962857576975,0.6014317759690496,0.23423101400622645,0.4191177867407451,0.14079869645385987,-0.22861703321799542,2.1618215123234097,0.5502232603067625,1.4811931006341654,-2.3123365335178105,-0.6465194739971022,0.8117884633135015,1.3714041082018935,True
54,Aspen,53,13,1.0869505139716693,1.6147689239462053,-1.5180721846321532,0.9147363966982343,0.5288805408558399,0.2407618279297262,0.3633414021160427,0.10592021513379815,0.024125275668254176,2.1497757522750844,1.1309399164926566,2.098597931399754,-2.24823406894837,-0.7879103003159362,0.7018817552539518,1.1275910381425167,True
54,Birch,96,24,0.3985381033511935,-0.6761945737833156,1.6692521610077444,0.15458837253027807,0.3918035854833551,0.4506172938078665,0.7007156470775947,0.23048592478942484,-0.37961763670969045,1.1766938434120775,-1.5711594151966666,0.21877026763003526,0.2775704022733765,3.060933919742112,-0.3031765689438259,0.612353314004382,True
54,Oak,71,18,0.32511794138034933,0.3274321737031154,0.42049137487228794,0.6692255361633399,0.15989412682849108,0.22577055817259856,0.3609710525438304,0.11508488200688843,0.005967928471100892,0.6442679542895977,-0.12320774650234545,0.7780720939085762,-0.30000986156650167,1.1409926113110775,0.4395151502555751,0.8989359220711047,True
54,Pine,356,89,0.449329699191342,0.7980730591091754,-0.7156791267444584,0.8826801554769255,0.11722721609759001,0.16422378204864102,0.2067977213217792,0.09860031957532406,0.2187758584374931,0.679883539945191,0.475089839385547,1.1210562788328038,-1.1223936295454893,-0.30896462394342766,0.688760320694504,1.076599990259347,True
54,Spruce,6,1,11.859810758582357,0.7104879998793521,-0.04961916697116255,-0.1766775873544206,8.127536479017062,0.22527256101721688,0.15961256311504612,0.33171232676938534,-23.110156258565375,46.829777775730086,-0.25878159970701675,1.679757599465721,-0.7363765973519135,0.6371382634095885,-1.603920535602575,1.2505653608937337,True
55,Alder,92,23,0.9545796538080176,1.3286603751817911,-2.18778937491657,1.4363652739370594,0.6620242908314976,0.24106822562722663,0.42082764803257355,0.15800413398570196,-0.36105450963345986,2.270213817249495,0.8495879336599702,1.807732816703612,-3.024095894692442,-1.3514828551406983,1.1223652598658478,1.750365288008271,True
55,Aspen,53,13,1.249878409662083,1.6431997421745062,-1.5687343948287928,0.895373586780693,0.6512333973971962,0.25042984912346766,0.3866721463111788,0.10867793502909073,-0.05882409933886801,2.5585809186630337,1.139942118737974,2.146457365611038,-2.345781164943352,-0.7916876247142336,0.6769770997238919,1.113770073837494,True
55,Birch,96,24,0.3723109506386746,-0.9418939625161495,2.0077274743668325,0.0755428697380824,0.3736975303781524,0.4483390072790466,0.7199608210374835,0.21921530253829802,-0.36988460112380317,1.1145065024011522,-1.832333930228517,-0.0514539948037821,0.5778231389633852,3.43763180977028,-0.35983764309953364,0.5109233825756985,True
55,Oak,71,18,0.31115693558672536,0.46130191949700944,0.39569722956459724,0.5654669785218622,0.12841913840815156,0.11306253796110598,0.22149281829592463,0.09752866785273985,0.05483126250732406,0.5674826086661267,0.23562814919933972,0.6869756897946792,-0.046404286110675264,0.8377987452398697,0.37079894273083513,0.7601350143128893,True
55,Pine,356,89,0.5569355446324649,0.7442254968232956,-0.6424245319565121,0.8092667900398649,0.14216367952703235,0.16342408281643303,0.20796664955041583,0.09792405385919707,0.27733850717172065,0.836532582093209,0.4228150665556582,1.065635927090933,-1.0514379965656389,-0.23341106734738537,0.6166769847797127,1.0018565953000171,True
55,Spruce,6,1,18.918689424456293,0.7870641120941757,0.24702600004946657,-0.655006824850438,25.451682986959423,0.282377431345914,0.8436270688099986,1.1249816958352472,-90.59106385474553,128.4284427036581,-0.42790791369090586,2.0020361378792573,-3.382808310411429,3.876860310510362,-5.4954123892941595,4.185398739593284,True
56,Alder,92,23,1.7262253307138404,1.5621275655300728,-2.5083236007073393,1.3432528027292614,1.1589086791004048,0.23420968660014635,0.41759930083658253,0.15487832488593845,-0.5768621415272717,4.029312802954952,1.0966850291043175,2.027570101955828,-3.3382144588204623,-1.6784327425942165,1.035464677401407,1.6510409280571159,True
56,Aspen,53,13,0.7542098154546193,1.5808561533509784,-1.409191575343976,0.9607876842219127,0.4111021548730756,0.26464673402617067,0.3990272771104091,0.11838963338798339,-0.07193089490878302,1.5803505258180217,1.0490286300648577,2.112683676637099,-2.211066910364161,-0.607316240323791,0.7228748086326122,1.1987005598112133,True
56,Birch,96,24,1.2105036596476915,-0.3057013992524223,1.0447838715033324,0.030502219720150398,1.0623424873448053,0.4037169387577996,0.6218593104338109,0.21214397093775758,-0.8994002183836554,3.3204075376790385,-1.1075180872406856,0.49611528873584093,-0.19028239601792452,2.2798501390245893,-0.3908340181830081,0.4518384576233089,True
56,Oak,71,18,0.4369692863550021,0.4475753447733064,0.30762429050770307,0.5648311200403082,0.13377657571782484,0.0929205262861694,0.17662281552590298,0.07956600461179472,0.16995012364932616,0.703988449060678,0.26210519804568516,0.6330454915009276,-0.044916324793468076,0.6601649058088742,0.40601671013875074,0.7236455299418657,True
56,Pine,356,89,0.5226511440837431,0.78258170450497,-0.7315198067327812,0.8653503137287754,0.13551547209028994,0.16851281769433893,0.21567208309026825,0.09482167060658755,0.25612931057046157,0.7891729775970246,0.45116312587609725,1.1140002831338427,-1.1556877495972608,-0.30735186386830143,0.6788620469866418,1.051838580470909,True
56,Spruce,6,1,39.39128951631052,1.302260131360376,-0.46594691780062525,-0.669143397910563,107.87327892115917,1.2135153415660764,0.924097483829256,1.0589954008771483,-424.7499684950883,503.5325475277093,-3.9190749655570487,6.523595228277801,-4.44201747910391,3.5101236435026593,-5.225632850230285,3.887346054409159,True
57,Alder,92,23,1.220526460857058,1.5767559345398776,-2.2277561618508392,1.1972108829671657,0.8251929751415193,0.23677692567283679,0.39987417971380484,0.15029488901578764,-0.4193711751715621,2.8604240968856782,1.106211549924366,2.047300319155389,-3.0224220664037613,-1.4330902572979174,0.8985313732901656,1.4958903926441658,True
57,Aspen,53,13,1.180220735521475,1.596309592376058,-1.4818777105893577,0.8793681554767626,0.7516591915665883,0.32341645841388156,0.492777562099669,0.12959067743750377,-0.3302949626113243,2.6907364336542745,0.946379886267483,2.2462392984846327,-2.472151296797769,-0.4916041243809467,0.6189459391355522,1.139790371817973,True
57,Birch,96,24,1.4309172285400358,0.03915993591571536,0.597074962494318,0.10241994483134212,1.233625268528136,0.4085904769716013,0.6231748796623003,0.20865130662198006,-1.0191690375288585,3.88100349460893,-0.7723360196341178,0.8506558914655484,-0.6406041390706437,1.8347540640592799,-0.3119795602645472,0.5168194499272314,True
57,Oak,71,18,0.37186335340381627,0.45585406268294837,0.32273869779966574,0.5867658524434756,0.1507912180791074,0.12229687975996975,0.24252361924396035,0.10527824461305106,0.07088282240426763,0.6728438844033648,0.2117484690108216,0.6999596563550752,-0.1613404722597292,0.8068178678590607,0.376629596698707,0.7969021081882441,True
57,Pine,356,89,0.49901789866685764,0.7202855286019877,-0.6137417460964089,0.8281323182726638,0.13003110136649448,0.162098924075185,0.20814030289789143,0.09509291581390315,0.24328232091039947,0.7547534764233158,0.40148132278950516,1.0390897344144703,-1.0230967392989205,-0.20438675289389707,0.6411105864665758,1.0151540500787517,True
57,Spruce,6,1,11.859810758582281,0.7104879998793495,-0.04961916697116024,-0.17667758735441846,8.127536478858621,0.22527256101422583,0.159612563114756,0.3317123267632347,-23.110156257883734,46.8297777750483,-0.25878159969414993,1.679757599452849,-0.7363765973506629,0.6371382634083425,-1.6039205355761088,1.250565360867272,True
58,Alder,92,23,1.3598847916304624,1.4937812995191595,-2.365898474362031,1.350373955698163,0.8768888882796654,0.2298746047655479,0.40417798302089974,0.15511259977125064,-0.38274760863078794,3.102517191891713,1.0369538272865153,1.9506087717518037,-3.1691172836073696,-1.5626796651166925,1.0421202582651432,1.658627653131183,True
58,Aspen,53,13,0.9662530270404959,1.5467699205524352,-1.4604750932436574,0.9599505217985999,0.5817183647358131,0.29705713231665964,0.45547055559123434,0.13186285809173182,-0.20275379371590918,2.1352598477969007,0.949811263436252,2.1437285776686186,-2.3757774430012986,-0.5451727434860162,0.6949621874803686,1.224938856116831,True
58,Birch,96,24,1.2538060225175442,-0.10761441558615051,0.8913426251365009,0.0048019279787119284,1.030259560391754,0.3846930544915408,0.6052111407131174,0.2125399929817925,-0.7923783932846047,3.299990438319693,-0.8716480273379351,0.6564191961656342,-0.3106589403002067,2.0933441905732084,-0.41732084388731533,0.4269246998447392,True
58,Oak,71,18,0.35037339316460886,0.45093889814556287,0.35117488613333003,0.5874818619241553,0.14119704140436712,0.11636298021035255,0.21971892537623675,0.10297958607225022,0.06854291895783643,0.6322038673713812,0.21867741754641898,0.6832003787447067,-0.08738592445509918,0.7897356967217593,0.3819337478298768,0.7930299760184338,True
58,Pine,356,89,0.614316951140731,0.7081036199993508,-0.5984418583505704,0.7728388497881146,0.16101923916876923,0.16384956361818895,0.20673785597079303,0.0964198497307205,0.2976361899536919,0.9309977123277702,0.3858563854785936,1.0303508545201079,-1.0050386223955563,-0.19184509430558455,0.5832074022425169,0.9624702973337123,True
58,Spruce,6,1,11.701202228254655,0.7803381607466463,-0.07130235221712272,-0.21656258053490982,11.416641896876753,0.2911336143143899,0.2103267448302559,0.454270943831373,-37.42064319330544,60.823047649814754,-0.4723086795894672,2.0329850010827597,-0.9762652949891271,0.8336605905548817,-2.1711326970326095,1.73800753596279,True
59,Alder,92,23,1.4200043914687022,1.602335328426808,-2.4769049454892333,1.3434392147812977,0.9066767063326822,0.225335794413295,0.4029293533679191,0.1418977353621796,-0.3818250377047432,3.2218338206421473,1.1545277880055869,2.050142868848029,-3.2776423656802756,-1.6761675252981911,1.061447283453543,1.6254311461090525,True
59,Aspen,53,13,1.0792124690945413,1.6363423215491817,-1.5184060389016687,0.9043481468662327,0.6711557232148959,0.31269003722528954,0.4769235857148458,0.12293225320725328,-0.2695254525356796,2.427950390724762,1.0079681658442197,2.2647164772541437,-2.4768198667571073,-0.5599922110462302,0.6573065349764349,1.1513897587560304,True
59,Birch,96,24,1.2363662847142278,0.46427033470192214,0.06952020026354898,0.23691268194630638,0.8300358970191657,0.31866400144023765,0.46493001994155686,0.16117125213194008,-0.41215665293379433,2.8848892223622498,-0.16862387826342906,1.0971645476672733,-0.8538709506821931,0.9929113512092911,-0.08318733659882044,0.5570127004914331,True
59,Oak,71,18,0.3636228948054769,0.34032726792118323,0.400499438531193,0.6424974352174574,0.1747252749112857,0.1980700725252374,0.31019233534711516,0.10943719350826069,0.01486978642318415,0.7123760031877696,-0.05502225152158691,0.7356767873639534,-0.218647054176265,1.019645931238651,0.4240598827338862,0.8609349877010286,True
59,Pine,356,89,0.5726262594607392,0.7274311217528189,-0.6575539144928182,0.8263668099033806,0.14443718147594,0.16256163547110464,0.20554869722365418,0.09289696675304428,0.2885578660834162,0.8566946528380621,0.4077168893011211,1.0471453542045166,-1.0618119288383259,-0.25329590014731046,0.6436639087147438,1.0090697110920175,True
59,Spruce,6,1,39.39128951630819,1.3022601313603495,-0.46594691780060576,-0.6691433979105401,107.87327896355242,1.2135153420406144,0.9240974841720951,1.0589954012821927,-424.74996867749405,503.5325477101104,-3.9190749675988474,6.523595230319547,-4.4420174805790085,3.5101236449777966,-5.225632851973028,3.887346056151948,True
60,Alder,92,23,0.9023133880426824,1.1773912798053097,-1.7642282588224192,1.2201793597198491,0.5836518103648823,0.24087766710137826,0.4270303506135005,0.1535918127681252,-0.2575719392858118,2.0621987153711765,0.6986975333105643,1.656085026300055,-2.612861346571929,-0.9155951710729091,0.9149479068847074,1.5254108125549908,True
60,Aspen,53,13,1.031523209616068,1.5925668473158716,-1.489678564142002,0.9284743201537153,0.6243203655041105,0.2980915812172966,0.45500940769109655,0.12975403156065876,-0.22309553693646844,2.2861419561686045,0.9935293873048927,2.1916043073268505,-2.4040542024988723,-0.5753029257851319,0.6677238314117296,1.189224808895701,True
60,Birch,96,24,1.1780116834114376,-0.3169596667190575,1.0887661548612375,-0.0015361935744385889,0.9740974305128127,0.4036094712193232,0.626458080312686,0.2099847984727462,-0.756629894707314,3.1126532615301894,-1.1185629148996363,0.4846435814615213,-0.15543366659126034,2.3329659763137354,-0.4185841285889004,0.41551174144002323,True
60,Oak,71,18,0.30757000124699485,0.3770501849416751,0.520267444467037,0.5420453911340144,0.12040026485428632,0.1234278816501275,0.2682564805584648,0.12612320086070744,0.06725006677098111,0.5478899357230086,0.13068710204837503,0.6234132678349751,-0.015174731749083237,1.055709620683157,0.2903024285796319,0.793788353688397,True
60,Pine,356,89,0.5982651072119585,0.6941201173404895,-0.642554166602094,0.8289136802503048,0.15175578317314206,0.16380008137445617,0.20591420681831982,0.0962974779595576,0.2998030279107721,0.8967271865131448,0.37197020084639437,1.0162700338345847,-1.0475310382547,-0.23757729494948793,0.6395229044768489,1.0183044560237606,True
60,Spruce,6,1,18.918689424456204,0.7870641120941761,0.24702600004946224,-0.655006824850433,25.45168298780607,0.28237743135015464,0.8436270688197234,1.1249816958652181,-90.59106385838844,128.42844270730086,-0.4279079137091517,2.002036137897504,-3.3828083104532753,3.8768603105521997,-5.495412389423109,4.185398739722242,True
61,Alder,92,23,1.0530765217214908,1.4841336915654895,-2.3910413194570403,1.450434431502058,0.8184454904984685,0.25107740099166986,0.4498574108106385,0.1607012312517851,-0.5734119064628904,2.6795649499058722,0.9851701172865927,1.9830972658443864,-3.285038392580214,-1.497044246333867,1.1310745033694958,1.7697943596346204,True
61,Aspen,53,13,0.9401509591141591,1.4963801264359984,-1.3577968753834861,0.920637064576694,0.5725329989860168,0.2911211412268698,0.4419367668134931,0.12821707160794577,-0.21039717808748037,2.0906990963157988,0.9113502900216767,2.08140996285032,-2.245902058348841,-0.46969169241813125,0.6629752124961397,1.1782989166572484,True
61,Birch,96,24,0.4599828835864605,-0.713566849752072,1.7292107212057872,0.0782803295687232,0.4527879838707347,0.44045291464410474,0.6829693014189386,0.21629298306767464,-0.4392931356590947,1.3592589028320157,-1.5883443567879723,0.16121065728382844,0.3727747367599612,3.0856467056516133,-0.3512962045545278,0.5078568636919742,True
61,Oak,71,18,0.334129879292901,0.5040400131669371,0.17637975503491507,0.7020879351055098,0.1259205714573523,0.12116978264130045,0.2553909429416561,0.12451679434848514,0.08279136672038656,0.5854683918654154,0.2621841147594721,0.7458959115744022,-0.3333827006190282,0.6861422106888584,0.4535513733694837,0.9506244968415359,True
61,Pine,356,89,0.48545743932413604,0.8124132157033198,-0.7407679984703974,0.8662192734962789,0.13087236897599927,0.16373354377452287,0.208310507770609,0.09869768300648007,0.2280673184937242,0.7428475601545479,0.4903941604522862,1.1344322709543535,-1.1504577380605348,-0.33107825888026016,0.6721079514999727,1.0603305954925852,True
61,Spruce,6,1,12.979986461924668,0.7915629712151371,-0.07396005944327178,-0.2544668140443764,12.437361382894858,0.2927041797814815,0.2128742017201546,0.4531422900000669,-40.53366044240528,66.49363336625461,-0.4678414669151245,2.0509674093453985,-0.989883824556382,0.8419637056698385,-2.204180725053925,1.695247096965172,True
62,Alder,92,23,0.5909988388241737,1.489572947366563,-2.3478866052598977,1.5683264499408993,0.4002108812984602,0.23153026661528342,0.4084953295695564,0.1599345542412666,-0.20433618937540632,1.3863338670237537,1.0294551951203519,1.9496906996127743,-3.1596852335443453,-1.53608797697545,1.2504901312609393,1.8861627686208593,True
62,Aspen,53,13,1.341527152693103,1.7587144545627287,-1.8490098021207826,1.0211426375111692,0.8789695603106649,0.32668694245374463,0.5043948453590763,0.13094406336033187,-0.4248283098975849,3.107882615283791,1.1022124647142184,2.415216444411239,-2.8626291930900143,-0.8353904111515507,0.7580006903331641,1.2842845846891744,True
62,Birch,96,24,1.4026034588565892,0.4292227868637577,0.107974977559596,0.18933470405829142,0.8925088973699948,0.3220559206663317,0.4554580536305106,0.1547115946558598,-0.3699962499670979,3.1752031676802766,-0.2104080704647424,1.0688536441922578,-0.7966040307011552,1.0125539858203472,-0.11793587716140128,0.4966052852779841,True
62,Oak,71,18,0.39992219407717605,0.4475055016550872,0.3301336167325665,0.5717453279736489,0.138180677232426,0.10327935772715889,0.20788240896931295,0.09203643921620017,0.12411240795638073,0.6757319801979713,0.241359040833311,0.6536519624768633,-0.0848014082250853,0.7450686416902184,0.3880398264233719,0.7554508295239257,True
62,Pine,356,89,0.4617737546831275,0.8024165131839796,-0.6878104669265228,0.842658681328706,0.11946192809922401,0.16033322381584975,0.2053245995705578,0.09469021578450627,0.22682484721945814,0.6967226621467968,0.48708495638562116,1.1177480699823379,-1.0916277425396335,-0.2839931913134122,0.6564289502332027,1.0288884124242095,True
62,Spruce,6,1,11.859810758582247,0.7104879998793494,-0.04961916697116127,-0.17667758735441663,8.127536479099552,0.22527256101894733,0.15961256311498057,0.3317123267732278,-23.110156258920412,46.82977777608491,-0.258781599714465,1.679757599473164,-0.7363765973516302,0.6371382634093076,-1.603920535619104,1.2505653609102707,True
63,Alder,92,23,0.5405964885667041,1.0216848011319661,-1.5364907307616986,1.3000791048237696,0.38411417844735,0.2496227233806349,0.4413587326885345,0.16025156708841337,-0.22274972519966574,1.3039427023330739,0.5256120929260759,1.5177575093378564,-2.4135984669883523,-0.6593829945350449,0.9816127897256537,1.6185454199218856,True
63,Aspen,53,13,1.1022916550450998,1.642790395862553,-1.6069253569612378,0.966490671887027,0.5915206233938909,0.24992300941490098,0.3800084051206719,0.1121190388327123,-0.08641354197851414,2.290996852068714,1.14055130495355,2.1450294867715556,-2.3705808377927164,-0.8432698761297595,0.7411790278380768,1.1918023159359772,True
63,Birch,96,24,0.8670416357508544,-0.3762182357421371,1.1585548523538332,0.09899186258029419,0.760349282402738,0.4105189238768497,0.6222643845917157,0.23237081829307954,-0.6430776701328342,2.3771609416345427,-1.1915442533034508,0.43910778181917665,-0.07731592740978899,2.3944256321174553,-0.3625166400903284,0.5605003652509168,True
63,Oak,71,18,0.36463665745011226,0.4214727973907653,0.36354368910748747,0.5964197139502921,0.13079971415883002,0.1076229655765009,0.2144762485665769,0.1056720610085655,0.10355933528496675,0.6257139796152578,0.20665645901509264,0.636289135766438,-0.06455269477140602,0.791640072986381,0.3854973973901247,0.8073420305104596,True
63,Pine,356,89,0.42264628400598997,0.6622661979389322,-0.5257301935284668,0.8584339378160386,0.10829510605557562,0.16323466732006708,0.21048617373555314,0.09364650147924161,0.20965945835986208,0.6356331096521178,0.3412282960963416,0.9833040997815228,-0.9396988724392966,-0.11176151461763706,0.6742569070211906,1.0426109686108866,True
63,Spruce,6,1,19.77642521233583,0.9376478909571229,-0.10223911452741874,-0.4876670826858853,8.514510667886784,0.13641788901759402,0.09176948713072991,0.21008069398521667,-16.858557354874158,56.41140777954582,0.3506890883961866,1.524606693518059,-0.4970913488332688,0.2926131197784313,-1.3915713541178376,0.4162371887460671,True
64,Alder,92,23,1.125323719007365,1.3974814490485603,-2.0844309995374113,1.2534004167166275,0.6913076767632109,0.23206464839053922,0.3929436328326896,0.1416853669014639,-0.2485050205041459,2.499152458518876,0.9363017253164329,1.8586611727806877,-2.8653238985157556,-1.303538100559067,0.9718305230784627,1.5349703103547923,True
64,Aspen,53,13,0.8770140478884969,1.4003510934542922,-1.1763926144589745,0.864118223462972,0.4895760885133199,0.2867370431802736,0.43409757103880325,0.11754258911871326,-0.1068259362784636,1.8608540320554574,0.8241314319115568,1.9765707549970277,-2.0487443437165043,-0.30404088520144446,0.627907547061949,1.100328899863995,True
64,Birch,96,24,1.7146210209191284,0.08846011594701934,0.5814364780148177,0.015668165719501605,1.3326014990051844,0.3762722752024995,0.5675782456305201,0.19402361666596327,-0.9320405822036335,4.36128262404189,-0.6588491012807349,0.8357693331747735,-0.5458229094310857,1.708695865460721,-0.3696794845061393,0.40101581594514246,True
64,Oak,71,18,0.3826007272891647,0.46439891588883225,0.31239976851073314,0.5819518085988487,0.15474059107710364,0.11635578414498064,0.22237478854130976,0.10331506348751161,0.07373721479245365,0.6914642397858758,0.2321517986962868,0.6966460330813777,-0.13146216714232983,0.7562617041637961,0.37573407878112164,0.7881695384165757,True
64,Pine,356,89,0.43481687412885645,0.6817639681130846,-0.5589943170977737,0.8614519080748608,0.12020634640400808,0.16849614419712514,0.21722422434197577,0.09950322858230932,0.1984038996591724,0.6712298485985405,0.35037818168852586,1.0131497545376433,-0.986214896874451,-0.13177373732109643,0.6657562984652149,1.0571475176845067,True
64,Spruce,6,1,3.9858988778054427,0.5181254029726499,-0.04566899010548164,0.32056092500212324,4.805823384553219,0.31889328974678255,0.1658540700975864,0.5840200968677796,-16.691890226180014,24.6636879817909,-0.8539616806381267,1.8902124865834264,-0.759281457542077,0.6679434773311137,-2.192274738983434,2.8333965889876804,True
65,Alder,92,23,0.9092257786406609,1.2819109707304737,-2.0523856439396204,1.376943920788416,0.689070809288602,0.24797068339610678,0.4510518012020627,0.16025326069301252,-0.4601576568095892,2.278609214090911,0.789121344842132,1.7747005966188154,-2.948756316982323,-1.1560149708969178,1.058474240007045,1.695413601569787,True
65,Aspen,53,13,1.3199376915511234,1.5697246446926272,-1.530321083764189,0.9012490838096225,0.6428134763917353,0.25301701306204494,0.38229754753697864,0.11448584199231031,0.028155647301331133,2.6117197358009157,1.0612679206707363,2.0781813687145183,-2.2985767685097396,-0.7620653990186383,0.6711811707399848,1.1313169968792602,True
65,Birch,96,24,1.4740859292821837,0.39612971342848313,0.2017759053398459,0.1328386743581594,1.0066606280767885,0.3425380188477001,0.4927162093850666,0.16567063613330985,-0.5252289699545565,3.473400828518924,-0.2841803588404823,1.0764397856974486,-0.7768010162598629,1.1803528269395547,-0.19619750918679676,0.46187485790311555,True
65,Oak,71,18,0.4486235477749438,0.4835870855497945,0.2306249401722887,0.5945836693999981,0.16695214729244767,0.11032024845520659,0.21783635008683844,0.10444220861000454,0.11538566705675651,0.7818614284931311,0.2633869480150559,0.7037872230845331,-0.20417823441141988,0.6654281147559973,0.3861161485015763,0.8030511902984199,True
65,Pine,356,89,0.45910132731916353,0.8088259030836609,-0.7409549558460483,0.8860786215242279,0.12005462445203509,0.16525640953943663,0.21459684876011006,0.09628171270467471,0.22298674839207197,0.6952159062462551,0.4838117877881993,1.1338400183791224,-1.1630082071501486,-0.3189017045419481,0.6967188516910708,1.0754383913573848,True
65,Spruce,6,1,19.77642521233585,0.9376478909571233,-0.10223911452741971,-0.4876670826858851,8.514510667543043,0.13641788901303697,0.09176948713026092,0.2100806939768608,-16.858557353395142,56.411407778066845,0.3506890884157945,1.5246066934984521,-0.49709134883125183,0.29261311977641247,-1.391571354081885,0.41623718871011484,True
66,Alder,92,23,1.219246700541082,1.4079798576988969,-2.2348299665402607,1.347619609640269,0.8636303390335159,0.24531686262981944,0.4294235395590994,0.15538378373555242,-0.4970371191809304,2.935530520263095,0.9204641429224766,1.8954955724753173,-3.0882190144259853,-1.381440918654536,1.0388269910634875,1.6564122282170506,True
66,Aspen,53,13,0.9711703088822222,1.6247538156872692,-1.4214076342394528,0.8555528312348128,0.7158740099517278,0.3419242366332111,0.4887487575318939,0.17601970150670485,-0.4674323744211809,2.4097729921856255,0.9376313367748498,2.3118762945996885,-2.4035850345532297,-0.43923023392567584,0.5018279978400585,1.209277664629567,True
66,Birch,96,24,0.7013227849734275,-0.722385990288417,1.514387144239157,0.1310968747913034,0.6305062071874995,0.4304179915783173,0.6339828627828269,0.22468863439521722,-0.5509169658744194,1.9535625358212743,-1.5772332739316997,0.13246129335486567,0.2552424552846786,2.773531833193635,-0.31515414755547255,0.5773478971380793,True
66,Oak,71,18,0.42897140910944015,0.44381781228967193,0.33724161926606583,0.5488750689610803,0.16920689876761902,0.12347507403855208,0.24307471977761605,0.10335803578898353,0.09123302561056001,0.7667097926083203,0.19736053299483,0.6902750915845138,-0.1479375520624137,0.8224207905945453,0.3425715660706236,0.7551785718515369,True
66,Pine,356,89,0.4440619140741499,0.7563757416985031,-0.644100963908976,0.8636974703909873,0.11941641505478164,0.1626950804026314,0.20998039941191157,0.09740370230712674,0.20920251830878667,0.6789213098395132,0.43639905959972836,1.0763524237972777,-1.0570749231911047,-0.23112700462684715,0.6721310541770458,1.0552638866049289,True
66,Spruce,6,1,12.979986461924657,0.7915629712151363,-0.0739600594432708,-0.2544668140443763,12.43736138320206,0.29270417978704394,0.21287420172080718,0.4531422900108119,-40.53366044372707,66.49363336757638,-0.4678414669390586,2.0509674093693313,-0.9898838245591889,0.8419637056726473,-2.204180725100157,1.6952470970114044,True
67,Alder,92,23,1.0485666523178943,1.4474888210337424,-2.3415721676092778,1.4482879414980148,0.6723676442240393,0.22982080759337806,0.41189225501339205,0.1555709249739888,-0.2876227524889483,2.384756057124737,0.990768259376108,1.9042093826913769,-3.160121471399847,-1.5230228638187087,1.1391234190347967,1.7574524639612328,True
67,Aspen,53,13,1.6023882630407578,1.739275962417218,-1.7936946544687782,0.9310508636902782,0.906444439476807,0.2866482070896767,0.431269742094428,0.11603445284325502,-0.21918003636532735,3.423956562446843,1.1632348236823096,2.3153171011521265,-2.6603636487048545,-0.927025660232702,0.6978709006026325,1.164230826777924,True
67,Birch,96,24,1.1139935595212918,-0.03867903530647872,0.7375858876257521,0.1284473410326922,0.9658318723979291,0.398835965084881,0.6158267361949369,0.21479184075977517,-0.8042319067235251,3.032219025766109,-0.8308016882695596,0.7534436176566021,-0.4854991667436853,1.9606709419951893,-0.2981477948930433,0.5550424769584277,True
67,Oak,71,18,0.18173999432254873,0.2083305504510056,0.6117357531243405,0.7726591156800785,0.08992819908680416,0.21468053634920095,0.34851290916591554,0.11270705664064375,0.002242557682837598,0.36123743096225985,-0.22017359354863078,0.636834694450642,-0.08389892505648622,1.3073704313051673,0.5476948890677513,0.9976233422924057,True
67,Pine,356,89,0.3758786872884948,0.8276448698102823,-0.7671555632150172,0.9480166387199807,0.0986067733631199,0.1580474405697128,0.20316392006256043,0.09312362704298406,0.18194615967233319,0.5698112149046564,0.5168088228779004,1.1384809167426642,-1.1667233737654052,-0.3675877526646291,0.7648679587938492,1.1311653186461121,True
67,Spruce,6,1,11.859810758582361,0.7104879998793517,-0.04961916697116134,-0.1766775873544215,8.127536479142744,0.22527256102019147,0.15961256311547098,0.33171232677439333,-23.110156259106134,46.82977777627086,-0.25878159971981574,1.6797575994785192,-0.7363765973537403,0.6371382634114177,-1.6039205356241235,1.2505653609152805,True
68,Alder,92,23,0.8856504368629249,1.3209775902397283,-2.024988530502935,1.331408914571133,0.5911566170478465,0.23169950013907278,0.4007818948571346,0.1538823888239687,-0.289149116724141,2.0604499904499907,0.860523521926901,1.7814316585525556,-2.82145832816035,-1.22851873284552,1.0256000028852508,1.6372178262570152,True
68,Aspen,53,13,1.8511164883378106,1.9017279669799436,-1.988802887037632,0.9245503829403344,1.2808280792554987,0.3634845025034229,0.5142489418508404,0.17083274223009023,-0.7228039027538469,4.425036879429468,1.1712785116688238,2.6321774222910634,-3.022224826300995,-0.955380947774269,0.5812491344638626,1.2678516314168062,True
68,Birch,96,24,0.5779964630922816,-0.6401017179830943,1.3439283958305086,0.27195940633939325,0.5368207126334908,0.41491313732983637,0.6055427211410535,0.25106710359233225,-0.4881758089250492,1.6441687351096124,-1.4641550227571476,0.1839515867909588,0.14126828304290862,2.5465885086181084,-0.22668153274188974,0.7706003454206762,True
68,Oak,71,18,0.35423764098772004,0.4406870521371972,0.3318013350788496,0.6085888375979183,0.1385044630842224,0.11097537927498322,0.20903790058491484,0.1017580330929728,0.07778157560182386,0.6306937063736162,0.219179268013205,0.6621948362611895,-0.08544006079654975,0.749042730954249,0.40547895345516205,0.8116987217406745,True
68,Pine,356,89,0.4936709056672872,0.7412725479239287,-0.6400267626806903,0.8407546487384499,0.13393037204606834,0.16323845152566555,0.20843664989846683,0.0996518904411457,0.23026652998794545,0.757075281346629,0.42022720358492843,1.062317892262929,-1.0499645893023772,-0.23008893605900332,0.6447666619516491,1.0367426355252505,True
68,Spruce,6,1,3.985898877805554,0.5181254029726567,-0.04566899010548312,0.32056092500211003,4.805823384591473,0.3188932897494288,0.16585407009794842,0.5840200968721918,-16.691890226344498,24.663687981955604,-0.8539616806495058,1.8902124865948193,-0.7592814575436361,0.6679434773326699,-2.1922747390024315,2.8333965890066515,True
69,Alder,92,23,0.6386963044843643,1.0715732455876559,-1.667334904384272,1.3186506399492117,0.4536980062396005,0.24398403928044576,0.4486917485868485,0.17211118624148564,-0.2629331450097022,1.540325753978431,0.5867062371450562,1.5564402540302555,-2.559015468784291,-0.7756543399842529,0.9766158239074376,1.6606854559909858,True
69,Aspen,53,13,1.4890708776729615,1.7940967226747149,-1.840922533791129,0.9553128876708628,0.9489934036852281,0.3252673389908833,0.49413497687650354,0.12944922709186613,-0.4180027665718651,3.396144521917788,1.1404475327917138,2.447745912557716,-2.83392394712158,-0.847921120460678,0.695174926441529,1.2154508489001965,True
69,Birch,96,24,1.29149830948888,0.07851731796559872,0.6458795029625274,0.036764612471685616,1.0370693619499574,0.38222228033637834,0.5972779437672096,0.20146011467279135,-0.7682109600091691,3.351207578986929,-0.6806091230443413,0.8376437589755387,-0.5403660485702341,1.8321250544952887,-0.36335256469135085,0.4368817896347221,True
69,Oak,71,18,0.39447672363077013,0.4487812736584431,0.3145980502411338,0.5902919193309382,0.14861673467180947,0.1074089213545058,0.20516483121966853,0.10073521973773299,0.09783647967787756,0.6911169675836627,0.2343921693380035,0.6631703779788827,-0.09491266682551447,0.7241087673077821,0.3892235791898492,0.7913602594720271,True
69,Pine,356,89,0.4920196340024415,0.7631327187878151,-0.6984962629787235,0.8741304396045056,0.134999899287682,0.1714064948330877,0.21591890393485555,0.09759188114212804,0.22651179104345687,0.7575274769614261,0.42602306942938795,1.100242368146242,-1.1231496348723318,-0.27384289108511506,0.6821939271398605,1.0660669520691508,True
69,Spruce,6,1,19.776425212335763,0.9376478909571222,-0.10223911452741895,-0.4876670826858834,8.514510668025453,0.13641788902017957,0.09176948713149016,0.21008069398808502,-16.858557355470875,56.4114077801424,0.3506890883850613,1.524606693529183,-0.49709134883654005,0.2926131197817021,-1.3915713541301773,0.4162371887584105,True
70,Alder,92,23,0.5561655014521947,0.9759804625354845,-1.3645841448918894,1.1936977460346605,0.34181073440074433,0.22916659777865744,0.40566709944440726,0.13954357013331856,-0.12311150671290316,1.2354425096172925,0.5205600054121176,1.4314009196588515,-2.170762260113218,-0.5584060296705609,0.916384223406359,1.471011268662962,True
70,Aspen,53,13,0.9209698441454102,1.587058436423271,-1.4756208105086286,0.9520316705271863,0.5453723185456284,0.2892042485544811,0.4405010082660088,0.12748579826477244,-0.17499686221964428,2.0169365505104646,1.005880740055616,2.168236132790926,-2.3608407286504622,-0.5904008923667948,0.6958393672486458,1.2082239738057268,True
70,Birch,96,24,0.6957626567579769,-0.38850500187158027,1.1696005159435965,0.18154844525153227,0.6432521007297456,0.419574922339251,0.6014832902523747,0.2421242807459412,-0.5817915388514407,1.9733168523673945,-1.2218170140653997,0.44480701032223907,-0.02499721670138988,2.3641982485885826,-0.2993312757396155,0.66242816624268,True
70,Oak,71,18,0.40152745894253944,0.4346104476240768,0.4148016750556749,0.5074764789448931,0.14153922435511582,0.10228766966076792,0.20559271765059542,0.1060627931072497,0.1190139847074676,0.6840409331776113,0.2304434044674042,0.6387774907807494,0.004436893098322459,0.8251664570130273,0.2957742578515661,0.7191787000382202,True
70,Pine,356,89,0.43251781433866154,0.7835487232935575,-0.7121511131065265,0.9027821095351158,0.11725598159618753,0.16746287552136413,0.2140919057576608,0.0982785090580394,0.20190739972420557,0.6631282289531175,0.4541950934761217,1.1129023531109934,-1.13321127976312,-0.2910909464499329,0.7094951879380863,1.0960690311321453,True
70,Spruce,6,1,39.391289516307666,1.3022601313603428,-0.4659469178005992,-0.6691433979105362,107.87327900193998,1.2135153424569511,0.9240974844606036,1.0589954016585879,-424.7499688426629,503.5325478752782,-3.9190749693902065,6.523595232110892,-4.442017481820353,3.5101236462191547,-5.225632853592522,3.8873460577714494,True
71,Alder,92,23,0.7220062014399494,1.1660918679219578,-1.797808991282149,1.3176107806119808,0.49076461644643543,0.2467941651097907,0.4341603303512826,0.14906986363261363,-0.2532853468418077,1.6972977497217066,0.6756403248998006,1.656543410944115,-2.6606114155010054,-0.935006567063293,1.0213657514631231,1.6138558097608384,True
71,Aspen,53,13,1.6740836797875298,1.913862425635349,-1.932291572091368,0.9050029022049491,1.0324118724088829,0.3152943014053387,0.4799677391348584,0.12010335197934201,-0.40062565352359325,3.748793013098653,1.2802548051232174,2.54747004614748,-2.8968228552776862,-0.96776028890505,0.6636461801710463,1.1463596242388518,True
71,Birch,96,24,0.8948639571641666,-0.2612968237695534,1.1476909153442416,0.0043413039603783675,0.8272329745231973,0.4272035077668762,0.672672783801652,0.20746436600575824,-0.7480921344671383,2.5378200487954716,-1.109759865098872,0.5871662175597652,-0.18829529634964515,2.4836771270381286,-0.40770083461859924,0.41638344253935594,True
71,Oak,71,18,0.4100920564473147,0.47241177899238507,0.2182777573239288,0.6454840172046055,0.14712254204526662,0.10615008358426305,0.20460100960498737,0.09877186214276835,0.11643423345952464,0.7037498794351048,0.26053532537771257,0.6842882326070576,-0.1901075670896359,0.6266630817374934,0.4483345552250049,0.8426334791842061,True
71,Pine,356,89,0.4050891510000453,0.7752795055672105,-0.6698845936227228,0.8907049573326111,0.10922953917277993,0.16577797087656185,0.21456584134304788,0.09770547665090472,0.19026455123225183,0.6199137507678387,0.44923962190953826,1.1013193892248827,-1.0918768618263663,-0.24789232541907935,0.6985450336012593,1.082864881063963,True
71,Spruce,6,1,3.98589887780562,0.5181254029726614,-0.04566899010548455,0.3205609250021023,4.805823384683833,0.318893289754895,0.1658540700982781,0.5840200968833407,-16.691890226741826,24.663687982353068,-0.8539616806730204,1.8902124866183432,-0.759281457545056,0.667943477334087,-2.1922747390504087,2.8333965890546136,True
72,Alder,92,23,0.6560192686438846,1.3466537375632985,-2.0607143432325628,1.4248271741595835,0.4657006203707061,0.23661144252904812,0.4228284901128108,0.15498876066105405,-0.2694628542644074,1.5815013915521767,0.8764382159222386,1.8168692592043585,-2.900997116195618,-1.2204315702695077,1.1168195809351271,1.7328347673840399,True
72,Aspen,53,13,0.9474925673416453,1.6633677826551398,-1.5930570963341015,0.9757773701900064,0.6526173063677104,0.34179757467619204,0.5322473149084351,0.12442480014157006,-0.3639910108568921,2.2589761455401827,0.9764998404750322,2.3502357248352475,-2.662648120402621,-0.523466072265582,0.7257363729407524,1.2258183674392604,True
72,Birch,96,24,0.8603842913827517,-0.26686022161616824,1.175372621957176,-0.006882718686148127,0.611256657638726,0.3530198491307482,0.5389506861323861,0.1831486020629478,-0.3536241924988035,2.074392775264307,-0.9679881135868995,0.434267670354563,0.10497003871822108,2.2457752051961313,-0.3706316512120963,0.3568662138398,True
72,Oak,71,18,0.30860610197574534,0.42671356877416866,0.3513744360503549,0.6431765411952496,0.10180652050246186,0.09092392694367321,0.17600623453162495,0.09054497195656336,0.10539943655858386,0.5118127673929068,0.24522865101381122,0.6081984865345261,6.452156469594073e-05,0.7026843505360139,0.46244802075496294,0.8239050616355362,True
72,Pine,356,89,0.5319830523536692,0.7350576397881785,-0.6610489402896993,0.8431485024705067,0.14313809418870116,0.17180473787492118,0.2208093625062704,0.10369527587090606,0.2504696080190503,0.813496496688288,0.39716475539351404,1.072950524182843,-1.0953205053318051,-0.2267773752475934,0.6392082835015193,1.047088721439494,True
72,Spruce,6,1,3.9858988778055355,0.5181254029726565,-0.04566899010548394,0.32056092500211253,4.805823384611322,0.31889328975051734,0.1658540700980012,0.584020096874561,-16.69189022642992,24.66368798204099,-0.8539616806541896,1.8902124865995027,-0.7592814575438641,0.6679434773328962,-2.1922747390126225,2.8333965890168478,True
73,Alder,92,23,1.5903530084394817,1.3806364352379479,-2.208935817995369,1.2664801354412565,1.0092048322490186,0.23380089339081325,0.40546354964175996,0.1450476858522626,-0.4152295262276329,3.595935543106596,0.916006289413912,1.8452665810619837,-3.0147094207569083,-1.40316221523383,0.9782283394298397,1.5547319314526733,True
73,Aspen,53,13,0.9595168614099687,1.575891488614057,-1.3846443488452047,0.876013462086606,0.5082536150142722,0.2623025495643856,0.39942043555693135,0.11023808683045755,-0.06185701750413064,1.980890740324068,1.0487747803736025,2.1030081968545113,-2.187309765343789,-0.5819789323466202,0.6544817326036156,1.0975451915695964,True
73,Birch,96,24,0.899699502708717,-0.47940364608735925,1.3912198914710137,-0.03471160883868084,0.8911083080955725,0.4507635477629435,0.6982498460478351,0.2248903061970083,-0.8701185149213714,2.6695175203388053,-1.3746589604796884,0.41585166830496995,0.004435426422175315,2.778004356519852,-0.481363168791509,0.4119399511141473,True
73,Oak,71,18,0.3340868210274688,0.38785498874988195,0.42453703726204517,0.5984781312018974,0.17227914667015223,0.23561187010033272,0.37326763555633624,0.10768421194456296,-0.009783794950504354,0.677957437005442,-0.08242827227790506,0.858138249777669,-0.3205082815956717,1.169582356119762,0.38353954456391914,0.8134167178398757,True
73,Pine,356,89,0.5694897437593877,0.8059892156953752,-0.7482547152322021,0.8360695906205278,0.15029977691099566,0.16828379165415613,0.2161872977483431,0.096721717327179,0.2738912301648206,0.8650882573539547,0.47502106858705334,1.136957362803697,-1.1734359442787317,-0.32307348618567266,0.6458444521550272,1.0262947290860283,True
73,Spruce,6,1,11.701202228254719,0.7803381607466466,-0.07130235221712157,-0.21656258053491276,11.416641896982396,0.2911336143173699,0.21032674483145478,0.45427094383416244,-37.42064319375993,60.82304765026936,-0.4723086796022886,2.032985001095582,-0.9762652949942844,0.8336605905600413,-2.1711326970446145,1.738007535974789,True
74,Alder,92,23,0.650872684228046,1.2117093661119365,-1.7374601545066535,1.272857407119291,0.43248035063395396,0.2241272649799029,0.3982153039009597,0.14777453983930688,-0.20859113332544088,1.510336501781533,0.7663035239850456,1.6571152082388272,-2.5288293919696945,-0.9460909170436124,0.9791865618165467,1.5665282524220354,True
74,Aspen,53,13,1.402061404346185,1.6988438142494433,-1.6872200776880315,0.9087203616669058,0.8035318863639703,0.2868299469127887,0.4369578410108674,0.11761082954881429,-0.21269637673459596,3.016819185426966,1.1224374556664087,2.275250172832478,-2.5653197346529257,-0.8091204207231371,0.6723725509873808,1.1450681723464309,True
74,Birch,96,24,1.3051616310574838,-0.15066625265159214,0.9137184838819786,-0.03408955171334097,1.0041587911263008,0.3720755026222929,0.5592690478890833,0.1850494216452813,-0.68918440404465,3.2995076661596174,-0.8896403172824424,0.5883078119792581,-0.197038119624816,2.0244750873887734,-0.40161367600275444,0.33343457257607245,True
74,Oak,71,18,0.4172841185635964,0.475444293143353,0.30232160232166955,0.5560487457303532,0.16414403561031884,0.11635449976032235,0.22160101367060983,0.09952913984222621,0.08965125222197423,0.7449169849052185,0.24319973959331528,0.7076888466933907,-0.13999587222534154,0.7446390768686806,0.35738775113631777,0.7547097403243888,True
74,Pine,356,89,0.4291247699738878,0.7624793192833622,-0.624025792450712,0.8499776660008023,0.11529942104442997,0.1717810872891368,0.21882360262484257,0.09835903778242104,0.20236237431690368,0.655887165630872,0.42463294911611166,1.1003256894506128,-1.0543919114477889,-0.1936596734536351,0.6565323664492734,1.043422965552331,True
74,Spruce,6,1,11.859810758582334,0.7104879998793507,-0.04961916697116039,-0.1766775873544209,8.12753647915484,0.22527256102040988,0.1596125631155862,0.3317123267746785,-23.110156259158202,46.82977777632287,-0.25878159972075654,1.679757599479458,-0.7363765973542351,0.6371382634119143,-1.6039205356253499,1.2505653609165082,True
75,Alder,92,23,0.7323204834132478,1.3753949263067666,-2.171677434510068,1.4676604216285083,0.458593240591068,0.2143238775410761,0.37343737245838887,0.1506373882159562,-0.17903721569346343,1.6436781825199591,0.9494712566780694,1.8013185959354638,-2.9138057399458064,-1.4295491290743292,1.1683002667623004,1.7670205764947162,True
75,Aspen,53,13,0.951947239494451,1.623978798726614,-1.4747661616610288,0.9163022790986702,0.5931497358658995,0.3068625576011831,0.47812908045948405,0.11265957830045381,-0.2400317816114097,2.1439262606003116,1.0073154017691315,2.2406421956840967,-2.435602521903782,-0.5139298014182758,0.6899043803206556,1.1427001778766848,True
75,Birch,96,24,1.2482894354112015,0.2921901082076307,0.3672608894867777,0.13222864943913124,0.9542235880849445,0.3747895983440881,0.5502983946281106,0.18857948012812123,-0.6468809761963179,3.143459847018721,-0.4521743847991726,1.036554601214434,-0.725679222324286,1.4602010012978415,-0.24230647570108785,0.5067637745793503,True
75,Oak,71,18,0.39194174493457107,0.4606372771602897,0.3431272972291761,0.5536961386649891,0.14052177694622814,0.1024195810839953,0.19510742513510487,0.08962470250115888,0.11145910422742045,0.6724243856417217,0.2562069377008639,0.6650676166197155,-0.04630875327285827,0.7325633477312106,0.3748044837456441,0.7325877935843341,True
75,Pine,356,89,0.516645724223618,0.683580528238474,-0.633247320667545,0.8696013348428497,0.13819176142752512,0.16430063166336667,0.20723429521496903,0.09858107807259664,0.24486036227207275,0.7884310861751632,0.3604461663618093,1.0067148901151388,-1.0408204447955889,-0.225674196539501,0.6757193428285444,1.063483326857155,True
75,Spruce,6,1,12.979986461924502,0.7915629712151336,-0.07396005944327048,-0.2544668140443707,12.437361383092455,0.29270417978571955,0.21287420172119123,0.4531422900061849,-40.53366044325563,66.49363336710464,-0.4678414669333629,2.05096740936363,-0.989883824560841,0.8419637056743001,-2.204180725080243,1.6952470969915014,True
76,Alder,92,23,1.0471963467448655,1.041573952839213,-1.6132312413100083,1.1564290459698907,0.6555012112072814,0.2575807824612755,0.45375279869970914,0.15002656324095942,-0.2554745666719205,2.3498672601616515,0.5296862744786379,1.553461631199788,-2.5149695793047178,-0.7114929033152987,0.8582827773856796,1.4545753145541018,True
76,Aspen,53,13,1.1311337248145061,1.5925256540879829,-1.4914002809706564,0.901610865609039,0.6778486381325958,0.2897911771355469,0.44075088969382414,0.12250334062811105,-0.23105411289853728,2.4933215625275498,1.0101684805778546,2.174882827598111,-2.3771223546420464,-0.6056782072992664,0.6554311858171787,1.1477905454008992,True
76,Birch,96,24,0.8517567957522929,-0.2946995405115276,0.9895231014824434,0.20014206483650873,0.7327367308486498,0.40239130875878754,0.5826835765068761,0.22157316139453587,-0.6035215993137133,2.307035190818299,-1.0938834128974129,0.5044843318743577,-0.1677367769300101,2.1467829798948967,-0.23992135921278332,0.6402054888858008,True
76,Oak,71,18,0.36227211731355197,0.3285853509811057,0.46105535931203717,0.6004710233868673,0.1651343706933499,0.18969837623440935,0.2909793590099186,0.11776372541274267,0.03266253387291551,0.6918817007541884,-0.05005419272780909,0.7072248946900205,-0.11974187212068627,1.0418525907447607,0.3654136436618919,0.8355284031118427,True
76,Pine,356,89,0.4810810137584621,0.7223418945540276,-0.6220407321701434,0.8509122458760245,0.13297105739145731,0.17655706780918867,0.2257748647409945,0.10131224827181065,0.21956334737304312,0.7425986801438811,0.37510247822463966,1.0695813108834156,-1.0660780807017627,-0.17800338363852414,0.6516587897926839,1.0501657019593653,True
76,Spruce,6,1,12.979986461924591,0.7915629712151353,-0.07396005944327083,-0.2544668140443739,12.437361382885403,0.2927041797811712,0.21287420171994526,0.45314229000002737,-40.53366044236467,66.49363336621386,-0.46784146691379114,2.0509674093440617,-0.9898838245554804,0.8419637056689389,-2.204180725053752,1.6952470969650046,True
77,Alder,92,23,1.078513886607728,1.0983497694602478,-1.7472348839073177,1.2154471193685799,0.7992536132217551,0.27600898926676787,0.4809606551450622,0.1570258423922177,-0.5098347183775573,2.6668624915930135,0.5498399024881051,1.6468596364323904,-2.703043119259659,-0.7914266485549766,0.903391254265949,1.5275029844712107,True
77,Aspen,53,13,1.2791988258647242,1.8998831261490114,-1.9273883492041428,0.9849312084270365,0.733844701619608,0.29745865324920673,0.4540215728812731,0.11919957558597617,-0.19551731440853581,2.7539149661379843,1.3021175825095925,2.4976486697884304,-2.839778859188818,-1.014997839219468,0.7453906930531438,1.2244717238009293,True
77,Birch,96,24,0.9342559175952064,-0.014994642225417307,0.6862346455521261,0.2014174535924042,0.8535655823642829,0.4252892791945059,0.6108125535414926,0.23501615172566612,-0.7609990061589186,2.6295108413493313,-0.8596558603796344,0.8296665759287997,-0.5268918092586118,1.899361100362864,-0.265344909612452,0.6681798167972604,True
77,Oak,71,18,0.5667571693950602,0.45232543199388364,0.26432386832241456,0.5298486991180062,0.17907834657932797,0.09466048315644511,0.18405436548372017,0.08901569440287763,0.2093152935976842,0.9241990451924361,0.26338231681754837,0.6412685471702189,-0.10305018277791606,0.6316979194227452,0.3521726294504997,0.7075247687855128,True
77,Pine,356,89,0.4591863974799989,0.6872746781701888,-0.598535238524149,0.8732684033987717,0.11950387877366575,0.15771208982305887,0.2022836119081718,0.09448609996439891,0.22415498452454424,0.6942178104354535,0.3770981743474579,0.9974511819929197,-0.9963717239369319,-0.20069875311136615,0.687440112240605,1.0590966945569382,True
77,Spruce,6,1,18.91868942445604,0.7870641120941767,0.24702600004945452,-0.6550068248504239,25.451682987110175,0.28237743134616083,0.8436270688130473,1.1249816958415477,-90.5910638553944,128.4284427043065,-0.4279079136919671,2.0020361378803204,-3.3828083104245583,3.8768603105234676,-5.495412389321253,4.185398739620406,True
78,Alder,92,23,0.4401614470043997,1.2104901213108112,-1.7795772254754485,1.4192358871698647,0.32520626268968994,0.2327049995521346,0.41691865405530165,0.15601934357965194,-0.20611766281844385,1.0864405568272433,0.7480378342053124,1.67294240841631,-2.608115441138602,-0.9510390098122952,1.1091802269564104,1.729291547383319,True
78,Aspen,53,13,0.8117178172607034,1.7161680364586371,-1.5884130983365727,0.9861740017058317,0.42683497429886774,0.25339506762506864,0.3876249525315393,0.10833906053416469,-0.046039177430996725,1.6694748119524034,1.20695158334861,2.2253844895686643,-2.367374604237351,-0.8094515924357945,0.7684585084425286,1.2038894949691348,True
78,Birch,96,24,1.155126148138304,0.2593442516236154,0.3935975630776153,0.15812919415219318,0.9900552805721543,0.38928398414390397,0.5431037485561008,0.237376366197323,-0.8112090976312636,3.1214613939078717,-0.5138073426928129,1.0324958459400437,-0.6850533606145236,1.4722484867697543,-0.3133207587198908,0.6295791470242771,True
78,Oak,71,18,0.36372981661270365,0.46544520329065325,0.33623668229119935,0.5749159559802947,0.15218837150703976,0.11558611025767489,0.22268606006514663,0.10159996226278317,0.059960555699146934,0.6674990775262604,0.2347343616070452,0.6961560449742613,-0.10824655392381222,0.7807199185062109,0.3721215825351246,0.7777103294254647,True
78,Pine,356,89,0.5816203811324003,0.6952640291940977,-0.5973421628509351,0.7975421788405715,0.15488261427598657,0.16820209435143127,0.2161504850219399,0.0982157720107128,0.2770086810848742,0.8862320811799265,0.3644565583139545,1.0260715000742409,-1.0224509913428543,-0.17223333435901594,0.604378643840104,0.9907057138410391,True
78,Spruce,6,1,11.859810758582272,0.71048799987935,-0.04961916697116206,-0.17667758735441702,8.127536479054122,0.22527256101862547,0.15961256311555475,0.3317123267705689,-23.110156258724913,46.829777775889454,-0.25878159971307957,1.6797575994717795,-0.7363765973541014,0.6371382634117773,-1.603920535607664,1.2505653608988299,True
79,Alder,92,23,0.7504176836094626,1.171995194336247,-1.8178586496870692,1.3283339766261815,0.48059336566713406,0.23020079199032167,0.4027474972094684,0.14953891066311856,-0.20466064108593285,1.705496008304858,0.7145194935377726,1.6294708951347214,-2.618234668977565,-1.0174826303965732,1.0311568150674724,1.6255111381848906,True
79,Aspen,53,13,1.0599416850086596,1.5620713296412527,-1.4954004813423198,0.9494414293906097,0.6467200541862888,0.3010113789305038,0.45131098328053293,0.13459945603133971,-0.2396909212389864,2.3595742912563056,0.9571663164483861,2.1669763428341193,-2.402343857587327,-0.5884571050973125,0.6789536956189635,1.219929163162256,True
79,Birch,96,24,1.1260672110388177,-0.051286962176320006,0.8414269901303357,0.03183579387321472,1.0058589738538166,0.4305962288674971,0.669627135389749,0.20365914997964912,-0.871655533714752,3.1237899557923874,-0.9064882404608132,0.8039143161081732,-0.48851030092642667,2.171364281187098,-0.3726488572232644,0.43632044496969385,True
79,Oak,71,18,0.4361710852860939,0.47203771138653516,0.2832488423564091,0.5639856449549432,0.15447055529522796,0.11017093205864174,0.23546000120143887,0.10474799818691277,0.12784656646589243,0.7444956041062953,0.25213561062673295,0.6919398121463374,-0.18673128708046915,0.7532289717932874,0.3549077655064387,0.7730635244034476,True
79,Pine,356,89,0.4801819387027096,0.8134195521508696,-0.7340924134330243,0.864238782711039,0.13401112100725857,0.1793478675785908,0.2283915025628976,0.10175232398535455,0.21661875192336022,0.743745125482059,0.46069139671268133,1.1661477075890578,-1.1832759722030521,-0.2849088546629965,0.6641198181787425,1.0643577472433357,True
79,Spruce,6,1,11.701202228254656,0.7803381607466463,-0.07130235221712308,-0.21656258053490945,11.416641896749999,0.2911336143126622,0.2103267448304351,0.45427094382614547,-37.42064319276006,60.82304764926938,-0.4723086795820336,2.032985001075326,-0.9762652949898986,0.8336605905556523,-2.1711326970101172,1.7380075359402982,True
80,Alder,92,23,1.3294813040904494,1.2335247088597225,-1.8610259714100856,1.1385196844191703,0.8779592219772658,0.24376529256902582,0.42494761018975385,0.15035506171995458,-0.41527815948002944,3.0742407676609282,0.7490924135396928,1.7179570041797523,-2.70552005022441,-1.0165318925957614,0.8397205941370397,1.4373187747013008,True
80,Aspen,53,13,1.0693487601689455,1.66266235147402,-1.5104113103732797,0.8752637907693194,0.662119143631829,0.307188132729119,0.4380889486879673,0.16466190769419561,-0.26122947490279635,2.3999269952406874,1.0453446868016123,2.2799800161464274,-2.3907840133166007,-0.6300386074299585,0.5443632985686033,1.2061642829700354,True
80,Birch,96,24,1.4401176927822403,0.030514773529053046,0.6213368569819846,0.07735095878262274,1.2566893803552885,0.40503812136753153,0.6123941290237848,0.21601647158508902,-1.0557758901991923,3.936011275763673,-0.7739258971625924,0.8349554442206986,-0.5949307432533593,1.8376044572173285,-0.3516763996685851,0.5063783172338306,True
80,Oak,71,18,0.475573351845703,0.4659207558117943,0.309000537373365,0.5209319868574915,0.16681379087960993,0.10301030432365078,0.2066637311038042,0.09765049736960732,0.14261163168337282,0.8085350720080331,0.2603113278310992,0.6715301837924894,-0.10350199638386559,0.7215030711305956,0.3260207783330301,0.715843195381953,True
80,Pine,356,89,0.461230424213074,0.7398905937247163,-0.6421109403724513,0.8605823143712531,0.12203192056215754,0.15838167517072563,0.20349248304918172,0.09448406069408413,0.2212270451619833,0.7012338032641646,0.42839719883559213,1.0513839886138405,-1.0423249443667921,-0.2418969363781105,0.6747580338995043,1.046406594843002,True
80,Spruce,6,1,18.91868942445634,0.7870641120941769,0.24702600004946546,-0.6550068248504388,25.451682989280364,0.2823774313517371,0.8436270688541057,1.124981695934522,-90.59106386473167,128.42844271364436,-0.4279079137159597,2.0020361379043137,-3.3828083106012072,3.876860310700138,-5.495412389721305,4.185398740020427,True
81,Alder,92,23,1.2053058198347586,1.441371027663655,-2.2239254492116993,1.3102341147178937,0.813218498074032,0.22903494719155262,0.4089249619889945,0.15098929848313236,-0.4107950592809908,2.8214066989505078,0.9862121984177405,1.8965298569095697,-3.036577881648899,-1.4112730167744996,1.0101746121443966,1.6102936172913909,True
81,Aspen,53,13,1.0412492591379108,1.601149622925632,-1.493318055492839,0.9119291845328326,0.6133070247857055,0.28684940887014737,0.43972271574471283,0.12241418359037248,-0.19123735062885183,2.2737358689046734,1.0247041540750232,2.1775950917762406,-2.3769739362566336,-0.6096621747290444,0.6659286725162274,1.1579296965494377,True
81,Birch,96,24,0.7294773266653257,-0.2819781928919475,1.1295504636102662,0.10979941696323245,0.6697418989562789,0.44654539145526567,0.6744719711755222,0.2053823337864012,-0.6006878947406061,2.0596425480712575,-1.1688558847588366,0.6048994989749418,-0.2100090895084954,2.4691100167290276,-0.29810762591342876,0.5177064598398936,True
81,Oak,71,18,0.4042740551927072,0.44846888617806396,0.28219082602084383,0.6124235698242824,0.16123707144062185,0.11345759738504282,0.21878938431434697,0.10160015019357489,0.08244351361865249,0.7261045967667619,0.22200657396987988,0.674931198386248,-0.15451461284264384,0.7188962648843316,0.4096288212676821,0.8152183183808827,True
81,Pine,356,89,0.44415319575208995,0.6469888721072973,-0.5270417737655154,0.854902792021455,0.12021501937361029,0.16572978727954163,0.21294875446059092,0.09684777064743144,0.2077231639255984,0.6805832275785815,0.3210437523937342,0.9729339918208604,-0.945853674781451,-0.10822987274957985,0.6644297411846517,1.0453758428582585,True
81,Spruce,6,1,12.979986461924662,0.7915629712151373,-0.07396005944327214,-0.25446681404437604,12.437361383039931,0.29270417978514707,0.21287420172120813,0.45314229000440576,-40.53366044302948,66.49363336687881,-0.4678414669308959,2.0509674093611707,-0.9898838245609154,0.8419637056743712,-2.204180725072593,1.6952470969838411,True
82,Alder,92,23,0.7797756862929756,1.4340228500180474,-2.3677914087796816,1.5607679416669034,0.52598014191788,0.22806968972071037,0.411222035989497,0.1546057490417753,-0.26549931884288724,1.8250506914288382,0.9807822671608902,1.8872634328752045,-3.185008793096847,-1.5505740244625161,1.2535215035515521,1.8680143797822546,True
82,Aspen,53,13,1.268232698831926,1.6723035064474432,-1.703464505758484,0.9813553378771344,0.7081724810309337,0.2733779833666891,0.41971080975049585,0.1225722333625244,-0.1548931826642146,2.6913585803280666,1.1229298806974155,2.221677132197471,-2.546904955788542,-0.8600240557284262,0.7350372129521789,1.2276734628020898,True
82,Birch,96,24,1.1312337758945594,0.22931956608521034,0.5566031063388223,0.04656215259911777,0.9211588824919963,0.382898687633353,0.5856642415083473,0.17645951894139358,-0.6982672763607882,2.9607348281499073,-0.5311502782019369,0.9897894103723576,-0.6065766300484684,1.7197828427261128,-0.30390168346616275,0.3970259886643983,True
82,Oak,71,18,0.4624659567938828,0.4604124015637683,0.2764148811189018,0.5635200487484662,0.15770795513430774,0.10196633005904537,0.19231083385948838,0.08582152041529406,0.14767956084955797,0.7772523527382076,0.25688675493661306,0.6639380481909235,-0.10743914983420783,0.6602689120720113,0.3922195770443867,0.7348205204525456,True
82,Pine,356,89,0.5171964749407449,0.5979114990385052,-0.4540174477432412,0.7970592762117478,0.139133858741079,0.16389493036460268,0.21150589805761338,0.09774407162587623,0.24355826549154258,0.7908346843899473,0.27557504054761217,0.9202479575293981,-0.869991645225504,-0.038043250260978434,0.6048234467307783,0.9892951056927173,True
82,Spruce,6,1,39.39128951631238,1.302260131360397,-0.46594691780064024,-0.6691433979105814,107.87327896219838,1.213515342029595,0.9240974841677767,1.0589954012663338,-424.7499686716639,503.5325477042887,-3.9190749675513876,6.523595230272181,-4.442017480560462,3.5101236449591817,-5.225632851904834,3.8873460560836715,True
83,Alder,92,23,1.0356042166525783,1.4394558708060723,-2.3143090483563897,1.436796181577066,0.6904354870226456,0.22423490876291438,0.4130567043806427,0.14661548907103367,-0.33649122902729744,2.407699662332454,0.9938361092801906,1.885075632331954,-3.1351724505726053,-1.4934456461401742,1.1454287061189357,1.7281636570351964,True
83,Aspen,53,13,0.8857700173934034,1.544740742918895,-1.3800093380777507,0.9172065691064074,0.4811614283675632,0.2772659039605895,0.4240967879013891,0.11836673413583235,-0.08116007411578607,1.852700108902593,0.9875540482194405,2.1019274376183494,-2.2322637411904336,-0.5277549349650679,0.6793397112871784,1.1550734269256364,True
83,Birch,96,24,1.6759640526821507,0.5634732847770786,0.004494574516461928,0.11893238911983048,1.0710852810677243,0.32193383420978283,0.480530672164662,0.15442332534933367,-0.4513037683342116,3.803231873698513,-0.07591509831058474,1.202861667864742,-0.9498808183451025,0.9588699673780264,-0.18776566437457373,0.42563044261423466,True
83,Oak,71,18,0.27202281676238294,0.30921554061585305,0.4466520033547375,0.7114548853650529,0.11522140474537439,0.18402693499636277,0.27685564866122425,0.1078136048171739,0.042039930328085756,0.5020057031966801,-0.05810375900255721,0.6765348402342632,-0.10595418423215847,0.9992581909416334,0.49625802947239184,0.9266517412577139,True
83,Pine,356,89,0.5731308554524758,0.6864270931176453,-0.6281029481896752,0.8319443793085397,0.15354591059812253,0.1698945813422229,0.2148165787607516,0.09869736776959179,0.27114808558976944,0.8751136253151821,0.3522909636789973,1.0205632225562933,-1.0505883482495266,-0.20561754812982375,0.6378336772968902,1.0260550813201892,True
83,Spruce,6,1,11.859810758582189,0.7104879998793472,-0.04961916697115974,-0.17667758735441463,8.127536479083568,0.2252725610189952,0.15961256311519512,0.3317123267724273,-23.1101562588517,46.82977777601607,-0.2587815997146732,1.6797575994733676,-0.7363765973525518,0.6371382634102323,-1.6039205356156576,1.2505653609068283,True
84,Alder,92,23,1.7281785701739873,1.5425524371419985,-2.467553499414633,1.3283169105467854,1.1774342920221232,0.24235178932080897,0.41774127421151475,0.15254759108917074,-0.6117246648662409,4.068081805214216,1.060929182501056,2.0241756917829408,-3.297726499776834,-1.6373804990524314,1.0251606288708668,1.631473192222704,True
84,Aspen,53,13,0.83166747594867,1.5678826282690637,-1.5253424438228718,1.0442884041477403,0.5266382621321094,0.3158725696219952,0.48493073678074633,0.11950557705696796,-0.22665173455679444,1.8899866864541344,0.9331129342683203,2.202652322269807,-2.4998472441802972,-0.5508376434654465,0.8041329557952173,1.2844438525002633,True
84,Birch,96,24,0.720574748715352,-0.046882263546087134,0.740996387344748,0.2574240726554289,0.6448655022846499,0.4185160166145895,0.5794416547082697,0.22926774582398105,-0.5601838016460088,2.0013332990767125,-0.8780911975692152,0.7843266704770409,-0.4098247545428677,1.8918175292323638,-0.19792146024380947,0.7127696055546673,True
84,Oak,71,18,0.2539531752380237,0.28975204960600204,0.6117247126816806,0.595142385408821,0.11331577849072226,0.18119851147903876,0.2838592401748805,0.09678531951275782,0.027773934727662097,0.4801324157483853,-0.07192169304310786,0.6514257922551119,0.0451392979253461,1.178310127438015,0.4019580791143489,0.7883266917032932,True
84,Pine,356,89,0.5493617339037963,0.8593626051163343,-0.8082056780236792,0.8531946869498233,0.13896972766571208,0.16903959877609515,0.2180890826318306,0.09506526221015192,0.27604632534565493,0.8226771424619377,0.526907992316572,1.1918172179160966,-1.237127197284135,-0.3792841587632233,0.6662273422115833,1.040162031688063,True
84,Spruce,6,1,39.391289516308866,1.3022601313603577,-0.46594691780061176,-0.6691433979105468,107.87327893110097,1.213515341675385,0.9240974839092145,1.05899540097081,-424.74996853786604,503.53254757048376,-3.9190749660273836,6.523595228748099,-4.44201747944793,3.5101236438467067,-5.2256328506332625,3.8873460548121694,True
85,Alder,92,23,0.967264851856193,1.4431828937916253,-2.3749868317912632,1.4962654965329845,0.6501341473638281,0.2412645495946037,0.42446588570061683,0.15085575758440234,-0.3247401499805962,2.2592698536929823,0.9637202996392125,1.9226454879440382,-3.2185235844106845,-1.531450079171842,1.196471378434074,1.796059614631895,True
85,Aspen,53,13,0.8983739799673183,1.6186112393491983,-1.571807361100868,1.0151771976968,0.5173200603571698,0.268889394201208,0.41444048122411375,0.11843394663648517,-0.14121960299665393,1.9379675629312905,1.078257771235768,2.1589647074626286,-2.4046566894327728,-0.7389580327689634,0.7771752713006337,1.2531791240929664,True
85,Birch,96,24,0.6936838464471505,-0.2591195572259791,0.9371595040282985,0.28411041138690585,0.5553690022599961,0.38010560421229783,0.5417186098052627,0.2085145774514583,-0.409326929800229,1.7966946226945302,-1.0140420967484656,0.49580298229650743,-0.13874041454372188,2.013059422600319,-0.1300175377742821,0.6982383605480937,True
85,Oak,71,18,0.5105147194752194,0.4822413374314535,0.2602291471248922,0.5285858885931307,0.18518045442931821,0.10629952699037536,0.20380317977694068,0.09366479032728756,0.1408929854320996,0.8801364535183392,0.27006659352972684,0.6944160813331801,-0.1465637022868007,0.6670219965365851,0.34163018462183703,0.7155415925644244,True
85,Pine,356,89,0.5593611215963835,0.7287426409900968,-0.640203485128161,0.8184159301662752,0.14932315949359706,0.16754248910144123,0.21633768192760258,0.09928892846604045,0.2656833470931628,0.8530388960996043,0.39923243305646944,1.0582528489237242,-1.0656804786845977,-0.21472649157172446,0.6231417902163596,1.0136900701161908,True
85,Spruce,6,1,18.91868942445599,0.7870641120941727,0.24702600004946237,-0.6550068248504268,25.451682988834882,0.28237743135407223,0.8436270688361238,1.124981695906948,-90.59106386281528,128.42844271172726,-0.427907913726011,2.0020361379143563,-3.382808310523841,3.8768603106227655,-5.495412389602652,4.185398739901798,True
86,Alder,92,23,2.066234429178076,1.680022197683543,-2.5176941884898554,1.2075779601189938,1.4011429340019883,0.2544910152529592,0.4190082728191133,0.15394695233309363,-0.718242722743883,4.850711581100034,1.174274782380743,2.185769612986343,-3.3503850823436925,-1.6850032946360183,0.9016407420257897,1.5135151782121978,True
86,Aspen,53,13,1.049570495764994,1.604440459470009,-1.481094528569988,0.9042739398526658,0.6144965750939299,0.28509253210140234,0.4287292395602435,0.12520119337681487,-0.18530660484449557,2.2844475963744837,1.031525566668558,2.17735535227146,-2.342658191823503,-0.619530865316473,0.6526727219835893,1.1558751577217423,True
86,Birch,96,24,1.1730952191820256,0.05805504044067553,0.6460357153075164,0.12126007969040783,0.9872210673580235,0.3824947317093685,0.56625064995584,0.19969513250835244,-0.7876110345036347,3.133801472867686,-0.7016125125131947,0.8177225933945458,-0.4785869525344614,1.770658383149494,-0.2753516905461737,0.5178718499269894,True
86,Oak,71,18,0.4045565278975795,0.4618978772265909,0.27720137101619746,0.6031732695114623,0.16178415896994125,0.11639889562570829,0.2268911442672641,0.10579004761321163,0.08163399504462021,0.7274790607505388,0.22956470915835867,0.6942310452948232,-0.17567524839562038,0.7300779904280152,0.39201545070275806,0.8143310883201667,True
86,Pine,356,89,0.5433800570516025,0.7413659316799666,-0.6118428240897665,0.7916397993098014,0.1414771545967393,0.16223309405290345,0.2073818333096729,0.09773951734347933,0.2651332261787258,0.8216268879244792,0.422297850253044,1.0604340131068892,-1.0197061152585698,-0.20397953292096332,0.5994129268554802,0.9838666717641227,True
86,Spruce,6,1,18.918689424456463,0.7870641120941766,0.24702600004947156,-0.6550068248504459,25.451682989394982,0.2823774313541549,0.8436270688504399,1.1249816959339605,-90.59106386522473,128.42844271413765,-0.42790791372636283,2.002036137914716,-3.3828083105854287,3.8768603106843718,-5.495412389718896,4.185398740018004,True
87,Alder,92,23,0.9650900647762461,1.4292098088994736,-2.1598015450497656,1.3291707998430544,0.7186852075948978,0.23091701519417376,0.41708811634117743,0.1537857179112875,-0.46314576428117893,2.393325893833671,0.9703107649870271,1.88810885281192,-2.988676531396111,-1.3309265587034202,1.0235540012821676,1.6347875984039413,True
87,Aspen,53,13,1.229882261860684,1.7249733091629174,-1.6844878654609867,0.9386001654519616,0.7670209093898018,0.32648891667366875,0.49798464868782777,0.11954518509861096,-0.31150396400941216,2.7712684877307803,1.068869267018361,2.3810773513074737,-2.6852254839345493,-0.6837502469874241,0.6983651217597616,1.1788352091441616,True
87,Birch,96,24,1.4941278389505575,0.2816452518993965,0.3539436959870275,0.09504431251689503,1.16470447342908,0.37666553474574055,0.5656249849273879,0.18377172871502684,-0.8190757790187091,3.807331456919824,-0.4664450127261992,1.0297355165249922,-0.7694363471029468,1.4773237390770018,-0.26994220332647484,0.46003082836026493,True
87,Oak,71,18,0.37801549037344373,0.4651649779331506,0.27966477722207045,0.6135203803770555,0.14628692512175573,0.11410245385737607,0.22771839016083648,0.11632143146512493,0.08602556574574632,0.6700054150011412,0.23741552681904207,0.6929144290472591,-0.17486303190415098,0.7341925863482919,0.38134183142048517,0.8456989293336258,True
87,Pine,356,89,0.4629952125449741,0.7049098288299797,-0.6185872920884141,0.876653459442307,0.12551045517105563,0.17957756985769507,0.22806543210229718,0.09927086496030432,0.21615050823705062,0.7098399168528976,0.351729911894416,1.0580897457655434,-1.067129559530793,-0.17004502464603516,0.6814148454629261,1.071892073421688,True
87,Spruce,6,1,39.391289516310316,1.3022601313603739,-0.4659469178006231,-0.6691433979105613,107.8732789354188,1.213515341719762,0.9240974839364494,1.0589954010160594,-424.74996855644264,503.5325475890633,-3.9190749662183064,6.523595228939054,-4.4420174795651235,3.5101236439638774,-5.22563285082797,3.887346055006847,True
88,Alder,92,23,0.7943848934114737,1.0908629470657407,-1.8759959242856803,1.4312571581442806,0.49846730393084165,0.23477853776645852,0.41229043236129326,0.151347552704505,-0.1962141276400059,1.7849839144629533,0.6242899384825759,1.5574359556489057,-2.6953365218841387,-1.0566553266872216,1.1304857005876165,1.7320286157009446,True
88,Aspen,53,13,0.79691933344917,1.5686063213632477,-1.4032835683297915,0.9443444725120086,0.4687824037420942,0.28521426117859455,0.4379318474619947,0.11797684663784606,-0.14513417671286388,1.738972843611204,0.9954468048226327,2.1417658379038627,-2.2833405645396754,-0.5232265721199075,0.7072611229539991,1.181427822070018,True
88,Birch,96,24,1.1620101830902698,0.08081778091522863,0.694265102933685,0.04585526615510185,0.9406695913258798,0.38545784207484124,0.5846325626213811,0.20093579032682546,-0.7062408210140714,3.0302611871946112,-0.6847347649911232,0.8463703268215804,-0.46686563013271454,1.8553958360000846,-0.35322055759876747,0.4449310899089711,True
88,Oak,71,18,0.4449577849875256,0.42486107458484734,0.32625760603800097,0.5719965945801286,0.16517837618476455,0.1087837232826622,0.22519404547343044,0.12308755299216215,0.11526036621840252,0.7746552037566486,0.2077278541306775,0.6419942950390172,-0.12323159000371864,0.7757468020797206,0.3263128105312416,0.8176803786290157,True
88,Pine,356,89,0.4516083580366795,0.6441949636042714,-0.5008828050976017,0.8282877186024461,0.12425040461357204,0.17156247221010004,0.2183405167753192,0.09787779388030846,0.20724182821112216,0.6959748878622368,0.3067785494472077,0.9816113777613351,-0.9302988264831418,-0.07146678371206178,0.6357888940561673,1.0207865431487249,True
88,Spruce,6,1,3.98589887780557,0.5181254029726586,-0.04566899010548463,0.32056092500210864,4.805823384599003,0.3188932897497432,0.16585407009789185,0.584020096873208,-16.69189022637688,24.663687981988023,-0.8539616806508566,1.890212486596174,-0.7592814575433943,0.667943477332425,-2.192274739006805,2.833396589011022,True
89,Alder,92,23,1.0082161001444074,1.4536303120943201,-2.2941836677767826,1.4062487794814162,0.6790924443107919,0.23912300138883724,0.42050930076585336,0.1561985353932857,-0.34133743171785436,2.3577696320066694,0.9784235949862743,1.928837029202366,-3.1298575392560046,-1.4585097962975606,1.095837013192867,1.7166605457699655,True
89,Aspen,53,13,1.3690514675490515,1.9578130854364266,-1.9184414718706468,0.9065037404877458,0.7375681386361665,0.27736658510694273,0.41979902921882745,0.1039813073353572,-0.11314719954969488,2.851250134647798,1.4004240643984147,2.5152021064744385,-2.7620592055596966,-1.074823738181597,0.6975454801422871,1.1154620008332046,True
89,Birch,96,24,1.0874183940404651,-0.13655995351346958,0.7875526565330279,0.17249211144403218,1.0352619157512986,0.42239216527887324,0.6138256653441452,0.23858492459806716,-0.9687011312938023,3.1435379193747326,-0.9754672533612,0.7023473463342608,-0.43155809840040227,2.006663411466458,-0.30135814273100614,0.6463423656190704,True
89,Oak,71,18,0.3995602342835127,0.40260576761212874,0.4507793028840535,0.5018801347095756,0.15107955441553184,0.11101941027783645,0.21014905298787,0.09819088440943566,0.09800418154769186,0.7011162870193336,0.18101009723860537,0.6242014379856521,0.031320037529760314,0.8702385682383467,0.3058903091392098,0.6978699602799414,True
89,Pine,356,89,0.46435424387942087,0.7840361781935055,-0.7135717499824863,0.8867506983252145,0.12248325882321655,0.17308583573079353,0.22237854548813027,0.09865601698234341,0.22346320603176123,0.7052452817270805,0.44362372504266573,1.1244486313443451,-1.1509294683544826,-0.2762140316104899,0.6927213219914723,1.0807800746589566,True
89,Spruce,6,1,11.85981075858227,0.7104879998793494,-0.04961916697116085,-0.17667758735441758,8.12753647890504,0.225272561015616,0.15961256311510075,0.33171232676496193,-23.110156258083464,46.829777775248004,-0.25878159970013137,1.67975759945883,-0.7363765973521468,0.637138263409825,-1.6039205355835395,1.2505653608747045,True
90,Alder,92,23,1.0073282694544798,1.3444547973012424,-2.1683850079947704,1.3910179347001081,0.6709084177303518,0.23872303950828147,0.4240519195538501,0.1580276478159763,-0.3259612293309644,2.340617768239924,0.870042920384744,1.8188666742177408,-3.011099089886339,-1.3256709261032018,1.076971191832309,1.7050646775679072,True
90,Aspen,53,13,0.8955080892693439,1.5530777941727678,-1.4745815533665343,0.9861776449769108,0.5930133270918757,0.326941279604839,0.5022963617513934,0.1275373993605625,-0.2961968081421116,2.0872129866807994,0.8960646946835364,2.210090893661999,-2.483983883642245,-0.4651792230908236,0.729881645414062,1.2424736445397597,True
90,Birch,96,24,0.6664156011131953,-0.432562493482366,1.3010933297904956,0.10037818214968182,0.6538872929981581,0.46725694738001383,0.7280146431958304,0.21741616916712495,-0.6322610043386608,1.9650922065650516,-1.3605751231741656,0.4954501362094337,-0.14480659160080234,2.7469932511817934,-0.3314290965170772,0.5321854608164408,True
90,Oak,71,18,0.3295631842218122,0.39279966221587,0.42045888615934957,0.5983211896725226,0.1285325324847449,0.12326954809538895,0.2644322408814561,0.1298446249414056,0.07301117561823361,0.5861151928253907,0.1467526144205506,0.6388467100111894,-0.10735007571366628,0.9482678480323654,0.33915023356419566,0.8574921457808495,True
90,Pine,356,89,0.39542961238683944,0.696631129690506,-0.5342810967026467,0.8524415128816971,0.10755324815911524,0.15941558958282684,0.2054662637150805,0.09538142260812318,0.18390181812451686,0.606957406649162,0.383104308207661,1.010157951173351,-0.9383769869046223,-0.13018520650067106,0.6648523671959208,1.0400306585674735,True
90,Spruce,6,1,12.97998646192474,0.7915629712151384,-0.07396005944327158,-0.2544668140443794,12.437361382697977,0.2927041797791752,0.21287420172059532,0.45314228999234346,-40.5336604415581,66.49363336540758,-0.4678414669052,2.0509674093354766,-0.9898838245582782,0.8419637056717351,-2.204180725020697,1.695247096931938,True
91,Alder,92,23,1.1842966085510125,1.3563796502041194,-2.112084531767392,1.280508395814174,0.8087653434231727,0.2405576514929617,0.4172784216075245,0.15541682890790232,-0.42295456146055854,2.7915477785625837,0.8783218674845681,1.8344374329236708,-2.941337709840773,-1.2828313536940112,0.9716501069012999,1.5893666847270482,True
91,Aspen,53,13,1.5330105628959747,1.7559657550179326,-1.720348151931504,0.8696108871944042,1.064938764094614,0.33742514537628254,0.4554688501166411,0.1935991756830092,-0.6070640064875787,3.673085132279528,1.0778845384850215,2.4340469715508437,-2.6356470744096354,-0.8050492294533729,0.4805587778131956,1.2586629965756126,True
91,Birch,96,24,1.283026619730123,-0.1597063275918585,0.8125299965935222,0.11212983878377555,1.1230437685285226,0.407866510053545,0.6305404242419672,0.2309699221082834,-0.9474352422816079,3.513488481741854,-0.9697644223518147,0.6503517671680978,-0.43977771227800955,2.064837705465054,-0.34659636314275444,0.5708560407103055,True
91,Oak,71,18,0.3766314346776015,0.4662128246365854,0.3642758721681237,0.5380083173650211,0.15157047438449062,0.10626141863710943,0.20446551021517775,0.09602442468082488,0.0740955015825811,0.679167367772622,0.2541141453263357,0.6783115039468351,-0.04383899433141564,0.772390738667663,0.3463427635116218,0.7296738712184203,True
91,Pine,356,89,0.42286844709721755,0.6978194017819667,-0.6045469494974856,0.887102233256632,0.113022428702943,0.15990681442266974,0.20570411188439588,0.09684206683928671,0.2005842720034505,0.6451526221909846,0.3833264755218386,1.0123123280420947,-1.0091106219327806,-0.19998327706219066,0.696640400248917,1.0775640662643469,True
91,Spruce,6,1,3.985898877805503,0.5181254029726539,-0.04566899010548261,0.32056092500211614,4.8058233845403295,0.31889328974595643,0.16585407009748812,0.5840200968663462,-16.691890226124496,24.663687981735503,-0.8539616806345682,1.890212486579876,-0.7592814575416552,0.6679434773306899,-2.1922747389772734,2.833396588981506,True
92,Alder,92,23,1.0489642713535319,1.4156479178336987,-2.283385986498097,1.425098031132392,0.6632760861420384,0.21402745961068606,0.3888993874203149,0.14361039151804106,-0.26915757222142633,2.3670861149284903,0.9903133165538199,1.8409825191135774,-3.056241797557539,-1.5105301754386549,1.139702555584153,1.710493506680631,True
92,Aspen,53,13,1.1300218603989736,1.6237624222624214,-1.5561639143928512,0.9273098595697722,0.7398201555798775,0.33241533103332993,0.5051059244780262,0.12693144933508588,-0.3567024041834497,2.616746124981397,0.9557488045757226,2.29177603994912,-2.5712122723511643,-0.541115556434538,0.6722315621730589,1.1823881569664856,True
92,Birch,96,24,1.454933010883192,0.4049833043959544,0.20973825106477645,0.12115445753663386,1.0270081596463347,0.3491869641994718,0.5195563846771054,0.16497093515607578,-0.5847938423875554,3.494659864153939,-0.28853214725832066,1.0984987560502295,-0.8221455754270204,1.2416220775565734,-0.20649205947148042,0.4488009745447481,True
92,Oak,71,18,0.39970559915045434,0.42312184234312733,0.29711315232106444,0.6236949722452457,0.1841059875428761,0.18580358660538346,0.2966783141815686,0.10025454573216493,0.032228509988796505,0.7671826883121122,0.05225633127091933,0.7939873534153353,-0.295059241243488,0.8892855458856168,0.42358606143483346,0.823803883055658,True
92,Pine,356,89,0.5654448974743391,0.8099402651888501,-0.7346329998351453,0.8209287540537217,0.15102698428626624,0.16106860899982298,0.20494626805403743,0.0960795734990512,0.268416166060272,0.8624736288884063,0.4931624070601133,1.126718123317587,-1.1377062009311285,-0.3315597987391621,0.6319665366983496,1.0098909714090938,True
92,Spruce,6,1,19.776425212335866,0.9376478909571233,-0.10223911452741895,-0.48766708268588604,8.514510667359184,0.13641788901044385,0.09176948712970175,0.21008069397292164,-16.858557352604045,56.41140777727578,0.3506890884269518,1.5246066934872948,-0.49709134882884515,0.2926131197740072,-1.3915713540649373,0.4162371886931651,True
93,Alder,92,23,0.9762665109443912,1.5324751814193254,-2.3034391078711915,1.365478265791959,0.6528908579046825,0.22110877017231942,0.3916674744455248,0.14471031601910145,-0.3212168738105111,2.2737498956992934,1.0930679634305907,1.97188239940806,-3.081795910220804,-1.5250823055215792,1.0778969214306833,1.6530596101532349,True
93,Aspen,53,13,1.4459287542385972,1.83458249618929,-1.847959199753633,0.941385837695961,1.1900229299166938,0.41934786320210937,0.650927508100352,0.12483810668769804,-0.945511857337975,3.8373693658151695,0.9918714145552712,2.677293577823309,-3.1560470011983432,-0.539871398308923,0.6905142698462648,1.1922574055456572,True
93,Birch,96,24,1.5915726057680584,0.5677042647337894,0.02449598048876589,0.11244483062745608,0.976806411915035,0.30724541639896225,0.45996608486633456,0.1482128279821224,-0.34844924324652204,3.531594454782639,-0.04251165272214186,1.1779201821897207,-0.8890363669258434,0.9380283279033752,-0.1819186390244688,0.406808300279381,True
93,Oak,71,18,0.24798033286866142,0.2486117059883647,0.7121317090030187,0.5532203330239098,0.12127712095642174,0.21922122373238473,0.3495085332162033,0.09485439339967279,0.0059101862875073075,0.4900504794498155,-0.18895568796112375,0.6861790999378532,0.014509756900349169,1.4097536611056882,0.363890171382161,0.7425504946656587,True
93,Pine,356,89,0.48883133365545384,0.682240773456666,-0.5730644012355328,0.8376712208014905,0.12259410633293118,0.15743749738030774,0.20385064403964595,0.09252139434020187,0.2477222891029226,0.7299403782079851,0.37260431779361797,0.991877229119714,-0.9739828098443362,-0.17214599262672953,0.6557069677284066,1.0196354738745743,True
93,Spruce,6,1,18.91868942445601,0.7870641120941747,0.24702600004945788,-0.6550068248504247,25.451682988336778,0.2823774313490105,0.843627068838813,1.1249816958961192,-90.5910638606721,128.42844270958412,-0.4279079137042302,2.0020361378925795,-3.382808310535416,3.8768603106343313,-5.495412389556057,4.1853987398552075,True
94,Alder,92,23,1.0936623762714608,1.4729459072328586,-2.38116677858806,1.4525938381329566,0.6868444951604761,0.22046832717727588,0.3897451495125761,0.1466475148857742,-0.2712967276760343,2.458621480218956,1.034811435117176,1.9110803793485411,-3.1557033640815115,-1.606630193094609,1.1611627180977795,1.7440249581681337,True
94,Aspen,53,13,1.7542337241730632,1.832173579723352,-1.9136097495808662,0.9385589317968335,1.2304675741762676,0.3839366827591329,0.5858986772727974,0.12260371042309298,-0.7184834429820499,4.226950891328176,1.060623929425054,2.60372323002165,-3.091017222895056,-0.7362022762666764,0.6921775513504218,1.1849403122432451,True
94,Birch,96,24,1.562302334327258,0.3000339823639718,0.3356207866490599,0.08169596719107781,1.2239625952198994,0.37763344317933367,0.5745569535762846,0.1827851479009096,-0.8685930284989787,3.9931976971534944,-0.4499786319576449,1.0500465966855885,-0.8054989171579245,1.4767404904560444,-0.2813311139968073,0.4447230483789629,True
94,Oak,71,18,0.24403612034338396,0.23871032337672524,0.6807163685993778,0.5963663839427471,0.11466482584120848,0.19751876262091544,0.3040419982216102,0.09997476564794126,0.015164170051476189,0.4729080706352917,-0.1555387768913614,0.6329594236448118,0.0738460001744996,1.287586737024256,0.3968159165177351,0.795916851367759,True
94,Pine,356,89,0.49696089177842645,0.7698667097304566,-0.6989808946756956,0.8654911618918939,0.13268790563014238,0.16668124186707292,0.214876565638406,0.09704584365082676,0.23600010738901966,0.7579216761678332,0.442050339323065,1.097683080137848,-1.121584272501278,-0.27637751685011325,0.6746285556838837,1.056353768099904,True
94,Spruce,6,1,3.985898877805544,0.518125402972657,-0.04566899010548459,0.32056092500211203,4.805823384539828,0.3188932897461499,0.16585407009763053,0.5840200968661333,-16.691890226122297,24.663687981733382,-0.8539616806353976,1.8902124865807115,-0.7592814575422699,0.6679434773313007,-2.1922747389763617,2.833396588980586,True
95,Alder,92,23,0.7798301858517857,0.8723259267760709,-1.361071565806626,1.1630240358497992,0.4868586379360098,0.24987286153246524,0.44311595818528304,0.15193807715605478,-0.18769905092395434,1.7473594226275257,0.37575612155624066,1.3688957319959012,-2.241671418453191,-0.4804717131600609,0.8610790350356354,1.464969036663963,True
95,Aspen,53,13,1.7762294934793592,1.6918099698753775,-1.7793114357564022,0.9245980113102835,1.0250254782803263,0.2889527923547916,0.4436935120582441,0.11317969076918152,-0.28363632509933967,3.836095312058058,1.111137593659841,2.272482346090914,-2.670946930463553,-0.8876759410492511,0.6971549073945915,1.1520411152259755,True
95,Birch,96,24,1.9626613085900273,0.38861211012883673,0.23865599214880845,0.005984930265405387,1.4245503190492472,0.36396900955786265,0.56240411678354,0.17578648740009922,-0.8666185878820494,4.791941205062104,-0.33426175954828935,1.1114859798059629,-0.8783271287919656,1.3556391130895826,-0.34314220706483395,0.3551120675956447,True
95,Oak,71,18,0.3047734185998613,0.4447526619031197,0.40284136326561776,0.5830952557312037,0.12484539341732322,0.1135552672804969,0.21686195513384998,0.09847695566786596,0.05558097037730944,0.5539658668224131,0.21809539976767248,0.6714099240385669,-0.0300169108518058,0.8356996373830413,0.3865344295391645,0.7796560819232429,True
95,Pine,356,89,0.48790023530440024,0.6642467415752541,-0.5407228647462746,0.8319760181448977,0.1374317726466928,0.17528768378524318,0.22428670631781114,0.10247827898773687,0.2176095632225254,0.7581909073862751,0.31950385610153853,1.0089896270489698,-0.9818334130728161,-0.09961231641973306,0.63042929886771,1.0335227374220854,True
95,Spruce,6,1,11.859810758582382,0.7104879998793514,-0.04961916697116029,-0.17667758735442268,8.12753647905754,0.22527256101873153,0.15961256311542146,0.33171232677103496,-23.110156258739508,46.829777775904276,-0.2587815997135344,1.6797575994722371,-0.7363765973535262,0.6371382634112056,-1.6039205356096748,1.2505653609008296,True
96,Alder,92,23,0.7820337230540382,0.8000478011925481,-1.1601326366835103,1.0655693517809548,0.48365460717289244,0.27681678895121464,0.48495885662829535,0.1501886967761106,-0.17912817585955132,1.7431956219676277,0.2499326020946906,1.3501630002904057,-2.1238864573210336,-0.19637881604598695,0.7671008768655885,1.3640378266963211,True
96,Aspen,53,13,1.0340208997884877,1.5384637769910177,-1.4731928129255392,0.9543960752313643,0.6093018581829857,0.2903892469985283,0.44495833792019035,0.1258988577989227,-0.19041702635287217,2.2584588259298473,0.9549047370941688,2.1220228168878665,-2.367370070364138,-0.5790155554869403,0.7013928482157937,1.2073993022469347,True
96,Birch,96,24,0.6910374574836526,-0.5182924366660958,1.4523985426748798,0.007688431031988831,0.6511667950765574,0.42907629728259267,0.6760370442447681,0.206033223157962,-0.6022360042708184,1.9843109192381236,-1.3704749996271084,0.33389012629491677,0.10973061934826012,2.7950664660014994,-0.40151133431937813,0.41688819638335584,True
96,Oak,71,18,0.3594815116759089,0.38925423920477514,0.43736952059857875,0.5608928624638696,0.17463308805097588,0.20033903415087237,0.30941385982981995,0.10997051644412913,0.010912409036925919,0.7080506143148919,-0.010624146597725204,0.7891326250072754,-0.1802231284729539,1.0549621696701115,0.34139079294491165,0.7803949319828276,True
96,Pine,356,89,0.5310491843099472,0.8407314098028933,-0.8450350456830961,0.9050953573918481,0.13338212017387202,0.15714927783421534,0.20162054418697478,0.0905612707506855,0.26872306996822964,0.7933752986516647,0.5316618030811067,1.14980101652468,-1.2415674584164202,-0.4485026329497719,0.7269861307960543,1.0832045839876419,True
96,Spruce,6,1,18.918689424456137,0.7870641120941749,0.24702600004946224,-0.6550068248504309,25.451682988460618,0.2823774313536563,0.8436270688269859,1.1249816958891319,-90.5910638612048,128.42844271011708,-0.4279079137242191,2.002036137912569,-3.3828083104845237,3.876860310583448,-5.495412389525999,4.185398739825137,True
97,Alder,92,23,0.861043718481532,1.1004888844004634,-1.6984467165665362,1.2518684266772038,0.5337240691509622,0.2496976602448008,0.4402497198775175,0.14575898575891552,-0.19962071475862508,1.9217081517216892,0.6042672549239141,1.5967105138770128,-2.5733505228738878,-0.8235429102591845,0.9622030715704403,1.5415337817839672,True
97,Aspen,53,13,1.4174503923162156,1.8602240182716636,-1.8135860114563098,0.8880547745815206,0.8159922129239336,0.2956189253008237,0.4120222069835344,0.15798069148525812,-0.22234735246601134,3.0572481370984423,1.2661555463603698,2.4542924901829575,-2.641575635757759,-0.985596387154861,0.5705806890281917,1.2055288601348495,True
97,Birch,96,24,1.0449426642692445,-0.2867533044622737,1.1019295342067943,0.0029109054224826284,0.9245156026877348,0.4222977258746425,0.6536151049023933,0.22121569966049598,-0.791225124036693,2.8811104525751823,-1.1254730395014803,0.551966430576933,-0.19620648219242653,2.400065550606015,-0.4364425687679992,0.44226437961296444,True
97,Oak,71,18,0.27262197021542156,0.24311813308979846,0.6430912502733399,0.5976557202379137,0.12821826863303934,0.19345705845088593,0.30065236447201926,0.10245829054126902,0.01669723488521546,0.5285467055456277,-0.14302377172332986,0.6292600379029267,0.04298661912973134,1.2431958814169484,0.39314811637838976,0.8021633240974376,True
97,Pine,356,89,0.5003107593760838,0.7236765492398626,-0.6577775458966006,0.8660725556962191,0.13389090070915038,0.165396749564446,0.21154706806021775,0.09674163094427085,0.23698401301038668,0.763637505741781,0.3983864235361143,1.0489666749436108,-1.0738327135028694,-0.241722378290332,0.6758082525976524,1.056336858794786,True
97,Spruce,6,1,19.77642521233593,0.9376478909571249,-0.10223911452741982,-0.48766708268588754,8.514510667537296,0.1364178890136172,0.09176948713059234,0.2100806939766078,-16.858557353370337,56.4114077780422,0.3506890884132995,1.5246066935009503,-0.4970913488326779,0.2926131197778382,-1.3915713540807988,0.4162371887090238,True
98,Alder,92,23,1.1057335730760445,1.42690528606052,-2.0863097962472628,1.2271291050350137,0.7001429533899831,0.23173332602800167,0.39724473873088384,0.14450374264019072,-0.2856534221288305,2.4971205682809194,0.9663839959014553,1.8874265762195848,-2.875750239384654,-1.2968693531098716,0.9399582818559911,1.5142999282140364,True
98,Aspen,53,13,0.8652181355181153,1.6506534248033196,-1.5077883763580118,0.9480469436502252,0.5049990141485001,0.2823121392857834,0.42657151107456565,0.12306743159266668,-0.14961537808938907,1.8800516491256198,1.0833259405536284,2.2179809090530105,-2.36501592187826,-0.6505608308377634,0.7007336806245056,1.1953602066759448,True
98,Birch,96,24,1.0270158622849048,-0.12743155680546212,0.894154597753246,0.08073161246296937,0.8438529435295917,0.4011336295696309,0.5922946807020874,0.2006239680832025,-0.6489489223781519,2.7029806469479616,-0.9241175697626492,0.669254456151725,-0.2821937631921082,2.0705029586986003,-0.31772490539951936,0.47918813032545804,True
98,Oak,71,18,0.486731988364783,0.4899907085180906,0.1461844279897678,0.644932997689143,0.1838932302076391,0.1112885372826723,0.21841175650899475,0.106165596831825,0.11967956462163842,0.8537844121079275,0.26785785839462106,0.7121235586415602,-0.28976726261952457,0.5821361185990602,0.4330255795027388,0.8568404158755473,True
98,Pine,356,89,0.5179383285359841,0.6146149705364968,-0.4751022145574747,0.798041910765511,0.13996556750754208,0.17136807147462046,0.21685991579099137,0.10031909507515849,0.2426643756401654,0.7932122814318028,0.27758088940500697,0.9516490516679867,-0.9016062991511647,-0.04859812996378465,0.6007417151243061,0.9953421064067159,True
98,Spruce,6,1,39.391289516311666,1.3022601313603883,-0.4659469178006337,-0.6691433979105745,107.87327896761353,1.2135153420908373,0.9240974842134186,1.0589954013168026,-424.74996869496414,503.5325477275874,-3.9190749678149,6.523595230535676,-4.442017480756837,3.510123645155569,-5.225632852121977,3.887346056300827,True
99,Alder,92,23,1.6218132839850246,1.3092840738581513,-2.1979655546902643,1.3117078713410846,0.9473146745052902,0.22713136948271567,0.40256786270700656,0.1431766815180733,-0.2607755674651764,3.5044021354352255,0.857908205299927,1.7606599424163756,-2.997984588154644,-1.3979465212258848,1.0271743032800573,1.5962414394021118,True
99,Aspen,53,13,0.9761361224258732,1.640113483032267,-1.4656896391412462,0.8840164654582781,0.6098440591611625,0.30697150566609976,0.43429377292078464,0.15932391252758255,-0.249391397374778,2.2016636422265243,1.0232311467413948,2.256995819323139,-2.338435650842284,-0.5929436274402082,0.563843076160303,1.204189854756253,True
99,Birch,96,24,0.9830892403170484,-0.21290187129037122,0.8732314875714168,0.1908555021923728,0.8207416512629373,0.4007308905377094,0.6003800223048775,0.22661130466414556,-0.6469745230081476,2.6131530036422443,-1.0087880097669568,0.5829842671862144,-0.31917505969911464,2.0656380348419483,-0.25921410926753047,0.640925113652276,True
99,Oak,71,18,0.38479214625506286,0.44884220848618606,0.27109171054850023,0.6375747017414255,0.1496540737986237,0.11191848065061023,0.21492357294672468,0.10613848871481488,0.08608136473909178,0.6835029277710339,0.22545198613774955,0.6722324308346226,-0.1578975365301274,0.7000809576271279,0.42572139158303535,0.8494280118998156,True
99,Pine,356,89,0.5468907504749023,0.665385784115572,-0.5411779517135895,0.7985944216980044,0.14753324567602988,0.1666774289788818,0.21363783211465823,0.09874650737825195,0.25673324642589895,0.8370482545239057,0.33757691261539746,0.9931946556157466,-0.961345079826197,-0.12101082360098203,0.6043870755290774,0.9928017678669314,True
99,Spruce,6,1,11.859810758582292,0.7104879998793495,-0.04961916697116022,-0.17667758735441885,8.127536479323503,0.22527256102412532,0.15961256311594316,0.33171232678163354,-23.11015625988395,46.829777777048534,-0.258781599736744,1.679757599495443,-0.7363765973557708,0.6371382634134504,-1.603920535655273,1.2505653609464353,True
100,Alder,92,23,0.598630330308598,1.193967756945391,-1.9404482904404108,1.4906669167637052,0.38088391600227656,0.23397746502202604,0.39796830831516206,0.14588518042087528,-0.15829641563993246,1.3555570762571285,0.7289867121082294,1.6589488017825527,-2.731326676079138,-1.1495699048016834,1.2007507762842333,1.7805830572431771,True
100,Aspen,53,13,0.867509392396318,1.7144863679041966,-1.5555793324283476,0.9338276993501539,0.45799377113590967,0.26996480716962956,0.4009638777414837,0.11151007142040376,-0.05286354883784239,1.7878823336304783,1.1719717765197388,2.2570009592886544,-2.361346412120949,-0.749812252735746,0.7097398211331976,1.1579155775671102,True
100,Birch,96,24,1.2631258633844962,-0.16717168259020018,0.9393346790428481,0.01607267374361281,0.9770828102360426,0.36694953534116176,0.559570687406161,0.1946853384231346,-0.6774449365534656,3.203696663322458,-0.8959651337428567,0.5616217685624563,-0.17202100658146624,2.0506903646671626,-0.37058921300957487,0.4027345604968005,True
100,Oak,71,18,0.3588951600147613,0.438253836169559,0.34316862782422186,0.6019384197079679,0.13746508830644308,0.11728023648832965,0.2364078737289144,0.09818379680589986,0.08451369536827585,0.6332766246612467,0.20416150437679065,0.6723461679623273,-0.12870346309604863,0.8150407187444924,0.4059627410534696,0.7979140983624662,True
100,Pine,356,89,0.49347145773480283,0.6199705376792329,-0.49295811657830746,0.8204400342914832,0.13601627851803633,0.1665937070763077,0.2141910859169492,0.10317723477023086,0.2259646750839846,0.7609782403856211,0.2923263242408656,0.9476147511176003,-0.9142133434556563,-0.07170288970095867,0.6175186603433448,1.0233614082396216,True
100,Spruce,6,1,11.701202228254592,0.780338160746644,-0.07130235221712095,-0.21656258053490773,11.41664189681825,0.29113361431365165,0.21032674483053299,0.4542709438285361,-37.42064319305379,60.82304764956298,-0.47230867958629297,2.032985001079581,-0.9762652949903177,0.8336605905560757,-2.1711326970204015,1.7380075359505858,True
101,Alder,92,23,2.6064956519638223,1.8005922738052071,-2.740163807145895,1.2240920746071102,1.6778982568150347,0.2329653872426848,0.39595284560442656,0.1415047272206876,-0.7279745480225821,5.940965851950226,1.337622520881351,2.2635620267290633,-3.5270368841666326,-1.9532907301251572,0.9428811643757385,1.5053029848384818,True
101,Aspen,53,13,1.198766354441532,1.686027702777694,-1.6066219711029521,0.9035524483008653,0.7398528411003237,0.2962323574647771,0.4469703686883592,0.1353672864285923,-0.28802359415339285,2.6855563030364564,1.0907264927800608,2.281328912775327,-2.5048425557496055,-0.708401386456299,0.6315217015765853,1.1755831950251454,True
101,Birch,96,24,0.5434968787770595,-0.5141102854097368,1.330304140907441,0.22425316925746538,0.5926444144800403,0.4857523410557708,0.7192151848721146,0.2579291615848136,-0.6335460836392628,1.7205398411933819,-1.4788563634075818,0.45063579258810826,-0.09811929671054309,2.7587275785254253,-0.2880164093088099,0.7365227478237407,True
101,Oak,71,18,0.44701244495561254,0.4093715033030053,0.40590916100232094,0.5098730139882919,0.20246919764822663,0.17962736262485635,0.2782974476636479,0.09686077227505756,0.04288223501695332,0.8511426548942718,0.05083378689226081,0.7679092197137498,-0.1495748694382379,0.9613931914428797,0.3165381033499352,0.7032079246266485,True
101,Pine,356,89,0.44749643686264196,0.7437351454272302,-0.6112182070837396,0.8403569476163981,0.11859604870800305,0.1677404946444787,0.21966646541064527,0.09763658983651459,0.21425047710959133,0.6807423966156926,0.41383551479845126,1.073634776056009,-1.0432420064298367,-0.17919440773764267,0.6483325053897997,1.0323813898429965,True
101,Spruce,6,1,39.39128951630907,1.3022601313603595,-0.46594691780061276,-0.669143397910549,107.87327895847321,1.2135153419792375,0.9240974841241233,1.0589954012363978,-424.74996865563907,503.53254768825724,-3.919074967334754,6.523595230055473,-4.442017480372609,3.5101236447713835,-5.225632851775997,3.8873460559548993,True
102,Alder,92,23,0.8458081765111789,1.4378384769000812,-2.110915268181542,1.3118932690923333,0.6073627225406177,0.24642774648713212,0.4328925692307622,0.15876258663278886,-0.36119760627005615,2.052813959292414,0.9481151138930188,1.9275618399071435,-2.971198283574561,-1.2506322527885234,0.9963859897626115,1.627400548422055,True
102,Aspen,53,13,1.6917098580484022,1.7545377182440254,-1.7082320974761713,0.8308019541496992,1.12463390405664,0.32912206710041003,0.45584537668902186,0.17328921812632334,-0.5683265863798026,3.9517463024766073,1.0931421622062534,2.415933274281797,-2.6242876784302798,-0.7921765165220627,0.4825642325415524,1.1790396757578459,True
102,Birch,96,24,1.1263562842351063,0.03707785695803667,0.731218831884825,0.04837374373684148,0.9182617587825775,0.3849562980456618,0.6079857992309301,0.1844516225525696,-0.6973908302624501,2.9501033987326624,-0.7274785792146132,0.8016342931306866,-0.47629344486832226,1.9387311086379722,-0.3179630999542515,0.4147105874279345,True
102,Oak,71,18,0.44657273623558597,0.4752788843958557,0.23633578830922988,0.5981323073472792,0.17457604093509402,0.11278548230317978,0.22092397815300274,0.10098642265502397,0.09811750011647624,0.7950279723546957,0.25015811950593664,0.7003996492857747,-0.2046303176886656,0.6773018943071254,0.3965625640847219,0.7997020506098365,True
102,Pine,356,89,0.49859576828405366,0.6282274722866246,-0.5199550836243808,0.8329068245454414,0.13264602164626582,0.16708107207043907,0.2108265126988728,0.09607146028913176,0.23771735822434842,0.7594741783437589,0.2996247453307782,0.9568301992424709,-0.9345931161014184,-0.10531705114734324,0.6439605636528264,1.0218530854380565,True
102,Spruce,6,1,11.859810758582306,0.7104879998793504,-0.04961916697116139,-0.17667758735441888,8.12753647918748,0.22527256102176382,0.15961256311593047,0.33171232677602275,-23.110156259298677,46.82977777646329,-0.25878159972658243,1.6797575994852831,-0.7363765973557174,0.6371382634133945,-1.6039205356311317,1.250565360922294,True
103,Alder,92,23,0.9716395927150281,1.3537421083401675,-2.038941330339119,1.2886763552356229,0.6483764980619473,0.23292042079733608,0.39919596074764124,0.15213399672127054,-0.3168724504782059,2.260151635908262,0.8908617167774104,1.8166224999029246,-2.8322594172144475,-1.2456232434637906,0.9863420054551837,1.591010705016062,True
103,Aspen,53,13,1.1022546475112847,1.6654711083063283,-1.6002169552013594,0.9409403857971468,0.6571100658448532,0.29550563697698706,0.44981741882513343,0.12968520913045367,-0.21825746887889652,2.422766763901466,1.0716302978052725,2.2593119188073842,-2.5041589013017393,-0.6962750091009794,0.6803282009066602,1.2015525706876333,True
103,Birch,96,24,1.0561035893032267,-0.2438239558108952,0.9967633820895101,0.07037783078124622,0.864180320603625,0.4000076396357132,0.5799373409970802,0.19925530134608233,-0.6602331208260737,2.7724402994325272,-1.0382736555673036,0.5506257439455132,-0.15504223555381236,2.1485689997328326,-0.325360396802182,0.4661160583646744,True
103,Oak,71,18,0.46323362918888905,0.4580337880620152,0.33061330795477867,0.519388321624909,0.17001934927907758,0.10693628542064952,0.20423614490840347,0.09707815231681274,0.12387358768190548,0.8025936706958726,0.2445880690139653,0.6714795071100652,-0.07704374347631565,0.738270359385873,0.3256195186072106,0.7131571246426074,True
103,Pine,356,89,0.60264157703468,0.7678626352747495,-0.6947278380284677,0.806779542907961,0.16091711940023867,0.17030141646164101,0.2176802208735565,0.09796735608069036,0.2861616574749982,0.9191214965943618,0.43292637253550936,1.1027988980139898,-1.1228452381445349,-0.2666104379124006,0.6141045740329861,0.9994545117829358,True
103,Spruce,6,1,11.859810758582041,0.7104879998793435,-0.04961916697115845,-0.17667758735440883,8.127536479210606,0.225272561022017,0.15961256311603508,0.331712326776647,-23.110156259398444,46.82977777656253,-0.25878159972767867,1.6797575994863658,-0.7363765973561645,0.6371382634138476,-1.6039205356338078,1.25056536092499,True
104,Alder,92,23,1.28536272242832,1.2586365568113593,-1.9830089001785303,1.2423362979581785,0.8137085248406948,0.2365600721665111,0.41805128029508676,0.1592616848886535,-0.3317119819143144,2.9024374267709545,0.7885231229711219,1.7287499906515968,-2.8137979724886506,-1.1522198278684102,0.925837165723022,1.558835430193335,True
104,Aspen,53,13,0.9811555969594348,1.5319911701877287,-1.3899205824765333,0.9074814161397904,0.5637943275383438,0.2887190238482552,0.433256185242215,0.12139577728973093,-0.15183152249555265,2.114142716414422,0.9517885693741486,2.1121937710013086,-2.260581483672367,-0.5192596812806993,0.663527468206291,1.1514353640732897,True
104,Birch,96,24,0.5807048300918267,-0.461490444030346,1.365276077601531,0.1324621910974781,0.5702956889316396,0.43867833912152676,0.682300796367103,0.222769323998558,-0.5519516343115207,1.7133612944951742,-1.332743490902458,0.4097626028417659,0.01016780189196842,2.7203843533110934,-0.30997691513251097,0.5749012973274672,True
104,Oak,71,18,0.5436603215226636,0.5053934223596294,0.23066702041381373,0.5184755694565032,0.23042811764285362,0.18132624928123173,0.2852456527756648,0.09627649176613123,0.08372387370520407,1.003596769340123,0.14346471399021749,0.8673221307290413,-0.33868568547581224,0.8000197263034396,0.3263068875950576,0.7106442513179487,True
104,Pine,356,89,0.543982473723166,0.7343247378091065,-0.6192399344365663,0.8086228560828281,0.1416543742374828,0.16457600773775372,0.2118496632061982,0.0937260742701187,0.2653871003343908,0.8225778471119412,0.4106487865838659,1.058000689034347,-1.0358902238534662,-0.20258964501966642,0.624289327392978,0.9929563847726782,True
104,Spruce,6,1,39.39128951630966,1.302260131360367,-0.46594691780061875,-0.6691433979105544,107.87327900050512,1.2135153424472782,0.9240974844633636,1.0589954016363672,-424.7499688364872,503.5325478691065,-3.919074969348563,6.523595232069297,-4.442017481832248,3.5101236462310106,-5.225632853496932,3.887346057675823,True
105,Alder,92,23,0.7791563878875669,1.5225208027418715,-2.2758935229928046,1.407295280298519,0.5234724441774403,0.2253412420632387,0.39375201891467027,0.14968906437981624,-0.26113509494466003,1.8194478707197939,1.0747024362611302,1.9703391692226129,-3.0583929194387394,-1.4933941265468698,1.1098197197804498,1.7047708408165883,True
105,Aspen,53,13,0.9515381158999271,1.5981351490172129,-1.4790682951482854,0.9342476705873676,0.5693219574707786,0.28811706012229765,0.4380756023508467,0.1243822870536087,-0.1925571917872958,2.09563342358715,1.019142239600967,2.1771280584334587,-2.3594141776230226,-0.5987224126735482,0.6842921065869347,1.1842032345878004,True
105,Birch,96,24,0.9381313299398324,-0.1982181198405654,0.9561363054923336,0.1258858023715666,0.7744701862960219,0.38631061345165807,0.581455564594365,0.21052406640273574,-0.6000333099492894,2.4762959698289544,-0.9654643433099006,0.5690281036287699,-0.19868463526362856,2.110957246248296,-0.29223316529981797,0.5440047700429511,True
105,Oak,71,18,0.4391366631908256,0.4917684502225903,0.1726768276696315,0.646743450950885,0.15089320641139264,0.09945639425814462,0.19465319670001133,0.09222070597084955,0.13795256262802252,0.7403207637536287,0.29325265642210013,0.6902842440230805,-0.21585257908132033,0.5612062344205833,0.46267015141895884,0.8308167504828112,True
105,Pine,356,89,0.49691384817105333,0.7963706241397733,-0.724358019737184,0.8616065688525072,0.13061930384988366,0.16948361253001312,0.21692047558836033,0.10047562428294327,0.2400214371620386,0.753806259180068,0.46304275784375715,1.1296984904357896,-1.1509812088728353,-0.2977348306015327,0.6639985231126111,1.0592146145924033,True
105,Spruce,6,1,11.701202228254628,0.7803381607466456,-0.07130235221712251,-0.2165625805349087,11.416641896854893,0.29113361431461376,0.2103267448307102,0.4542709438300121,-37.42064319321141,60.82304764972067,-0.4723086795904311,2.0329850010837225,-0.9762652949910817,0.8336605905568366,-2.171132697026753,1.7380075359569356,True
106,Alder,92,23,0.9096439758590606,1.4186345384870482,-2.3250951056789426,1.5071428563496359,0.5632701275014087,0.21912313425715058,0.3930254063386143,0.13890179942734077,-0.20973703968664914,2.0290249914047704,0.9831733546277734,1.854095722346323,-3.1061505123168227,-1.5440396990410625,1.2311047181408696,1.783180994558402,True
106,Aspen,53,13,1.1329609507252552,1.7234693247292192,-1.6727121666697842,0.949499306286336,0.7269750635927166,0.33069618084468183,0.503835720546125,0.12358393998229693,-0.32795013508112225,2.5938720365316326,1.0589104686905337,2.388028180767905,-2.685207954260445,-0.6602163790791236,0.701148080791046,1.1978505317816261,True
106,Birch,96,24,1.0358963760840036,-0.1980409946771622,0.9517025934573117,0.09108629483292413,0.8526655888114377,0.41039040557356016,0.6124444386690522,0.21615810864901708,-0.6575710827894714,2.7293638349574785,-1.0131117637948348,0.6170297744405104,-0.26466492607610836,2.1680701129907316,-0.3382223670529244,0.5203949567187727,True
106,Oak,71,18,0.4358674739412597,0.47948926693645744,0.2722276158480496,0.5707906450498965,0.16865454579174452,0.10896539284429846,0.20986467865957836,0.09534062331177767,0.09923159159659578,0.7725033562859236,0.2619934325195895,0.6969851013533254,-0.14666403597130312,0.6911192676674023,0.3804899644416094,0.7610913256581837,True
106,Pine,356,89,0.4552216889952727,0.7266518529382139,-0.6652905578708074,0.8957851917524804,0.1214374769387083,0.16579094985039505,0.21223187459730572,0.09860961929058093,0.21638741781059906,0.6940559601799463,0.4005864431922671,1.0527172626841605,-1.0826925524559539,-0.24788856328566095,0.7018470669761329,1.0897233165288278,True
106,Spruce,6,1,11.859810758582235,0.7104879998793487,-0.04961916697116094,-0.176677587354416,8.127536479102435,0.2252725610197626,0.15961256311577346,0.3317123267723517,-23.110156258932825,46.829777776097295,-0.25878159971797343,1.679757599476671,-0.7363765973550414,0.6371382634127194,-1.6039205356153337,1.2505653609065017,True
107,Alder,92,23,0.9983632298953544,1.5012313498526269,-2.2700797875846823,1.3507942912583044,0.6993249381865143,0.23497492506469775,0.411679085425105,0.15643101804045273,-0.3913981319863893,2.388124591777098,1.0342680627820897,1.968194636923164,-3.0882054616129584,-1.4519541135564062,1.0399205145612909,1.661668067955318,True
107,Aspen,53,13,1.1059179085488866,1.7683424475308456,-1.6786974331356452,0.930256839663384,0.5695213359281461,0.25698391482231897,0.3859737227178897,0.10935775098632741,-0.03857806514907902,2.2504138822468525,1.2519139359633837,2.2847709590983074,-2.4543406684921036,-0.9030541977791866,0.7104942112931147,1.1500194680336533,True
107,Birch,96,24,1.0039993198317667,0.051192901675954375,0.5723689801290398,0.22462371773755824,0.8837801525996188,0.3966205949016416,0.5812516808786975,0.2137482987531645,-0.751264348439318,2.7592629881028516,-0.7365298348792131,0.8389156382311218,-0.582047029968986,1.7267849902270656,-0.19989885368768406,0.6491462891628006,True
107,Oak,71,18,0.3851452677565525,0.41738723506237607,0.3910205541030496,0.559269632768145,0.1417335719934478,0.1113743400360559,0.210799845015378,0.09690286917862048,0.10224387401178492,0.6680466615013201,0.1950831219263545,0.6396913481983977,-0.029737697574882593,0.8117788057809818,0.3658506963585981,0.7526885691776919,True
107,Pine,356,89,0.45150146622779513,0.686162281059368,-0.5842204321001113,0.8683474724281307,0.1244084271232518,0.1676261387432213,0.2138775430994026,0.09893321925688356,0.20682414938754062,0.6961787830680497,0.35648755718113256,1.0158370049376035,-1.0048590060940037,-0.16358185810621895,0.6737729151100705,1.0629220297461908,True
107,Spruce,6,1,11.701202228254704,0.7803381607466475,-0.07130235221712339,-0.21656258053491148,11.416641896761632,0.2911336143125156,0.21032674483007502,0.45427094382709415,-37.420643192810076,60.82304764931948,-0.47230867958140155,2.032985001074697,-0.9762652949883495,0.8336605905541028,-2.171132697014201,1.738007535944378,True
108,Alder,92,23,0.41188891637306974,1.1437845935495377,-1.7287130289678412,1.451639456023755,0.29045428546368735,0.24391372377454268,0.4257198763959621,0.15329229891101334,-0.16532794132569523,0.9891057740718348,0.6590573223991596,1.6285118646999157,-2.574741824586715,-0.8826842333489677,1.1470032240412282,1.756275688006282,True
108,Aspen,53,13,2.4281281379638138,1.8174091741872564,-1.7177686826173415,0.671765373696501,1.3776031732095584,0.26423023639646026,0.3762990349307895,0.1453132319189289,-0.34026908550877755,5.1965253614364055,1.2864186342241246,2.3483997141503883,-2.473969904969887,-0.9615674602647962,0.3797475012050033,0.9637832461879987,True
108,Birch,96,24,1.1294872203697948,-0.11936032650479879,0.8469759589561938,0.09358184509667833,0.9494066154398868,0.39350373073947087,0.5925156511379184,0.20815676225053356,-0.7561162677782478,3.015090708517837,-0.9008927017956836,0.662172048786086,-0.32981126834821506,2.0237631862606027,-0.3198354521899559,0.5069991423833126,True
108,Oak,71,18,0.39896584636792576,0.44981942580672457,0.32388730431714996,0.575348910849545,0.15960223409635624,0.11486900692927403,0.2223842309156683,0.10833005546453112,0.08039845379049776,0.7175332389453537,0.220539928357304,0.6790989232561452,-0.11999347839401453,0.7677680870283144,0.3591212151503172,0.7915766065487728,True
108,Pine,356,89,0.4965915123685351,0.6207440488722789,-0.5056513341835066,0.832770293394757,0.1328875388256672,0.16870657144069984,0.21362729228059096,0.0961610714343309,0.23523810413713675,0.7579449205999335,0.28894440966830237,0.9525436880762553,-0.9257977333279955,-0.08550493503901768,0.6436477919123901,1.021892794877124,True
108,Spruce,6,1,39.391289516308944,1.3022601313603592,-0.4659469178006133,-0.6691433979105473,107.87327897799098,1.213515342205402,0.9240974842925548,1.0589954014192906,-424.74996873961743,503.53254777223526,-3.9190749683078607,6.52359523102858,-4.442017481097312,3.510123645496085,-5.22563285256292,3.8873460567418254,True
109,Alder,92,23,1.4329572895774936,1.3146772454827125,-2.250020332407845,1.3878285291471921,0.857370187634075,0.23780932821617756,0.42334022040449004,0.15890540600662414,-0.2708857947161014,3.136800373871089,0.8420811777563939,1.787273313209031,-3.0913200617930814,-1.4087206030226085,1.0720374263233459,1.7036196319710384,True
109,Aspen,53,13,0.8649917478637436,1.4973215364558186,-1.3064929234244504,0.899456619016247,0.6176914023771963,0.35245298451719054,0.5519033463294749,0.12929689177708886,-0.37630559854110335,2.1062890942685906,0.7890407465177771,2.2056023263938602,-2.4155842214969256,-0.19740162535197503,0.6396247870632299,1.159288450969264,True
109,Birch,96,24,1.418842716594512,0.384578767166907,0.21304891227304787,0.14887233969559005,1.1048244292869247,0.3668214355788297,0.5439501126077012,0.1880424837177981,-0.7754339650455904,3.6131193982346144,-0.3439602668005771,1.1131178011343912,-0.8672829634811339,1.2933807880272297,-0.22459626422183443,0.5223409436130145,True
109,Oak,71,18,0.37178751581737923,0.35085510698159217,0.4437188792958191,0.5861252357275464,0.17824904905778374,0.19902161201486238,0.30806657556384903,0.11098250362537647,0.016000924800978034,0.7275741068337804,-0.046393693231654376,0.7481039071948388,-0.1711845791255887,1.0586223377172268,0.3646032313406522,0.8076472401144406,True
109,Pine,356,89,0.43306531789783426,0.7799992298035444,-0.7096712475728015,0.9038292206627232,0.1146981338681875,0.16047188103108728,0.20544971926125924,0.09619733982360584,0.20748548950205106,0.6586451462936175,0.4643949722230175,1.0956034873840714,-1.113734599363488,-0.3056078957821151,0.7146353891878541,1.0930230521375923,True
109,Spruce,6,1,39.391289516307744,1.3022601313603444,-0.46594691780060066,-0.6691433979105368,107.87327896928173,1.21351534209867,0.9240974842092783,1.0589954013404963,-424.74996870214574,503.5325477347612,-3.919074967848645,6.523595230569334,-4.44201748073899,3.510123645137788,-5.225632852223884,3.8873460564028113,True
110,Alder,92,23,0.8400663435301077,1.342799769570298,-2.089463140550366,1.3787338791639137,0.6183341372371587,0.2586717103243857,0.4473644826814803,0.16132234746348698,-0.38874282048042286,2.068875507540638,0.8287441013241023,1.8568554378164936,-2.9785060428687107,-1.200420238232021,1.0581396130789538,1.6993281452488735,True
110,Aspen,53,13,0.9005110919671482,1.4329499010568416,-1.263768818265162,0.9055098204031194,0.5160390972540693,0.29310229578903724,0.4486197297630322,0.12784290538451518,-0.13650829926515695,1.9375304831994533,0.8439387854934626,2.021961016620221,-2.165303918084563,-0.36223371844576113,0.6485998834997414,1.1624197573064974,True
110,Birch,96,24,0.8345590191832815,-0.6242787236100406,1.3953722520301837,0.09851879609139086,0.6784121836100615,0.38820264743713,0.5657147851014708,0.21080083954718376,-0.5128261359375994,2.1819441743041623,-1.3952826898891282,0.14672524266904707,0.2718138580432037,2.5189306460171634,-0.32014986693508146,0.5171874591178631,True
110,Oak,71,18,0.3976323135363611,0.4638001492586205,0.23435815610719202,0.6435199547341639,0.15083182129308792,0.11826083565522583,0.23901536480234883,0.11226702039693127,0.09657073818250705,0.6986938888902151,0.22775053333677714,0.6998497651804638,-0.2427185087787,0.7114348209930841,0.4194340441403608,0.867605865327967,True
110,Pine,356,89,0.5446325574524392,0.7526203339855048,-0.669183219358327,0.8269464109137923,0.13270224341401893,0.15601434125545682,0.20317355649982022,0.09224787607473638,0.28364357456740424,0.8056215403374742,0.44578283680240216,1.0594578311686074,-1.0687699821426364,-0.2695964565740176,0.6455200933877481,1.0083727284398365,True
110,Spruce,6,1,12.979986461924737,0.7915629712151387,-0.07396005944327207,-0.25446681404437915,12.437361382914407,0.2927041797834174,0.2128742017216328,0.45314228999893513,-40.533660442489314,66.49363336633878,-0.4678414669234524,2.05096740935373,-0.9898838245627426,0.8419637056761984,-2.204180725049058,1.6952470969603,True
111,Alder,92,23,1.1539141596289997,1.4229836317572107,-2.335073725156783,1.4281332230381056,0.8168871619303752,0.23855770959081937,0.4276276156537019,0.15281879594248535,-0.4694774179859329,2.7773057372439323,0.948900313310038,1.8970669502043833,-3.1848937516673033,-1.4852536986462628,1.124437978705902,1.7318284673703093,True
111,Aspen,53,13,0.7718063820174292,1.511750499740709,-1.3807628646902457,0.9918439047055163,0.4889880530273925,0.29961798248547206,0.41816036957904323,0.17123187241246277,-0.21085190059845826,1.7544646646333169,0.9096456215392821,2.113855377942136,-2.2210875885451022,-0.5404381408353893,0.6477405740981577,1.335947235312875,True
111,Birch,96,24,1.2774971413864764,-0.09773609336405985,0.6989915809704208,0.1602875026613651,1.1386377176696452,0.4192085384427081,0.6190790308841634,0.21536043962038476,-0.9839356496416698,3.5389299324146224,-0.9303204355142042,0.7348482487860845,-0.5305528113799822,1.9285359733208238,-0.2674369196812611,0.5880119250039912,True
111,Oak,71,18,0.37356436264040765,0.40331758791193967,0.351578134938221,0.6155418950301313,0.13664783860750018,0.10787607913835914,0.2212950233418502,0.12445570234433348,0.10081413522033689,0.6463145900604784,0.18799603275228083,0.6186391430715985,-0.09012858035633492,0.793284850232777,0.36712727344475604,0.8639565166155067,True
111,Pine,356,89,0.5688871272235381,0.7866459702916884,-0.7136836172420649,0.8205539405866983,0.14525962076859425,0.1612288415165197,0.20457293454398642,0.09500230725622884,0.28320122091687566,0.8545730335302004,0.46955297866948587,1.1037389619138909,-1.1160225735313412,-0.3113446609527886,0.6337104110076393,1.0073974701657573,True
111,Spruce,6,1,19.776425212335884,0.9376478909571242,-0.10223911452742004,-0.487667082685886,8.514510667712589,0.13641788901489393,0.09176948713004542,0.21008069398159673,-16.858557354124603,56.411407778796374,0.35068908840780544,1.5246066935064428,-0.4970913488303249,0.2926131197754849,-1.391571354102263,0.4162371887304911,True
112,Alder,92,23,1.0241703198949657,1.3245754862923917,-2.0888348228612768,1.3416944189132185,0.6986931652550185,0.2409470449315143,0.42080148648425875,0.14983636276428983,-0.36433552604314157,2.412676165833073,0.8457438659389731,1.8034071066458104,-2.9250893520573342,-1.2525802936652193,1.043926133808579,1.639462704017858,True
112,Aspen,53,13,1.1453575788549746,1.8185254868773166,-1.8697042834133397,1.0358359741197503,0.8677073972331486,0.39157952116940137,0.609073348637283,0.11942703612486613,-0.5983657196986254,2.8890808774085746,1.0316169777683628,2.6054339959862705,-3.0936830024302076,-0.6457255643964717,0.7958383596794801,1.2758335885600203,True
112,Birch,96,24,1.5806914678591726,-0.04561007178089966,0.6991797528243562,0.04848367175247765,1.245181778776916,0.3689339274059399,0.5461684987772498,0.19350413322803545,-0.8923470250865293,4.0537299608048745,-0.7783446968608785,0.6871245532990791,-0.38555802934687966,1.783917534995592,-0.3358322395252121,0.43279958303016736,True
112,Oak,71,18,0.3310176185839547,0.4641893978835932,0.3542966199052117,0.5854901411830515,0.13063123633757878,0.11916886628370717,0.23763350512218256,0.0986705006729865,0.07027657955749461,0.5917586576104148,0.22632734524159023,0.7020514505255961,-0.12002184151497769,0.8286150813254012,0.38854299754391186,0.7824372848221912,True
112,Pine,356,89,0.49381127129402463,0.6812591602536127,-0.6030058460025948,0.8595631380099238,0.13896461438710395,0.1713663740197219,0.21687781727767177,0.10225845428525465,0.22050591915504253,0.7671166234330067,0.3442284175511958,1.0182899029560295,-1.0295451379196927,-0.17646655408549672,0.6584487537410815,1.060677522278766,True
112,Spruce,6,1,39.39128951630917,1.3022601313603601,-0.46594691780061287,-0.6691433979105501,107.87327894227961,1.2135153418036846,0.9240974840021315,1.0589954010779676,-424.74996858596353,503.53254761858193,-3.9190749665794096,6.52359522930013,-4.4420174798477206,3.510123644246495,-5.2256328510943275,3.8873460552732277,True
113,Alder,92,23,0.4388229333644466,1.2019163451760202,-1.7297066261745608,1.3835350827132256,0.3315758383701789,0.23774610390724463,0.4301469272548549,0.1592217653033242,-0.2201143696515077,1.0977602363804009,0.729445922478055,1.6743867678739854,-2.584533255096404,-0.8748799972527175,1.0671152822654024,1.6999548831610487,True
113,Aspen,53,13,1.225614563735792,1.6010930530895147,-1.5062713380106976,0.8763461290131699,0.6340245083254465,0.2541278252072626,0.3861923878878682,0.11228529274857038,-0.0485053879280668,2.499734515399651,1.090404068487492,2.1117820376915373,-2.2823539974779674,-0.7301886785434275,0.6507003852118355,1.1019918728145044,True
113,Birch,96,24,1.0319749253791455,-0.2340963334156349,0.9851756369882365,0.07182027630334366,0.8499103192710179,0.39586357024424995,0.60814303594949,0.21218828403126475,-0.6560203303605896,2.719970181118881,-1.0203155536571622,0.5521228868258925,-0.2226489254601649,2.193000199436638,-0.34960397122849124,0.4932445238351785,True
113,Oak,71,18,0.36633108183307234,0.34968847961045846,0.48290137037145864,0.5554087460434572,0.1618243683515508,0.18747457335604684,0.29060881142258504,0.10242640536448823,0.04332829071851019,0.6893338729476345,-0.02451233497553923,0.7238892941964561,-0.09715624498138298,1.0629589857243003,0.35096478526315733,0.7598527068237572,True
113,Pine,356,89,0.456169722820473,0.7383963898882606,-0.6558538660188058,0.8798801190567065,0.11796897691426045,0.16120484854320516,0.2035397024356858,0.09373223283504734,0.22415704161218805,0.688182404028758,0.42135058587600843,1.0554421939005127,-1.0561607376191426,-0.25554699441846895,0.6955344781556729,1.06422575995774,True
113,Spruce,6,1,11.859810758582334,0.710487999879351,-0.04961916697116018,-0.17667758735442116,8.127536479057873,0.22527256101834434,0.15961256311520447,0.33171232677114604,-23.110156258740993,46.82977777590566,-0.258781599711869,1.679757599470571,-0.7363765973525924,0.637138263410272,-1.6039205356101511,1.250565360901309,True
114,Alder,92,23,0.8289618512292454,1.4645296064113713,-2.1277734559785486,1.3153500836333332,0.5615227014085806,0.22472727707844345,0.3919443924650763,0.15702626497906744,-0.2869465221526457,1.9448702246111365,1.0179313663222747,1.911127846500468,-2.906680574701805,-1.3488663372552925,1.0032933787281388,1.6274067885385275,True
114,Aspen,53,13,1.2046326638929257,1.6174020278824828,-1.5245515142715638,0.8931096687584175,0.6595441365304238,0.2814112951687939,0.4250702574865314,0.11747724852511507,-0.12077090067240026,2.5300362284582514,1.0518848576628073,2.1829191981021583,-2.378762177756647,-0.6703408507864805,0.6570302991962688,1.1291890383205663,True
114,Birch,96,24,0.9716540890205011,-0.17415920940872862,0.892558555998376,0.14246362009528155,0.8155404841663402,0.40563961129803844,0.6080774896921406,0.22071310109788894,-0.6480797075019668,2.591387885542969,-0.9797944910211378,0.6314760722036805,-0.3151358259251762,2.100252937921928,-0.29589164996708717,0.5808188901576502,True
114,Oak,71,18,0.44671228964099935,0.44243730879120335,0.359876073258066,0.5162984576034956,0.17590590165855102,0.11424279781894124,0.21667840562012056,0.10021090672540284,0.09560264040817928,0.7978219388738195,0.21440772995737375,0.6704668876250329,-0.07261583449657633,0.7923679810127082,0.31627665061514176,0.7163202645918494,True
114,Pine,356,89,0.5791244861628043,0.7715140602140155,-0.6840793418150044,0.8086031769522907,0.14990542529995546,0.16719670711367265,0.21654666021404398,0.09815446419787802,0.28430155422546177,0.8739474181001469,0.4426839107855494,1.1003442096424816,-1.1099673384488589,-0.25819134518115006,0.6155602176354212,1.0016461362691602,True
114,Spruce,6,1,39.3912895163067,1.3022601313603324,-0.4659469178005925,-0.6691433979105261,107.87327901672816,1.2135153426262748,0.9240974845836478,1.0589954017998608,-424.7499689062923,503.5325479389057,-3.9190749701187575,6.523595232839423,-4.442017482349763,3.510123646748578,-5.225632854200359,3.8873460583793076,True
115,Alder,92,23,0.9496857217276747,1.3031307842996356,-2.1326033397213715,1.4102156055778896,0.6357726183279969,0.2457183307648013,0.4323519754946054,0.16661822404261503,-0.31377875901272867,2.213150202468078,0.8148172359675132,1.791444332631758,-2.991812038661535,-1.2733946407812082,1.0790968976418318,1.7413343135139474,True
115,Aspen,53,13,0.7876487415115481,1.6460093877114312,-1.5465729036285454,1.0123290322198075,0.4919865222130521,0.3091657319065105,0.4724674877287832,0.11605841756193319,-0.2010351905291361,1.7763326735522322,1.0247175887031705,2.267301186719692,-2.496031867316971,-0.5971139399401197,0.7791009102269413,1.2455571542126738,True
115,Birch,96,24,0.24842362213662994,-0.9141369228880923,2.0643579570279926,0.13855435707815322,0.23185929240006167,0.43119940279232566,0.6646985470180975,0.20514208362323028,-0.21206894595710368,0.7089161902303636,-1.7705361566514293,-0.05773768912475541,0.7442092678980519,3.3845066461579334,-0.2688755282367889,0.5459842423930954,True
115,Oak,71,18,0.40979968892566343,0.45594476036398984,0.3088745901995466,0.5777809309654115,0.16272380432294142,0.11180118853141738,0.21490466065125025,0.0971274378534392,0.08500161609829476,0.7345977617530322,0.23278865406532362,0.6791008666626561,-0.12007690777932023,0.7378260881784134,0.38391375360487406,0.771648108325949,True
115,Pine,356,89,0.4808611668676538,0.663626750844,-0.566268264343483,0.8553044433904826,0.12455307054266143,0.16578245729665153,0.21495307032033265,0.09672561960316338,0.23589937602046818,0.7258229577148394,0.3375780436262592,0.9896754580617408,-0.9890221059337184,-0.14351442275324755,0.6650716302164473,1.0455372565645178,True
115,Spruce,6,1,18.918689424456506,0.7870641120941774,0.2470260000494705,-0.6550068248504465,25.451682988748477,0.28237743135067955,0.8436270688425148,1.1249816959099088,-90.591063862443,128.428442711356,-0.4279079137114089,2.0020361378997635,-3.3828083105513307,3.876860310650272,-5.495412389615411,4.185398739914517,True
116,Alder,92,23,1.7764247297127607,1.534088541772732,-2.5137513423080398,1.3742019606423572,1.2131450791276,0.2359364553173525,0.41619589765236786,0.1472211587023375,-0.6344461906073253,4.187295650032847,1.0652144153763654,2.0029626681690984,-3.340853231496901,-1.6866494531191787,1.0816308440645008,1.6667730772202136,True
116,Aspen,53,13,1.0560188730150855,1.669561336484933,-1.5950998614800276,0.9422866465022434,0.638677406940574,0.2967457987740107,0.44891918655849045,0.13221693613914262,-0.22745142848660627,2.3394891745167774,1.0732283275465448,2.2658943454233214,-2.4972367422601716,-0.6929629806998837,0.6765867657079243,1.2079865272965624,True
116,Birch,96,24,1.3723068831528789,0.20367623033443283,0.44736744876701484,0.08607530852283629,1.1478304511690105,0.38845601130917384,0.5589677619612116,0.22874524872204874,-0.9073834700937353,3.651997236399493,-0.5678309384641308,0.9751833991329965,-0.6627907748809437,1.5575256724149735,-0.3682325000316077,0.5403831170772803,True
116,Oak,71,18,0.364794948224226,0.44664946150304763,0.3523979956117684,0.5786105293310463,0.1492767484884771,0.11454431988188196,0.2196125163016167,0.09889140858520847,0.06683731117949265,0.6627525852689593,0.2180180421126654,0.6752808808934299,-0.08595042157477512,0.7907464127983119,0.3812224516536413,0.7759986070084512,True
116,Pine,356,89,0.4247490100376373,0.806144295482354,-0.7861530525500862,0.947030947527816,0.1155571658369811,0.16930720539075297,0.21489730657011705,0.09969319595083348,0.1974797009365303,0.6520183191387443,0.4731633737342572,1.139125217230451,-1.2087972221100967,-0.3635088829900757,0.7509617241116742,1.1431001709439579,True
116,Spruce,6,1,19.77642521233581,0.9376478909571225,-0.10223911452741861,-0.48766708268588477,8.51451066786122,0.1364178890166119,0.09176948713019194,0.21008069398509654,-16.858557354764187,56.411407779435805,0.350689088400412,1.524606693513833,-0.4970913488309539,0.29261311977611665,-1.3915713541173202,0.4162371887455507,True
117,Alder,92,23,0.7121034804150775,1.2792559446957257,-1.988030013303313,1.3934364698084765,0.47919037304932194,0.2276912535898844,0.4107396266862407,0.14837528121519453,-0.24018669127050685,1.664393652100662,0.8267674241258449,1.7317444652656064,-2.8042887105014174,-1.171771316105209,1.098571777258046,1.688301162358907,True
117,Aspen,53,13,1.0185568897541664,1.5532495486255085,-1.5058031393105036,0.9756355322468289,0.5810011502511064,0.2777968550357959,0.4197346955637293,0.1228763863332172,-0.14900863453406177,2.1861224140423943,0.9949958677931919,2.111503229457825,-2.3492915896793543,-0.6623146889416531,0.7287061890436699,1.2225648754499878,True
117,Birch,96,24,1.6395639749447597,0.12566377858632358,0.5920524349807481,-0.019762399970785178,1.2586524194033168,0.36070279238956726,0.5611376856485921,0.18560143107520538,-0.8602283730296028,4.139356322919122,-0.5907231018646601,0.8420506590373074,-0.5224154444115452,1.7065203143730414,-0.38838286263579885,0.34885806269422853,True
117,Oak,71,18,0.3937073702257831,0.42923197821360476,0.375319318388889,0.5517322144029427,0.1512448660166378,0.11815310450731882,0.23122738374452778,0.1013114366031888,0.09182135415313741,0.6955933862984288,0.1933973945629725,0.6650665618642371,-0.08621247124460146,0.8368511080223795,0.3495137405846737,0.7539506882212117,True
117,Pine,356,89,0.5781397378384431,0.8441188858658504,-0.8143422776645584,0.8537428336387046,0.15008920569589967,0.16579389147833326,0.20964906002826414,0.09722802420798103,0.28295536017586104,0.8733241155010252,0.518047690743079,1.1701900809886219,-1.2266645830898786,-0.40201997223923813,0.6625219281503667,1.0449637391270425,True
117,Spruce,6,1,19.776425212335937,0.9376478909571243,-0.10223911452741893,-0.487667082685888,8.51451066774227,0.1364178890165602,0.0917694871310822,0.2100806939813334,-16.858557354252262,56.411407778924136,0.3506890884006362,1.5246066935136124,-0.4970913488347847,0.29261311977994686,-1.3915713541011319,0.416237188729356,True
118,Alder,92,23,0.7927597094091441,1.3005783173119212,-2.010845989806847,1.3693163280801939,0.5766381434249338,0.2502668607355283,0.4430019781612247,0.16658681954149307,-0.3531874286942889,1.938706847512577,0.8032255214690922,1.7979311131547502,-2.8912193311068077,-1.1304726485068861,1.0382600299909257,1.700372626169462,True
118,Aspen,53,13,1.488481235928948,1.7671548978324938,-1.5929795359477887,0.7638202636309811,0.8308569120925029,0.2879664807809247,0.40777995980536197,0.1430368213829379,-0.18118824020981128,3.1581507120677075,1.1884645889318945,2.345845206733093,-2.4124440453702007,-0.7735150265253766,0.47637700938215094,1.0512635178798113,True
118,Birch,96,24,1.4197426474446164,0.1333857304750206,0.5732249593298487,0.037953253323683094,1.1229168814452966,0.37434992685403834,0.56932691057496,0.1991631173559884,-0.8104672058673215,3.6499525007565543,-0.6101055370014413,0.8768769979514824,-0.5575074276351389,1.7039573462948363,-0.3576018888983776,0.4335083955457438,True
118,Oak,71,18,0.33195212521222844,0.4357497911991064,0.38609901493911264,0.5839965781888288,0.13895829851217156,0.11660823460169857,0.22406058434129494,0.09942966013088068,0.05459020052079311,0.6093140499036638,0.20299878078597444,0.6685008016122383,-0.061127783213901554,0.8333258130921268,0.38553414592969504,0.7824590104479625,True
118,Pine,356,89,0.5002245552051704,0.721130663001189,-0.6219355512707929,0.8406226603529132,0.13514209231632654,0.17686208024967162,0.22734763963515678,0.10274342098570989,0.23443705748704585,0.766012052923295,0.37329137070466634,1.0689699552977117,-1.0690661174404432,-0.17480498510114256,0.6385544793536717,1.0426908413521547,True
118,Spruce,6,1,39.39128951631344,1.3022601313604092,-0.4659469178006501,-0.669143397910591,107.87327895444537,1.2135153419512672,0.9240974841186643,1.0589954011864444,-424.74996863830427,503.5325476709312,-3.9190749672143577,6.523595229935176,-4.4420174803491586,3.510123644747858,-5.225632851561107,3.8873460557399255,True
119,Alder,92,23,0.5962683830567527,1.412408345182292,-2.2638329676769007,1.5666755073761456,0.4034622617808094,0.23482233257053084,0.41613894901947296,0.16049111313097966,-0.2055280806221098,1.3980648467356152,0.9457483036288619,1.879068386735722,-3.0908216834247937,-1.4368442519290077,1.2477331448554771,1.885617869896814,True
119,Aspen,53,13,0.9122651456604454,1.655609819234519,-1.5965009988249463,0.9966864444377223,0.5511765198751247,0.29605660761972935,0.44617746209096426,0.13011101556959775,-0.19536553996767747,2.019895831288568,1.0606617917734231,2.2505578466956146,-2.493128178008118,-0.6998738196417745,0.7352185694713216,1.258154319404123,True
119,Birch,96,24,0.5392859765604509,-0.3926872895353706,1.368764150065018,0.10112738850297202,0.5010025071791058,0.4251687356651241,0.6700793505709556,0.21778654163648803,-0.4557482477061814,1.534320200827083,-1.2371090978352854,0.4517345187645443,0.03792872062454378,2.6995995795054926,-0.3314154818573644,0.5336702588633084,True
119,Oak,71,18,0.34270602921572163,0.4271544664411293,0.29678127851230074,0.6634423918035732,0.11372238110698217,0.09488923174989851,0.18354844246338417,0.08279859187251923,0.11571520648653671,0.5696968519449066,0.23775476716128952,0.6165541657209691,-0.06958294601294546,0.6631455030375469,0.49817571072449385,0.8287090728826526,True
119,Pine,356,89,0.46160168839200766,0.9667810687391444,-0.9258808125272404,0.9077595397175147,0.11446728612750712,0.15986062896429554,0.20709054427989582,0.09228702077986017,0.23647587430292696,0.6867275024810884,0.6523789766314394,1.2811831608468494,-1.3331712179207074,-0.5185904071337734,0.726256235273143,1.0892628441618863,True
119,Spruce,6,1,19.776425212335848,0.9376478909571229,-0.10223911452741842,-0.48766708268588577,8.514510668108334,0.13641788902075322,0.09176948713128742,0.21008069399029491,-16.858557355827397,56.41140778049909,0.3506890883825937,1.524606693531652,-0.4970913488356672,0.2926131197808304,-1.3915713541396881,0.4162371887679165,True
120,Alder,92,23,1.9145733252996677,1.6025215556122814,-2.4665720905397928,1.2487708029716582,1.1995558236478001,0.23240209221307123,0.3931793539820881,0.15682904455597005,-0.46929180533481074,4.298438455934146,1.1406712331916862,2.0643718780328766,-3.247933435769263,-1.6852107453103224,0.9371060322144231,1.5604355737288933,True
120,Aspen,53,13,0.8927986889773372,1.676607180115984,-1.6165294546139561,1.0111593210454044,0.5279726209196648,0.2993484928490622,0.46300594061065903,0.120178856688791,-0.16820201590504436,1.9537993938597187,1.0750438616145495,2.2781704986174187,-2.546974727508868,-0.6860841817190444,0.7696508666171064,1.2526677754737026,True
120,Birch,96,24,0.9897504349934145,-0.01277086782092233,0.6870145766985648,0.17523052277644183,0.7918585816841606,0.3737964252941825,0.5257827282180442,0.2131601368680194,-0.5829490590498254,2.5624499290366547,-0.7551628334229434,0.7296210977810988,-0.35723530550452753,1.731264458901657,-0.24812390837656165,0.5985849539294453,True
120,Oak,71,18,0.4917196678923698,0.4319535169904024,0.3354718246622135,0.5212308264520992,0.16526680840879662,0.1075186109526201,0.20870652082129038,0.08804629256784269,0.16184573766531368,0.821593598119426,0.217345471315777,0.6465615626650278,-0.08110813443663656,0.7520517837610635,0.3454896909457298,0.6969719619584686,True
120,Pine,356,89,0.40090626483922215,0.7868166891058578,-0.730265752959465,0.9358145302370787,0.10692509019523753,0.15946116343361944,0.20098390812113173,0.09564872644517793,0.19061388532096,0.6111986443574843,0.47320023633526276,1.1004331418764528,-1.125546076843214,-0.3349854290757161,0.7476996710836217,1.1239293893905358,True
120,Spruce,6,1,19.776425212335866,0.9376478909571233,-0.10223911452741895,-0.48766708268588604,8.514510667359184,0.13641788901044385,0.09176948712970175,0.21008069397292164,-16.858557352604045,56.41140777727578,0.3506890884269518,1.5246066934872948,-0.49709134882884515,0.2926131197740072,-1.3915713540649373,0.4162371886931651,True
121,Alder,92,23,0.5862184968918918,1.2572930737011272,-1.9939360556894943,1.480567598185662,0.39466995909374103,0.23921125417110467,0.4138724291544068,0.14341195676129528,-0.1981051127684318,1.3705421065522154,0.7819109727333382,1.7326751746689162,-2.816420539481103,-1.1714515718978857,1.1955664700183342,1.76556872635299,True
121,Aspen,53,13,1.5499485773875317,1.8454340981101043,-1.7072642150093091,0.7747131588114962,0.9549571441945888,0.3030378486030641,0.4304925978135028,0.1586760819310701,-0.36910965210557056,3.4690068068806337,1.2364567416444672,2.4544114545757414,-2.5723714793427614,-0.8421569506758568,0.4558416338381273,1.093584683784865,True
121,Birch,96,24,1.6993932213576581,0.31372922623839966,0.3244383383377392,0.03972198651713419,1.2626665064171936,0.3619703481227144,0.5504614443772776,0.17435199346201377,-0.8083714499100161,4.207157892625332,-0.4051751293101606,1.0326335817869599,-0.7688256043491275,1.4177022810246058,-0.3065561220309242,0.3860000950651926,True
121,Oak,71,18,0.41201839173873284,0.48158556301014116,0.23551863440368562,0.6100563864977392,0.12144215843296165,0.08506908276860317,0.16259442281158354,0.07664210445305845,0.16961882897567782,0.6544179545017879,0.31178696313473986,0.6513841628855425,-0.08902119184615634,0.5600584606535276,0.45707810573935514,0.7630346672561232,True
121,Pine,356,89,0.5759207101493236,0.6694503894879607,-0.5628355725369221,0.790692238865598,0.14760010711258623,0.16155013648812713,0.20779595835784498,0.09332818691177672,0.285631707959278,0.866209712339369,0.3517254986175723,0.987175280358349,-0.9715133343004118,-0.15415781077343238,0.6071412456799331,0.974243232051263,True
121,Spruce,6,1,18.918689424456222,0.787064112094175,0.2470260000494662,-0.655006824850436,25.451682987864327,0.28237743134864224,0.8436270688278252,1.1249816958738015,-90.59106385863909,128.42844270755154,-0.42790791370264536,2.0020361378909954,-3.382808310488131,3.8768603105870634,-5.495412389460043,4.1853987397591705,True
122,Alder,92,23,1.1933388580086077,1.3081344497357503,-2.0725885633541825,1.2868073375225453,0.8500821741544741,0.2440669189922503,0.4386536160617501,0.15056221692930905,-0.4960208309622234,2.882698546979439,0.8231027352818814,1.7931661641896193,-2.9443204487252412,-1.2008566779831238,0.9875965697924176,1.586018105252673,True
122,Aspen,53,13,1.5182606553794002,1.7986569340691727,-1.8480344319248763,0.9533251993610612,1.1966541099716688,0.4133018275591557,0.6299571242476578,0.14210924059631458,-0.8865058114285951,3.9230271221873956,0.9680958159460343,2.629218052192311,-3.113980669266117,-0.5820881945836354,0.6677459884914662,1.2389044102306563,True
122,Birch,96,24,0.9642987011175483,-0.29999908034477674,1.0281330346253217,0.1294020472061092,0.8079328509581579,0.39342768425846425,0.5847137397680677,0.21248032767946864,-0.6403256791857659,2.568923081420863,-1.081380420760282,0.4813822600707286,-0.13315892326136147,2.189424992512005,-0.29260222421937593,0.5514063186315943,True
122,Oak,71,18,0.41359622942909974,0.4138374404487331,0.30321398589947934,0.6235848837320663,0.14834337245034585,0.11368367420369714,0.23098055085881333,0.12491612259032271,0.11750161875392345,0.7096908401042761,0.18692387702186355,0.6407510038756027,-0.15782512323207687,0.7642530950310356,0.3742512594893342,0.8729185079747985,True
122,Pine,356,89,0.43968037150699285,0.7752055302905293,-0.7244995033184225,0.9118385995222308,0.1207963131466518,0.16676199877355294,0.21331247789228588,0.09957608023834622,0.20210709396980003,0.6772536490441856,0.44723033315692023,1.1031807274241383,-1.144026748747891,-0.3049722578889539,0.7159997106497676,1.107677488394694,True
122,Spruce,6,1,18.91868942445613,0.7870641120941749,0.24702600004946226,-0.6550068248504308,25.45168298917353,0.28237743135755405,0.8436270688336482,1.1249816959139016,-90.59106386427221,128.42844271318447,-0.4279079137409899,2.00203613792934,-3.382808310513189,3.8768603106121136,-5.495412389632575,4.185398739931713,True
123,Alder,92,23,1.200115702824679,1.3770451552084544,-2.120260390835411,1.274610799177527,0.740875211537143,0.2407855455588355,0.42819685912078004,0.1452456698529253,-0.2722180961677336,2.6724495018170913,0.898534480921537,1.8555558294953718,-2.971211669118677,-1.2693091125521452,0.9859655515681945,1.5632560467868597,True
123,Aspen,53,13,1.4530181393710317,1.675599063121636,-1.6106270751818637,0.8476404195973548,0.9042870627017334,0.3305311425014776,0.5064519582354237,0.1047433677572487,-0.36421474909070795,3.2702510278327717,1.0113718640506306,2.3398262621926413,-2.6283803892473827,-0.5928737611163444,0.6371507414988666,1.058130097695843,True
123,Birch,96,24,1.613558581284705,0.33157080229779257,0.3251309072114416,0.043480705234572106,1.1373707291463422,0.36340944812309894,0.5456384709378738,0.17846352979981667,-0.6453578611735749,3.872475023742985,-0.39019173007025576,1.053333334665841,-0.7585541939204061,1.4088160083432895,-0.31096326937564406,0.39792467984478824,True
123,Oak,71,18,0.2974614676908365,0.3837162399757857,0.48979686428954267,0.5715866973738344,0.11349274376188664,0.1137828664380187,0.21483545665641848,0.0967675974988514,0.07092900302085842,0.5239939323608145,0.15660468802055585,0.6108277919310156,0.060983498062491925,0.9186102305165934,0.37843776436716964,0.7647356303804991,True
123,Pine,356,89,0.4878253047838673,0.6959508282576993,-0.6087283066523109,0.8556643437406951,0.1295314929119097,0.16262257629649055,0.2087189274129737,0.09735626726218913,0.23307232007970619,0.7425782894880284,0.3761167418862451,1.0157849146291533,-1.0192212958658813,-0.19823531743874062,0.6641912192738474,1.0471374682075427,True
123,Spruce,6,1,39.39128951631351,1.3022601313604087,-0.46594691780064856,-0.6691433979105926,107.87327896834303,1.213515342101038,0.9240974842244208,1.05899540132055,-424.74996869810104,503.5325477307281,-3.9190749678587697,6.523595230579588,-4.44201748080419,3.510123645202893,-5.225632852138118,3.8873460563169333,True
124,Alder,92,23,0.8732600115746042,1.3520598128000505,-2.227695346002284,1.4787994481324698,0.6035074519765717,0.2341894148831573,0.4158681479210775,0.16487253143540473,-0.32608423108852025,2.0726042542377288,0.8866575621520103,1.8174620634480907,-3.0541459014719505,-1.4012447905326173,1.1511499374218317,1.8064489588431079,True
124,Aspen,53,13,1.529559135465286,1.7616150050462884,-1.7484592975092057,0.9006129970724853,0.9172742708795449,0.30997055856827077,0.47279817714808353,0.12434099747023918,-0.31377252495002605,3.372890795880598,1.1387058463083728,2.384524163784204,-2.698582806465838,-0.7983357885525735,0.6507404075963432,1.1504855865486274,True
124,Birch,96,24,1.0416516363814312,-0.2165898339823704,0.9323381087972098,0.11830325780746714,0.8835221736071077,0.3834648896922206,0.5752293557019967,0.21313875550590927,-0.7130996633425664,2.796402936105429,-0.9781842044312642,0.5450045364665234,-0.21011704367114037,2.07479326126556,-0.30500870811481157,0.5416152237297458,True
124,Oak,71,18,0.42149025173288923,0.48661654509043717,0.19513319398924703,0.641889600139019,0.1653295140395352,0.12478913799278667,0.2629918175912405,0.12041731827355387,0.09149116054303452,0.7514893429227439,0.2375363831652195,0.7356967070156548,-0.3298006709631659,0.7200670589416599,0.40153562689568245,0.8822435733823555,True
124,Pine,356,89,0.5671399726361316,0.7557201637137407,-0.701702586231467,0.8431379018302765,0.14694239675165105,0.17019629878772904,0.21803751899564106,0.09867248721834485,0.27814450666459495,0.8561354386076683,0.4209906386610063,1.0904496887664752,-1.1305226939361213,-0.27288247852681263,0.6490761330513781,1.0371996706091748,True
124,Spruce,6,1,39.391289516313236,1.3022601313604063,-0.4659469178006477,-0.6691433979105892,107.87327895659644,1.21351534197576,0.9240974841378041,1.05899540120567,-424.7499686475598,503.53254768018627,-3.9190749673197445,6.5235952300405575,-4.442017480431508,3.5101236448302124,-5.225632851643826,3.887346055822648,True
125,Alder,92,23,1.4651078366940955,1.5132206838966056,-2.251805181952867,1.212611784027256,0.9793693708999792,0.24527798481686863,0.41018820181965343,0.15469700619392626,-0.48118298802151127,3.4113986614097023,1.0257822306038291,2.000659137189382,-3.0669680381023863,-1.4366423258033478,0.9051839914983417,1.52003957655617,True
125,Aspen,53,13,1.7308949993121254,1.7580602396828298,-1.7960510153953648,0.8923977646748159,0.849170639949814,0.24154567091544873,0.3657807388418538,0.10910162455098142,0.02442270917178968,3.437367289452461,1.2726560407753755,2.243464438590284,-2.5311149303907916,-1.060987100399938,0.6731498416465922,1.1116456877030396,True
125,Birch,96,24,1.0902693440450648,-0.20533742198156357,0.8588725395738785,0.15532741082418663,0.9123258312196392,0.41005075225913085,0.5947011994607808,0.20536695548311984,-0.7216885059413267,2.9022271940314566,-1.0197336102989412,0.6090587663358139,-0.3222553753496029,2.04000045449736,-0.2525490894147495,0.5632039110631228,True
125,Oak,71,18,0.4431346063764006,0.4832752526889418,0.2835650012673274,0.5482821755190531,0.1686273830871695,0.1073047717922362,0.20684005029981767,0.09508177264381698,0.10655294101698631,0.7797162717358149,0.26909403176486035,0.6974564736130232,-0.1292894670781211,0.6964194696127759,0.35849816300646054,0.7380661880316457,True
125,Pine,356,89,0.41471924151858813,0.7834554646726184,-0.6917937527031202,0.8953768798914173,0.11005695373959634,0.1626077810391173,0.21150988297312362,0.09689495950248907,0.19826734381925976,0.6311711392179165,0.4636504765219179,1.103260452823319,-1.1077757874232408,-0.2758117179829996,0.7048110214956146,1.08594273828722,True
125,Spruce,6,1,18.918689424456293,0.7870641120941765,0.24702600004946515,-0.6550068248504374,25.45168298589678,0.2823774313453447,0.8436270687837614,1.1249816957844678,-90.59106385017334,128.42844269908593,-0.42790791368845593,2.002036137876809,-3.3828083102985405,3.876860310397471,-5.495412389075672,4.185398739374798,True
126,Alder,92,23,1.1303339636253351,1.3759990151081696,-2.068643065602209,1.2591625812077138,0.7316991135003684,0.23016683989549022,0.401362502984404,0.14467605013305812,-0.3237642687398983,2.5844321959905683,0.9185907869636435,1.8334072432526956,-2.866266699906385,-1.2710194312980327,0.9716493330944813,1.5466758293209464,True
126,Aspen,53,13,0.9986202022153764,1.6313549982003661,-1.5984869804345863,0.9938071292673308,0.598592591553837,0.29288633649219187,0.4476105569271518,0.12687508309429835,-0.20429664690023175,2.2015370513309844,1.0427778690921552,2.219932127308577,-2.4979940715130184,-0.6989798893561542,0.7388421040723143,1.2487721544623474,True
126,Birch,96,24,0.8984867001073885,-0.4464356882549349,1.2375994587649852,0.07728534972473408,0.7385885866103648,0.40868885197740884,0.6116110918938304,0.2111897261936302,-0.5684139856157314,2.3653873858305086,-1.2581270250577323,0.3652556485478626,0.022887037859108394,2.4523118796708623,-0.34215567574909045,0.49672637519855867,True
126,Oak,71,18,0.44354763323942586,0.4795175129438368,0.25067730502744917,0.5800376245961739,0.17369665939777734,0.12011724221914177,0.23776840229439175,0.09972738655601127,0.09684765001517581,0.7902476164636759,0.23976249401194982,0.7192725318757238,-0.22391041227540415,0.7252650223303025,0.3809809279052654,0.7790943212870824,True
126,Pine,356,89,0.4953110762519487,0.8071198348243775,-0.741360623974338,0.8663954646467936,0.13696984050252745,0.17877122246085544,0.23170641875806072,0.10390293251501805,0.22592889823442425,0.7646932542694731,0.4555257824645663,1.1587138871841889,-1.1970637153752162,-0.28565753257345977,0.6620468419090243,1.070744087384563,True
126,Spruce,6,1,11.859810758582233,0.7104879998793485,-0.04961916697116022,-0.1766775873544164,8.127536479148162,0.22527256102076296,0.1596125631158228,0.33171232677434154,-23.110156259129575,46.829777776294044,-0.2587815997222779,1.679757599480975,-0.736376597355253,0.6371382634129326,-1.6039205356238957,1.2505653609150629,True
127,Alder,92,23,0.8647027593197737,1.4979518444923179,-2.3772059692894607,1.4831515586222859,0.5819022826948855,0.2402727109009493,0.42189229638911374,0.15755160676982585,-0.2917057494018941,2.0211112680414414,1.0204603213233518,1.975443367661284,-3.215628253953894,-1.5387836846250273,1.1700508473007452,1.7962522699438266,True
127,Aspen,53,13,1.3464936395846219,1.7829750257120967,-1.6725821603932014,0.8486389440894911,0.8564304329417944,0.3067657198734511,0.42398139431902215,0.17169432074061342,-0.3745677507790821,3.067555029948326,1.1665062314542842,2.399443819969909,-2.524604671420236,-0.8205596493661668,0.5036062887734292,1.1936715994055531,True
127,Birch,96,24,0.8004412524221649,-0.15670320216899516,0.9380441100670504,0.1405777966625584,0.6155048760996125,0.37451664016477176,0.558714062242165,0.19137211552858152,-0.4220045600159761,2.022887064860306,-0.9005255766707584,0.5871191723327681,-0.17161024404029568,2.0476984641743963,-0.23950374343474826,0.5206593367598651,True
127,Oak,71,18,0.44329774722841103,0.46840810953256495,0.34231274533098377,0.5076648836979523,0.16296246498676423,0.10613157320726288,0.2040814888803131,0.09105297383588616,0.11802330572227482,0.7685721887345472,0.2565686027850209,0.680247616280109,-0.0650356113760418,0.7496611020380093,0.32592238726267675,0.6894073801332278,True
127,Pine,356,89,0.5193307210923565,0.7978449463724369,-0.7342449895395884,0.8531524837557402,0.12997705422073458,0.16104909247649613,0.20744085390960798,0.09530205238701188,0.2637014392751139,0.774960002909599,0.48110547190204284,1.1145844208428308,-1.1422243580703866,-0.32626562100879014,0.6657194375656941,1.0405855299457862,True
127,Spruce,6,1,18.918689424456105,0.7870641120941754,0.24702600004945918,-0.6550068248504279,25.45168299074065,0.282377431356816,0.8436270688778668,1.1249816959930772,-90.59106387101502,128.42844271992723,-0.4279079137378138,2.0020361379261646,-3.3828083107034495,3.8768603108023676,-5.495412389973237,4.1853987402723805,True
128,Alder,92,23,1.2056187097273177,1.4398257842938769,-2.1719386128983693,1.2611536086513546,0.8090814202705583,0.23433725295563518,0.4065229110480758,0.1551646566375326,-0.40226059659957025,2.8134980160542056,0.9741297365427652,1.9055218320449885,-2.9798174738458734,-1.3640597519508653,0.9527964591355778,1.5695107581671315,True
128,Aspen,53,13,1.2596577710617238,1.6417031059229863,-1.6169961551759113,0.9310098536291499,0.6534922975453493,0.2517332418718752,0.38596788871714793,0.1183637571285214,-0.05358416774010322,2.5728997098635507,1.1358262166950004,2.147579995150972,-2.392627666668946,-0.8413646436828768,0.6931489783300937,1.168870728928206,True
128,Birch,96,24,1.0669553500699267,0.02143723900938251,0.7962112689010377,0.011951665199363953,0.7714518064178849,0.35228892185285876,0.5363011905039843,0.17353154112349478,-0.46521452684386655,2.5991252269837197,-0.6782389682960461,0.7211134463148112,-0.2689291873235269,1.8613517251256022,-0.33269695418545137,0.3566002845841793,True
128,Oak,71,18,0.31508954464184413,0.4162800736546867,0.358696335291232,0.6393502052136137,0.08882514539768965,0.07983973521393317,0.15068153581336843,0.07453463721910637,0.137793812380544,0.49238527690314426,0.2569192951845085,0.5756408521248649,0.057934731010386764,0.6594579395720772,0.49057844666003264,0.7881219637671948,True
128,Pine,356,89,0.5341711574556115,0.6316629556282867,-0.4691724329777946,0.7677402552422825,0.1398776475743602,0.1630167495717318,0.2105680708302494,0.09697450157492504,0.2590701189985101,0.8092721959127129,0.3110536383373015,0.9522722729192719,-0.8833021810529137,-0.0550426849026755,0.5770179593662417,0.9584625511183233,True
128,Spruce,6,1,39.39128951630834,1.3022601313603503,-0.4659469178006049,-0.6691433979105429,107.87327895090706,1.2135153418968727,0.9240974840662856,1.0589954011628917,-424.7499686230853,503.532547655702,-3.919074966980376,6.523595229701077,-4.442017480123745,3.5101236445225354,-5.22563285145972,3.887346055638634,True
129,Alder,92,23,0.7282346469708705,1.2523674380430132,-1.9619315259426817,1.3910847847260257,0.47788502072959826,0.2339724333942036,0.4089348237108352,0.15284678536956114,-0.2214614112796932,1.677930705221434,0.7873963925088266,1.7173384835771999,-2.7746035564797453,-1.1492594954056181,1.087333917289072,1.6948356521629795,True
129,Aspen,53,13,1.7092504555340833,1.7542531190097488,-1.823096780198107,0.9329913037806549,1.0611617945830953,0.31770341526289847,0.489189935844381,0.12184291674637357,-0.42323400944773004,3.8417349205158966,1.1158042029460402,2.3927020350734574,-2.8061607615238167,-0.8400327988723976,0.688138795467543,1.1778438120937667,True
129,Birch,96,24,1.1846671468310552,0.007863601208868042,0.7511670820264233,0.0410966519828831,0.9038174689676578,0.3617206301336821,0.561099381461654,0.19043338011830765,-0.6103923613070126,2.979726654969123,-0.7105447928585785,0.7262719952763147,-0.3632247219443101,1.8655588859971568,-0.3371204785608411,0.4193137825266073,True
129,Oak,71,18,0.4190461883611324,0.44574583587290845,0.34384862349836337,0.5456738650425476,0.16971416350808913,0.13433224059389387,0.28900224003363806,0.14465011865314178,0.08029530020257142,0.7577970765196933,0.17761756143256024,0.7138741103132566,-0.23300226194080215,0.9206995089375289,0.25695101980012625,0.8343967102849689,True
129,Pine,356,89,0.48318712961140436,0.7423012478391304,-0.643482674567992,0.8518794890438561,0.13132734303456137,0.1736570234667065,0.22226875061559273,0.09970882284731082,0.22490219936610772,0.7414720598567011,0.4007654247858902,1.0838370708923706,-1.0806244564842635,-0.2063408926517205,0.6557795318005208,1.0479794462871914,True
129,Spruce,6,1,18.918689424456268,0.787064112094176,0.24702600004946448,-0.6550068248504359,25.451682990486404,0.2823774313502933,0.8436270688923402,1.1249816959989658,-90.59106386992093,128.42844271883345,-0.42790791370974846,2.0020361378981004,-3.3828083107657183,3.876860310864647,-5.495412389998582,4.1853987402977095,True
130,Alder,92,23,0.6886296039434693,1.0229930452720057,-1.607288296017041,1.2884347557907219,0.4531435508421562,0.2399495384873284,0.42341837550324085,0.15085442020597764,-0.2118979819587552,1.5891571898456938,0.5461437593652215,1.4998423311787898,-2.4487433422379095,-0.7658332497961723,0.9886432954504002,1.5882262161310434,True
130,Aspen,53,13,0.8735820220028405,1.6532710374670192,-1.6733700481403888,1.0840115685129916,0.5069324234952917,0.28292880537771353,0.4253610811145121,0.13301035322311824,-0.14513682315121046,1.8923008671568915,1.084704316309408,2.2218377586246305,-2.528165143586634,-0.8185749526941434,0.8167172563939998,1.3513058806319833,True
130,Birch,96,24,1.3330605055733682,0.1018110002885073,0.5687093973095931,0.09697143283043606,1.0573522342250152,0.3972903063374271,0.5810218775105441,0.2011724361594144,-0.7669322990186407,3.433053310165377,-0.6872418409855795,0.8908638415625941,-0.585250203463354,1.7226689980825403,-0.3025743899735016,0.49651725563437377,True
130,Oak,71,18,0.27181291227385096,0.30679103513304634,0.4944056080355531,0.6684630070643707,0.12485367096491422,0.18230564849293662,0.2895366711856553,0.10377389338599681,0.022603941997156624,0.5210218825505453,-0.05709256224485432,0.6706746325109469,-0.08351200644769008,1.0723232225187962,0.4613294489361906,0.8755965651925508,True
130,Pine,356,89,0.4884412506589858,0.6074805348854495,-0.5365242296892131,0.8706273268587189,0.13190573174550624,0.1755807109784416,0.22496098319037877,0.10333082653631592,0.2290187881648128,0.7478637131531588,0.26216134514480516,0.9527997246260939,-0.9789608960272287,-0.09408756335119756,0.6674038799555289,1.073850773761909,True
130,Spruce,6,1,11.701202228254727,0.7803381607466479,-0.0713023522171233,-0.2165625805349125,11.416641897394994,0.29113361432600104,0.2103267448325939,0.4542709438503097,-37.420643195535185,60.82304765204464,-0.47230867963942436,2.03298500113272,-0.9762652949991873,0.8336605905649407,-2.17113269711409,1.7380075360442653,True
131,Alder,92,23,1.07057434066984,1.3760325003655716,-2.30023879709621,1.465963372702755,0.7057330938803686,0.2292732980899044,0.40921796315080733,0.15124171098180778,-0.33192188407456036,2.4730705654142406,0.920399998795089,1.831665001936054,-3.1134735077726643,-1.487004086419756,1.1654022533288835,1.7665244920766265,True
131,Aspen,53,13,1.435326732623398,1.8144698352246142,-1.8646082298712752,0.9678276969988304,0.8295697845606724,0.3012948328894292,0.46397738019789075,0.11987154016015568,-0.23175616390036757,3.1024096291471635,1.2089951999750248,2.4199444704742037,-2.7970056837050548,-0.9322107760374955,0.7269368182564384,1.2087185757412224,True
131,Birch,96,24,0.6279277682979455,-0.5123489574944726,1.3609014932776418,0.14285173609458615,0.598093924623512,0.43114694260172115,0.6124235435812952,0.26039410881036607,-0.5599383916484121,1.815793928244303,-1.3686440007910652,0.34394608580212005,0.14457547319210717,2.5772275133631766,-0.37431344042836556,0.6600169126175378,True
131,Oak,71,18,0.3923167113661281,0.4325387937265223,0.4050606531907219,0.5208104774685873,0.1528368972880288,0.12498288077150355,0.27008771493964673,0.12045142722212007,0.08725298757591649,0.6973804351563397,0.1830719195964537,0.6820056678565909,-0.13403668214841574,0.9441579885298594,0.28038842247896567,0.761232532458209,True
131,Pine,356,89,0.5096036405254333,0.7974906042244412,-0.6961194097231566,0.8287927778274109,0.12975005023267494,0.15648599687189063,0.20025371268484676,0.093196075442954,0.25442081340579287,0.7647864676450737,0.4897254895690324,1.10525571887985,-1.089963639089432,-0.3022751803568811,0.6455016117327463,1.0120839439220755,True
131,Spruce,6,1,39.39128951630938,1.3022601313603634,-0.46594691780061576,-0.6691433979105519,107.87327896100085,1.213515341996572,0.9240974841267163,1.0589954012682816,-424.74996866651435,503.5325476991331,-3.9190749674093346,6.523595230130061,-4.442017480383769,3.5101236447825372,-5.2256328519131845,3.887346056092081,True
132,Alder,92,23,1.832607129379024,1.3674868557224154,-2.176709641404546,1.2023723707254983,1.1064307207768354,0.24665519461748675,0.42154178130399966,0.14338047918012664,-0.3661914281586258,4.031405686916674,0.8773114873511244,1.8576622240937062,-3.014435350992862,-1.3389839318162304,0.9174337976361961,1.4873109438148004,True
132,Aspen,53,13,1.2297716951612179,1.697850322216351,-1.6284684732841521,0.9112818974075813,0.6404556921492184,0.2594183159412173,0.387110494025552,0.11352084329874997,-0.05727220426031909,2.516815594582755,1.1765296984431113,2.2191709459895907,-2.406396136110768,-0.8505408104575364,0.6831532218163845,1.139410572998778,True
132,Birch,96,24,1.2567532828254293,-0.05242298399574377,0.7651043480392951,0.06371532405440905,1.110913808436286,0.4167493840415847,0.6241013010667166,0.2237714075174452,-0.9496174314219472,3.463123997072806,-0.8801232332385467,0.7752772652470592,-0.4744147064007084,2.0046234024792984,-0.3807140065408841,0.5081446546497022,True
132,Oak,71,18,0.36572617631084703,0.47152771155645357,0.2432092405430989,0.6488854012795785,0.13555188063838294,0.10736087550918681,0.20658768012212844,0.10113642558231979,0.09516349015279485,0.6362888624688992,0.25723450714464685,0.6858209159682602,-0.16914149481937513,0.6555599759055729,0.4470162509210105,0.8507545516381465,True
132,Pine,356,89,0.3837120641715281,0.8710481243225768,-0.8113638004157728,0.941146280297856,0.09638700556562513,0.14737530665998702,0.19268704279076884,0.0902674840219337,0.19414521210692173,0.5732789162361345,0.5812012430791449,1.1608950055660088,-1.1903264616285925,-0.43240113920295326,0.7636148517674863,1.1186777088282256,True
132,Spruce,6,1,11.859810758582368,0.7104879998793519,-0.04961916697116122,-0.17667758735442196,8.12753647906903,0.22527256101891482,0.1596125631155848,0.3317123267711347,-23.11015625878897,46.82977777595371,-0.2587815997143227,1.6797575994730263,-0.7363765973542299,0.6371382634119075,-1.6039205356101034,1.2505653609012595,True
133,Alder,92,23,0.8516481798534948,1.1547252801132017,-1.7368802024967211,1.2277101389889433,0.5409760331514143,0.23265190081993023,0.4173372276648492,0.14952695863690393,-0.22342800794488127,1.9267243676518708,0.6923785155800481,1.6170720446463553,-2.566250245251814,-0.9075101597416282,0.9305567295707947,1.524863548407092,True
133,Aspen,53,13,0.9591289821301267,1.6010787193961193,-1.5012030993736438,0.9546950335633247,0.6346102661722275,0.325709593087818,0.49497595051343657,0.12390251865441963,-0.3161680939975774,2.2344260582578306,0.9465407866313993,2.2556166521608394,-2.495894512499954,-0.5065116862473337,0.7057036002574594,1.2036864668691902,True
133,Birch,96,24,1.359650214510015,0.20574499260486084,0.4547548715687341,0.09766850550866371,1.0651173781979046,0.3714047279035406,0.5597235687674332,0.18735458483567305,-0.755764836275705,3.4750652652957355,-0.5318968555353187,0.9433868407450405,-0.6569044496353198,1.5664141927727881,-0.27443387185152623,0.4697708828688536,True
133,Oak,71,18,0.4421309723247252,0.47734265513140883,0.27901292496215974,0.5582361082883939,0.16998455465443238,0.11391713550172626,0.21629395198139384,0.10621444191141292,0.10284038117920863,0.7814215634702417,0.24996310100333158,0.704722209259486,-0.15271161011784862,0.7107374600421681,0.34623119491507914,0.7702410216617086,True
133,Pine,356,89,0.4447334665914414,0.7789994080378353,-0.7384349195906067,0.9204950155755421,0.11770977455528597,0.16474930424554468,0.20838498165940944,0.09742474394608219,0.2132305654613959,0.6762363677214869,0.45498263002517725,1.1030161860504935,-1.1482711289312881,-0.32859871024992515,0.7288872162183473,1.112102814932737,True
133,Spruce,6,1,39.39128951631061,1.302260131360378,-0.4659469178006273,-0.6691433979105633,107.87327893689277,1.2135153417444604,0.9240974839636247,1.0589954010224472,-424.7499685627844,503.5325475954056,-3.9190749663245708,6.523595229045327,-4.442017479682054,3.510123644080799,-5.2256328508554555,3.887346055034329,True
134,Alder,92,23,1.4675439261580696,1.615122463001711,-2.414601455022465,1.2733577310226585,0.9334104049302694,0.22847988391090218,0.3833780534131057,0.14072184117929126,-0.3874131112878121,3.322500963603951,1.161066705387773,2.069178220615649,-3.1764847749690324,-1.6527181350758973,0.9937026422866715,1.5530128197586455,True
134,Aspen,53,13,1.1067000758031198,1.5789626163534258,-1.494782883981001,0.9217865223847083,0.6774876445117861,0.29423452661576893,0.4516818254173387,0.13415779248662138,-0.2547623180687828,2.4681624696750224,0.9876761977579324,2.1702490349489194,-2.4024714954010173,-0.5870942725609847,0.6521863447356708,1.1913867000337457,True
134,Birch,96,24,1.0798597772783594,-0.2896773353398064,1.0928072671670428,0.017685286626189522,0.9147377539941864,0.4062278932795991,0.6113369070966215,0.21736728435214564,-0.7368883595281033,2.896607914084822,-1.096480995746302,0.5171263250666893,-0.12136059906478125,2.3069751333988666,-0.41402490257843244,0.44939547583081146,True
134,Oak,71,18,0.3638073518241776,0.4322872652751922,0.3918882483749683,0.5519562735007595,0.1347771676465816,0.10946389344330575,0.2068943281494157,0.09309606751006308,0.09479099926973289,0.6328237043786223,0.21379641949821906,0.6507781110521653,-0.021074559011716454,0.8048510557616531,0.36613574502377066,0.7377768019777483,True
134,Pine,356,89,0.576464097895201,0.6307354648486768,-0.49609423375342226,0.7769123634330221,0.15146351418384882,0.16979547147347518,0.21617736599943987,0.09930853414916868,0.2785768316814355,0.8743513641089666,0.29679425738853404,0.9646766723088196,-0.9212559297688752,-0.07093253773796931,0.5815996644718436,0.9722250623942005,True
134,Spruce,6,1,3.9858988778055706,0.518125402972658,-0.04566899010548322,0.32056092500210787,4.805823384607284,0.3188932897503999,0.1658540700980307,0.5840200968740576,-16.69189022641251,24.663687982023653,-0.8539616806536828,1.8902124865989989,-0.7592814575439902,0.6679434773330238,-2.1922747390104615,2.833396589014677,True
135,Alder,92,23,0.6061463554735304,1.0190518972054403,-1.5786752955468335,1.315327243130869,0.37644237335341585,0.23995643539893338,0.4126630507650181,0.13812178038314055,-0.14195375778470387,1.3542464687317646,0.5421889051361248,1.4959148892747558,-2.398756393922464,-0.7585941971712029,1.040839228863017,1.5898152573987208,True
135,Aspen,53,13,1.077885199090106,1.6557351976145573,-1.5573364513878463,0.9179996085852052,0.5802773067585998,0.2638337551966752,0.40750507742349434,0.11847194821533474,-0.08822570724002388,2.2439961054202358,1.125541416452501,2.1859289787766136,-2.376248563982534,-0.7384243387931584,0.6799213151572109,1.1560779020131995,True
135,Birch,96,24,1.7352901440682043,0.5377684708132483,0.013005929148637413,0.12385217487869368,1.1204110534217073,0.33050765479699207,0.47967074019030037,0.1588935750859834,-0.48994291849345006,3.9605232066298584,-0.11864826002666518,1.1941852016531618,-0.9396615645851386,0.9656734228824134,-0.19172418045102493,0.4394285302084123,True
135,Oak,71,18,0.2759408176927116,0.3151766556617029,0.4733489382782518,0.6766161458092917,0.11412234885444443,0.16858840441363848,0.2613208147840845,0.10057191292171803,0.04815165599825133,0.5037299793871719,-0.021327207939714654,0.6516805192631204,-0.04824959111147792,0.9949474676679815,0.4758737674372379,0.8773585241813455,True
135,Pine,356,89,0.5401292374104645,0.6693394913193021,-0.5285623449919834,0.7893976371227627,0.13490442529214808,0.16159191954601448,0.20901979336642032,0.0938751902961315,0.27480916566276703,0.8054493091581619,0.3515324246130025,0.9871465580256018,-0.9396470551678722,-0.11747763481609458,0.6047708380332592,0.9740244362122662,True
135,Spruce,6,1,18.918689424455884,0.787064112094175,0.24702600004945124,-0.655006824850417,25.451682989873035,0.2823774313567452,0.8436270688542744,1.1249816959500851,-90.5910638672822,128.42844271619396,-0.4279079137375097,2.0020361379258595,-3.3828083106019475,3.8768603107008497,-5.495412389788245,4.185398740087412,True
136,Alder,92,23,0.7431292198309655,1.3725869392488204,-2.160508085491429,1.4512903387180185,0.5076809206026058,0.22654610637820105,0.40500706121060476,0.1527330608783347,-0.2657799282507506,1.7520383679126814,0.9223741581264575,1.8227997203711832,-2.965374513420321,-1.3556416575625374,1.147765474809862,1.754815202626175,True
136,Aspen,53,13,0.9866698103475096,1.6769128809531348,-1.6476542121347344,1.0072378808007412,0.5674134649338375,0.2724495142614346,0.4150293346229476,0.12307343705452055,-0.15359023799723048,2.1269298586922494,1.1294050837254663,2.2244206781808034,-2.4816868856752348,-0.8136215385942339,0.7599125493475924,1.25456321225389,True
136,Birch,96,24,0.960237575505802,-0.1971609044186985,0.7904433439927799,0.2619765407221375,0.8265588417534077,0.40441216335917946,0.5782194243136934,0.23929231361360212,-0.6813796302556153,2.6018547812672193,-1.00035836847497,0.606036559637573,-0.3579503428320062,1.9388370308175662,-0.21327864909741628,0.7372317305416913,True
136,Oak,71,18,0.3927325386137957,0.43527868220243043,0.3669040059960655,0.5544424466240149,0.14512830867555582,0.11300038230423426,0.22774894294308168,0.09943562402987986,0.10305522209182444,0.6824098551357669,0.20972897511512661,0.6608283892897342,-0.08768478673875607,0.8214927987308871,0.3559681103726562,0.7529167828753736,True
136,Pine,356,89,0.502827813932786,0.7766492673670227,-0.7192794923968789,0.8720385691716114,0.1341227797587983,0.1672049569017136,0.21375148584121217,0.09891893170387737,0.2390450249579888,0.7666106029075832,0.4478028928640256,1.1054956418700197,-1.1396701462746226,-0.2988888385191352,0.6774921115588092,1.0665850267844137,True
136,Spruce,6,1,12.979986461924534,0.7915629712151342,-0.07396005944327033,-0.254466814044372,12.437361383031217,0.29270417978445845,0.21287420172086938,0.45314229000434686,-40.533660442992115,66.49363336684118,-0.46784146692793627,2.0509674093582047,-0.9898838245594561,0.8419637056729155,-2.2041807250723355,1.6952470969835918,True
137,Alder,92,23,1.0069962886310364,1.3944168546951006,-2.269461255369033,1.442453541569031,0.6895704725604621,0.23436256797324553,0.41149332157912705,0.1550205587494305,-0.3633801225752096,2.3773726998372826,0.9286704986660639,1.8601632107241373,-3.087217762788945,-1.4517047479491212,1.1343827563258229,1.750524326812239,True
137,Aspen,53,13,2.087466361764299,1.8698658254177454,-1.8487838317966396,0.78939221920223,1.1345241900066538,0.2694026460875624,0.3737646730157529,0.14544293695669386,-0.19244535639718086,4.367378079925778,1.3284809390230876,2.411250711812403,-2.599892063202804,-1.0976756003904753,0.4971136946787089,1.0816707437257511,True
137,Birch,96,24,0.3658673807385892,-0.3871153210541994,1.3301996177361615,0.23526781180943296,0.3456790128729316,0.4344484380572557,0.6714617367084722,0.2235942862927759,-0.3206809767855138,1.0524157382626922,-1.2499674193005055,0.4757367771921068,-0.003381349896777408,2.6637805853691003,-0.20880974074510283,0.6793453643639688,True
137,Oak,71,18,0.5231653590981101,0.43401627446044116,0.3883759690668469,0.455950197304743,0.1828081964791731,0.11029673312388708,0.21726111525503386,0.09359485063061182,0.15827867174138288,0.8880520464548374,0.21386307372346397,0.6541694751974183,-0.04527903198705341,0.8220309701207472,0.26913409355229206,0.642766301057194,True
137,Pine,356,89,0.5519168887830509,0.7186976340578825,-0.6504332999824223,0.8390127967177078,0.148839774656888,0.1642291230961089,0.20797054146227675,0.09836473695483205,0.2591897999173077,0.8446439776487942,0.39570390995610405,1.0416913581596607,-1.0594544189166901,-0.24141218104815437,0.6455562884543096,1.032469304981106,True
137,Spruce,6,1,18.91868942445601,0.7870641120941753,0.24702600004945688,-0.6550068248504243,25.451682988417666,0.2823774313485559,0.843627068841776,1.1249816959012031,-90.59106386102012,128.42844270993214,-0.42790791370227366,2.002036137890624,-3.3828083105481657,3.8768603106470794,-5.495412389577931,4.1853987398770816,True
138,Alder,92,23,0.7225957061411192,1.3764671263746704,-2.169598545472757,1.4578463443104068,0.5003587366831502,0.23133622811174173,0.4096045787791567,0.15554371649983242,-0.2717621400490329,1.7169535523312713,0.9167349848799347,1.8361992678694061,-2.983601573469015,-1.3555955174764986,1.1487358929721172,1.7669567956486965,True
138,Aspen,53,13,0.9914102302751063,1.5930027144294046,-1.5044049246775681,0.9490992188998925,0.6772262546861373,0.31754767274298573,0.44036831086555267,0.18028157911320722,-0.3695268810759348,2.3523473416261473,0.9548667746770808,2.2311386541817284,-2.389358177409414,-0.6194516719457224,0.5868098218034352,1.3113886159963497,True
138,Birch,96,24,0.9267104811149143,-0.13536128102784506,0.7944406015194097,0.21682963275779682,0.8910865446828282,0.4357039371041816,0.6235335353108842,0.23178486329222006,-0.8430643124989126,2.696485274728741,-1.0007069087521958,0.7299843466965058,-0.4439508211217016,2.0328320241605207,-0.2435151127032697,0.6771743782188633,True
138,Oak,71,18,0.31067440381735967,0.4332011210901078,0.3057654301305607,0.6801360995119818,0.10746102456182463,0.10121230316379641,0.19229733455352097,0.09327888888851599,0.09618130105984016,0.5251675065748792,0.23118051844502924,0.6352217237351863,-0.07806165609506444,0.6895925163561858,0.49395065803630656,0.8663215409876571,True
138,Pine,356,89,0.4393568658393788,0.7905112872298031,-0.7178887636651277,0.8959068233904289,0.12094413574305829,0.17925894853160323,0.22623782049796937,0.09980011140902774,0.20149286172446576,0.6772208699542918,0.43795801121366046,1.1430645632459457,-1.162836619427259,-0.27294090790299624,0.6996273265382777,1.09218632024258,True
138,Spruce,6,1,18.918689424456026,0.7870641120941735,0.2470260000494617,-0.6550068248504274,25.451682989568013,0.2823774313509841,0.8436270688641753,1.1249816959501517,-90.59106386596966,128.4284427148817,-0.4279079137127231,2.00203613790107,-3.382808310644537,3.8768603107434605,-5.495412389788543,4.185398740087688,True
139,Alder,92,23,0.7737295478611185,1.31275500549263,-1.9645807149217547,1.3256000443012177,0.5110177115929689,0.23199359179175658,0.4148145452447704,0.1610444842805255,-0.24181077113680616,1.7892698668590432,0.8517164918190927,1.7737935191661673,-2.7889374564712375,-1.140223973372272,1.0055579729035669,1.6456421156988685,True
139,Aspen,53,13,1.0112006581006387,1.673645803448777,-1.5790555207359738,0.9483566693109812,0.6380900492992878,0.32532843336354933,0.5011479373694969,0.1156990330159257,-0.2710893040297857,2.293490620231063,1.0198738398273381,2.327417767070216,-2.58615000581211,-0.5719610356598377,0.7158507576023786,1.1808625810195839,True
139,Birch,96,24,0.9829864344188518,-0.20319800561003756,0.9340562290820995,0.12416514760298782,0.9059887815577016,0.4232704769411694,0.6354630109456174,0.20715124911837876,-0.8163854879441256,2.7823583567818293,-1.043849708232273,0.6374536970121979,-0.3280281618855574,2.196140620049756,-0.2872551138103591,0.5355854090163348,True
139,Oak,71,18,0.29776578127861786,0.3209469737928095,0.5490038626246767,0.580480249617201,0.14337620147400548,0.20212921106097684,0.313615044971031,0.11600567497314854,0.011585685368088905,0.5839458771891468,-0.08250462007744258,0.7243985676630615,-0.07697438708552007,1.1749821123348734,0.3489319532564533,0.8120285459779487,True
139,Pine,356,89,0.48879174121929203,0.7451634777657409,-0.6293548456197408,0.832135548588135,0.12330674243069281,0.1641570982338973,0.21456307809301076,0.09505574579580099,0.2462811365609403,0.7313023458776438,0.4223114068496769,1.0680155486818048,-1.0513416792670565,-0.207368011972425,0.6451869200316134,1.0190841771446566,True
139,Spruce,6,1,18.91868942445582,0.7870641120941764,0.24702600004944603,-0.6550068248504124,25.451682989432573,0.28237743135150317,0.8436270688606062,1.1249816959435155,-90.5910638653871,128.42844271429874,-0.42790791371495374,2.0020361379033065,-3.3828083106291964,3.876860310728089,-5.4954123897599745,4.18539874005915,True
140,Alder,92,23,1.525874851251233,1.5032578680089024,-2.503118895506026,1.4192663060394737,0.9751963638593097,0.22388103215281344,0.40559171682495526,0.14611289429866123,-0.4121229988665822,3.4638727013690485,1.0583413618836752,1.9481743741341295,-3.309147203611733,-1.6970905874003188,1.1288976320785964,1.709634980000351,True
140,Aspen,53,13,1.895357753611792,1.7345397782364844,-1.698919553831203,0.799853801771333,0.9446242905767384,0.2470392462677936,0.3728013280938345,0.10655616382996949,-0.002935829121996747,3.793651336345581,1.2380958263376545,2.2309837301353146,-2.448091871137466,-0.9497472365249401,0.58572117357514,1.013986429967526,True
140,Birch,96,24,0.7621790454741698,-0.30514028634610246,1.149207187471938,0.10465959999190591,0.7254062219424107,0.4373928950947654,0.6712744593823954,0.21252933283471026,-0.6785403261568667,2.202898417105206,-1.173840330425457,0.5635597577332522,-0.18400183122620462,2.4824162061700807,-0.3174419999018646,0.5267611998856765,True
140,Oak,71,18,0.43705425528869885,0.4353353001095105,0.36361719418465455,0.5273223994674793,0.15746285733233226,0.10483383232243501,0.19964670890891922,0.08876748077701929,0.12275707660467028,0.7513514339727274,0.2260860950094431,0.6445845052095779,-0.03487930465120476,0.7621136930205139,0.3501417662707689,0.7045030326641897,True
140,Pine,356,89,0.5394616867206383,0.6567592427426976,-0.5439078904468463,0.8110808653665373,0.14684045960183364,0.17265311394019775,0.22467124018071127,0.09984419176117314,0.2506667032154459,0.8282566702258307,0.3171978348876592,0.996320650597736,-0.985774711607827,-0.10204106928586554,0.6147146745295999,1.0074470562034747,True
140,Spruce,6,1,18.918689424456023,0.7870641120941744,0.24702600004945927,-0.6550068248504258,25.45168298889518,0.28237743134757437,0.8436270688573863,1.1249816959264898,-90.59106386307468,128.42844271198672,-0.4279079136980515,2.0020361378864004,-3.382808310615329,3.876860310714247,-5.495412389686732,4.185398739985881,True
141,Alder,92,23,0.6476310887792333,1.1147407827907445,-1.6745936611035084,1.2895560267959831,0.4383069346442489,0.24757119587925291,0.4303088041325623,0.152018494025908,-0.22341184012450022,1.5186740176829667,0.6227450543957731,1.606736511185716,-2.52974198630377,-0.8194453359032468,0.9874512143513985,1.5916608392405678,True
141,Aspen,53,13,1.5348312015646317,1.6222760136506638,-1.6059101319232436,0.8822221563379264,0.8193101688902257,0.26486566993839994,0.3974395662670628,0.11655389142922663,-0.11163422536534107,3.1812966284946045,1.0900085221768088,2.1545435051245185,-2.4045948425489185,-0.8072254212975688,0.6479983423307026,1.1164459703451501,True
141,Birch,96,24,1.09026805296527,-0.05376783542793125,0.725701829234992,0.15580718209333483,0.9784290436665879,0.42015445869503687,0.6002548142427453,0.24073326796804173,-0.85297648276852,3.03351258869906,-0.8882308568481527,0.7806951859922902,-0.4664560440165667,1.9178597024865507,-0.3223098674529226,0.6339242316395923,True
141,Oak,71,18,0.3533515907814759,0.41780613233283626,0.3305010572258086,0.6398949474567885,0.1309432174998755,0.10798575986543171,0.20900338589751014,0.10000050230207691,0.09198783474877303,0.6147153468141787,0.202265653525665,0.6333466111400075,-0.08667144704519442,0.7476735614968115,0.4402931094551171,0.83949678545846,True
141,Pine,356,89,0.5253192839935692,0.6736066255591345,-0.58123424452932,0.8367508077045822,0.13471370171026592,0.1686237799328099,0.21447371869329993,0.09344671175339761,0.26037431331701427,0.7902642546701242,0.34196981458533576,1.0052434365329332,-1.003045332701339,-0.1594231563573011,0.6529667086040102,1.0205349068051541,True
141,Spruce,6,1,11.8598107585823,0.7104879998793509,-0.049619166971161685,-0.17667758735441885,8.12753647909004,0.225272561019008,0.1596125631153094,0.33171232677234946,-23.110156258879428,46.829777776044025,-0.2587815997147246,1.6797575994734264,-0.7363765973530454,0.6371382634107221,-1.6039205356153268,1.250565360906489,True
142,Alder,92,23,0.9179907143499041,1.3569425684294958,-2.124191583971806,1.3772037712203096,0.6044025989213198,0.22753943595723874,0.3999583811830562,0.14946309566303853,-0.28313244476405275,2.119113873463861,0.9047557535022743,1.8091293833567172,-2.919024821251175,-1.3293583466924372,1.0801772760428616,1.6742302663977575,True
142,Aspen,53,13,1.8584044460499456,1.7898850418032106,-1.885235210307286,0.9256464621083065,1.1086859955565163,0.2966511328522587,0.4503596702353477,0.12156011629358922,-0.36958347637240774,4.086392368472299,1.1937422711569754,2.386027812449446,-2.7902668514139313,-0.980203569200641,0.6813622625821589,1.169930661634454,True
142,Birch,96,24,1.050779311731661,0.039059103417542464,0.6625608866269733,0.13222176318108664,0.8385410728916977,0.38350879066545057,0.5659102939561662,0.1914636692776424,-0.6146356393400598,2.716194262803382,-0.7226224581535842,0.8007406649886691,-0.4613858048211602,1.7865075780751067,-0.24804161056449542,0.5124851369266687,True
142,Oak,71,18,0.3553606171498078,0.4339221247674414,0.3760570382339509,0.5740019242861318,0.13638563436223813,0.1096072245291475,0.21036452666545766,0.09467711704863278,0.08313375159374103,0.6275874827058746,0.21514518894573662,0.6526990605891462,-0.043832314380879756,0.7959463908487816,0.38502560772203,0.7629782408502337,True
142,Pine,356,89,0.5660509106036908,0.7502491580715415,-0.6350805560156135,0.790986173317941,0.14453575445975297,0.1586394709350633,0.20549876022857044,0.0942449261264588,0.28178865115354623,0.8503131700538354,0.43824874949074477,1.0622495666523382,-1.0392403579630491,-0.2309207540681779,0.6056322050728097,0.9763401415630723,True
142,Spruce,6,1,12.979986461924623,0.7915629712151363,-0.07396005944327187,-0.25446681404437455,12.43736138312899,0.29270417978586377,0.2128742017208949,0.4531422900078529,-40.53366044341271,66.49363336726195,-0.46784146693398065,2.050967409364253,-0.9898838245595675,0.8419637056730237,-2.2041807250874235,1.6952470969986746,True
143,Alder,92,23,0.7710220070869284,1.1617783714472136,-1.847000246831455,1.3536635790590121,0.47931003529644034,0.22996267425907493,0.4159150655132986,0.1511665647944012,-0.18150596816955744,1.7235499823434142,0.7047758796026824,1.6187808632917449,-2.673544041156625,-1.0204564525062851,1.0532517969417545,1.6540753611762697,True
143,Aspen,53,13,0.7043596346453667,1.4799213944088496,-1.2242675546415962,0.9006340368183106,0.44219561390263346,0.30139167117303095,0.46599461157416333,0.12269694832243953,-0.18426572102052763,1.592984990311261,0.8742521553425281,2.0855906334751713,-2.1607187866966933,-0.28781632258649903,0.65406528779821,1.147202785838411,True
143,Birch,96,24,0.9457954307151516,-0.08478560913205828,0.8927405482488081,0.09435795352567529,0.6854663545034748,0.352305553557155,0.5252876960446842,0.18309330972075474,-0.4155999166945724,2.3071907781248755,-0.7844948484378172,0.6149236301737008,-0.1505261573283233,1.9360072538259394,-0.26928116363601107,0.4579970706873616,True
143,Oak,71,18,0.3917995134690117,0.47330378763060876,0.3136133502497098,0.5625705048150358,0.14556811759760327,0.10864910161659816,0.2060144132404528,0.09255631714632857,0.10124433466445887,0.6823546922735646,0.25643927314653553,0.690168302114682,-0.09759313962785354,0.7248198401272732,0.3778273225731492,0.7473136870569224,True
143,Pine,356,89,0.5073414027832517,0.785861806016848,-0.6862068812579019,0.8402284082524002,0.14029831770533338,0.17026412310838487,0.21767187135830793,0.10086099911880952,0.23141302134544223,0.7832697842210612,0.4509988890936565,1.1207247229400394,-1.114307860163323,-0.2581059023524808,0.6418624357144738,1.0385943807903266,True
143,Spruce,6,1,18.918689424456822,0.7870641120941793,0.24702600004947858,-0.6550068248504605,25.451682988812244,0.28237743134817445,0.8436270688529425,1.124981695920833,-90.59106386271705,128.42844271163068,-0.42790791370062853,2.002036137888987,-3.3828083105961895,3.8768603106951467,-5.495412389662427,4.1853987399615065,True
144,Alder,92,23,1.1529573242099163,1.4804172440393268,-2.465263497528767,1.4925894457746132,0.7606788398746517,0.21680392091944845,0.39259030297886766,0.14634293662698578,-0.3587320246645107,2.664646673084343,1.0495650093404487,1.911269478738205,-3.2454542276696685,-1.6850727673878652,1.2017636110261742,1.783415280523052,True
144,Aspen,53,13,1.7652282384381957,1.904462060489764,-1.9627474527811077,0.91721772748021,1.0573632556634378,0.30275901707714,0.4565406615425571,0.11870979798408555,-0.35962277679340215,3.8900792536697937,1.296045036953955,2.512879084025573,-2.880200260959632,-1.0452946446025835,0.6786614570467772,1.1557739979136428,True
144,Birch,96,24,0.9818377207041741,-0.16072883229125162,0.9389584958852264,0.0912130103082126,0.798592145536427,0.389163148816953,0.5869294707947665,0.21546383686796147,-0.604235212370369,2.5679106537787173,-0.9336404372182183,0.6121827726357152,-0.22673409507562736,2.10465108684608,-0.3367167678930361,0.5191427885094613,True
144,Oak,71,18,0.36974308179302845,0.44417980212713826,0.3688298142466009,0.5617990394081516,0.15104742276309194,0.12625012560368418,0.24934614949529224,0.10316170876541565,0.06825116410390625,0.6712349994821507,0.19218349672544172,0.6961761075288349,-0.1288671831900428,0.8665268116832445,0.3558874068968573,0.7677106719194459,True
144,Pine,356,89,0.43836043078263925,0.8359519795563235,-0.7592601726972638,0.893319213591181,0.11138133085667296,0.15776996489890976,0.19992603638694129,0.09392681771967318,0.2193038458689158,0.6574170156963627,0.5256616513038608,1.1462423078087862,-1.1524599524935417,-0.3660603929009859,0.7085908774936175,1.0780475496887447,True
144,Spruce,6,1,11.701202228254695,0.780338160746647,-0.07130235221712332,-0.21656258053491081,11.416641896972058,0.29113361431698914,0.21032674483087965,0.4542709438348618,-37.42064319371547,60.82304765022486,-0.47230867960065004,2.032985001093944,-0.9762652949918116,0.8336605905575649,-2.1711326970476215,1.7380075359778,True
145,Alder,92,23,0.5329576130940985,1.2661997470899329,-1.8003679197948763,1.3398800913295574,0.3712286173057976,0.23055873584927924,0.4212004377932778,0.15323202572502684,-0.20478125561300176,1.2706964818011988,0.8080127080883736,1.7243867860914923,-2.6374152808839084,-0.9633205587058441,1.0353636396386627,1.6443965430204521,True
145,Aspen,53,13,1.0222914135703651,1.6891744679209975,-1.5958958333467859,0.9360620148785174,0.609145350915167,0.29466744703564046,0.44370213803665576,0.1265064935766026,-0.20183199944115549,2.2464148265818857,1.0970180631700825,2.281330872671912,-2.487548662606549,-0.7042430040870228,0.6818376980509275,1.1902863317061072,True
145,Birch,96,24,0.821229737366309,-0.425031704502161,1.1865309785278004,0.13473519008859314,0.6908463144109355,0.398140093370415,0.5928935735513466,0.21281033572343241,-0.5508506748013683,2.1933101495339864,-1.2157722961747877,0.36570888717046557,0.008993164689212518,2.364068792366388,-0.28792450579749224,0.5573948859746785,True
145,Oak,71,18,0.40310337997379503,0.45037589045422394,0.3025104008675841,0.5919710228952326,0.20180482830795507,0.21821789156037907,0.35526632866106145,0.10834386124544493,0.00029925678847614323,0.8059075031591139,0.014811155901921114,0.8859406250065267,-0.4066041590437911,1.0116249607789594,0.37571577074196705,0.8082262750484982,True
145,Pine,356,89,0.4863442787226501,0.7526764204693615,-0.6753395807079664,0.868137138323422,0.12926890998556523,0.16341057083285304,0.20863387068531883,0.09638753970330607,0.2321077227472469,0.7405808346980534,0.43129256457424836,1.0740602763644747,-1.085665286624231,-0.2650138747917019,0.6785692357562282,1.057705040890616,True
145,Spruce,6,1,3.9858988778055817,0.5181254029726587,-0.04566899010548293,0.3205609250021061,4.805823384666758,0.3188932897535844,0.1658540700980364,0.5840200968814401,-16.6918902266684,24.663687982279562,-0.8539616806673838,1.8902124866127012,-0.7592814575440145,0.6679434773330486,-2.1922747390422272,2.833396589046439,True
146,Alder,92,23,0.8758476687020013,1.4330960132874098,-2.254700769988108,1.4354515553806653,0.5977354423805253,0.23612215736729286,0.41676548681195735,0.1578758483002391,-0.31202591779119204,2.0637212551951944,0.9638528430893183,1.9023391834855012,-3.0829345979409393,-1.426466942035277,1.121706482151977,1.7491966286093534,True
146,Aspen,53,13,1.5198150657213323,1.7628605070938093,-1.7346208517333221,0.8731266429658859,0.7665160006584693,0.24759412929933206,0.37209554956060725,0.11133294666183755,-0.02055650806526743,3.060186639507932,1.2653014759952965,2.260419538192322,-2.482374853976314,-0.9868668494903301,0.6493947102776267,1.0968585756541451,True
146,Birch,96,24,0.8984271217011701,-0.6062243677396794,1.3875781302393475,0.07678805401874444,0.7472973335972692,0.4022339516576327,0.6069688202671734,0.21213279471703725,-0.5857698872504302,2.3826241306527702,-1.405095715340086,0.1926469798607272,0.18208566149074468,2.5930705989879503,-0.3445259869453662,0.49810209498285507,True
146,Oak,71,18,0.4289470607162769,0.48818812434441283,0.264011750158127,0.5674316146150252,0.17621815621297976,0.1168164801289827,0.22646476073334396,0.09938593920195571,0.07721414878423466,0.7806799726483191,0.25502145411913335,0.7213547945696923,-0.18801380415796742,0.7160373044742214,0.36905644969527146,0.7658067795347789,True
146,Pine,356,89,0.5772353453516392,0.7278628834457855,-0.6515772628300082,0.8215002614520791,0.14357636489384784,0.15726032707203372,0.20066642922980701,0.09184372181291693,0.2948599425254245,0.8596107481778539,0.4185748732751743,1.037150893616397,-1.0462331926507584,-0.2569213330092578,0.6408688047136692,1.002131718190489,True
146,Spruce,6,1,3.9858988778055964,0.51812540297266,-0.04566899010548431,0.32056092500210515,4.805823384583922,0.3188932897489053,0.1658540700979024,0.5840200968712914,-16.69189022631197,24.66368798192316,-0.8539616806472502,1.8902124865925702,-0.7592814575434393,0.6679434773324707,-2.192274738998562,2.8333965890027724,True
147,Alder,92,23,0.6115577929256514,1.3368327404067586,-2.2291154382911214,1.598279520869748,0.4250888725324256,0.2200842905050097,0.4006739450809809,0.15347596658086482,-0.2332170151105467,1.4563326009618494,0.8994614604775941,1.774204020335923,-3.025370708452475,-1.4328601681297677,1.2932782879884281,1.9032807537510679,True
147,Aspen,53,13,2.9382963584279658,2.1958561922081903,-2.397641155669745,0.903736756762713,2.1561207129999658,0.39657035521687845,0.6004063752830511,0.1185350397549257,-1.3945904346782054,7.271183151534137,1.3989182265848048,2.9927941578315758,-3.6042029396530895,-1.1910793716864,0.6655316761390844,1.1419418373863417,True
147,Birch,96,24,1.3273030567015456,-0.014685879946002556,0.6538412250556362,0.12270030473033965,1.3182858311867838,0.43817952808434846,0.631873247539971,0.2498272849411473,-1.290926394449073,3.945532507852164,-0.8849482450424304,0.8555764851504253,-0.6011135859309744,1.908796036042247,-0.3734782474923241,0.6188788569530034,True
147,Oak,71,18,0.536036635859192,0.47954689235381787,0.25620695169393193,0.5215243698505827,0.18817141477221833,0.10157658515622427,0.19340091422353117,0.08952368666453785,0.16044491998508525,0.9116283517332988,0.27679917980863233,0.6822946048990034,-0.12982288877236603,0.6422367921602299,0.34283434338502217,0.7002143963161432,True
147,Pine,356,89,0.546980681077065,0.7332977837220225,-0.617522958816949,0.8054452447066994,0.14340972902833488,0.16613556084476624,0.21453607418911924,0.0989777141185004,0.2649330053783918,0.8290283567757382,0.40655461849434404,1.060040948949701,-1.0394566831781724,-0.19558923445572557,0.610783178177203,1.0001073112361958,True
147,Spruce,6,1,11.859810758582253,0.7104879998793486,-0.04961916697116036,-0.1766775873544169,8.127536479222357,0.2252725610216909,0.1596125631154328,0.33171232677792817,-23.11015625944879,46.8297777766133,-0.25878159972627046,1.6797575994849678,-0.736376597353575,0.6371382634112543,-1.603920535639328,1.2505653609304943,True
148,Alder,92,23,1.142895386959127,1.397451921851499,-2.0984793732994924,1.2521777102178453,0.7556302076091643,0.24160560049311688,0.42022298811281145,0.15108544958824258,-0.3587608661828374,2.644551640101091,0.9173115607050792,1.8775922829979186,-2.9335842585451513,-1.2633744880538336,0.9519271275276704,1.5524282929080202,True
148,Aspen,53,13,1.050036630425458,1.566041369797566,-1.4270170627211307,0.8902913276678287,0.6410882085237973,0.3006489669184969,0.4619667596237502,0.13360861801738347,-0.23827835823951138,2.338351619090427,0.9618646508096665,2.1702180887854654,-2.355374023237855,-0.4986601022044064,0.6217947574330354,1.158787897902622,True
148,Birch,96,24,1.1875363346163355,-0.22510324119303604,0.9820776600237286,0.02527646521672335,1.0167925881388347,0.4095475764624138,0.630227231044938,0.2286324010727931,-0.8319015118635298,3.206974181096201,-1.0385000789455328,0.5882935965594607,-0.26960802012462115,2.2337633401720787,-0.4288072181656339,0.47936014859908055,True
148,Oak,71,18,0.4296119341850258,0.4938378703803317,0.23315921822145672,0.5880309216289612,0.1705652411536879,0.12578848612781066,0.26321983103035185,0.12764427459087108,0.08916228793592551,0.7700615804341261,0.24276300122902655,0.7449127395316368,-0.29222976346025253,0.7585481999031659,0.3332518832020837,0.8428099600558387,True
148,Pine,356,89,0.5410364513216075,0.7442058669335532,-0.673968408913583,0.8410049543568662,0.14624206801024103,0.1688807914621283,0.21680505741002534,0.09912910506842786,0.2534183402553343,0.8286545623878807,0.4120635846436647,1.0763481492234417,-1.100364602090499,-0.2475722157366671,0.6460451432751824,1.03596476543855,True
148,Spruce,6,1,11.859810758582286,0.7104879998793499,-0.04961916697116041,-0.17667758735441882,8.127536479122092,0.22527256102000878,0.1596125631155524,0.33171232677355916,-23.11015625901736,46.82977777618193,-0.2587815997190316,1.6797575994777314,-0.7363765973540898,0.6371382634117689,-1.6039205356205317,1.250565360911694,True
149,Alder,92,23,1.0961470401852238,1.1385565585767083,-1.8323287308242375,1.25342428746883,0.7290353401229894,0.2446672644564616,0.43873096399489464,0.1575060977916455,-0.3526575023449372,2.5449515827153846,0.6523317836664149,1.6247813334870018,-2.7042143289589,-0.9604431326895749,0.9404140156783858,1.566434559259274,True
149,Aspen,53,13,1.3190153635278268,1.775432668780572,-1.540176547099181,0.7370402869082818,0.9206191774912444,0.35122681041229564,0.5141122600020743,0.15871085985945074,-0.5310381383848664,3.16906886544052,1.0696159679601362,2.4812493696010076,-2.573323813903899,-0.5070292802944631,0.41809887307124055,1.0559817007453232,True
149,Birch,96,24,1.5733842111839493,0.03418010762579014,0.5437715686550144,0.11347165433645917,1.2863647391249446,0.38779818211235023,0.5819098708740407,0.19355526094665745,-0.9814471958005133,4.1282156181684115,-0.7360205556060712,0.8043807708576515,-0.6119516635867166,1.6994948008967454,-0.2709458010036026,0.49788910967652095,True
149,Oak,71,18,0.4776953255082091,0.45235399037041407,0.27918792880965615,0.5627653656889011,0.1578717186772862,0.09698882325599895,0.18343124191000704,0.08634022894717477,0.16258205616401444,0.7928085948524037,0.25876348890435724,0.645944491836471,-0.08694236243195291,0.6453182200512653,0.39042954742188357,0.7351011839559187,True
149,Pine,356,89,0.4912612086749658,0.6216111679224587,-0.5096724359366401,0.8393329837066837,0.13386366825218857,0.17917796666961489,0.2331958705962272,0.09964962402542041,0.22798802109667926,0.7545343962532524,0.26921716105843235,0.9740051747864851,-0.9683048713357695,-0.05104000053751079,0.6433494543391377,1.0353165130742297,True
149,Spruce,6,1,11.70120222825476,0.7803381607466481,-0.0713023522171229,-0.21656258053491387,11.416641897011857,0.2911336143180875,0.21032674483128094,0.45427094383602923,-37.42064319388665,60.82304765039616,-0.4723086796053749,2.032985001098671,-0.9762652949935378,0.833660590559292,-2.1711326970526477,1.73800753598282,True
150,Alder,92,23,0.690915779047034,1.0494567995991577,-1.6839802587079875,1.3371452981429566,0.47900209924095416,0.24666881962915155,0.44352698099808685,0.15661327898670374,-0.26100023800736794,1.642831796101436,0.5592543543802772,1.5396592448180382,-2.565396932824652,-0.802563584591323,1.025909316114704,1.6483812801712092,True
150,Aspen,53,13,0.9331918620565709,1.609989662532047,-1.459840046677186,0.9181307549950956,0.5556448869828629,0.2865637000913072,0.4403287373787254,0.12233794112549583,-0.1834183434616654,2.049802067574807,1.0341183469684259,2.185860978095668,-2.3447137735098567,-0.5749663198445151,0.6722834579479243,1.1639780520422667,True
150,Birch,96,24,0.6634999941738465,-0.28860078014431584,1.0295606542400633,0.2324857898049323,0.5646541131078561,0.39119446019950127,0.5506582769944779,0.22056086576247524,-0.45795181367984206,1.784951802027535,-1.0655467448136287,0.48834518452499703,-0.06409421501455448,2.123215523494681,-0.20556712774081473,0.6705387073506793,True
150,Oak,71,18,0.32543855100160124,0.4558191165509365,0.2593037456472103,0.6852738263887089,0.11975770336738249,0.09980007373903424,0.19420969386652226,0.09356260414959641,0.08640117462142244,0.5644759273817801,0.25661733563548356,0.6550208974663894,-0.12834042574306342,0.6469479170374841,0.49852208688175265,0.8720255658956653,True
150,Pine,356,89,0.42320367831568073,0.7260863065832095,-0.6313264233487339,0.8884270791118394,0.11013319231923223,0.15492524914379896,0.19925616677905983,0.09517635775588755,0.20660184020205438,0.639805516429307,0.42139075542284965,1.0307818577435692,-1.023208753016598,-0.23944409368086972,0.7012412398497794,1.0756129183738994,True
150,Spruce,6,1,11.701202228254816,0.7803381607466494,-0.07130235221712339,-0.21656258053491606,11.41664189698441,0.291133614316711,0.21032674483075045,0.4542709438351608,-37.4206431937685,60.82304765027813,-0.4723086795994508,2.0329850010927495,-0.9762652949912558,0.8336605905570089,-2.1711326970489138,1.7380075359790814,True
151,Alder,92,23,1.4282426424471044,1.450641096142479,-2.40370333985176,1.414894913415973,0.8700816533678708,0.22193256561317154,0.3814591424778856,0.1526456792321335,-0.3008618088664117,3.1573470937606203,1.0095967578234446,1.8916854344615133,-3.1617732275452513,-1.6456334521582692,1.1115437021676844,1.7182461246642615,True
151,Aspen,53,13,1.1004460914153305,1.5782545588953407,-1.3852859260159027,0.8262462553640749,0.7810689484301186,0.3523312049092973,0.5097346084640206,0.1605382989683292,-0.4691707258404112,2.6700629086710723,0.8702184942417088,2.2862906235489726,-2.409635972692967,-0.3609358793388384,0.5036324651464701,1.1488600455816798,True
151,Birch,96,24,0.6531887048089909,-0.433525710991912,1.3287703934154653,0.09356656512623507,0.6573637013242295,0.4593426752844346,0.7031663858271119,0.223062498686971,-0.6523923476514107,1.9587697572693927,-1.3458199131660535,0.4787684911822296,-0.06777874401574069,2.7253195308466713,-0.34945481134088746,0.5365879415933577,True
151,Oak,71,18,0.35611839898363956,0.4376132018868122,0.40775812774730624,0.5423496090329541,0.1418737068861005,0.1105924687281742,0.21262125808232282,0.09911548359605914,0.07293729482244682,0.6392995031448323,0.21686971041309516,0.6583566933605292,-0.01663567962837864,0.8321519351229911,0.3445142757619629,0.7401849423039454,True
151,Pine,356,89,0.5334497489873777,0.6896531207197518,-0.5722450591672046,0.8115555781536596,0.14425998782856247,0.16775823910405877,0.2164477178675914,0.09906043372099854,0.2497298470041186,0.8171696509706369,0.3597185915968819,1.0195876498426217,-0.9979384632930457,-0.14655165504136347,0.6167308248122056,1.0063803314951136,True
151,Spruce,6,1,39.391289516312455,1.3022601313603983,-0.465946917800642,-0.6691433979105815,107.87327897688904,1.2135153421988616,0.9240974842970942,1.058995401400634,-424.7499687348726,503.5325477674975,-3.9190749682796806,6.523595231000478,-4.442017481116872,3.5101236455155878,-5.225632852482681,3.8873460566615177,True
152,Alder,92,23,0.6007536768842812,0.8011663977339516,-1.0620640914627744,1.0456305888061708,0.35433496980750645,0.2357745102305948,0.4205293440751634,0.14422895192516946,-0.10341261736943463,1.304919971137997,0.3326141031671578,1.2697186923007453,-1.8977777948074461,-0.2263503881181027,0.7590058544300595,1.332255323182282,True
152,Aspen,53,13,0.9231013685186564,1.532202403679606,-1.3900426107225716,0.9198949337171943,0.5892855432943012,0.33252923579730276,0.508616591557783,0.12351256723111174,-0.2611122668838217,2.1073150039211344,0.8639598857998365,2.2004449215593755,-2.412145918310169,-0.367939303134974,0.6716871371352918,1.168102730299097,True
152,Birch,96,24,1.360152860588737,0.10109890019666455,0.540768795636142,0.11705241552010563,1.0855922222379812,0.3844831867831314,0.5672211987189663,0.1937706127938553,-0.7959269977866876,3.5162327189641616,-0.6625178961710784,0.8647156965644075,-0.5857814658242146,1.6673190570964986,-0.2677927471770059,0.5018975782172171,True
152,Oak,71,18,0.3761264661641452,0.4191517044157592,0.3671324682999945,0.5815107864377721,0.1313028070874437,0.10164156749635567,0.1941989011680373,0.09378508314085066,0.11404496631063565,0.6382079660176547,0.2162742865768073,0.6220291222547112,-0.020490160773940835,0.7547550973739299,0.3943149770056772,0.768706595869867,True
152,Pine,356,89,0.42845256549197286,0.8270627669814773,-0.7620889417847769,0.9090537435616189,0.11242178132645007,0.15969653860756441,0.20373925387411235,0.09431361701124893,0.20734969934845746,0.6495554316354882,0.5129833956824243,1.1411421382805302,-1.1627882764332758,-0.3613896071362782,0.7235646791516179,1.09454280797162,True
152,Spruce,6,1,3.9858988778055515,0.5181254029726575,-0.04566899010548403,0.32056092500211053,4.805823384541212,0.31889328974624814,0.1658540700976205,0.5840200968663509,-16.691890226128244,24.66368798173935,-0.8539616806358198,1.890212486581135,-0.759281457542226,0.667943477331258,-2.1922747389772996,2.8333965889815205,True
153,Alder,92,23,1.0118800093143767,1.38759080194223,-2.191471940271824,1.3745077392385006,0.6705241203002585,0.23864645779750004,0.41915277435447995,0.1602863467884599,-0.3206457790831625,2.344405797711916,0.9133311150833989,1.8618504888010612,-3.024450000562348,-1.3584938799813,1.0559723067949802,1.693043171682021,True
153,Aspen,53,13,1.2331663956807732,1.6424003968003107,-1.47526724237471,0.8180486240731857,0.7797467993113978,0.31834971067157647,0.45204241395399075,0.16523334364515035,-0.33379346344619454,2.800126254807741,1.0026527014874524,2.282148092113169,-2.383680483588775,-0.5668540011606451,0.4859997883358255,1.1500974598105458,True
153,Birch,96,24,1.4771129418652011,-0.12726463795584092,0.8089199988665366,0.032495662768789596,1.2687893043078193,0.41379094922427,0.6171218511114678,0.21615341324485002,-1.0428121345145025,3.997038018244905,-0.9490891802883834,0.6945599043767015,-0.416737265517502,2.034577263250575,-0.3968036736390902,0.46179499917666933,True
153,Oak,71,18,0.4316652755794192,0.4275185387482926,0.41321255793749534,0.49405538123784654,0.16161665426113267,0.10631442060862879,0.20410734682268736,0.09361950600097521,0.1090770835245804,0.754253467634258,0.21531406706011041,0.6397230104364748,0.005812588561472876,0.8206125273135179,0.30719006516017866,0.6809206973155144,True
153,Pine,356,89,0.5068445587550314,0.7255016372970203,-0.6266426448218555,0.8365560569877754,0.13523356597950398,0.15886525279724983,0.20306452767320435,0.09574764967938644,0.24087715738419346,0.7728119601258694,0.4130571776056323,1.0379460969884082,-1.0260149777530474,-0.22727031189066355,0.6482466429148568,1.024865471060694,True
153,Spruce,6,1,19.776425212335887,0.9376478909571238,-0.10223911452741957,-0.48766708268588616,8.514510667534786,0.1364178890131749,0.09176948713040622,0.21008069397654813,-16.85855735335958,56.411407778031354,0.3506890884152015,1.524606693499046,-0.4970913488318769,0.29261311977703774,-1.3915713540805408,0.4162371887087685,True
154,Alder,92,23,0.6290375140221924,1.1466681216024819,-1.73730090065701,1.3378646136412367,0.4041829698498394,0.23522474899703896,0.4049303732562899,0.1506135281422589,-0.17419120549775535,1.43226623354214,0.6792083619632107,1.6141278812417532,-2.542014927391537,-0.9325868739224827,1.0385518756576615,1.6371773516248118,True
154,Aspen,53,13,1.2750111792200918,1.681127044098422,-1.6115802955670022,0.8957506712515342,0.782588254288762,0.2884939707408423,0.43579373249807185,0.12756594655096912,-0.2976587974668048,2.8476811559069883,1.101376704436538,2.260877383760306,-2.4873405888912514,-0.735820002242753,0.6393973039617544,1.152104038541314,True
154,Birch,96,24,1.2906704293208022,0.1811394956958404,0.4712579587789364,0.11119767311716376,0.9642300649126937,0.3543868029079184,0.5343080252215325,0.1860027263977833,-0.6243737089951986,3.205714567636803,-0.5227032844676333,0.8849822758593141,-0.5899238991507286,1.5324398167086013,-0.2582197966970784,0.48061514293140595,True
154,Oak,71,18,0.45615695201708084,0.47769836513779806,0.25644756944935004,0.570897986460703,0.21010564978357532,0.20028002037646547,0.30206902099876287,0.11401377697579432,0.03678431982115132,0.8755295842130104,0.07793777132201646,0.8774589589535797,-0.3464847199564232,0.8593798588551234,0.34332553514304054,0.7984704377783655,True
154,Pine,356,89,0.47412423199909065,0.7621737967198049,-0.684460891922025,0.8732849653400562,0.13053987097276104,0.1756453379821584,0.22224778558197086,0.10037862237992266,0.21738804371302706,0.7308604202851543,0.4167275033557928,1.1076200900838171,-1.1215614413567623,-0.24736034248728772,0.675867695787178,1.0707022348929343,True
154,Spruce,6,1,12.9799864619247,0.7915629712151372,-0.07396005944327079,-0.2544668140443781,12.437361382914139,0.29270417978190566,0.212874201720324,0.45314229000052436,-40.5336604424882,66.4936333663376,-0.4678414669169494,2.0509674093472237,-0.98988382455711,0.8419637056705684,-2.204180725055895,1.695247096967139,True
155,Alder,92,23,1.1212690057049974,1.430090043125801,-2.1881140881749035,1.311659036603886,0.7356629153278575,0.22457137686870166,0.4040129981195862,0.15551760376588875,-0.3407064498582042,2.5832444612681993,0.9838016219434493,1.8763784643081527,-2.991005024598011,-1.385223151751796,1.0026004788371057,1.6207175943706664,True
155,Aspen,53,13,2.7183329985054736,1.8559304277253634,-1.8466891447706546,0.7151866893229771,1.5385080268941849,0.25358496554194193,0.3494974665058028,0.1578171024977156,-0.3734146344656466,5.810080631476594,1.3463323604640054,2.3655284949867212,-2.5490305989001216,-1.1443476906411874,0.3980413481480808,1.0323320304978734,True
155,Birch,96,24,1.6074304268464068,0.03396285550059325,0.721514381329905,-0.05173048144100513,1.2015507164576407,0.35788339880731235,0.5364195282542746,0.1828668479868568,-0.7789530102329405,3.9938138639257543,-0.6768244659345741,0.7447501769357607,-0.34386110388129,1.7868898665411,-0.4149198260516837,0.31145886316967347,True
155,Oak,71,18,0.3310747663654909,0.436044790073609,0.33323038160394114,0.6338466498387285,0.13105773782639843,0.11185749141398404,0.21443001486137284,0.09786387620554021,0.06948242680434258,0.5926671059266392,0.21277630275098403,0.659313277396234,-0.09477371941312746,0.7612344826210098,0.43850953537517284,0.8291837643022841,True
155,Pine,356,89,0.45321627989067603,0.8122039608950371,-0.7830440221741939,0.9251664243311243,0.11753850044570853,0.16135020511397605,0.2065640273026324,0.09831045478096309,0.22205022804443422,0.6843823317369179,0.49487228030236574,1.1295356414877085,-1.1892989128180047,-0.376789131530383,0.7318166742428885,1.11851617441936,True
155,Spruce,6,1,11.701202228254813,0.7803381607466496,-0.07130235221712307,-0.21656258053491642,11.416641897021542,0.291133614316697,0.21032674483044997,0.45427094383676264,-37.420643193928264,60.82304765043789,-0.4723086795993904,2.0329850010926895,-0.9762652949899626,0.8336605905557164,-2.171132697055806,1.738007535985973,True
156,Alder,92,23,0.8516022662521133,1.5404410216926365,-2.4094598792330646,1.490250053107009,0.49663651447194157,0.21186064340435093,0.36585851244683065,0.13565628750922473,-0.1353584454630543,1.838562977967281,1.1194125122985594,1.9614695310867136,-3.136526792980859,-1.68239296548527,1.2206616878393037,1.7598384183747144,True
156,Aspen,53,13,1.4180164248422427,1.628551150827656,-1.5955221286858063,0.8916266067828368,0.7273693191798414,0.2677183618898997,0.39776028864449303,0.11407623150182193,-0.04368694722912081,2.879719796913606,1.0905509602489092,2.166551341406403,-2.394851355059158,-0.7961929023124544,0.6623818368117529,1.1208713767539207,True
156,Birch,96,24,0.7237402939989955,-0.29784560258397946,1.028020519858984,0.21931552270006907,0.6854858689710218,0.42371270645390424,0.6049943822644233,0.24105236238249655,-0.637693810827706,2.085174398825697,-1.1393756111904094,0.5436844060224506,-0.17355054458868846,2.2295915843066565,-0.2594352758965527,0.6980663212966908,True
156,Oak,71,18,0.42970495051238927,0.4457597655941335,0.36225411191062873,0.5211330110114395,0.16123546040982917,0.10802877458415647,0.2055007004846537,0.09779171214618203,0.10787762456925537,0.7515322764555232,0.2301334290490416,0.6613861021392253,-0.04792700301479025,0.7724352268360477,0.3259399366132232,0.7163260854096558,True
156,Pine,356,89,0.5347351268044451,0.6953839706345225,-0.5806665826038142,0.8084616610826553,0.13975388280083353,0.16771995527292516,0.21347211950288902,0.09709760196004383,0.2598774997737726,0.8095927538351176,0.365524735326523,1.025243205942522,-1.0005077993762348,-0.16082536583139356,0.6174972604502942,0.9994260617150164,True
156,Spruce,6,1,18.918689424456815,0.7870641120941758,0.24702600004948735,-0.6550068248504652,25.451682989005928,0.2823774313521993,0.8436270688453338,1.124981695919419,-90.5910638635504,128.42844271246403,-0.42790791371794923,2.002036137906301,-3.3828083105634428,3.8768603106624178,-5.495412389656349,4.185398739955418,True
157,Alder,92,23,1.149502375029791,1.1896943438459588,-1.9754484962840588,1.3237552510961965,0.6713623411194503,0.2230675960056981,0.3993494533489689,0.1428068395930388,-0.18468920110621845,2.4836939511658005,0.7463943711315812,1.6329943165603364,-2.7690716174503325,-1.1818253751177852,1.03995666614438,1.607553836048013,True
157,Aspen,53,13,1.3598157658498693,1.7174941191536142,-1.5844612354455314,0.8199705558251527,0.9410047182650861,0.3320527419751628,0.46121431324054524,0.18288823053383552,-0.5312040139974246,3.2508355456971634,1.050209151459462,2.3847790868477663,-2.5113060983432995,-0.6576163725477633,0.4524428965819731,1.1874982150683322,True
157,Birch,96,24,1.2347913541690376,0.14234355074828253,0.5663383001288285,0.07576726964215066,0.970771680090201,0.38314781565015177,0.5674071596200788,0.19234697745968762,-0.6932449965417702,3.162827704879845,-0.618621083284198,0.903308184780763,-0.5605812957327159,1.6932578959903728,-0.3062504303974424,0.45778496968174365,True
157,Oak,71,18,0.32823847217973917,0.44806211971875526,0.3218926478376465,0.6370479183958945,0.12594463815917217,0.1095865405756519,0.2086025962573662,0.09928218911308416,0.0768519222693384,0.57962502209014,0.22932646924102199,0.6667977701964886,-0.09447987696342247,0.7382651726387155,0.4388798395202592,0.8352159972715297,True
157,Pine,356,89,0.42237174042958064,0.8059316433074059,-0.7573436812499309,0.924599603939188,0.11237955501116123,0.1636198220984173,0.21158584359633018,0.09954664385174346,0.2013519218879346,0.6433915589712267,0.4841362474596739,1.127727039155138,-1.1734751097201492,-0.3412122527797127,0.7288186083803692,1.120380599498007,True
157,Spruce,6,1,11.701202228254704,0.7803381607466473,-0.07130235221712317,-0.2165625805349115,11.416641896990575,0.29113361431712204,0.21032674483110486,0.45427094383494343,-37.42064319379513,60.823047650304545,-0.4723086796012217,2.0329850010945165,-0.9762652949927804,0.8336605905585341,-2.1711326970479736,1.7380075359781504,True
158,Alder,92,23,0.7619419715427008,1.4253250937447908,-2.20763435253041,1.4403347138098925,0.5496695093827718,0.24713052698385093,0.434443671238159,0.15820730007462463,-0.33041067346040276,1.8542946165458045,0.9342051021793981,1.9164450853101833,-3.0709998572220476,-1.344268847838772,1.1259309498292875,1.7547384777904975,True
158,Aspen,53,13,1.0660158505435566,1.606540842609738,-1.4964573597411346,0.914086731107704,0.6084788679635396,0.2849720985688283,0.42957536036415556,0.12260543107098917,-0.15676821483240477,2.288799915919518,1.033867970053068,2.179213715166408,-2.3597213664098113,-0.633193353072458,0.6677018928898882,1.1604715693255196,True
158,Birch,96,24,0.836537443766464,0.06808477160592907,0.8020338690115489,0.06585634788937822,0.6897984898475756,0.3869796106866423,0.6008424060778971,0.1773172226781407,-0.5334618983733589,2.206536785906287,-0.7004901381178864,0.8366596813297446,-0.39129101234375696,1.9953587503668548,-0.28631096183145366,0.4180236576102101,True
158,Oak,71,18,0.2886848014891627,0.4661933879987802,0.31876132902739507,0.6558388440486967,0.12111857246669175,0.12216048847279477,0.252894487755314,0.11604059900248224,0.04693111901802774,0.5304384839602977,0.22236003247527092,0.7100267435222894,-0.18601818121915958,0.8235408392739497,0.4242208390336427,0.8874568490637508,True
158,Pine,356,89,0.4874073798282423,0.791654812621386,-0.7491299448196415,0.889486413107715,0.1250533695870712,0.164651539915282,0.20887013991699457,0.09438853543007672,0.24146163772763674,0.7333531219288478,0.4678303102814014,1.1154793149613706,-1.159920327631154,-0.33833956200812887,0.7038500046783049,1.0751228215371251,True
158,Spruce,6,1,18.918689424456364,0.7870641120941764,0.2470260000494674,-0.6550068248504405,25.451682989955216,0.28237743134853066,0.8436270688837921,1.1249816959772072,-90.59106386763531,128.42844271654803,-0.42790791370216397,2.0020361378905167,-3.3828083107289357,3.8768603108278707,-5.495412389904966,4.185398740204085,True
159,Alder,92,23,1.133580520261447,1.4671077750190353,-2.2049037809021126,1.2891066992629452,0.7952540980627985,0.26674926928352255,0.44305610931396316,0.15626543030355766,-0.446819888784205,2.713980929307099,0.9369996557207707,1.9972158943173,-3.085384696493282,-1.324422865310943,0.9785619933972036,1.5996514051286868,True
159,Aspen,53,13,1.4688395576583366,1.7669258540157715,-1.7795626036488756,0.9281942140031327,1.0773907990129092,0.3881733015274439,0.5969454947624525,0.12213590731034928,-0.6962583127488913,3.6339374280655647,0.9868623995515186,2.5469893084800246,-2.9791694878393624,-0.5799557194583889,0.6827529191079428,1.1736355088983228,True
159,Birch,96,24,1.364574206641584,0.2713223520582665,0.3866077087362176,0.10673215904160166,1.0517901423002032,0.3751960848319585,0.5702537268142229,0.18929078367433824,-0.7243718032849316,3.4535202165680996,-0.4738494582001217,1.0164941623166546,-0.7459654152798982,1.5191808327523335,-0.2692156763389579,0.4826799944221612,True
159,Oak,71,18,0.39858667023900285,0.4453317259446617,0.36801360359402446,0.5390989053994933,0.153281922272593,0.11517237195949276,0.2181429154940456,0.09987064653645596,0.09263467286185112,0.7045386676161546,0.21544670936060537,0.675216742528718,-0.06740147810352476,0.8034286852915737,0.33975626059081976,0.7384415502081669,True
159,Pine,356,89,0.5537842482014222,0.9300367872039046,-0.902159087261303,0.8646405820096588,0.13478448203599772,0.16227595900481637,0.20868876048013985,0.09551335471388035,0.2887000720016918,0.8188684244011527,0.6108844021517128,1.2491891722560964,-1.3125927463767941,-0.49172542814581177,0.6767919619909277,1.0524892020283898,True
159,Spruce,6,1,39.39128951631131,1.3022601313603868,-0.46594691780063463,-0.6691433979105694,107.87327896128747,1.2135153420064602,0.9240974841412901,1.0589954012649112,-424.74996866774563,503.53254770036824,-3.9190749674518557,6.52359523017263,-4.442017480446494,3.5101236448452244,-5.225632851898701,3.887346056077562,True
160,Alder,92,23,0.5140681243363446,0.8877711855935687,-1.2214163884423506,1.1702867613598509,0.3221146865400173,0.23223041137104647,0.40637810568404575,0.14279044995200374,-0.12606712753790073,1.15420337621059,0.426262042770315,1.3492803284168224,-2.0290074791575443,-0.4138252977271568,0.8865207473755516,1.4540527753441501,True
160,Aspen,53,13,0.8408985343185074,1.5723907258876324,-1.4313134355365777,0.9544667205729478,0.4979041482326601,0.28805387936473914,0.4385665663946914,0.11939155388374181,-0.1596773124337727,1.8414743810707874,0.9935247829572393,2.1512566688180255,-2.3126459471961462,-0.5499809238770094,0.714540410365799,1.1943930307800967,True
160,Birch,96,24,1.1089950527074317,0.013729956132656734,0.7342224009499847,0.06884172788906322,0.8575173024224834,0.37517859217242305,0.5669174579521394,0.18629803802739262,-0.5941083281827066,2.81209843359757,-0.731407112193981,0.7588670244592944,-0.39172460512947693,1.8601694070294463,-0.3011622563119825,0.438845712090109,True
160,Oak,71,18,0.340209564099441,0.46845222105594503,0.2703022292891924,0.648053955909259,0.12352829362264432,0.1046125772507366,0.20065045871349596,0.09554243493956797,0.09364605807015319,0.5867730701287288,0.2596446429273581,0.6772597991845319,-0.1301977625419533,0.6708022211203382,0.45735045760596293,0.838757454212555,True
160,Pine,356,89,0.46180089431620575,0.7699137303935851,-0.7498642906203111,0.9230299849097869,0.12446770312694366,0.16575161810898376,0.21165023224805476,0.10003163036714988,0.21700699780468855,0.7065947908277229,0.44392567541513844,1.0959017853720319,-1.1661223539407821,-0.33360622729984013,0.7262951536499846,1.1197648161695892,True
160,Spruce,6,1,39.39128951631337,1.3022601313604079,-0.4659469178006484,-0.6691433979105909,107.87327890778829,1.213515341426532,0.9240974837369591,1.0589954007428102,-424.7499684375552,503.5325474701819,-3.919074964956606,6.523595227677422,-4.442017478706812,3.5101236431055147,-5.225632849652302,3.887346053831121,True
161,Alder,92,23,1.198998788973467,1.5182707752654416,-2.374566192102663,1.3746045760640047,0.8260667231964546,0.2527659130060987,0.4357454165049033,0.14990020392619963,-0.4426352377091418,2.840632815656076,1.0159516381736249,2.0205899123572584,-3.2405186419694934,-1.5086137422358323,1.0767094200653426,1.6724997320626667,True
161,Aspen,53,13,1.002144701957352,1.6789190004355627,-1.3958698730577759,0.771367110284952,0.596342796216863,0.29309704722004193,0.4269284599180053,0.1559233570071919,-0.19625101416046453,2.2005404180751684,1.089918432266467,2.2679195686046585,-2.2538147341347226,-0.5379250119808292,0.4580273931532372,1.0847068274166667,True
161,Birch,96,24,1.070028564316383,-0.31780707707263234,1.1081780140385846,0.02817912118911842,0.9053558624532272,0.4096332226295434,0.6178282735913783,0.22215949354044862,-0.7280863260734609,2.868143454706227,-1.1313740155057643,0.49575986136049977,-0.118882266366791,2.3352382944439602,-0.4130488091123595,0.46940705149059636,True
161,Oak,71,18,0.31829097001630285,0.4497867442208821,0.4066376871513067,0.5593581773893327,0.1325750397643819,0.11396652407499722,0.22074873312100773,0.09960408204417776,0.053670083111360734,0.582911856921245,0.22230861008796263,0.6772648783538016,-0.03397862829872533,0.8472540026013388,0.3605475975341329,0.7581687572445325,True
161,Pine,356,89,0.4337566335823491,0.732479869019794,-0.6429757822232673,0.8861042478548616,0.12215078857559186,0.16719289900937093,0.21188705307407563,0.10007551890250513,0.19351947369134456,0.6739937934733536,0.40365720908994424,1.0613025289496438,-1.0596996072740532,-0.22625195717248148,0.6892830998613856,1.0829253958483378,True
161,Spruce,6,1,11.859810758582439,0.7104879998793543,-0.04961916697116326,-0.17667758735442396,8.12753647906214,0.22527256101868837,0.15961256311538818,0.33171232677118745,-23.110156258759247,46.82977777592413,-0.2587815997133459,1.6797575994720546,-0.736376597353386,0.6371382634110594,-1.6039205356103323,1.2505653609014844,True
162,Alder,92,23,1.074830882250282,1.349801521672447,-2.1178892389296684,1.3247487790372319,0.7262323653822271,0.2424251005278318,0.42073141916958406,0.160119232744724,-0.3684033369861843,2.518065101486748,0.8680325764128096,1.8315704669320845,-2.954004524061417,-1.2817739537979198,1.006545450639099,1.6429521074353648,True
162,Aspen,53,13,1.1401407508971286,1.6381647647912332,-1.5159445269068377,0.8842075935190462,0.6544999953928474,0.27872287040451077,0.42042167334798985,0.12272256200139463,-0.17512623254553894,2.455407734339796,1.078050186404746,2.1982793431777203,-2.360813510819396,-0.6710755429942792,0.6375873718839857,1.1308278151541067,True
162,Birch,96,24,0.4151727375088153,-0.6676697218616249,1.6492993505106648,0.13617467944932862,0.3991088235921634,0.44182487029468964,0.663411347890491,0.2043366380917117,-0.3774918360020428,1.2078373110196734,-1.545172051242616,0.20983260751936605,0.33170714995525463,2.966891551066075,-0.26965552151641503,0.5420048804150723,True
162,Oak,71,18,0.39754503840124694,0.37906874376245275,0.4030117260429155,0.5761034800821672,0.18107404097096852,0.2014118649001427,0.305565276803999,0.11405953237601096,0.036119739926075034,0.7589703368764189,-0.022951021178046427,0.781088508702952,-0.20689911915791853,1.0129225712437495,0.34843970060343055,0.8037672595609038,True
162,Pine,356,89,0.5595381870250817,0.74093239840056,-0.6677081675852766,0.8301120875021245,0.15651955083326002,0.17779199546765895,0.22693523969095755,0.10239839171704876,0.2517070809137317,0.8673692931364319,0.39126421745326573,1.0906005793478544,-1.114027655967473,-0.22138867920308014,0.628722484615632,1.0315016903886172,True
162,Spruce,6,1,3.9858988778055435,0.5181254029726564,-0.04566899010548305,0.3205609250021112,4.8058233845657305,0.31889328974765185,0.16585407009767367,0.5840200968693079,-16.69189022623375,24.663687981844834,-0.8539616806418605,1.8902124865871732,-0.7592814575424539,0.6679434773314877,-2.1922747389900215,2.833396588994244,True
163,Alder,92,23,1.1533964784755342,1.4298478962286227,-2.264697720193739,1.362904019518874,0.7972637138323636,0.23388440315735598,0.4123081526171141,0.15032359663417044,-0.43099761962117955,2.737790576572248,0.9650517922919222,1.8946440001653233,-3.0840735330769924,-1.4453219073104853,1.0641674594828183,1.6616405795549296,True
163,Aspen,53,13,0.7531647290503204,1.5218759170702025,-1.356480182374426,0.9634285174145604,0.5106560405528783,0.33026330245461755,0.5108448599117589,0.12083770452320883,-0.27303700473520853,1.7793664628358492,0.8581869627248787,2.1855648714155262,-2.383061362867852,-0.32989900188099974,0.72059605869318,1.2062609761359409,True
163,Birch,96,24,0.9502446096904053,-0.15377092008291496,0.805544308946367,0.2146587565462146,0.8591788942014505,0.41307029977903004,0.5972941974202923,0.2324227672001541,-0.7561588358962982,2.656648055277109,-0.9741641904129479,0.666622350247118,-0.3807335237443825,1.9918221416371165,-0.24695292113792935,0.6762704342303586,True
163,Oak,71,18,0.32757773085568254,0.46453531073347654,0.21106090660089305,0.7195628591183012,0.11833069997585875,0.10348665400830402,0.2027955450692125,0.10221795314714033,0.09138866516620756,0.5637667965451575,0.2579750848027763,0.6710955366641768,-0.19372069551636856,0.6158425087181547,0.5155349707052428,0.9235907475313596,True
163,Pine,356,89,0.5055527890089238,0.7044853653797664,-0.6224846583563657,0.851178656340311,0.13470728777335833,0.16803007881433438,0.2159056282303641,0.09887808364522149,0.2406204327903217,0.7704851452275259,0.3740162019683769,1.0349545287911557,-1.0471119205737307,-0.1978573961390006,0.6567125356759066,1.0456447770047155,True
163,Spruce,6,1,18.918689424455383,0.7870641120941749,0.24702600004943154,-0.6550068248503911,25.451682989851523,0.2823774313599701,0.8436270688436449,1.1249816959404215,-90.59106386719014,128.4284427161009,-0.42790791375138537,2.002036137939735,-3.382808310556232,3.876860310655095,-5.49541238974664,4.1853987400458585,True
164,Alder,92,23,1.5108346257966139,1.4317042242841849,-2.3922673473450953,1.3896381275884604,0.9894652906935641,0.23136257125474138,0.41787512496166285,0.14590115516136098,-0.4555197180009325,3.4771889695941605,0.9719197313283582,1.8914887172400117,-3.222706347946466,-1.5618283467437246,1.099690240669128,1.6795860145077928,True
164,Aspen,53,13,1.1521239890239792,1.6871718543232501,-1.6203104783327291,0.9225263922143859,0.6706125319094894,0.28879282494213326,0.4367502916617638,0.1262361177128722,-0.19552234880987296,2.4997703268578313,1.1068209446589397,2.267522763987561,-2.4979930492651827,-0.7426279074002755,0.6688454160272661,1.1762073684015057,True
164,Birch,96,24,1.1075950350691441,-0.20323783724200695,0.9546065855611577,0.05427414214709261,0.9955391363777762,0.4165407914037561,0.6409601393016814,0.2054630480317392,-0.8696316216801023,3.084821691818391,-1.0305238035010018,0.6240481290169879,-0.3183955768170018,2.227608747939317,-0.3537932061878174,0.4623414904820027,True
164,Oak,71,18,0.44138892376134164,0.47667314429508933,0.18493072290329884,0.6491119396763104,0.16252713721270515,0.10652597146154144,0.20883238281102684,0.09979532857020666,0.11698340012896657,0.7657944473937167,0.2640464153371923,0.6892998732529864,-0.2319004577785194,0.601761903585117,0.4499196301574786,0.8483042491951422,True
164,Pine,356,89,0.44481382429699373,0.7292353882027959,-0.6445564758897335,0.8806882212929547,0.12024142050586083,0.1666360962507965,0.21682598820128643,0.09871577363051519,0.20833186867120676,0.6812957799227807,0.4015078068630988,1.056962969542493,-1.0709938342028344,-0.2181191175766325,0.6865413199918439,1.0748351225940656,True
164,Spruce,6,1,12.979986461924554,0.7915629712151349,-0.07396005944327082,-0.2544668140443726,12.437361383207044,0.2927041797872402,0.2128742017211121,0.45314229001040507,-40.533660443748616,66.49363336759772,-0.46784146693990447,2.050967409370174,-0.989883824560501,0.8419637056739594,-2.2041807250984027,1.6952470970096574,True
165,Alder,92,23,0.800229536677742,1.2703254455485473,-1.997771177196872,1.377644180369925,0.5751174960110661,0.2505145907534066,0.4430027708561986,0.1550819852692648,-0.34269563423213,1.943154707587614,0.7724803383519743,1.7681705527451204,-2.8781460938115204,-1.1173962605822236,1.0694513228264184,1.6858370379134318,True
165,Aspen,53,13,1.4250856453377814,1.6606126634535983,-1.6644935715725813,0.9178217816035028,0.7102450668505351,0.2550651744804742,0.38805213116295373,0.11717508309570393,-0.002205253298255494,2.8523765439738185,1.1480400049635884,2.173185321943608,-2.444313525072881,-0.8846736180722817,0.6823496362058152,1.1532939270011904,True
165,Birch,96,24,0.5900776480523302,-0.3486917166219883,1.165700990276612,0.1874498562499051,0.5092049850153798,0.3998268373689425,0.5688351532931728,0.2171646488000322,-0.4212474052100208,1.6014027013146812,-1.1427823274702897,0.4453988942263132,0.035945275720242975,2.295456704832981,-0.2438578812573365,0.6187575937571467,True
165,Oak,71,18,0.385123744025407,0.4968039406219502,0.294485229419441,0.562913593672368,0.15161892926633655,0.11201366055346455,0.21599522752448239,0.097437116636277,0.08249109458142878,0.6877563934693852,0.2732237383922812,0.7203841428516192,-0.13664304914902042,0.7256135079879025,0.368428294874222,0.7573988924705141,True
165,Pine,356,89,0.5162447993540403,0.8407631218114613,-0.7897680667419439,0.8712303342302042,0.14103326264995675,0.1674600676561549,0.2108463504637183,0.10255962107862654,0.2388709824161292,0.7936186162919514,0.5114150142961824,1.1701112293267402,-1.204445114671445,-0.37509101881244267,0.6695236373292713,1.0729370311311373,True
165,Spruce,6,1,3.98589887780553,0.5181254029726557,-0.04566899010548326,0.320560925002113,4.805823384599687,0.31889328974997677,0.16585407009802564,0.5840200968731128,-16.69189022637987,24.663687981990925,-0.8539616806518645,1.890212486597176,-0.7592814575439686,0.667943477333002,-2.192274739006391,2.833396589010617,True
166,Alder,92,23,1.13860762610245,1.374716378358184,-2.1639299493297526,1.333262573695979,0.732136425152251,0.22885294091145117,0.4056529141630494,0.1515618034525737,-0.3163596712763421,2.593574923481242,0.9199192483480507,1.8295135083683172,-2.970079874285209,-1.3577800243742963,1.0320653377991456,1.6344598095928122,True
166,Aspen,53,13,1.6849353874301431,1.9750635355077046,-2.062660292811882,0.9597475145683428,1.1911397531766554,0.38737002454656,0.5914619262472149,0.12100817153745189,-0.7087495645138981,4.078620339374185,1.1966143265727918,2.7535127444426175,-3.251247533503046,-0.8740730521207181,0.7165724895563923,1.2029225395802934,True
166,Birch,96,24,1.7140800177320517,0.27429607811808804,0.42925776418251793,-0.008044951326413618,1.3191748657553193,0.3740718411592306,0.5608333289374352,0.17896813185234475,-0.905915132810432,4.334075168274535,-0.4686428871649763,1.0172350434011523,-0.6846056365102744,1.5431211648753103,-0.36349110916866123,0.34740120651583395,True
166,Oak,71,18,0.37069257477298556,0.45106331586596277,0.33214098234940337,0.5870223457095695,0.14515349362413932,0.10959026497447928,0.211999233138155,0.09596740307173966,0.08096498888324594,0.6604201606627251,0.2323202314570563,0.6698064002748693,-0.09101125804131044,0.7552932227401172,0.3954706074642642,0.7785740839548747,True
166,Pine,356,89,0.43647800801390857,0.7194407167929437,-0.6005963514970902,0.8638905778351802,0.11713538431540176,0.16787979340785755,0.21882981598476997,0.09561004896054182,0.20610477523482507,0.6668512407929921,0.3892671236324391,1.0496143099534483,-1.030974690472112,-0.17021801252206847,0.6758517867052625,1.051929368965098,True
166,Spruce,6,1,12.979986461924787,0.7915629712151395,-0.0739600594432723,-0.25446681404438076,12.437361383013481,0.2927041797844221,0.21287420172093782,0.4531422900037899,-40.53366044291555,66.49363336676512,-0.4678414669277744,2.050967409358053,-0.9898838245597525,0.8419637056732079,-2.204180725069948,1.6952470969811868,True
167,Alder,92,23,1.2180866843997946,1.0679143928368782,-1.5980377972423172,1.0796918378127247,0.7795124810360373,0.257125572530917,0.4467246115725343,0.15240362703302843,-0.33103056867252123,2.7672039374721105,0.5569313485572752,1.5788974371164812,-2.4858090901910552,-0.7102665042935791,0.7768216544464778,1.3825620211789715,True
167,Aspen,53,13,1.2117490651696574,1.78693856682098,-1.769604357571406,0.9535560082518743,0.7743610982896193,0.31370497837886924,0.4762474781092443,0.12590870983246633,-0.34438782254936284,2.767885952888678,1.156524810506641,2.417352323135319,-2.726659496324993,-0.812549218817819,0.7005329828336591,1.2065790336700895,True
167,Birch,96,24,0.36165890135045053,-0.8491144947961078,1.9337998570843504,0.09893174498461572,0.3466058416726113,0.4501882508673479,0.7082013544060322,0.2342701269527392,-0.32673021817085257,1.0500480208717535,-1.7432272198959102,0.04499823030369465,0.527250837452272,3.340348876716429,-0.3663489486266237,0.5642124385958551,True
167,Oak,71,18,0.30301447669387555,0.45195503945378407,0.22891298753450603,0.7376231391399486,0.10575433196187894,0.10067488716050386,0.20192759250616266,0.10406531079383946,0.09192794662360079,0.5141010067641503,0.2510071236408643,0.6529029552667038,-0.17413617401601042,0.6319621490850225,0.5299079094312062,0.9453383688486909,True
167,Pine,356,89,0.5996923459505665,0.7459184625291706,-0.6832925494355873,0.8143886646541407,0.15449311235846303,0.1602316835029465,0.2066326663800502,0.09682555208464301,0.2958466895408189,0.9035380023603141,0.43078660772758826,1.061050317330753,-1.0896824343533498,-0.2769026645178247,0.6239593116475635,1.004818017660718,True
167,Spruce,6,1,39.39128951631366,1.3022601313604132,-0.46594691780065406,-0.6691433979105923,107.87327906289352,1.2135153431452739,0.9240974849622725,1.0589954022375283,-424.7499691049188,503.5325481375461,-3.91907497235175,6.523595235072577,-4.4420174839789155,3.5101236483776073,-5.225632856083558,3.887346060262373,True
168,Alder,92,23,0.6754640030090518,1.1064559028069103,-1.5968483092811696,1.2187436333675883,0.4190484589885667,0.23829206562695057,0.42749507862270447,0.14839011395163576,-0.1573067524120465,1.50823475843015,0.6329004959167877,1.580011309697033,-2.446404946293274,-0.7472916722690652,0.9238494638703603,1.5136378028648163,True
168,Aspen,53,13,1.8501289138650563,1.9047564993324537,-1.8867480340994225,0.8390862937036065,1.1591377843816852,0.32009347350442857,0.4578564137965551,0.15817026064543957,-0.47924567404923035,4.179503501779343,1.2615045814112698,2.5480084172536377,-2.806844945425778,-0.966651122773067,0.5212312546602537,1.1569413327469595,True
168,Birch,96,24,0.8515894158791302,-0.18677810100016068,0.9177513696147361,0.16952073093885683,0.8008846353108935,0.42817216196065283,0.6196162855999747,0.24363216569545984,-0.7390365997682311,2.4422154315264915,-1.0371649731695964,0.6636087711692751,-0.31286005697545716,2.148362796204929,-0.31435377971806644,0.6533952415957801,True
168,Oak,71,18,0.424255236213562,0.4267517214644573,0.30860809779872833,0.598408977190901,0.15339089315692453,0.10789164939734627,0.20420143384195383,0.10016029278808114,0.11808573204093897,0.730424740386185,0.2113990879377858,0.6421043549911287,-0.09897967005375535,0.716195865651212,0.39848819604427144,0.7983297583375306,True
168,Pine,356,89,0.3979594843658699,0.8279677768478,-0.7561263765191618,0.9276116143980101,0.10493065138499384,0.1608385244856329,0.2054633579708211,0.09646893792585154,0.19158961996958612,0.6043293487621537,0.5116424319682078,1.1442931217273922,-1.160216551917685,-0.3520362011206385,0.7378836238114712,1.117339604984549,True
168,Spruce,6,1,19.776425212335887,0.9376478909571235,-0.1022391145274186,-0.4876670826858868,8.514510667920902,0.13641788901831153,0.09176948713101644,0.21008069398579088,-16.8585573550209,56.411407779692674,0.3506890883931001,1.524606693521147,-0.49709134883450146,0.2926131197796643,-1.3915713541203099,0.41623718874853616,True
169,Alder,92,23,0.5210237095759305,1.188644041248388,-1.7177474334560958,1.3377685054786737,0.3953395745735946,0.24544307333440926,0.43297309314906457,0.15293972489255164,-0.26463062014084016,1.306678039292701,0.7008775092179031,1.676410573278873,-2.5781904732158334,-0.8573043936963581,1.0338329402696385,1.6417040706877088,True
169,Aspen,53,13,0.9990646464909633,1.618446598913858,-1.5076128260772947,0.9284444956480216,0.6565635556589148,0.32746087676758495,0.5065366337615955,0.1207108305345411,-0.3203492165627172,2.3184785095446436,0.9603893298330897,2.2765038679946263,-2.5255363019834,-0.48968935017118964,0.6858669997525036,1.1710219915435394,True
169,Birch,96,24,0.4583070986116448,-0.3007065858853719,1.2912609831645487,0.14268134551691494,0.3801360712861125,0.3773003971877751,0.5710704397479349,0.18337153976834628,-0.29667595114926254,1.2132901483725522,-1.0500577421202386,0.4486445703494948,0.15706579676591037,2.425456169563187,-0.2215103605352576,0.5068730515690875,True
169,Oak,71,18,0.4001141398381024,0.48101744259225904,0.2687694711616622,0.5960878306685323,0.15916719288789152,0.11185635418254122,0.21845079502293016,0.09726205124271486,0.0824150931471152,0.7178131865290895,0.25775122519309435,0.7042836599914237,-0.167260140647574,0.7047990829708984,0.401951963858437,0.7902236974786276,True
169,Pine,356,89,0.484251374780464,0.8133567712877952,-0.7344649725506376,0.8644260829605718,0.13304347787279308,0.17070987210916408,0.21143462786191475,0.10284586649363985,0.22259127713482213,0.7459114724261058,0.4776171881128326,1.1490963544627577,-1.150299001069612,-0.3186309440316633,0.6621564196937519,1.0666957462273916,True
169,Spruce,6,1,11.859810758582341,0.7104879998793511,-0.04961916697116143,-0.1766775873544203,8.127536479064174,0.22527256101860763,0.15961256311533834,0.3317123267712803,-23.1101562587681,46.82977777593278,-0.25878159971300174,1.6797575994717038,-0.7363765973531696,0.6371382634108468,-1.6039205356107282,1.2505653609018874,True
170,Alder,92,23,0.4720823411905028,1.1261708251596103,-1.6359913623659006,1.3388377816797856,0.34633803945326497,0.25575643666038544,0.44694654146204504,0.1638519291163625,-0.21619173442046818,1.1603564168014737,0.6179086507190915,1.6344329996001292,-2.5242036943347665,-0.7477790303970346,1.0132165036138032,1.664459059745768,True
170,Aspen,53,13,1.1434018103470205,1.6133827736517445,-1.50993287645316,0.8930999019441147,0.6690267452001959,0.28852688972947865,0.4341992550675889,0.12716577538791163,-0.20105776978446666,2.487861390478508,1.0335662808054655,2.1931992664980235,-2.3824889474169493,-0.6373768054893709,0.6375507087142286,1.148649095174001,True
170,Birch,96,24,1.1187162857636215,0.18110642121841844,0.5899227622964544,0.06417335013622198,0.8201707875006945,0.3541889917349407,0.53402438320654,0.1885549766572661,-0.5102136928545409,2.7476462643817836,-0.5223434888810641,0.884556331317901,-0.47069575810832165,1.6505412827012305,-0.3103131089958139,0.43865980926825787,True
170,Oak,71,18,0.44005577064829166,0.45638131380036057,0.27486587773986393,0.5883758350357318,0.15869741836504464,0.10723982421977414,0.20522556390162539,0.09281981560935151,0.12329439782941509,0.7568171434671682,0.2423297287734871,0.670432898827234,-0.13476606226733262,0.6844978177470604,0.4031067076603786,0.7736449624110849,True
170,Pine,356,89,0.4554613859130296,0.7490762055983703,-0.65647165297734,0.8741596441054941,0.12259008495616626,0.1682053309567945,0.21538601150359704,0.09864307067705823,0.21436025030766212,0.696562521518397,0.41826236920156357,1.079890041995177,-1.0800769713486926,-0.23286633460598727,0.6801557296099361,1.068163558601052,True
170,Spruce,6,1,11.859810758582146,0.7104879998793459,-0.04961916697115947,-0.17667758735441258,8.127536479268203,0.22527256102302903,0.15961256311578462,0.3317123267795633,-23.110156259646157,46.829777776810445,-0.25878159973203074,1.6797575994907223,-0.7363765973550879,0.637138263412769,-1.6039205356463593,1.250565360937534,True
171,Alder,92,23,1.4130215874475793,1.3357199846025163,-1.9760320660304855,1.1332806041918424,0.8662711156554153,0.2408226350492332,0.41871593393802603,0.14870022625753193,-0.3085102208904169,3.1345533957855753,0.8571356027472397,1.814304366457793,-2.8081419977888418,-1.143922134272129,0.8377701516521475,1.4287910567315372,True
171,Aspen,53,13,1.2878256404200592,1.7809659618890834,-1.604057890711554,0.802956370546671,0.7853364163122116,0.306496612723036,0.4302201832068146,0.15315339153302776,-0.29036697461678074,2.866018255456899,1.1650379586968795,2.3968939650812873,-2.4686177173971733,-0.7394980640259345,0.49518310743953947,1.1107296336538026,True
171,Birch,96,24,1.3770831978181697,-0.05434778195860726,0.7668889610616865,0.031566943962489144,1.1331257922460372,0.3946945145425709,0.6026542829916626,0.21749715343555212,-0.8734024335460937,3.627568829182433,-0.8382451566672761,0.7295495927500616,-0.43003446424004865,1.9638123863634216,-0.4004011764516814,0.4635350643766597,True
171,Oak,71,18,0.3551445515244322,0.442809849566874,0.321901369388048,0.6166636016816301,0.14147871133592427,0.1141901391420309,0.21699451319348145,0.10279974169493519,0.07275186178119397,0.6375372412676704,0.21488537789206938,0.6707343212416786,-0.11122149172379336,0.7550242304998893,0.41147445846689695,0.8218527448963633,True
171,Pine,356,89,0.42169724815129717,0.7904216497740504,-0.6589219942833174,0.8585562480830925,0.1127586856947046,0.1667467830311339,0.2141312028134273,0.09631795109799576,0.1999317833497776,0.6434627129528168,0.46247637784016377,1.118366921707937,-1.0800594474902436,-0.2377845410763912,0.6691252072512626,1.0479872889149224,True
171,Spruce,6,1,39.39128951630656,1.302260131360331,-0.46594691780059133,-0.6691433979105248,107.87327899703946,1.2135153423975602,0.9240974844165631,1.0589954016120529,-424.7499688215788,503.5325478541919,-3.9190749691346793,6.523595231855341,-4.442017481630855,3.510123646029672,-5.225632853392287,3.8873460575712366,True
172,Alder,92,23,1.1565662282764642,1.43090514327392,-2.1893388531514226,1.3014699676224477,0.7390911370253322,0.22691212231865146,0.3970738655094194,0.14242954389549958,-0.31222209752052343,2.6253545540734518,0.9799649823827334,1.8818453041651064,-2.9784397216676264,-1.4002379846352189,1.0184211785863952,1.5845187566585002,True
172,Aspen,53,13,0.8924149131797176,1.5484942439884084,-1.4317646132366044,0.9527189926151948,0.5170568696168996,0.28481190183306526,0.4372612289445486,0.12486719085613808,-0.14664976818996578,1.9314795945494008,0.9761432988249965,2.1208451891518205,-2.3104739510802683,-0.5530552753929404,0.7017889779408091,1.2036490072895805,True
172,Birch,96,24,1.4973103622903032,0.14080171299523397,0.5652857056089116,0.009094480495164403,1.1576152914909519,0.39011500873347094,0.5795908753060803,0.1842653333922131,-0.8018135284332701,3.7964342530138766,-0.6340003678875832,0.9156037938780512,-0.5858318012662231,1.7164032124840463,-0.35687237684354817,0.375061337833877,True
172,Oak,71,18,0.46744410810651116,0.4450946508468769,0.3170370399333515,0.5371370520618839,0.1737168829052911,0.11337896562410282,0.22715480592870907,0.11141839008185252,0.12070375859231591,0.8141844576207065,0.21878928829042077,0.671400013403333,-0.13636585035734666,0.7704399302240497,0.3147450146664571,0.7595290894573107,True
172,Pine,356,89,0.5677003077354854,0.5955956376416308,-0.44408367165024415,0.762823268662558,0.1417753752851502,0.166163721610364,0.21282501247658026,0.09247645153462,0.2888669584124209,0.84653365705855,0.26879708789759804,0.9223941873856636,-0.8626522060604898,-0.025515137239998598,0.580947405784056,0.94469913154106,True
172,Spruce,6,1,12.979986461924765,0.7915629712151393,-0.07396005944327251,-0.2544668140443799,12.437361382815633,0.29270417978065055,0.21287420172029267,0.45314228999717093,-40.533660442064296,66.49363336591382,-0.46784146691154715,2.0509674093418258,-0.989883824556977,0.8419637056704319,-2.2041807250414682,1.6952470969527083,True
173,Alder,92,23,0.6702513201656062,1.1776971971618484,-1.8217838455474056,1.3614952894846821,0.45049820169983834,0.23120775391993983,0.4163712644298144,0.1519116039795725,-0.22501919019715022,1.5655218305283625,0.718220371126373,1.6371740231973237,-2.6492342393557147,-0.9943334517390967,1.0596028985458315,1.6633876804235328,True
173,Aspen,53,13,1.2064403858984571,1.7089490395859113,-1.619284084750778,0.8980591390438818,0.7164606933143305,0.289658365148274,0.430471411928839,0.12775262497758766,-0.23334128176246804,2.6462220535593826,1.1268587617566008,2.2910393174152217,-2.484348774455033,-0.7542193950465227,0.6413306274106633,1.1547876506771004,True
173,Birch,96,24,0.7096774843303368,-0.3371664255879682,1.2109632197394906,0.09508160969482346,0.6590404992122301,0.43812725577259976,0.6824496147701059,0.22145509420140122,-0.5992338334717153,2.0185888021323892,-1.2073249733612765,0.5329921221853402,-0.14444062216398645,2.5663670616429677,-0.34474732271770303,0.53491054210735,True
173,Oak,71,18,0.47374835709974367,0.472826864068081,0.27990859330839474,0.545366950878535,0.18534949743371085,0.10939527194208555,0.21290345530046922,0.09441316263373808,0.10378921180766659,0.8437075023918208,0.25447298738080915,0.6911807407553529,-0.14504848207219306,0.7048656686889825,0.3569174895316449,0.7338164122254252,True
173,Pine,356,89,0.4650877219086663,0.8933624221885195,-0.8929396673303202,0.9356454317511134,0.11628793134258401,0.15376743328286363,0.1972777205204481,0.09216372618380234,0.23638119711980535,0.6937942466975273,0.5909439778512214,1.1957808665258174,-1.280930934846983,-0.5049483998136572,0.7543846140228099,1.1169062494794169,True
173,Spruce,6,1,11.701202228254573,0.780338160746644,-0.071302352217122,-0.21656258053490632,11.416641897009553,0.29113361431783774,0.21032674483115207,0.45427094383598005,-37.42064319387692,60.823047650386066,-0.47230867960430434,2.0329850010975923,-0.9762652949929824,0.8336605905587384,-2.1711326970524287,1.738007535982616,True
174,Alder,92,23,0.9029938879411754,0.9055842202013907,-1.2510750271428621,1.0056388296470837,0.5554207052443644,0.25133163295281163,0.4354638258220605,0.15149314610739747,-0.2007880503083299,2.0067758261906805,0.4061154133228007,1.4050530270799808,-2.1164678746996484,-0.38568217958607576,0.7045780357964653,1.3066996234977022,True
174,Aspen,53,13,1.2846660148462745,1.9336857486175636,-1.7144068691970948,0.7657352349807222,0.8378065402150718,0.311757979469735,0.42722204392066493,0.17007320887577373,-0.3989692618748564,2.968301291567405,1.3071846330977381,2.560186864137389,-2.5729417094158036,-0.8558720289783862,0.42396032592485844,1.1075101440365858,True
174,Birch,96,24,0.9748912026121554,-0.4206237097117833,1.1907496797816834,0.07092227776935887,0.8267929800570838,0.4191745364179004,0.6218817300100997,0.21889223453571233,-0.6671910220304671,2.616973427254778,-1.2531405209057085,0.41189310148214187,-0.04436111495327255,2.4258604745166394,-0.36381659412887696,0.5056611496675947,True
174,Oak,71,18,0.4100514142142233,0.46900384220531255,0.2602985242889045,0.6031561522382448,0.15629915853536377,0.1217346212908718,0.24620959136586176,0.11378725345309505,0.09807698805051301,0.7220258403779336,0.22602052113462676,0.7119871632759983,-0.23113787691851,0.751734925496319,0.37603584376427335,0.8302764607122163,True
174,Pine,356,89,0.4947426660565932,0.7505193315921185,-0.7605534096673825,0.9236889684351012,0.13004145614644252,0.16656671328000114,0.2125328726912531,0.09908761763938073,0.23898672328280668,0.7504986088303798,0.422928207560991,1.078110455623246,-1.1785473850990362,-0.34255943423572865,0.7288107517683342,1.1185671851018681,True
174,Spruce,6,1,19.776425212335646,0.93764789095712,-0.10223911452741771,-0.4876670826858809,8.514510667507432,0.13641788901260432,0.09176948713003626,0.21008069397642481,-16.858557353242126,56.41140777791342,0.3506890884176527,1.5246066934965872,-0.49709134883028316,0.2926131197754478,-1.391571354080005,0.4162371887082432,True
175,Alder,92,23,1.2245776188299473,1.2142583069060198,-1.8993490203689154,1.2110677186526504,0.8231599347254458,0.2553714028157379,0.45240382380555877,0.15741982264830795,-0.4112797765850178,2.8604350142449126,0.706761306322586,1.7217553074894534,-2.7984065542285683,-1.0002914865092625,0.8982289005801478,1.523906536725153,True
175,Aspen,53,13,1.3445841429196341,1.588958374965273,-1.5408968179610045,0.8907777208457506,0.6449977657566137,0.24681240961588372,0.3705716862524198,0.1084163797569384,0.048412604851457264,2.640755680987811,1.0929702683849944,2.0849464815455514,-2.2855885022350932,-0.7962051336869158,0.6729068487870074,1.1086485929044938,True
175,Birch,96,24,1.0538249996379905,-0.28660693688015004,1.01627856467465,0.09177826645010674,0.9046259464423939,0.4246557147571223,0.6169521793652349,0.21903960195477146,-0.7428402145502138,2.8504902138261947,-1.1300098413743727,0.5567959676140727,-0.20904171697582252,2.2415988463251226,-0.3432532898626869,0.5268098227629003,True
175,Oak,71,18,0.3037891381019429,0.43783568469969963,0.33302799193338617,0.6545365860085817,0.12307839735768605,0.11646452525872658,0.22226900808590092,0.10949039861207853,0.058123628775956615,0.5494546474279292,0.20537151933569125,0.6702998500637081,-0.11062280504698818,0.7766787889137605,0.43599283569331326,0.8730803363238501,True
175,Pine,356,89,0.542249330353372,0.7579958180120733,-0.7157455601459953,0.8650788428791605,0.1443474083103969,0.1671707141793649,0.21837906298486634,0.10155634100879413,0.2583574962154611,0.8261411644912828,0.42921678956930154,1.086774846454845,-1.1452373913729137,-0.28625372891907697,0.6653453232074735,1.0648123625508474,True
175,Spruce,6,1,19.776425212335766,0.9376478909571224,-0.1022391145274195,-0.48766708268588316,8.514510667474442,0.13641788901241575,0.09176948713018424,0.21008069397541188,-16.85855735310006,56.41140777777159,0.35068908841846647,1.5246066934957785,-0.49709134883092165,0.2926131197760826,-1.391571354075649,0.41623718870388254,True
176,Alder,92,23,0.9121298454393358,1.075601600410343,-1.5762541717547256,1.1363110488923864,0.5831751573631585,0.24107603803092445,0.42965709225615567,0.15794762695548115,-0.24680823420979103,2.071067925088463,0.5965136333778334,1.5546895674428527,-2.4301073565482145,-0.7224009869612369,0.8224233306696245,1.4501987671151484,True
176,Aspen,53,13,1.4208930150134302,1.7792948117698644,-1.755967402547667,0.9016188257111816,0.7057259876932025,0.24317803024640083,0.36510717885687544,0.107807869850075,0.002683545946595922,2.8391024840802643,1.290610263972832,2.2679793595668967,-2.48967774807656,-1.022257057018774,0.684970800092819,1.1182668513295442,True
176,Birch,96,24,1.2146216239899632,0.09126503724986168,0.5952499281430609,0.10324464435945886,0.9837664915437812,0.38315564251972484,0.5676405363907592,0.19224593782178975,-0.7392235439401602,3.1684667919200864,-0.6697151416211824,0.8522452161209058,-0.5321331741294258,1.7226330304155475,-0.27857238223783554,0.48506167095675323,True
176,Oak,71,18,0.3886278970465547,0.4765043255308884,0.15383146096920844,0.7130243740414056,0.1308346052549944,0.09813259457723894,0.19154437954801404,0.09979858220408906,0.12748093196198396,0.6497748621311255,0.280630846952542,0.6723778041092348,-0.22849272077521968,0.5361556427136366,0.5138255702421636,0.9122231778406477,True
176,Pine,356,89,0.46559345445879036,0.7325413917047763,-0.6057147488774037,0.8416661198097806,0.12223262655758534,0.16332329064929882,0.21143721167001006,0.09714663631293305,0.22519534166199956,0.7059915672555812,0.4113291920360072,1.0537535913735454,-1.0215538590395319,-0.18987563871527546,0.6506052820294275,1.0327269575901337,True
176,Spruce,6,1,11.701202228254584,0.7803381607466445,-0.07130235221712192,-0.2165625805349071,11.41664189708995,0.29113361431823326,0.21032674483054564,0.454270943839704,-37.42064319422282,60.82304765073199,-0.47230867960600553,2.0329850010992945,-0.976265294990373,0.8336605905561292,-2.1711326970684524,1.738007535998638,True
177,Alder,92,23,0.959990382766833,1.118100879675645,-1.7637047995832233,1.2650987992100433,0.5575648921302403,0.22021587480500648,0.3904014980803572,0.14754301233039865,-0.14805267634927755,2.0680334418829434,0.6804681036007261,1.555733655750564,-2.539545739933222,-0.9878638592332245,0.9718880661791819,1.5583095322409046,True
177,Aspen,53,13,1.6286156328508077,1.8476302453258442,-1.9569189758173442,0.9812889020280744,0.8275311610198222,0.2607113121369142,0.3967497407191493,0.1090872800297054,-0.03437049628743649,3.291601761989052,1.3237112484160296,2.371549242235659,-2.754217430103993,-1.1596205215306954,0.7620698053945953,1.2005079986615534,True
177,Birch,96,24,1.2182149371533162,0.3497417503653906,0.21209015954628832,0.22928564396584053,0.9192688052395559,0.3552323292283987,0.5155130248418217,0.17979349267112046,-0.607532258532979,3.0439621328396114,-0.355780318053811,1.0552638187845922,-0.8117632053021417,1.2359435243947183,-0.12779975170512511,0.5863710396368061,True
177,Oak,71,18,0.47970043165325016,0.4300150036878257,0.3640771212676513,0.5083097078533912,0.18027604915142584,0.11030733187393638,0.20924634281784435,0.09603968577217459,0.1198679315163293,0.839532931790171,0.20984064775720784,0.6501893596184436,-0.05358032704600707,0.7817345695813096,0.3166136927341664,0.7000057229726161,True
177,Pine,356,89,0.45928346072686127,0.5846548092591086,-0.43570806642573295,0.8285004154871322,0.12809700687765374,0.17960812228483036,0.22603018827401494,0.09984912214697805,0.2073517173326545,0.711215204121068,0.2314148040637118,0.9378948144545054,-0.8802475664468468,0.008831433595380911,0.6321245279311087,1.0248763030431556,True
177,Spruce,6,1,19.77642521233589,0.937647890957124,-0.10223911452741945,-0.4876670826858865,8.514510667852209,0.1364178890170975,0.09176948713052947,0.2100806939847031,-16.85855735472534,56.41140777939712,0.350689088398324,1.524606693515924,-0.4970913488324071,0.29261311977756815,-1.3915713541156292,0.41623718874385623,True
178,Alder,92,23,0.5791746962887112,1.3383816183561619,-2.0511673539880437,1.4627029778422922,0.44606332702199236,0.2363627211702597,0.435984886163005,0.1633845540531463,-0.30728243257496557,1.4656318251523879,0.8686603781505893,1.8081028585617345,-2.917595699479355,-1.1847390084967329,1.1380105095025144,1.78739544618207,True
178,Aspen,53,13,0.8719731107640593,1.615708252655671,-1.5107477053701,0.9740910298421664,0.62745987886608,0.3495220147199189,0.529798118574548,0.1296224427594737,-0.38895472409732756,2.132900945625446,0.9133174670430003,2.3180990382683415,-2.575416885135172,-0.4460785256050277,0.7136049786965257,1.2345770809878072,True
178,Birch,96,24,0.844238045598153,0.05607420034810641,0.6586778019287659,0.20912716866144773,0.7329498081951903,0.3968496651887661,0.5390287365819074,0.2264643140809709,-0.6114635394702698,2.2999396306665756,-0.7321034895699391,0.8442518902661519,-0.41187979624001547,1.7292354000975472,-0.2406505068124917,0.6589048441353872,True
178,Oak,71,18,0.416803305312617,0.4024505638625961,0.3702844651799299,0.5642439660934644,0.1928471385860843,0.19276381431569528,0.3021620978814808,0.09925482542315917,0.031878805644918684,0.8017278049803154,0.017692380134687324,0.7872087475905049,-0.23283360646131496,0.9734025368211747,0.36613050537151637,0.7623574268154124,True
178,Pine,356,89,0.4493700934075393,0.763423116608492,-0.662767058351389,0.8668414150354606,0.12139009379653261,0.16520058302642757,0.21245224118232806,0.09711570782291434,0.21062901189143626,0.6881111749236424,0.43851879678048755,1.0883274364364965,-1.0806024536794858,-0.24493166302329217,0.6758414051276777,1.0578414249432437,True
178,Spruce,6,1,19.776425212336058,0.9376478909571265,-0.10223911452742046,-0.4876670826858904,8.514510667372713,0.13641788901113155,0.0917694871301545,0.2100806939727634,-16.858557352662068,56.41140777733418,0.35068908842399604,1.5246066934902571,-0.49709134883079464,0.2926131197759537,-1.3915713540642607,0.4162371886924799,True
179,Alder,92,23,1.0300149797161757,1.112423893840866,-1.81458965910767,1.2801520963356614,0.709919251252329,0.25057683648033907,0.4516097144027492,0.15095206103182607,-0.38080035314610994,2.4408303125784614,0.6144550863420309,1.610392701339701,-2.7120690673995522,-0.9171102508157877,0.9801665953717373,1.5801375972995855,True
179,Aspen,53,13,0.9319388159614155,1.582160457570713,-1.4985211581925042,0.9685826507982395,0.6596470656191478,0.3449726421456862,0.5266841041671749,0.1349521441344411,-0.3936715923517906,2.2575492242746216,0.8889119784276954,2.2754089367137307,-2.5569324917164558,-0.4401098246685524,0.6973861637481706,1.2397791378483083,True
179,Birch,96,24,1.1341102477971052,0.35177736044493335,0.17393925172564076,0.28591277554695266,0.9265473733231114,0.3922159681057426,0.5410868705302274,0.21392028250818876,-0.7060928123669368,2.9743133079611472,-0.42719740709962284,1.1307521279894894,-0.9007059781163517,1.2485844815676332,-0.13895137046088119,0.7107769215547866,True
179,Oak,71,18,0.4122947807094929,0.4638069503404521,0.31216454132182975,0.5609118207399983,0.16417386819045182,0.11765479473420933,0.2344359405582439,0.11857009882737556,0.08460236828870321,0.7399871931302826,0.22896699715983887,0.6986469035210654,-0.15577155451620284,0.7801006371598623,0.32424491294295177,0.7975787285370449,True
179,Pine,356,89,0.4630251114097249,0.7565946518400868,-0.6981029400875226,0.8934503838246304,0.12208722658170668,0.16333664202714845,0.20670457479058874,0.0959039069685673,0.22291296055931722,0.7031372622601326,0.4353561936662959,1.0778331100138776,-1.1046342491624397,-0.2915716310126056,0.7048336544424714,1.0820671132067894,True
179,Spruce,6,1,19.776425212335905,0.9376478909571236,-0.10223911452741827,-0.48766708268588754,8.514510667387066,0.13641788901144952,0.09176948713027952,0.21008069397300003,-16.858557352723974,56.41140777739578,0.35068908842262503,1.5246066934916223,-0.49709134883133044,0.29261311977649385,-1.3915713540652759,0.4162371886935008,True
180,Alder,92,23,1.1259085454114863,1.3297696519873052,-2.194353494323556,1.4060250616871566,0.7095625431017132,0.22535899140208013,0.40138550070414325,0.14969410521507096,-0.2841979049583778,2.5360149957813505,0.8819160124253769,1.7776232915492336,-2.9920228317630837,-1.396684156884028,1.1085394835682754,1.7035106398060378,True
180,Aspen,53,13,0.6443480885003532,1.420938895673896,-1.1932361115979893,0.9562513853684955,0.42780103262007196,0.3311741210788696,0.5132330536649599,0.11842695945461273,-0.21535027307126153,1.504046450071968,0.755419582775759,2.086458208572033,-2.2246165471193144,-0.16185567607666385,0.7182635002399973,1.1942392704969937,True
180,Birch,96,24,1.3341352718916053,-0.15970740568627206,0.8494065076623898,0.06929428703234239,1.1160593284724916,0.4001626535753324,0.6006202354357282,0.19711804329953314,-0.8824548892932771,3.5507254330764875,-0.9544649765070949,0.6350501651345508,-0.3434771236204761,2.0422901389452557,-0.3221991615890407,0.46078773565372555,True
180,Oak,71,18,0.48731555665082255,0.5027862845779778,0.20409866701832996,0.579557325873317,0.17150143767075543,0.09730112247724247,0.19429628604973617,0.09000439594495228,0.1449972543326461,0.829633858968999,0.30857243125736333,0.6970001378985923,-0.18371834309303203,0.591915677129692,0.39990779966819173,0.7592068520784423,True
180,Pine,356,89,0.485664862036655,0.6530850986149421,-0.5074229039071856,0.8102477242716599,0.12461061640688316,0.16421318689291886,0.2130494000776927,0.0941866543254869,0.2405898942288839,0.7307398298444261,0.3301227166619821,0.9760474805679021,-0.9264327472981968,-0.08841306051617442,0.6250083607059619,0.995487087837358,True
180,Spruce,6,1,19.776425212335905,0.937647890957124,-0.10223911452741989,-0.48766708268588627,8.51451066764322,0.13641788901439048,0.09176948713026245,0.21008069397963683,-16.858557353826118,56.41140777849793,0.3506890884099715,1.5246066935042766,-0.4970913488312586,0.2926131197764188,-1.3915713540938306,0.416237188722058,True
181,Alder,92,23,0.6535836497378065,1.262586088257786,-1.9339281896922813,1.3925523415788368,0.4339876128324354,0.23671132019660052,0.41184210298280727,0.15038989490969004,-0.20887553470636577,1.5160428341819787,0.7921720807402761,1.7330000957752958,-2.752377826860769,-1.1154785525237938,1.0936840276517852,1.6914206555058884,True
181,Aspen,53,13,1.8262419348099697,1.7610125644592718,-1.7687396381855758,0.8561205510133376,1.038715339279669,0.29652227475597215,0.44756671146692384,0.11745226058364022,-0.26113468943275,3.913618559052689,1.1651287438524376,2.356896385066106,-2.6681586185128734,-0.8693206578582783,0.6200913965996036,1.0921497054270717,True
181,Birch,96,24,0.6264189794768552,-0.8500370284593299,1.6477352191403292,0.1653241434686992,0.5264906840031454,0.4125740462223002,0.5882027449277119,0.21585809446141058,-0.4192369640240331,1.6720749229777434,-1.6694446963906033,-0.030629360528056426,0.47951379584630494,2.8159566424343536,-0.2633886643442529,0.5940369512816512,True
181,Oak,71,18,0.4595227910411443,0.4183750888132983,0.37511790374949444,0.5222118927215579,0.19848302220934175,0.18180474007919095,0.2854730580963204,0.095965983928085,0.0633490205791098,0.8556965615031789,0.05549130881383557,0.7812588688127611,-0.19468870505990982,0.9449245125588988,0.3306629870988429,0.7137607983442729,True
181,Pine,356,89,0.5604428323657535,0.6286946174783402,-0.5324287136322491,0.8156633278706651,0.15092562490381087,0.1719506398102271,0.22255743110659115,0.09873358296206643,0.2636134471078049,0.8572722176237022,0.29051478392052066,0.9668744510361598,-0.9701382510422192,-0.09471917622227899,0.621481400490056,1.0098452552512742,True
181,Spruce,6,1,11.859810758582276,0.7104879998793499,-0.04961916697116137,-0.1766775873544177,8.127536478805183,0.22527256101265022,0.1596125631143784,0.33171232676122925,-23.110156257653813,46.82977777481837,-0.25878159968737036,1.67975759944607,-0.7363765973490394,0.6371382634067165,-1.6039205355674793,1.2505653608586438,True
182,Alder,92,23,1.2436448955667785,1.3683977661226907,-2.161755459671749,1.3107085831849916,0.8776260053248385,0.2503401864044493,0.4357166090304972,0.15014147851797308,-0.5004523699275385,2.9877421610610955,0.870899250921183,1.8658962813241984,-3.027650660736661,-1.295860258606837,1.0123339446354571,1.6090832217345261,True
182,Aspen,53,13,1.370197417196956,1.7097213497816974,-1.6590504950141913,0.8847386005072272,0.8367447481205733,0.30424322535797926,0.46594961503716015,0.11269919105437981,-0.31130410842409106,3.0516989428180032,1.0983216980379715,2.321121001525423,-2.5954113031427704,-0.7226896868856123,0.6582610969198484,1.111216104094606,True
182,Birch,96,24,1.6001616186083738,0.32209703278970636,0.36710631553657425,0.016449375150418923,1.1958840455218467,0.368077878139508,0.5510157559408564,0.17458652423407464,-0.7749673208627281,3.9752905580794757,-0.4089374045555759,1.0531314701349888,-0.7272585377620439,1.4614711688351925,-0.33029453175493356,0.36319328205577145,True
182,Oak,71,18,0.41923382113249696,0.4786085883617179,0.2729172951374022,0.5798091988802524,0.1662340238169652,0.11293581749887907,0.21508527184753956,0.10036504127948985,0.08742932087059435,0.7510383213943996,0.25318775316527903,0.7040294235581568,-0.1563947042980886,0.702229294572893,0.37947973803429697,0.7801386597262079,True
182,Pine,356,89,0.4784779308380514,0.6922677056098945,-0.6121334710982574,0.8628715761314809,0.12652740119112024,0.16935714855525222,0.21324282930501193,0.0978347724427779,0.22963317211810425,0.7273226895579985,0.35918855933017424,1.0253468518896147,-1.031523736824261,-0.19274320537225392,0.6704573629748403,1.0552857892881216,True
182,Spruce,6,1,11.701202228254663,0.7803381607466465,-0.07130235221712253,-0.21656258053491037,11.416641896939877,0.2911336143163851,0.2103267448308814,0.45427094383341765,-37.420643193577035,60.823047650086366,-0.4723086795980517,2.032985001091345,-0.9762652949918184,0.8336605905575732,-2.1711326970414078,1.738007535971587,True
183,Alder,92,23,0.4406276502816215,1.1290560461615358,-1.7202461619545364,1.445131614891721,0.2791623451286588,0.22740327414719355,0.3930359737030306,0.14147742267064395,-0.11414884883506299,0.9954041493983059,0.6771398242193942,1.5809722681036773,-2.501322569008619,-0.9391697549004537,1.163974966715915,1.7262882630675271,True
183,Aspen,53,13,1.0298576916409765,1.6687253564562694,-1.57650455247292,0.9409514869979466,0.6650274554600287,0.3280127675452421,0.5025619883602331,0.1198428912851299,-0.3065650148625656,2.366280398144519,1.0095590213351213,2.3278916915774177,-2.5864406794040775,-0.5665684255417622,0.700118180325378,1.1817847936705153,True
183,Birch,96,24,0.559982573762288,-0.5523036004174782,1.3181086216088256,0.2604503083115354,0.5046925736573836,0.4204277955767827,0.5962676935682467,0.22734739978545238,-0.442380441045492,1.562345588570068,-1.3873094924784533,0.2827022916434968,0.13386951417292137,2.50234772904473,-0.19108125159676986,0.7119818682198407,True
183,Oak,71,18,0.30894884136050155,0.4175953191298533,0.4417062436290975,0.5696561750413742,0.12796384381956358,0.12421869191486562,0.24684987243812942,0.10183362731107337,0.0535319400834644,0.5643657426375387,0.16965377234168702,0.6655368659180196,-0.05100816394748753,0.9344206512056825,0.3663954042077732,0.7729169458749752,True
183,Pine,356,89,0.5853660462216396,0.7196585306648273,-0.6450055065450359,0.82075297407733,0.1501753045724509,0.1641029917393892,0.20948747172726437,0.0965578400761412,0.2900123356401818,0.8807197568030973,0.39691287241071876,1.042404188918936,-1.0570100120203396,-0.2330010010697321,0.6308501372999247,1.0106558108547354,True
183,Spruce,6,1,19.776425212335855,0.9376478909571238,-0.10223911452741996,-0.48766708268588527,8.514510667347615,0.1364178890101424,0.091769487129552,0.2100806939727768,-16.858557352554282,56.41140777722599,0.3506890884282492,1.5246066934859983,-0.49709134882820183,0.2926131197733619,-1.391571354064313,0.4162371886925426,True
184,Alder,92,23,0.48019160156942625,1.2920858770890369,-2.0339676742570147,1.5335723455829486,0.3480086136715628,0.24928424508627495,0.4306877090145315,0.16398925202227482,-0.2114023892540164,1.1717855923928688,0.7966858233669936,1.7874859308110802,-2.8898689932889488,-1.1780663552250805,1.2076781670978376,1.8594665240680597,True
184,Aspen,53,13,1.2770759369703435,1.723052338751969,-1.6034436647774197,0.8518929389074362,0.9442233597239936,0.3616492237126111,0.5263203536211621,0.166034786021103,-0.6204119450499683,3.1745638189906553,0.996291014252093,2.449813663251845,-2.661124014211612,-0.5457633153432275,0.5182335444173756,1.1855523333974969,True
184,Birch,96,24,1.8350759386871305,0.4864237051505643,0.06527311248743443,0.11120466314271246,1.3291151547335238,0.37390034290390195,0.5497828457713348,0.1799263774830489,-0.8046614837815049,4.474813361155766,-0.2561746497942109,1.2290220600953394,-1.0266430747934672,1.157189299768336,-0.24614465323495485,0.4685539795203798,True
184,Oak,71,18,0.3935648378310664,0.4514672178454831,0.3228248480603398,0.5771366814014464,0.15344189080735685,0.11571264629808033,0.22131640257486243,0.10061025596693247,0.08729354192214483,0.6998361337399879,0.2205038091681405,0.6824306265228257,-0.11892454036191119,0.7645742364825907,0.3763177699908258,0.7779555928120669,True
184,Pine,356,89,0.5548503454722378,0.7260943501096767,-0.6690198300694237,0.8430665035248895,0.1504841465416292,0.17368503944419936,0.22719451224594375,0.10553239265661526,0.2588892272891121,0.8508114636553634,0.38450342729864584,1.0676852729207076,-1.1158492365861972,-0.22219042355265023,0.6355131787861121,1.050619828263667,True
184,Spruce,6,1,3.985898877805573,0.5181254029726582,-0.04566899010548326,0.32056092500210753,4.805823384656364,0.31889328975301373,0.16585407009802922,0.5840200968801753,-16.691890226623684,24.663687982234826,-0.853961680664929,1.8902124866102454,-0.759281457543984,0.6679434773330174,-2.192274739036784,2.8333965890409987,True
185,Alder,92,23,0.6121996473651509,1.2814358122745955,-2.0163499258765034,1.4665234149511222,0.4083402130954024,0.22880375621386229,0.4076428246555849,0.15574217562446008,-0.19929071952234212,1.4236900142526439,0.8267364265154853,1.7361351980337056,-2.8264543797856967,-1.2062454719673101,1.1570185678058766,1.7760282620963677,True
185,Aspen,53,13,0.8212107733404781,1.4862200043571816,-1.2947003074849008,0.9132872274176584,0.512813365839178,0.30790433824159474,0.47031699878598987,0.12233878078103486,-0.2093262679188317,1.8517478145997879,0.8674630708222072,2.104976937892156,-2.239837701846169,-0.34956291312363286,0.6674382430195083,1.1591362118158086,True
185,Birch,96,24,1.3334717446261501,-0.0579752585809981,0.7803610003134237,0.05157969142540113,1.0983642272402496,0.387474875399392,0.5851152186059354,0.20115005327521243,-0.8479744181243112,3.5149179073766117,-0.8275338067740745,0.7115832896120784,-0.3817283291996939,1.9424503298265412,-0.3479216770384891,0.45108105988929137,True
185,Oak,71,18,0.3690860627747202,0.4623307357579429,0.3375559653923421,0.5719458815701384,0.14679314175462552,0.11341624441258645,0.2153450321572942,0.09919058954210412,0.07608572551886816,0.6620864000305723,0.23595096442824554,0.6887105070876403,-0.09227451779146317,0.7673864485761475,0.37396063620340436,0.7699311269368724,True
185,Pine,356,89,0.5083514122815107,0.6955356752971572,-0.6053263521242621,0.8411424396370047,0.12899541759291405,0.16287551065068295,0.2081325706885877,0.0942963005447206,0.2546527409684046,0.7620500835946168,0.37520413629687743,1.015867214297437,-1.0146661381879214,-0.19598656606060277,0.6556874319759336,1.026597447298076,True
185,Spruce,6,1,18.918689424455458,0.7870641120941737,0.24702600004943803,-0.6550068248503971,25.451682991402755,0.2823774313625384,0.8436270688772244,1.1249816960108843,-90.59106387386447,128.4284427227754,-0.4279079137624371,2.0020361379507845,-3.3828083107007063,3.8768603107995827,-5.4954123900498235,4.185398740349029,True
186,Alder,92,23,0.6135489487196246,1.3529238866397537,-2.177938683402683,1.5430365124824927,0.4103970539291655,0.23233277045667858,0.3995091902724295,0.15883023410437944,-0.2020289571103766,1.4291268545496258,0.8912113266430499,1.8146364466364575,-2.971879248137989,-1.3839981186673769,1.2273947980180977,1.8586782269468878,True
186,Aspen,53,13,0.7964672317159762,1.4287379381279501,-1.2420628684682453,0.9251020498879852,0.5369878379908232,0.34924569365873936,0.535267893845665,0.12339201043656019,-0.28265023014995005,1.8755846935819025,0.7269024404773232,2.130573435778577,-2.317723973170816,-0.1664017637656745,0.6771365212550811,1.1730675785208893,True
186,Birch,96,24,1.2555256972894622,-0.01009794501995169,0.7890419935025523,0.018743039825826174,0.9709328414605668,0.3850929089425329,0.5655019546802516,0.19826830588946706,-0.6728307338138504,3.1838821283927747,-0.7749257022256237,0.7547298121857204,-0.3340937008970133,1.912177687902118,-0.37503492958632545,0.41252100923797785,True
186,Oak,71,18,0.26060250910797433,0.31999918761682455,0.5175714298965414,0.6452996825590238,0.14525912975863242,0.24902272255528768,0.4149394335209042,0.1317451085656423,-0.0293359273887005,0.5505409456046492,-0.1770522469456532,0.8170506221793024,-0.3106511458257074,1.34579400561879,0.38233534526003216,0.9082640198580154,True
186,Pine,356,89,0.4395246493412331,0.683695220789665,-0.5524062882761417,0.8507111402918524,0.12112721566533158,0.17074779843071075,0.22406581646558968,0.10124015730334811,0.2013005771410225,0.6777487215414437,0.3478810469233141,1.019509394656016,-0.993082406736407,-0.1117301698158763,0.6515994674071237,1.049822813176581,True
186,Spruce,6,1,11.859810758582297,0.7104879998793503,-0.04961916697116077,-0.17667758735441919,8.127536479371916,0.2252725610253752,0.15961256311623898,0.33171232678340784,-23.110156260092246,46.829777777256844,-0.2587815997421211,1.6797575995008218,-0.7363765973570441,0.6371382634147226,-1.6039205356629074,1.2505653609540692,True
187,Alder,92,23,0.564684790813669,1.267314940292155,-1.9484914262400592,1.4397683565480748,0.40412932706149296,0.23719502244889765,0.42734958685007296,0.15552397230795525,-0.2384373249366767,1.3678069065640146,0.7959396761910592,1.7386902043932508,-2.7977589289269966,-1.0992239235531218,1.130697142642192,1.7488395704539577,True
187,Aspen,53,13,1.5871914049171036,1.706399647167373,-1.707806902794191,0.8842504197478447,0.836941969906201,0.25198133413615104,0.3765934975266721,0.11680232500824346,-0.09470645272056322,3.2690892625547705,1.2000241978685753,2.2127750964661708,-2.4645998698876825,-0.951013935700699,0.6495273597721574,1.118973479723532,True
187,Birch,96,24,0.9518904939717435,-0.42448962735857565,1.1814680279463212,0.09858882757302036,0.757967218659494,0.39270046347396365,0.5815439989483788,0.20753129831315195,-0.5534978277053827,2.45727881564887,-1.204426644524582,0.3554473898074306,0.026471448929903607,2.336464606962739,-0.3135862443458339,0.5107638994918746,True
187,Oak,71,18,0.39748969334746675,0.45338321700448103,0.3102906766728317,0.5862548630604959,0.15536485340588643,0.11367720867901815,0.21765814173520648,0.10415759823437343,0.08738014802740196,0.7075992386675316,0.2264825588188839,0.6802838751900782,-0.12415679255226236,0.7447381458979259,0.3783554268494761,0.7941542992715157,True
187,Pine,356,89,0.469656061654618,0.7527530213030619,-0.6304166215514148,0.8432013609737038,0.12818407909332888,0.16782127157595408,0.21491287945134058,0.09859866189901773,0.21755307104994998,0.721759052259286,0.42269452456438183,1.082811518041742,-1.0530914187054021,-0.20774182439742733,0.6492847863867546,1.037117935560653,True
187,Spruce,6,1,12.979986461924554,0.7915629712151349,-0.07396005944327096,-0.25446681404437255,12.437361382801255,0.2927041797797509,0.21287420172000013,0.45314228999663975,-40.53366044200265,66.49363336585176,-0.46784146690768047,2.05096740933795,-0.9898838245557167,0.8419637056691747,-2.2041807250391754,1.69524709695043,True
188,Alder,92,23,0.800148559039889,1.2300770587953997,-1.953125679432993,1.3759581899048878,0.5595944109117461,0.2377764151128986,0.4195230113584663,0.1554107353666321,-0.31192774218119246,1.9122248602609706,0.7575463989456476,1.7026077186451518,-2.7868395079691246,-1.1194118508968613,1.0671120106248209,1.6848043691849548,True
188,Aspen,53,13,0.9969724832185809,1.63888452246627,-1.6160270235625258,1.00089297564627,0.5715621648294645,0.2908328989992048,0.4383320856731223,0.13160856477644517,-0.15162468970269183,2.1455696561398536,1.0544339304949588,2.2233351144375813,-2.496888328570445,-0.7351657185546068,0.7364156628774061,1.2653702884151337,True
188,Birch,96,24,0.7802942530453045,-0.36068063449393767,1.0620153685747167,0.22126692282132282,0.7359575511522723,0.4211952110405325,0.5956149707335785,0.2429203254770989,-0.681380969155085,2.241969475245694,-1.1972106799068827,0.4758494109190074,-0.12092737497049133,2.2449581121199245,-0.26119381171805833,0.703727657360704,True
188,Oak,71,18,0.48970251170708406,0.46246283075805206,0.32870516026815055,0.5017078909199143,0.17962411394159186,0.11292055189326951,0.22397191654631846,0.09514865073602954,0.13117127969527503,0.8482337437188932,0.23707246583793914,0.6878531956781649,-0.11834465622535756,0.7757549767616587,0.3117903891765642,0.6916253926632644,True
188,Pine,356,89,0.5611583982538499,0.6245998005150101,-0.47526043223412134,0.7681861578483031,0.14628775805756972,0.167060843161213,0.21280640435758216,0.09611367678396973,0.27345042737305136,0.8488663691346485,0.2960368582855403,0.9531627427444798,-0.8937923695686447,-0.056728494899597914,0.579156868667957,0.9572154470286492,True
188,Spruce,6,1,39.39128951630687,1.3022601313603348,-0.46594691780059405,-0.669143397910528,107.87327898298139,1.2135153422415597,0.9240974843037052,1.0589954014781506,-424.74996876109145,503.5325477937052,-3.91907496846346,6.523595231184129,-4.442017481145269,3.510123645544081,-5.225632852816154,3.887346056995098,True
189,Alder,92,23,0.49159429325710186,0.7413431052596436,-0.8981393883658906,1.022224981916607,0.307342582108891,0.25922598746651954,0.4453732833068283,0.1360387111970205,-0.11918450519893858,1.1023730917131422,0.22618592766657775,1.2565002828527096,-1.7832252003481313,-0.0130535763836499,0.7518766299300736,1.2925733339031402,True
189,Aspen,53,13,0.8306628288276241,1.5539162346581974,-1.3800738330540148,0.9230623284906669,0.5849518082758747,0.34725215380577845,0.5401542932544527,0.12933277697059226,-0.34484183999754436,2.0061674976527923,0.856086905330311,2.2517455639860837,-2.4655545250072084,-0.2945931411008209,0.6631583825414059,1.182966274439928,True
189,Birch,96,24,0.5300506661212556,-0.47972532479539487,1.4960880848591065,0.057860054540869246,0.5065683818091467,0.44561799501151017,0.6920820926949429,0.20967845282640382,-0.4760378655899662,1.5361391978324774,-1.364761127274952,0.4053104776841624,0.12155331035077666,2.8706228593674363,-0.3585794515771344,0.47429956065887285,True
189,Oak,71,18,0.3871731262835018,0.4480897550584074,0.35911365907945625,0.5527127653975419,0.1557210652848847,0.11970222102620298,0.2413877882805699,0.12026749888608565,0.07635257907715343,0.6979936734898502,0.2091631218947238,0.687016388222091,-0.12269838288825075,0.8409257010471632,0.31265783290318694,0.7927676978918968,True
189,Pine,356,89,0.44831945103437326,0.7203410058924499,-0.6195897913744706,0.8708464006445771,0.11730140096769989,0.16220048990114566,0.20899863925388137,0.09423616086489504,0.2176197089506197,0.6790191931181269,0.401337047905992,1.0393449638789076,-1.0306328972023593,-0.20854668554658173,0.685509671269275,1.0561831300198792,True
189,Spruce,6,1,12.979986461924717,0.7915629712151375,-0.0739600594432707,-0.2544668140443789,12.437361382881216,0.29270417978213487,0.21287420172079546,0.4531422899989141,-40.53366044234653,66.49363336619597,-0.4678414669179354,2.0509674093482104,-0.9898838245591384,0.841963705672597,-2.2041807250489676,1.6952470969602096,True
190,Alder,92,23,0.5281947931605637,0.9559729957831511,-1.4491707180373627,1.2970630074203038,0.34512904046350595,0.2502962235559633,0.4390078325674392,0.15978071000703647,-0.1576766510114681,1.2140662373325957,0.4585618475048687,1.4533841440614335,-2.3216065342801335,-0.5767349017945921,0.9795324218277921,1.6145935930128155,True
190,Aspen,53,13,1.0297759693225055,1.657421244675498,-1.6471547430012479,1.005555883106387,0.5929169049487933,0.2809281461310656,0.42362134428556103,0.1322308910387122,-0.1617351605379007,2.221287099182912,1.092874998797884,2.2219674905531117,-2.4984537063969112,-0.7958557796055843,0.7398279588914565,1.2712838073213177,True
190,Birch,96,24,1.0760476458017885,-0.1447338339372344,0.9244156026295838,0.05288716800656612,0.8869908787595341,0.3875530545319311,0.5842444196930033,0.2010121415684049,-0.6855928017629809,2.837688093366558,-0.9144476526357179,0.6249799847612492,-0.2359442450777436,2.0847754503369114,-0.34634029590348636,0.4521146319166186,True
190,Oak,71,18,0.2988778340208098,0.40590544523405586,0.41265950121961814,0.6153011043331101,0.11417102178023246,0.10954068509184435,0.2076286789938699,0.09489766662814436,0.07099152075986179,0.5267641472817578,0.1872613226850803,0.6245495677830314,-0.0017690765873826786,0.827088079026619,0.42588456896582644,0.8047176397003939,True
190,Pine,356,89,0.43872732362700806,0.7759605237070901,-0.6754846397264683,0.8780180632971134,0.11995709670336359,0.16828671196927483,0.2172613803010406,0.10173691673910247,0.20280455508136896,0.6746500921726472,0.44498663313842485,1.1069344142757553,-1.1027782951024343,-0.24819098435050224,0.6779294006001509,1.078106725994076,True
190,Spruce,6,1,18.918689424456208,0.7870641120941777,0.2470260000494575,-0.6550068248504302,25.451682988726,0.2823774313483342,0.8436270688502864,1.1249816959164414,-90.59106386234657,128.42844271125898,-0.4279079137013173,2.0020361378896725,-3.3828083105847826,3.876860310683697,-5.495412389643501,4.1853987399426416,True
191,Alder,92,23,0.688998355885236,0.9890910714129638,-1.539446721080671,1.2733854234320559,0.40138980778325384,0.22765497042348454,0.40044501549702516,0.14637507882085699,-0.10867954096895549,1.4866762527394273,0.5366746560119335,1.441507486813994,-2.3352470418000695,-0.7436464003612725,0.9824957128275033,1.5642751340366083,True
191,Aspen,53,13,1.2421270864176421,1.7781162743541843,-1.7719106383162002,0.9658452611572909,0.7129220094936259,0.2980967407358002,0.4518052232500814,0.11757944877589152,-0.1905433298651653,2.6747975027004496,1.179068445902585,2.3771641028057835,-2.6798472269652116,-0.8639740496671888,0.7295605125019533,1.2021300098126284,True
191,Birch,96,24,0.7716260797179046,-0.10578072184819079,0.7354305738551872,0.2917199275099359,0.671717486858369,0.39477103647811057,0.5637344069661685,0.21795165444691764,-0.5624628297883025,2.105714989224112,-0.8898300757259816,0.6782686320296001,-0.3841946182148799,1.8550557659252542,-0.1411508711439481,0.7245907261638199,True
191,Oak,71,18,0.33354670299486616,0.4580435124868392,0.30423678706196594,0.6305790275584077,0.11793510026704888,0.10246364959285753,0.19517056194234936,0.09212202481097642,0.09814725762902565,0.5689461483607067,0.253525211915575,0.6625618130581035,-0.08532528503477493,0.6937988591587068,0.44670269644597316,0.8144553586708422,True
191,Pine,356,89,0.5041620134497452,0.7597618679479614,-0.6839782539639185,0.8546502165907971,0.13551920653692448,0.16618514627624317,0.21492109941638488,0.099659416772463,0.23763283530231344,0.770691191597177,0.43292118175157784,1.086602554144345,-1.1066692175387671,-0.2612872903890699,0.6586474275707799,1.0506530056108143,True
191,Spruce,6,1,39.39128951630851,1.3022601313603535,-0.4659469178006085,-0.6691433979105434,107.8732789476047,1.2135153418701616,0.9240974840551249,1.0589954011252325,-424.7499686088762,503.53254764149324,-3.9190749668654448,6.523595229586151,-4.442017480075728,3.5101236444745116,-5.225632851297686,3.8873460554765984,True
192,Alder,92,23,1.2178937601235902,1.489123922918308,-2.253828357930845,1.2958811305283422,0.7799938236450269,0.2392459634108674,0.40430607941477714,0.14455588156166743,-0.3321800602370819,2.767967580484262,1.0136728446301224,1.9645750012064935,-3.0573017318414575,-1.4503549840202326,1.0086066921991057,1.5831555688575787,True
192,Aspen,53,13,0.7799912352895384,1.5806882895512255,-1.404729130096216,0.9381469744231318,0.5194476948092998,0.30895580480945634,0.4389964353451101,0.16867503697111447,-0.26387798918309713,1.823860459762174,0.9598183548388072,2.201558224263644,-2.2869254957537564,-0.5225327644386752,0.5991817970041211,1.2771121518421424,True
192,Birch,96,24,1.407492065058447,0.22226375360766296,0.4714397230916548,0.044527605759383804,1.1978967332798758,0.39467431109606593,0.6275572611480145,0.18470426683128824,-0.9716342460291716,3.7866183761460657,-0.5615934953123471,1.006121002527673,-0.7749431663777436,1.7178226125610534,-0.32231101127672823,0.41136622279549584,True
192,Oak,71,18,0.31799718887241285,0.4787086682562664,0.22784344854445035,0.6929157861882043,0.11522595187945406,0.10498569894387577,0.20519497532598802,0.10554506260396693,0.08800522632050578,0.5479891514243199,0.2691563361111057,0.6882610004014271,-0.18172743641023628,0.637414333499137,0.4822469595045634,0.9035846128718451,True
192,Pine,356,89,0.5528217906242325,0.6703528430510202,-0.556386854628966,0.8000028226644975,0.1462278315959736,0.16898228657774783,0.21520889026898116,0.09789843446158204,0.2652316786873184,0.8404119025611467,0.33801094765503903,1.0026947384470013,-0.9796438240223326,-0.13312988523559938,0.6074634037456282,0.9925422415833668,True
192,Spruce,6,1,11.701202228254619,0.7803381607466456,-0.07130235221712243,-0.21656258053490857,11.416641896895133,0.29113361431546825,0.21032674483093652,0.4542709438313471,-37.420643193384564,60.823047649893795,-0.4723086795941075,2.0329850010873987,-0.9762652949920554,0.8336605905578105,-2.171132697032497,1.7380075359626799,True
193,Alder,92,23,0.8045515027415262,1.1972503922768425,-1.811494301432218,1.2760830438745534,0.5513538075343085,0.27120161192288916,0.4702579123932028,0.16351849680748193,-0.29114833090748005,1.9002513363905325,0.6582941775766089,1.736206606977076,-2.7460330845878937,-0.8769555182765423,0.9511243924566167,1.6010416952924902,True
193,Aspen,53,13,0.7223046149014895,1.533795664381299,-1.409301990551051,1.0040214662766527,0.4581358436516033,0.29845231255686566,0.45844498518976645,0.12879741900022224,-0.19835383174208554,1.6429630615450646,0.9340332876030658,2.1335580411595325,-2.330581680374487,-0.48802230072761543,0.745193362447647,1.2628495701056583,True
193,Birch,96,24,1.5249275651373144,0.201722656996592,0.3602398285786832,0.16567051773392252,1.22774929049092,0.388830872787315,0.5795013644082567,0.1911366187638738,-0.9134885013531597,3.9633436316277884,-0.5705290190544599,0.9739743330476438,-0.790699901927066,1.5111795590844324,-0.21394330546131188,0.5452843409291569,True
193,Oak,71,18,0.3417864314214095,0.44190443267773855,0.35421808661451104,0.5981910693131285,0.13260828467529517,0.11091306134688135,0.2145649707029386,0.09373669225788436,0.07709918739655569,0.6064736754462634,0.2205210356588432,0.6632878296966339,-0.07405538738974732,0.7824915606187695,0.411091848487693,0.785290290138564,True
193,Pine,356,89,0.39886876857635595,0.779088501569419,-0.688846222383981,0.9130269311087643,0.10087659254238955,0.15384005361856481,0.19875447933259152,0.09201613500476233,0.2004721280432612,0.5972654091094507,0.47652723291307547,1.0816497702257626,-1.079741870191679,-0.2979505745762829,0.7320563848235764,1.0939974773939523,True
193,Spruce,6,1,19.776425212335873,0.9376478909571241,-0.10223911452741988,-0.48766708268588593,8.514510667367016,0.13641788901068194,0.09176948712987819,0.21008069397286822,-16.85855735263774,56.411407777309485,0.35068908842592816,1.52460669348832,-0.49709134882960526,0.29261311977476545,-1.3915713540647072,0.4162371886929353,True
194,Alder,92,23,0.740949838978933,1.2137499294420613,-1.897075195130455,1.3655682369579134,0.5278199766547558,0.24287471991070864,0.42676729939656793,0.1567575200675419,-0.3079814510824873,1.7898811290403533,0.7310874601398011,1.6964123987443216,-2.7451855238626237,-1.0489648663982865,1.0540456060916188,1.677090867824208,True
194,Aspen,53,13,1.6468459197482619,1.7386518151288815,-1.7800909205073843,0.9138022877998635,0.9413976353321108,0.2914426616024475,0.4367071215081668,0.11561413521159014,-0.24496345650717033,3.538655296003694,1.1529758593295663,2.3243277709281966,-2.657686737768186,-0.9024951032465822,0.6814669846165402,1.1461375909831868,True
194,Birch,96,24,1.0287678598765255,-0.19508768124128217,0.8566864584228555,0.17095983773963522,0.9738539319431154,0.412509179692648,0.6038532111232171,0.2623334850372858,-0.9053901090647529,2.962925828817804,-1.0143665186455855,0.624191156163021,-0.34261814163596793,2.0559910584816787,-0.35005710737102214,0.6919767828502925,True
194,Oak,71,18,0.480074520930068,0.4679676343825104,0.2611506687958203,0.5597896581528603,0.17867939012887205,0.10824663576247265,0.20790410080812707,0.09152518752105183,0.12342896554069438,0.8367200763194417,0.25190644510548155,0.6840288236595392,-0.1538276532533187,0.6761289908449593,0.37710461925710903,0.7424746970486116,True
194,Pine,356,89,0.47050080473431394,0.7849336614861121,-0.7459492810072262,0.9046698440323361,0.13153388210623332,0.1742727028253872,0.21842673803673543,0.10125885185353682,0.21180966867926693,0.729191940789361,0.4421869656889646,1.1276803572832597,-1.175534876009166,-0.31636368600528647,0.7055214040853957,1.1038182839792765,True
194,Spruce,6,1,39.391289516311595,1.302260131360388,-0.4659469178006337,-0.6691433979105738,107.87327891534078,1.2135153415159294,0.9240974838077134,1.058995400809812,-424.7499684700527,503.53254750267587,-3.919074965341272,6.523595228062048,-4.442017479011228,3.510123643409961,-5.225632849940571,3.8873460541194236,True
195,Alder,92,23,1.297311242035847,1.3447719495676738,-2.112898728518557,1.277613989697128,0.8702709371153634,0.2328988751728565,0.41273135014548623,0.15583075847168965,-0.43216937095063823,3.0267918550223323,0.8819343754060764,1.807609523729271,-2.9331155575607664,-1.2926818994763478,0.9679331027573852,1.5872948766368706,True
195,Aspen,53,13,0.9359340856339208,1.6788598589331325,-1.59097737435984,0.9663633856010528,0.6430721162741762,0.3365940184152429,0.516749841635859,0.12653762592533188,-0.3563677149189587,2.2282358861868,1.0024488545600372,2.355270863306228,-2.6294250599017186,-0.5525296888179616,0.712076505976383,1.2206502652257227,True
195,Birch,96,24,0.9751065998646116,-0.3881479809094229,1.1459267274946385,0.08495204333851991,0.8165391430000287,0.3911362173814246,0.5794010289315763,0.20960231065238655,-0.6466106193027477,2.596823819031971,-1.1649782703146931,0.38868230849584734,-0.004813728093771008,2.296667183083048,-0.3313362378495251,0.5012403245265649,True
195,Oak,71,18,0.3914837127652671,0.47564563923514686,0.2326600433441266,0.6328644600756479,0.13697795659254064,0.09985347243370617,0.1901083050360148,0.0876295813685437,0.11807456708924158,0.6648928584412926,0.27633727407903474,0.674954004391259,-0.14679772167734823,0.6121178083656014,0.45795508360429527,0.8077738365470005,True
195,Pine,356,89,0.5210970066330832,0.7801766480604786,-0.6890640601014176,0.8306534855129095,0.13881722942561753,0.1701493475557986,0.21697363401378267,0.09749013751482016,0.24808152036374498,0.7941124929024215,0.44553946322710647,1.1148138328938506,-1.1157917973066855,-0.26233632289614967,0.6389170749088129,1.0223898961170061,True
195,Spruce,6,1,11.70120222825479,0.7803381607466494,-0.07130235221712368,-0.21656258053491503,11.416641897069303,0.291133614318813,0.21032674483117722,0.45427094383837335,-37.42064319413379,60.82304765064336,-0.4723086796084951,2.032985001101794,-0.9762652949930922,0.8336605905588449,-2.171132697062735,1.738007535992905,True
196,Alder,92,23,0.6885383215190356,1.2405227982118967,-1.9095652704911046,1.3752463818746563,0.4752201144146637,0.24118447202818516,0.42392329133179735,0.15362559610811197,-0.2558617954211341,1.6329384384592052,0.7612193413956277,1.7198262550281656,-2.7520237308206563,-1.0671068101615528,1.0699477917503586,1.680544971998954,True
196,Aspen,53,13,1.2426091353965552,1.6893230317322194,-1.6502526745754749,0.9270444233363819,0.9212418694398787,0.3388417104089833,0.468423108533689,0.1957680254446763,-0.6086957128364732,3.0939139836295837,1.0083951211878097,2.370250942276629,-2.5915841539838786,-0.7089211951670712,0.5336338471810735,1.3204549994916903,True
196,Birch,96,24,0.9882813577570301,-0.37103906235927225,1.1564963876932888,0.04577644168595789,0.8343324413102584,0.4018513413701742,0.6072987850264009,0.20700472148776342,-0.6687748877177059,2.645337603231766,-1.1691505129030328,0.4270723881844883,-0.0496514195486919,2.3626441949352692,-0.3653528032051686,0.4569056865770844,True
196,Oak,71,18,0.36650215354959703,0.4543379295787963,0.29406533083941505,0.6222507649288989,0.14891447812551525,0.12577972834781284,0.24851121187928418,0.11067839512975866,0.06926761117575136,0.6637366959234428,0.20328054102952953,0.7053953181280631,-0.2019651241405866,0.7900957858194166,0.4013357636397879,0.8431657662180099,True
196,Pine,356,89,0.5646524990675073,0.6825443464712695,-0.5607254588792354,0.7866182248692869,0.1497497439826346,0.1664794345901131,0.21231087053768494,0.09741836843476609,0.27013574966044046,0.8591692484745741,0.35512487572885354,1.0099638172136856,-0.978282816852379,-0.14316810090609183,0.5950229643974263,0.9782134853411475,True
196,Spruce,6,1,11.70120222825469,0.7803381607466469,-0.07130235221712317,-0.2165625805349108,11.416641896760101,0.2911336143132826,0.21032674483084388,0.4542709438260725,-37.420643192803496,60.82304764931288,-0.47230867958470224,2.032985001077996,-0.9762652949916575,0.833660590557411,-2.1711326970098046,1.738007535939983,True
197,Alder,92,23,0.7478302213357982,1.5113763607270823,-2.44497442017792,1.5671116167340604,0.502340637402712,0.22632670724695758,0.4036795781603629,0.15322951300036844,-0.25046623606744045,1.7461266787390368,1.0615995892745924,1.961153132179572,-3.247202754495331,-1.6427460858605094,1.2626001585554123,1.8716230749127085,True
197,Aspen,53,13,0.757869429804118,1.5311771600297484,-1.4318256455212848,1.0125210655380756,0.4282422080031689,0.27567707442065253,0.42269440241768846,0.12182752500823531,-0.10271550689259945,1.6184543665008353,0.9771833378297705,2.085170982229726,-2.2812618494930135,-0.5823894415495562,0.7676994880807828,1.2573426429953685,True
197,Birch,96,24,0.8020628962014499,-0.1731951611529034,0.858117054175993,0.22092176848512066,0.6910860024374793,0.37904237569174076,0.5471617043513395,0.2109201845691284,-0.5704935570760831,2.174619349478983,-0.9260060370589194,0.5796157147531125,-0.22859331999586185,1.944827428347848,-0.19798392405643214,0.6398274610266734,True
197,Oak,71,18,0.36740274135895384,0.39321341579773694,0.4352093776918683,0.5531716021249896,0.1798457559084086,0.19630406688760643,0.3094839851381355,0.109759405483126,0.00842911012977604,0.7263763725881316,0.0013888583609339977,0.7850379732345398,-0.18252324208089077,1.0529419974646275,0.33409091184782025,0.772252292402159,True
197,Pine,356,89,0.5015832212656832,0.8164404798643644,-0.6949111429316678,0.8182219827656486,0.12996389874671835,0.16187800027981714,0.21033856006892404,0.093643904713374,0.24597981266425478,0.7571866298671117,0.49807077067503447,1.1348101890536944,-1.1085895061724507,-0.28123277969088484,0.6340500590983452,1.0023939064329521,True
197,Spruce,6,1,3.9858988778055933,0.5181254029726596,-0.0456689901054839,0.3205609250021053,4.805823384553487,0.31889328974726383,0.16585407009785974,0.5840200968676014,-16.69189022618102,24.663687981792204,-0.8539616806401877,1.890212486585507,-0.7592814575432554,0.6679434773322876,-2.192274738982685,2.8333965889868953,True
198,Alder,92,23,0.6704363536430623,1.1165532474751791,-1.7112727826315577,1.3097748714108723,0.451527261431863,0.2528228110417712,0.4404472365976576,0.1655668549804012,-0.22687919669545265,1.5677519039815773,0.6141210374937415,1.618985457456617,-2.5865691119149785,-0.8359764533481367,0.980745538556349,1.6388042042653956,True
198,Aspen,53,13,2.377745982727002,1.7664766978586912,-1.8590082143250037,0.8405970146590057,1.1822559977775344,0.2346071691983297,0.3571492232729057,0.10696155598732206,0.001913605645747385,4.753578359808257,1.295015940184738,2.237937455532644,-2.576726449374177,-1.1412899792758304,0.6256497204220706,1.0555443088959409,True
198,Birch,96,24,0.9796189978227668,-0.40497983990773767,1.127489814094583,0.12074796340335604,0.8712875180870676,0.40755772345746333,0.5921720182126166,0.24081710577673981,-0.7508332199802684,2.710071215625802,-1.2144246578343583,0.4044649780188828,-0.048614928558829984,2.303594556747996,-0.35753559526759987,0.599031522074312,True
198,Oak,71,18,0.3536555920285957,0.4804969364731393,0.19210591190515544,0.6954646283196397,0.12213282041462986,0.09661728594795681,0.19661971177673607,0.10097519445500547,0.10987746218032327,0.5974337218768682,0.28764802657776667,0.6733458463685119,-0.20034867536725567,0.5845604991775666,0.49391729663812006,0.8970119600011595,True
198,Pine,356,89,0.4837080278957471,0.8108368864820233,-0.742805756746492,0.8748826498156907,0.1202735684179542,0.16218060426540834,0.20594057771234317,0.09236412583858736,0.24716284612801048,0.7202532096634837,0.4918720380969677,1.129801734867079,-1.1478344927280788,-0.33777702076490507,0.6932277008298646,1.0565375988015169,True
198,Spruce,6,1,19.776425212335948,0.937647890957125,-0.1022391145274205,-0.4876670826858873,8.514510667853946,0.1364178890176582,0.09176948713105171,0.21008069398411147,-16.858557354732756,56.411407779404655,0.3506890883959126,1.5246066935183373,-0.4970913488346551,0.2926131197798141,-1.3915713541130845,0.41623718874130977,True
199,Alder,92,23,0.7489451907598405,1.4264388005576976,-2.1898876405724645,1.4269496659145573,0.5364311014946527,0.2409304684963415,0.41583640446664266,0.16066303221812134,-0.3170989004207029,1.8149892819403837,0.9476401223858928,1.9052374787295023,-3.0162751125968583,-1.363500168548071,1.1076656503344413,1.7462336814946733,True
199,Aspen,53,13,2.16081420575917,1.913344029333672,-1.86868396090107,0.7582575857739886,1.241300170601901,0.2723339113860985,0.37707953992109816,0.15327802890014378,-0.3336718789267108,4.655300290445051,1.3660685447816197,2.4606195138857245,-2.6264536667545952,-1.1109142550475446,0.45023385450027975,1.0662813170476975,True
199,Birch,96,24,0.8691025064502682,-0.33408894165727654,1.1821763401703407,0.04152680044967495,0.7315835370097027,0.40611010323020114,0.5994910813183294,0.21089395626830795,-0.583885546111413,2.3220905590119494,-1.14065866085839,0.4724807775438369,-0.008464693570230608,2.372817373910912,-0.3773268004225015,0.4603804013218514,True
199,Oak,71,18,0.38268388682354787,0.45555390078182456,0.3718154572593063,0.5361356191873133,0.15201484178597474,0.11416406530819055,0.23070141364019933,0.11652487825355219,0.0792609926829086,0.6861067809641872,0.22768147269718672,0.6834263288664624,-0.08866649165197699,0.8322974061705897,0.3035509887414426,0.7687202496331841,True
199,Pine,356,89,0.6632891580031173,0.7658980441767612,-0.6634049314603705,0.7599487001315148,0.16726328465381152,0.15934647794972498,0.20408920713760045,0.09898387492188096,0.3343280687801398,0.9922502472260948,0.45250714635552686,1.0792889419979956,-1.0647925283714001,-0.26201733454934084,0.5652745169884128,0.9546228832746169,True
199,Spruce,6,1,18.91868942445645,0.787064112094176,0.24702600004947214,-0.6550068248504458,25.45168298853225,0.28237743135072624,0.8436270688368915,1.1249816958994208,-90.59106386151271,128.4284427104256,-0.4279079137116112,2.0020361378999634,-3.3828083105271345,3.8768603106260784,-5.4954123895702836,4.185398739869392,True
200,Alder,92,23,1.1288654197204067,1.0522493195701048,-1.6740483584692332,1.183274008025473,0.7291287468437894,0.25917228708451967,0.4453292919516354,0.14567749716280326,-0.3201247490393071,2.57785558848012,0.5371988602019248,1.5672997789382848,-2.5590467468771587,-0.7890499700613075,0.8937705943798626,1.4727774216710832,True
200,Aspen,53,13,0.8935963322866303,1.4983100901339619,-1.3391248467269126,0.9125898353145067,0.5498953456070694,0.3005862572445253,0.4674759235549328,0.11186036436506241,-0.2114597372579614,1.998652401831222,0.8942593909540043,2.1023607893139196,-2.278552886657027,-0.3996968067967982,0.6877980170702231,1.1373816535587902,True
200,Birch,96,24,1.0596194797207708,-0.007130584299818733,0.7232029825223434,0.11727225435915188,0.9052514771081142,0.4158784379500549,0.6221397002158039,0.21274898268803993,-0.7382880923634538,2.857527051804995,-0.8331010594274324,0.818839890827795,-0.5124201633083427,1.9588261283530295,-0.3052655891028371,0.5398100978211409,True
200,Oak,71,18,0.4556562826656038,0.43637787587455396,0.3285295345816024,0.5456095844499609,0.17780430885365062,0.1113793907809983,0.21254987671025236,0.09463304908049873,0.10075739681202323,0.8105551685191844,0.21406368140943327,0.6586920703396746,-0.09572179497910804,0.7527808641423128,0.35672122791839955,0.7344979409815222,True
200,Pine,356,89,0.45961506398209356,0.7083236747697746,-0.6297121103065009,0.8842560645865579,0.11612622278831294,0.1683579477185704,0.2216230038061305,0.09526301713502502,0.23122657564851196,0.6880035523156751,0.3772096829844653,1.039437666555084,-1.0655838850347477,-0.19384033557825403,0.696899790050484,1.0716123391226318,True
200,Spruce,6,1,18.918689424456407,0.7870641120941759,0.24702600004947017,-0.6550068248504434,25.45168298706068,0.28237743134695986,0.8436270688101872,1.1249816958375665,-90.59106385518108,128.4284427040939,-0.4279079136954058,2.0020361378837577,-3.3828083104122366,3.876860310511177,-5.4954123893041436,4.185398739603257,True
