iter,Species,n_train,n_test,a0,a_DBH_cm,a_H_m,a_BA_sq_m_sq_m,SE_a0,SE_a_DBH_cm,SE_a_H_m,SE_a_BA_sq_m_sq_m,CI95_lo_a0,CI95_hi_a0,CI95_lo_a_DBH_cm,CI95_hi_a_DBH_cm,CI95_lo_a_H_m,CI95_hi_a_H_m,CI95_lo_a_BA_sq_m_sq_m,CI95_hi_a_BA_sq_m_sq_m,success
1,Alder,92,23,3.156929852044255,0.42818619023329013,-1.6809125653980692,1.06173202364401,1.6560676374158574,0.2653772906713284,0.43996907456896217,0.11717017531010795,-0.13415657926717772,6.448016283355688,-0.099195409874196,0.9555677903407762,-2.5552586481281168,-0.8065664826680219,0.8288809217897412,1.2945831254982787,True
1,Aspen,53,13,1.015535090661992,0.448731222783775,-0.8008362054946172,0.7443031894726605,0.5606872162106351,0.3161187227811268,0.4604263487888857,0.14896739353252855,-0.11120805480982843,2.142278236133812,-0.18653313451010034,1.0839955800776502,-1.7260975945425923,0.12442518355335785,0.4449420042900047,1.0436643746553163,True
1,Birch,96,24,0.6736682585690856,-0.7940456387514748,0.7846147141954146,0.4295577847780129,0.6796285697206489,0.4776304591785604,0.6598022569519723,0.27364581741965255,-0.6761327443621623,2.023469261500334,-1.742660958285099,0.15456968078214928,-0.5258095202303711,2.0950389486212004,-0.11392642889006621,0.973041998446092,True
1,Oak,71,18,0.08084136352359576,-0.32989922184050274,0.9339449199300999,0.6614806263508551,0.03791098585773004,0.19672448239142767,0.34924619427032894,0.12085035250233259,0.005170719042231736,0.1565120080049598,-0.7225629321350946,0.06276448845408916,0.2368465985549818,1.631043241305218,0.4202623131692974,0.9026989395324129,True
1,Pine,365,91,1.7420402991910688,-0.25934922851181635,-0.05823444151138122,0.6323398667204392,0.29333939032821965,0.14585197191236463,0.1757998876792118,0.07454478602084873,1.165171642696866,2.3189089556852718,-0.5461754573042537,0.027477000280621,-0.40395495624984323,0.28748607322708075,0.48574328958710916,0.7789364438537691,True
1,Spruce,6,1,169.9313985027326,-1.5219590617648189,4.33979925804917,-3.3526709561867087,742.5213541214048,1.8377743762447245,2.909497546597287,2.5921754224186824,-3024.8801326654057,3364.7429296708706,-9.429263998279808,6.385345874750169,-8.178758302861876,16.858356818960214,-14.505901613307701,7.800559700934285,True
2,Alder,92,23,2.5947148381901335,0.21813148827254947,-1.264734249116117,0.925904787771144,1.4646369880827383,0.2636749150919487,0.4462981467590308,0.127816859603389,-0.31594340388354203,5.505373080263809,-0.30586699809989915,0.7421299746449981,-2.1516580328632724,-0.37781046536896157,0.6718956381267807,1.1799139374155074,True
2,Aspen,53,13,1.2614453951774338,0.5390968902055813,-0.8550242176905181,0.660793883661217,0.8068964773451858,0.3329250140192096,0.48180595785084984,0.15661508067624752,-0.36007378462226614,2.8829645749771338,-0.12994097378832725,1.2081347541994898,-1.8232495396889201,0.11320110430788399,0.34606409577323194,0.9755236715492022,True
2,Birch,96,24,0.6742086539462147,-0.8723260274186455,0.8179970271804919,0.445241421117496,0.7293724599042313,0.5177529300586234,0.6894020546680967,0.27490342853768535,-0.7743880086305659,2.122805316522995,-1.9006280373694329,0.15597598253214184,-0.5512149604738097,2.1872090148347936,-0.10074051678415363,0.9912233590191456,True
2,Oak,71,18,0.08991875638400125,-0.38461442041618843,1.1521619593247114,0.4876588511907454,0.04393388985653856,0.20587438124980584,0.364019835003096,0.11184828358076776,0.0022263452055230615,0.17761116756247944,-0.7955414052705897,0.026312564438212838,0.42557532762762196,1.878748591021801,0.2644087427801426,0.7109089596013483,True
2,Pine,365,91,2.052221049303645,-0.11352503840022113,-0.2900516057307319,0.6469266612266278,0.34391833085053874,0.15137151941328814,0.1850574351550934,0.07648740301026002,1.3758860189502626,2.7285560796570274,-0.4112057724391275,0.18415569563868525,-0.6539776160518624,0.07387440459039868,0.4965098168884378,0.7973435055648177,True
2,Spruce,6,1,8.500495513226168,-0.2611721795205297,-0.8031514829718781,1.1039864491508886,55.04154186213838,2.1162156560475345,2.2735070974587837,3.3108297152648247,-228.32414482658803,245.32513585304034,-9.366513248639166,8.844168889598105,-10.585263001836465,8.97896003589271,-13.14136406279241,15.349336961094187,True
3,Alder,92,23,2.3440155386767176,0.3847074513091085,-1.5991810237750428,1.1082999501554252,1.2827816890094188,0.27158907168617713,0.45271080255898544,0.13272774788562192,-0.20524351068270885,4.893274588036144,-0.1550187582517371,0.9244336608699542,-2.498848613400099,-0.6995134341499866,0.8445314420004622,1.3720684583103882,True
3,Aspen,53,13,1.002071713804211,0.4206965760785088,-0.8060001544344271,0.78081682628667,0.6033623148563592,0.3170038708636845,0.4592507886113688,0.1520011577560397,-0.21043025314810393,2.214573680756526,-0.21634655288326682,1.0577397050402844,-1.7288991668599087,0.1168988579910547,0.47535906364515756,1.0862745889281826,True
3,Birch,96,24,0.6849367805208655,-0.28636547342597496,0.028885972339288253,0.6688459643837411,0.6206184565171815,0.439762594558304,0.5621175385534499,0.21408682039126822,-0.5476650440152386,1.9175386050569696,-1.15977194518515,0.5870409983332001,-1.087527979499968,1.1452999241785444,0.24365105976506912,1.094040869002413,True
3,Oak,71,18,0.10441679459799175,-0.3669229308055911,1.038867310229036,0.5297636876864412,0.0448412338816196,0.16884884254904914,0.2780732690769493,0.10512482481477181,0.014913317165476864,0.19392027203050663,-0.703946631100995,-0.029899230510187114,0.4838307421203212,1.5939038783377508,0.3199336591407109,0.7395937162321715,True
3,Pine,365,91,1.9969188593464913,-0.12467659910381293,-0.2648734416158639,0.6414985514047423,0.3392856457714669,0.15170314100635574,0.1840451930878195,0.08071493294923897,1.3296942686600581,2.6641434500329244,-0.42300948593625765,0.17365628772863176,-0.6268088201273974,0.0970619368956695,0.482768028111063,0.8002290746984216,True
3,Spruce,6,1,169.9313985027289,-1.5219590617648164,4.339799258049149,-3.3526709561866856,742.5213540217651,1.8377743765444623,2.9094975468608553,2.5921754215658677,-3024.880132236694,3364.7429292421516,-9.429263999569473,6.38534587603984,-8.178758303995938,16.858356820094237,-14.505901609638313,7.8005596972649425,True
4,Alder,92,23,3.237923576409231,0.25747014675171787,-1.3695124316324958,0.9213023217566293,1.805632885527229,0.26500255096329306,0.4418515827102891,0.1196920547156053,-0.35039235660488943,6.826239509423351,-0.26916673693203974,0.7841070304354755,-2.2475996037122643,-0.4914252595527272,0.6834395145194891,1.1591651289937694,True
4,Aspen,53,13,1.12253513062489,0.4014439194432851,-0.7359309944302623,0.695882518517775,0.6245762964284727,0.30274427125030867,0.43457778480798737,0.15511295020116825,-0.1325979283756602,2.3776681896254406,-0.2069434712440728,1.009831310130643,-1.6092477493868733,0.13738576052634854,0.38417137483544644,1.0075936622001036,True
4,Birch,96,24,0.49590665491309505,-0.6734594783649198,0.5589194756017317,0.6259525714522242,0.5570777518373652,0.5331554992979259,0.708935955623868,0.26503726608004713,-0.6104978454889931,1.6023111553151832,-1.7323523203277782,0.38543336359793867,-0.849088525457506,1.9669274766609695,0.09956568380850672,1.1523394590959417,True
4,Oak,71,18,0.053107297021820626,-0.4586190893932001,1.0756382466984886,0.7755506378419542,0.023406499364402318,0.16930215243049246,0.27310481069584674,0.10343407718218764,0.006387728751985816,0.09982686529165544,-0.7965475999989271,-0.12069057878747308,0.5305187630250815,1.6207577303718956,0.5690953556954104,0.9820059199884981,True
4,Pine,365,91,1.806254796767125,-0.05214868008054118,-0.3348139451840486,0.6726647066407226,0.2988377069485777,0.14989824544616417,0.18505102452966177,0.07696069885620069,1.2185733867650594,2.3939362067691903,-0.34693213676057755,0.24263477659949517,-0.6987273486443144,0.029099458276217183,0.5213170990031797,0.8240123142782656,True
4,Spruce,6,1,86.10236162101337,0.13661530863515284,-0.508907432331672,-0.19814073888206601,838.7583407865217,2.9926301850326387,2.6350189469725227,4.611780102664797,-3522.783502919521,3694.9882261615476,-12.7396331259666,13.012863743236904,-11.84647889732405,10.828664032660706,-20.04102898637111,19.644747508606976,True
5,Alder,92,23,1.7615228939442575,0.1417068812643345,-1.0662882283593733,0.9464946748256436,1.0318873869147749,0.27253509080674826,0.45529616903678766,0.1321965962156718,-0.2891364517185937,3.812182239607109,-0.3998993425067586,0.6833131050354276,-1.9710936905826402,-0.16148276613610646,0.6837817190010607,1.2092076306502266,True
5,Aspen,53,13,1.3275743925177428,0.6017375950702024,-0.8265351344087061,0.5692720253626468,0.49501380695733926,0.20047892004979476,0.28850282833147234,0.1049611869561007,0.3328069040192001,2.3223418810162855,0.19886012177172224,1.0046150683686825,-1.406303274065381,-0.24676699475203123,0.35834462319597427,0.7801994275293193,True
5,Birch,96,24,0.8186564304856119,-0.16655508904757044,-0.15437185928807992,0.6577097858881132,0.7585374740050744,0.45440380958458043,0.598084883339474,0.220599261139762,-0.6878644675305399,2.3251773285017636,-1.0690402776339725,0.7359300995388315,-1.342220062463922,1.0334763438877623,0.21958061180890281,1.0958389599673237,True
5,Oak,71,18,0.06410337243185711,-0.38787839580752276,1.0437277039687456,0.6863415241120071,0.03095627933282015,0.1828145659547866,0.29798453910620487,0.11003954734980703,0.0023143802740074673,0.12589236458970676,-0.7527777966907854,-0.0229789949242602,0.44894807454238306,1.6385073333951081,0.46670166832863014,0.9059813798953841,True
5,Pine,365,91,2.1071138715230573,-0.09836451444356518,-0.2852976064356647,0.6244621443437376,0.3540706982909742,0.15820890829396328,0.1952778251276577,0.0798466503984882,1.4108136310455026,2.803414112000612,-0.4094913640318023,0.2127623351446719,-0.6693225970734964,0.09872738420216703,0.4674391482524176,0.7814851404350576,True
5,Spruce,6,1,7.700199476928483,-0.3948532177669628,-0.4767427808564994,0.9833301310710697,66.24713200217397,2.6001851996601975,2.415567909644398,4.252262476246495,-277.338203866766,292.738602820623,-11.582547164800419,10.792840729266493,-10.87009264105437,9.916607079341372,-17.312678619735387,19.27933888187753,True
6,Alder,92,23,2.5790972210256093,0.2595930112824519,-1.3993762313972489,0.998343970996386,1.2003093070735023,0.2446343205374772,0.4083035406193656,0.10982659826239786,0.19373470041591512,4.964459741635304,-0.22656629451153604,0.7457523170764397,-2.2107937194447955,-0.5879587433497021,0.7800866853806383,1.2166012566121338,True
6,Aspen,53,13,1.1015673841802394,0.4618160752967317,-0.8513040571745925,0.7542614316037173,0.5790716879406247,0.29403419724625673,0.42303459853554093,0.14607941563488439,-0.062120740427870524,2.265255508788349,-0.1290677663585203,1.0526999169519837,-1.701423910840525,-0.0011842035086601088,0.4607038552895437,1.0478190079178908,True
6,Birch,96,24,0.4918634485033736,-0.8094019324549304,0.807058181470604,0.530826708858341,0.5319980169093723,0.519895199698436,0.688830615080506,0.27269921697333904,-0.5647305335254668,1.5484574305322139,-1.8419586748245693,0.22315480991470849,-0.5610188778378197,2.175135240779028,-0.010777474615695004,1.072430892332377,True
6,Oak,71,18,0.05129518607787481,-0.4931122266904041,1.2052160280784034,0.7078821314708406,0.02413640494019452,0.22782855967429194,0.38990043147122305,0.12333153758370706,0.003118720181109119,0.0994716519746405,-0.9478599350858415,-0.038364518294966676,0.4269715096237747,1.9834605465330322,0.46171135213897646,0.9540529108027047,True
6,Pine,365,91,1.8637755245311496,-0.06190565323656231,-0.3200405434074506,0.6616316429987614,0.3111966086643796,0.14764855961783227,0.1795626425108033,0.0753736915630812,1.2517896287913817,2.4757614202709175,-0.35226497431083575,0.22845366783771112,-0.6731607303208241,0.03307964350592296,0.5134049757981779,0.809858310199345,True
6,Spruce,6,1,0.14299082081636283,-2.2671728915988103,0.15480634441248184,3.2286584037386876,0.9467826041180397,2.560682900029568,2.2218348884820047,3.4027779897088717,-3.930685935220943,4.216667576853668,-13.284902161297264,8.750556378099645,-9.404977603448739,9.714590292273702,-11.412313602232139,17.869630409709515,True
7,Alder,92,23,1.6017404171301772,-0.006332082640699513,-0.9679664718094927,1.0130209668144199,0.8663667665341359,0.26941734695151925,0.44417278180515984,0.12435348515158949,-0.11998147722966257,3.323462311490017,-0.5417424456471563,0.5290782803657573,-1.8506665393247532,-0.08526640429423227,0.7658945461162329,1.260147387512607,True
7,Aspen,53,13,1.1178854561049942,0.4074473624544605,-0.7819796874576668,0.7424074041546141,0.5758792816036125,0.28817629517504245,0.4219052452804511,0.15689785766661954,-0.03938728778140144,2.27515819999139,-0.17166458425695125,0.9865593091658722,-1.6298300207881993,0.06587064587286573,0.4271093546291475,1.0577054536800807,True
7,Birch,96,24,0.5602863167225062,-0.5870293862574599,0.5249171038583654,0.5638033318688768,0.5801807961060687,0.47834237984156,0.6372970000178669,0.2541326038271334,-0.5920028237815703,1.7125754572265826,-1.5370586416786223,0.3629998691637024,-0.7408097477111241,1.7906439554278548,0.05907404471664479,1.0685326190211089,True
7,Oak,71,18,0.10534339254429706,-0.31402298636378684,0.9513905944558825,0.5548891812324362,0.04551472679529806,0.16927720846708555,0.2834899735617606,0.10610360101853844,0.014495617629703125,0.19619116745889098,-0.6519017086101713,0.02385573588259754,0.38554223894419803,1.517238949967567,0.3431055072072666,0.7666728552576059,True
7,Pine,365,91,1.732607468406342,-0.07879072793183282,-0.26479589858273345,0.6501833540590376,0.30710031857387604,0.15394232755185008,0.18711350036166471,0.07951993566478036,1.1286771609681496,2.3365377758445343,-0.381527102930984,0.22394564706731834,-0.6327652785040128,0.10317348133854581,0.4938028611422147,0.8065638469758605,True
7,Spruce,6,1,0.14299082081637632,-2.267172891598782,0.1548063444124829,3.228658403738634,0.94678260411872,2.5606829000301854,2.2218348884804944,3.402777989711245,-3.9306859352238557,4.216667576856608,-13.284902161299893,8.750556378102328,-9.404977603442239,9.714590292267205,-11.412313602242403,17.869630409719672,True
8,Alder,92,23,1.8275949786304437,0.04372739962583833,-0.9290339056508984,0.8927253992893908,1.2279173550614133,0.2955792344874632,0.5014531747736205,0.1361996121628291,-0.6126327359333987,4.267822693194287,-0.5436742173256528,0.6311290165773296,-1.9255667175659272,0.06749890626413046,0.6220572904442645,1.163393508134517,True
8,Aspen,53,13,1.1472256283647442,0.53212707772577,-0.909994956719371,0.7391443967685315,0.7054137599803073,0.324559399270156,0.47721677317813016,0.15843849145930752,-0.2703563956219104,2.5648076523513987,-0.12009945402507738,1.1843536094766174,-1.8689979668408625,0.049008053402120444,0.42075032772379456,1.0575384658132685,True
8,Birch,96,24,0.8341981967708461,-0.5613397400581019,0.3537212035790617,0.5493723429821044,0.9300393049392345,0.5128177907179946,0.6842274590724899,0.25994407508586215,-1.012940140995707,2.681336534537399,-1.5798401372922193,0.4571606571760154,-1.0052135905670498,1.7126559977251734,0.033100972281556396,1.0656437136826522,True
8,Oak,71,18,0.047013247817607615,-0.4449487741631619,1.0305899841824941,0.843929720637482,0.01795453406286097,0.14041348669538112,0.2311585512286016,0.08989055500663598,0.011175847835505376,0.08285064779970985,-0.7252152666249624,-0.16468228170136145,0.569195584825821,1.4919843835391673,0.6645074218962661,1.0233520193786978,True
8,Pine,365,91,1.8989609093126436,-0.03887922449911112,-0.3357641498497784,0.6515113870984218,0.33867316749635806,0.15135879505415814,0.1850574523483509,0.07895163662565177,1.2329407921178155,2.5649810265074717,-0.3365349353594125,0.2587764863611902,-0.6996901939824314,0.028161894282874522,0.49624848668365684,0.8067742875131868,True
8,Spruce,6,1,8474.873517900012,2.894345410932728,-3.3956245489573655,-1.2876020782015953,69697.32411990623,3.928912483026358,4.133821241604799,3.3446736883095007,-291408.5083591313,308358.2553949313,-14.010400608897877,19.799091430763333,-21.182021798224145,14.390772700309416,-15.678571453149333,13.103367296746141,True
9,Alder,92,23,1.3727550335346945,-0.17372414107565096,-0.708511857780785,0.9628533362385907,0.706764332680952,0.2691515063213539,0.4381535224325206,0.12251933901420856,-0.031790561626325875,2.777300628695715,-0.7086062016921197,0.3611579195408179,-1.5792499121510093,0.1622261965894395,0.71937189556984,1.2063347769073414,True
9,Aspen,53,13,1.1330716460594794,0.4666982155042206,-0.8273336300416857,0.7225958416508457,0.603975355703201,0.3107857020285549,0.4522675441105867,0.15235288820922308,-0.08066227259799774,2.3468055647169566,-0.15784903534618983,1.091245466354631,-1.7361992872435767,0.08153202716020536,0.41643125020047167,1.0287604331012197,True
9,Birch,96,24,0.6345157376842298,-0.779372816604534,0.5794127490986308,0.6076346282799439,0.7085670849635868,0.5282106240259602,0.6828029130197442,0.2648751539807978,-0.7727596544038987,2.041791129772358,-1.8284447094507112,0.26969907624164335,-0.7766927736242556,1.9355182718215174,0.08156970925835771,1.1336995473015299,True
9,Oak,71,18,0.07411022390955511,-0.35315202183499983,1.030572152626025,0.6211159513893969,0.03399461147788494,0.17721433580946316,0.2874836810831435,0.11667098287223153,0.00625669540785255,0.1419637524112577,-0.7068733165637324,0.0005692728937328195,0.45675232353812656,1.6043919817139234,0.3882396949040805,0.8539922078747133,True
9,Pine,365,91,1.9065024604520269,-0.13737127973238927,-0.24465701371162069,0.6570729652808677,0.31999791915748055,0.14727014016995926,0.17849214520949291,0.07746050795734982,1.277208285200726,2.5357966357033277,-0.4269864173601725,0.15224385789539396,-0.5956720065721375,0.10635797914889611,0.5047424545140831,0.8094034760476523,True
9,Spruce,6,1,169.931398502732,-1.5219590617648258,4.339799258049185,-3.352670956186715,742.5213539484272,1.8377743763938577,2.9094975468189093,2.592175421485078,-3024.8801319211434,3364.7429289266074,-9.429263998921481,6.38534587539183,-8.178758303815423,16.858356819913794,-14.505901609290733,7.800559696917302,True
10,Alder,92,23,1.8861286889068398,0.20420391208006408,-1.290817182450741,1.0658402148998811,0.9851668252837744,0.2515434043564217,0.4176526818942345,0.12455166993130783,-0.07168335814750404,3.8439407359611835,-0.29568574596258124,0.7040935701227095,-2.1208141241987093,-0.4608202407027726,0.8183199435975961,1.3133604862021662,True
10,Aspen,53,13,0.7948177152798246,0.3379635944294542,-0.7713268174538499,0.8874295345496463,0.4471630678559425,0.3075142929606415,0.4392182256368714,0.16070019971673738,-0.1037901128422194,1.6934255434018686,-0.2800095137675574,0.9559367026264658,-1.6539688873895497,0.11131525248184981,0.5644903925971676,1.210368676502125,True
10,Birch,96,24,0.49112246318417235,-0.42894270189258216,0.26968932748876273,0.6716325095117881,0.5265313941904578,0.4924431669655413,0.6567851767659669,0.2539694017956621,-0.5546143342626975,1.5368592606310423,-1.4069773376789245,0.5490919338937601,-1.0347427252624533,1.574121380239979,0.16722735568115987,1.1760376633424163,True
10,Oak,71,18,0.08466618102845652,-0.3430828310473,0.991152632656012,0.602067973095693,0.03874185091653267,0.18279273656374778,0.28837392434526077,0.10905441241928183,0.00733712294865474,0.1619952391082583,-0.7079386602836857,0.02177299818908579,0.4155558705798127,1.566749394732211,0.3843944548634865,0.8197414913278995,True
10,Pine,365,91,1.8777669470919067,-0.17657054597414504,-0.17130119118918002,0.6309086695691387,0.3174818614875168,0.146125033671142,0.1739018404974432,0.07508588085643661,1.2534207428788968,2.5021131513049166,-0.4639337663030739,0.11079267435478388,-0.5132890877937993,0.1706867054154393,0.48324799855297806,0.7785693405852994,True
10,Spruce,6,1,3758.450588656574,1.0210175846987786,-0.5729719152349813,-2.0914896123332065,24014.519117202854,2.0081880263695577,1.8925154526079833,3.18457980313339,-99567.68564331646,107084.58682062961,-7.619518108703307,9.661553278100865,-8.715808693390851,7.5698648629208884,-15.79363059522029,11.610651370553875,True
11,Alder,92,23,2.4431293853545384,0.19617743176848465,-1.2767605724302395,0.9849828626182389,1.3851466641902106,0.2667921223588182,0.43979127443110533,0.1301161840385022,-0.3095585416953699,5.195817312404447,-0.3340158490119919,0.7263707125489612,-2.1507533147483584,-0.4027678301121207,0.7264042888280163,1.2435614364084615,True
11,Aspen,53,13,1.2833906602145446,0.5121080654000717,-0.8825202638625782,0.6985097152657287,0.7705855000806953,0.3291915937683621,0.4856188670071032,0.15525726864790046,-0.2651588788384722,2.8319401992675615,-0.14942720970793688,1.1736433405080802,-1.8584079136828104,0.09336738595765393,0.3865085528065861,1.0105108777248712,True
11,Birch,96,24,0.3714591038288734,-0.7807182432972163,0.75559408019623,0.6416395188501147,0.44857962881446184,0.5238947903254793,0.7063509601511907,0.2744607598334496,-0.5194587590225461,1.2623769666802929,-1.821218517884632,0.2597820312901994,-0.6472798967253428,2.158468057117803,0.09653675920489024,1.1867422784953392,True
11,Oak,71,18,0.07256597307065626,-0.5274707196739538,1.3758201405428394,0.4868210557285595,0.03341027070281518,0.20825463007751727,0.35308855152782276,0.10931609465477313,0.005878793637590557,0.13925315250372197,-0.9431487010731259,-0.11179273827478159,0.6710524419826139,2.0805878391030648,0.26862521756821234,0.7050168938889066,True
11,Pine,365,91,1.8986266285217517,-0.07261798730386175,-0.31716710715657703,0.6622599432773347,0.3204624852632307,0.1505760530736344,0.1851356671856556,0.07815696176193933,1.2684188575035238,2.5288343995399796,-0.3687343913762779,0.22349841676855436,-0.6812469652317196,0.046912750918565504,0.5085598163464397,0.8159600702082298,True
11,Spruce,6,1,8.500495513225268,-0.26117217952055405,-0.803151482971883,1.1039864491509463,55.041541861929836,2.1162156560431717,2.2735070974593765,3.3108297152532162,-228.3241448256916,245.32513585214215,-9.366513248620418,8.844168889579311,-10.58526300183902,8.978960035895255,-13.141364062742404,15.349336961044298,True
12,Alder,92,23,2.5370311358672515,0.15860319745935816,-1.1689434496299436,0.9171214954083633,1.3717513290891186,0.25360380451462244,0.42059777662692155,0.11959665900780837,-0.18903637750023927,5.263098649234742,-0.34538107293517606,0.6625874678538923,-2.0047931482911485,-0.3330937509687384,0.6794482670944764,1.1547947237222502,True
12,Aspen,53,13,1.0338340824774912,0.4177597115805485,-0.7614084162319572,0.7322067702585325,0.5984522612990241,0.33784667930027956,0.49087868704540255,0.15662287718764367,-0.16880076243302478,2.236468927388007,-0.26116860908763706,1.096688032248734,-1.7478660701529118,0.22504923768899743,0.4174613146943097,1.0469522258227553,True
12,Birch,96,24,0.6826700813037693,-0.8861574183522836,0.9526228140025933,0.352305787186986,0.6578348055368416,0.4733726064478588,0.6671570797836437,0.261402462276104,-0.6238466247871594,1.989186787394698,-1.8263162748378683,0.05400143813330105,-0.3724087334127749,2.2776543614179614,-0.16686206635691803,0.8714736407308901,True
12,Oak,71,18,0.037477125490636025,-0.5279886408518902,1.1798095402844233,0.8521240271036568,0.017970015951935054,0.1873603589402624,0.3253204686049753,0.12579692794169695,0.0016088235286058211,0.07334542745266623,-0.9019614825098321,-0.15401579919394837,0.5304671672134684,1.8291519133553782,0.6010323080213115,1.103215746186002,True
12,Pine,365,91,1.8122545621088948,-0.09550505997893137,-0.27695452656143665,0.6650933639464424,0.3086379436569984,0.14872698759053507,0.18145054058135232,0.07733443946786756,1.2053004271687084,2.419208697049081,-0.3879851712240807,0.19697505126621795,-0.6337873728020729,0.07987831967919956,0.5130107740609022,0.8171759538319825,True
12,Spruce,6,1,169.93139850273033,-1.5219590617648244,4.339799258049175,-3.3526709561867047,742.5213539161418,1.8377743765200065,2.9094975469272977,2.592175421148829,-3024.8801317822326,3364.742928787693,-9.429263999464256,6.385345875934607,-8.17875830428179,16.85835682038014,-14.50590160784396,7.80055969547055,True
13,Alder,92,23,1.8415939957888259,0.26099456674514115,-1.262522189039393,1.000945349670354,1.221412341937929,0.2894136580834342,0.4981146195941885,0.14360387111061876,-0.5857063721241225,4.268894363701774,-0.31415426270778096,0.8361433961980633,-2.252420324083157,-0.27262405399562895,0.7155628320616998,1.2863278672790082,True
13,Aspen,53,13,1.1082902907088537,0.44653102636508746,-0.7665980095712016,0.6949626005648062,0.6061925989711232,0.3107609753560526,0.4575237373974664,0.15629166362659067,-0.10989934511453137,2.3264799265322385,-0.17796653437656584,1.0710285871067406,-1.6860263826439712,0.15283036350156787,0.3808827435710769,1.0090424575585355,True
13,Birch,96,24,0.44467179874628,-0.7099030319033419,0.6619091672590903,0.6090914346125254,0.5157241281002771,0.5184097566564085,0.707615994122479,0.2731896656827151,-0.5796008353952322,1.4689444328877923,-1.7395095561726,0.3197034923659161,-0.7434772763233365,2.067295610841517,0.06651317766763121,1.1516696915574194,True
13,Oak,71,18,0.09578294511675178,-0.2814408382264442,1.00364796236586,0.49956226728859193,0.04136720045313604,0.16640475384065975,0.2678489282075802,0.11028783686811405,0.013213667429653228,0.17835222280385032,-0.6135861170419241,0.050704440589035615,0.46901926404680816,1.5382766606849119,0.27942682355245724,0.7196977110247267,True
13,Pine,365,91,2.038586718184427,-0.0815757181425449,-0.31956941354245155,0.6480218722914206,0.3307549490857778,0.14486671044662933,0.1749974108205511,0.07453391307461306,1.388138229509138,2.689035206859716,-0.36646437401851073,0.20331293773342096,-0.6637118117285974,0.02457298464369423,0.5014466774275501,0.7945970671552911,True
13,Spruce,6,1,8.50049551322479,-0.2611721795205729,-0.8031514829718726,1.10398644915097,55.04154186126377,2.116215656022616,2.273507097457725,3.3108297152206547,-228.3241448228262,245.3251358492758,-9.366513248531994,8.844168889490849,-10.585263001831905,8.97896003588816,-13.14136406260228,15.34933696090422,True
14,Alder,92,23,1.249071514496601,-0.14505016970579324,-0.7019514029425521,0.9748944630377859,0.7080386806929682,0.28338651833916556,0.45857557298501594,0.12124994994866825,-0.15800657955296704,2.656149608546169,-0.7082213254310091,0.4181209860194227,-1.6132739913948204,0.20937118550971612,0.733935666393511,1.2158532596820608,True
14,Aspen,53,13,1.0411864800793784,0.42897798130721954,-0.8074318134558521,0.7605618206087958,0.6770010785402707,0.33754272176466205,0.48707875007452867,0.15484016606098844,-0.3192981228649372,2.401671083023694,-0.24933951382425013,1.107295476438689,-1.7862532081374867,0.17138958122578252,0.44939885717965417,1.0717247840379376,True
14,Birch,96,24,0.5445593798833398,-0.8170142610739155,0.7428720619156877,0.5491720651058527,0.603630551335097,0.5044247883221886,0.6740666892973387,0.26410570702483094,-0.6543029986169632,1.7434217583836427,-1.8188454310915845,0.18481690894375347,-0.5958825664103056,2.0816266902416807,0.024635334155132083,1.0737087960565734,True
14,Oak,71,18,0.07088859637706114,-0.39728530256747446,1.1078775666958636,0.6070418048331344,0.03372435876583621,0.17922513627188746,0.29342615023426477,0.11177209971685906,0.0035744945463058453,0.13820269820781644,-0.755020171817484,-0.03955043331746494,0.5221965195387894,1.6935586138529377,0.3839437600513353,0.8301398496149335,True
14,Pine,365,91,1.8045594166539523,-0.16253148636627165,-0.1409052808959591,0.6106714094117838,0.30608784860797267,0.1451976595971173,0.17642172811289733,0.07600061640228076,1.2026201892010215,2.406498644106883,-0.44807097263905626,0.12300799990651298,-0.48784868034531026,0.20603811855339205,0.461211858726622,0.7601309600969455,True
14,Spruce,6,1,86.10236162101842,0.13661530863517254,-0.5089074323316832,-0.19814073888209058,838.7583408136184,2.99263018517415,2.6350189470352867,4.611780102738021,-3522.783503036104,3694.9882262781402,-12.739633126575454,13.0128637438458,-11.846478897594114,10.828664032930746,-20.041028986686193,19.64474750892201,True
15,Alder,92,23,1.8873730749079733,0.20576578808152415,-1.2961562745481745,1.0588832687354452,1.0901100438667468,0.2861196078271518,0.47414115521225597,0.13403587715694687,-0.27899156681907344,4.05373771663502,-0.3628368086828434,0.7743683848458917,-2.238412186800833,-0.353900362295516,0.7925151285376891,1.3252514089332013,True
15,Aspen,53,13,2.827508448810984,0.958256028828393,-1.5478707926399675,0.6762259923112032,2.3978424847267843,0.4426182878986317,0.65540894868237,0.16175974009538846,-1.991136431032409,7.646153328654377,0.06878127796676203,1.847730779690024,-2.864964386104967,-0.23077719917496808,0.35115762425104874,1.0012943603713576,True
15,Birch,96,24,0.5506972562546644,-0.8262519224955565,0.815968120467941,0.49124556878541675,0.5948268623148363,0.5024350942990432,0.6859497006754874,0.27035302542602424,-0.6306802359438057,1.7320747484531345,-1.824131388438937,0.17162754344782394,-0.546387194160368,2.17832343509625,-0.04569887575955095,1.0281900133303845,True
15,Oak,71,18,0.10271689404093431,-0.294150343746767,0.9220702645558537,0.5695635298683266,0.04624442295029779,0.16883279257922545,0.2733901793068249,0.10955709198652817,0.010412639505060786,0.19502114857680786,-0.631142008168321,0.04284132067478702,0.37638118275095755,1.46775934636075,0.35088665902049854,0.7882404007161546,True
15,Pine,365,91,1.6279337374638458,-0.030634442104593856,-0.3200643179166317,0.6725560631016408,0.2995421653246189,0.15097904770698944,0.1826402321389259,0.08019963020742121,1.0388669698509654,2.2170005050767263,-0.32754335812863633,0.2662744739194486,-0.6792367605193251,0.03910812468606173,0.5148389120660397,0.830273214137242,True
15,Spruce,6,1,169.9313985027271,-1.5219590617648078,4.339799258049121,-3.3526709561866643,742.5213537733846,1.8377743761441523,2.9094975468034714,2.5921754210831485,-3024.880131168001,3364.742928173455,-9.42926399784707,6.385345874317453,-8.178758303749063,16.858356819847305,-14.505901607561318,7.8005596951879905,True
16,Alder,92,23,1.4388063831777822,-0.15045193375246615,-0.7425146886467416,0.9566949464695591,0.8181872857924278,0.2894726618673359,0.4706609490987286,0.1196879648136584,-0.18716891741123276,3.064781683766797,-0.7257180208271228,0.4248141533221905,-1.6778544225624636,0.19282504526898037,0.7188402670531062,1.194549625886012,True
16,Aspen,53,13,1.1261400242022366,0.4479789482483478,-0.7874962789072654,0.7111011866708185,0.6229812504356943,0.30000029514889814,0.43668764319569403,0.15114836027304696,-0.12578766986914403,2.378067718273617,-0.1548942160143411,1.0508521125110366,-1.665052953033661,0.09006039521913023,0.40735718473341437,1.0148451886082226,True
16,Birch,96,24,0.355561180322863,-1.0580389741373153,1.01633930029564,0.6502784165220713,0.3901968262384801,0.5000580582526988,0.6567212906075738,0.25752190770277744,-0.41940339718714004,1.130525757832866,-2.0511974413141516,-0.06488050696047909,-0.2879658690305489,2.320644469621829,0.13881767931843325,1.1617391537257094,True
16,Oak,71,18,0.07579015446063274,-0.34321017282104,0.9574589419933965,0.6708916502672041,0.035892421495760385,0.18115194648927016,0.3020668897143541,0.12316518139514114,0.004148581308897892,0.14743172761236759,-0.7047909713615667,0.018370625719486666,0.354530906649108,1.560386977337685,0.42505291927746136,0.9167303812569468,True
16,Pine,365,91,1.7317176509990748,-0.1054722618214669,-0.23342464734351645,0.643629714018509,0.2966260914615937,0.14768267974763233,0.18000889770122977,0.07579251982214673,1.1483855091032487,2.315049792894901,-0.3958986820787554,0.18495415843582158,-0.5874224205635461,0.12057312587651317,0.4945793971374696,0.7926800308995483,True
16,Spruce,6,1,0.1429908208162891,-2.267172891599024,0.15480634441258864,3.2286584037389305,0.9467826041177375,2.560682900029673,2.2218348884818506,3.402777989709938,-3.9306859352197163,4.216667576852294,-13.284902161297929,8.75055637809988,-9.40497760344797,9.714590292273146,-11.412313602236484,17.869630409714347,True
17,Alder,92,23,2.871784832085514,0.2588017434440121,-1.2999477406232345,0.902231905351667,1.6931394630585015,0.2864039499419803,0.48030506693282893,0.1339927844573437,-0.49297406259633325,6.236543726767362,-0.31036592352329884,0.827969410411323,-2.2544531321659016,-0.34544234908056726,0.6359494028390804,1.1685144078642535,True
17,Aspen,53,13,1.2386503960086392,0.4605151654214423,-0.8144145706125536,0.6914270000165569,0.7595436228906499,0.3158915358472311,0.4706860818390785,0.15073337302901915,-0.2877096600718403,2.7650104520891188,-0.1742926426358769,1.0953229734787615,-1.7602936651377525,0.1314645239126453,0.3885169461684756,0.9943370538646381,True
17,Birch,96,24,0.6057981355812847,-0.5400804389980437,0.4347377603573156,0.5750879528092514,0.628417491708116,0.4912190304587895,0.6508918638860329,0.250785057633845,-0.6422932460329547,1.853889517195524,-1.515683834018246,0.4355229560221585,-0.8579896643215518,1.7274651850361828,0.07700718134687129,1.0731687242716315,True
17,Oak,71,18,0.04542949964657012,-0.5905207870231988,1.5181193329725118,0.5533923055977858,0.022286390511433937,0.2058984701042885,0.3556525229774043,0.11245134989636527,0.0009456780046778884,0.08991332128846236,-1.0014958534323863,-0.17954572061401125,0.8082339259794392,2.2280047399655842,0.32893847178321917,0.7778461394123526,True
17,Pine,365,91,1.7500320773272398,-0.1174365488225039,-0.23492318377974283,0.6572885605018686,0.3019961562095889,0.1481617738330943,0.1788215187949918,0.07648538560845937,1.1561393965518696,2.34392475810261,-0.4088051349481592,0.1739320373031514,-0.5865859085985855,0.11673954103909986,0.5068756834994839,0.8077014375042533,True
17,Spruce,6,1,0.14299082081619516,-2.2671728915992806,0.1548063444127022,3.2286584037392476,0.946782604117727,2.5606829000310727,2.221834888482167,3.402777989712119,-3.9306859352197647,4.216667576852155,-13.284902161304208,8.750556378105648,-9.404977603449217,9.71459029227462,-11.41231360224555,17.869630409724046,True
18,Alder,92,23,2.0096535694281057,0.23460304432962584,-1.326144083195611,1.0490097191748136,1.0670380307945564,0.25945825993438265,0.4320968867043579,0.13014849208667334,-0.11086029455932511,4.1301674334155365,-0.2810157259847037,0.7502218146439554,-2.184845846768283,-0.4674423196229387,0.7903669399279081,1.307652498421719,True
18,Aspen,53,13,0.7937778997023974,0.3724352053685952,-0.7294544614678212,0.8241799974306507,0.46881963329237614,0.3098698078273559,0.4579947779997065,0.17043265304056138,-0.14835042604197257,1.7359062254467674,-0.2502714871752555,0.9951418979124459,-1.6498294260705348,0.1909205031348925,0.48168275828209917,1.1666772365792024,True
18,Birch,96,24,0.785054112942178,-0.18196003298056657,-0.05685881543584678,0.6088846801652348,0.6841733702758218,0.4280000897941171,0.555984501054332,0.2102279448763805,-0.5737732561849707,2.1438814820693266,-1.0320051549745175,0.6680850890133843,-1.1610920254167565,1.047374394545063,0.19135383540549905,1.0264155249249705,True
18,Oak,71,18,0.09291138064872748,-0.30855813499965906,0.8915045117646251,0.639022565717033,0.042955784127570174,0.17773506401214398,0.29160067576804555,0.10873226118301134,0.007171276676390184,0.17865148462106478,-0.6633188075711192,0.046202537571801094,0.30946712689218436,1.473541896637066,0.42199206404368195,0.856053067390384,True
18,Pine,365,91,1.7774527138239626,-0.09931930267704626,-0.2477617567737883,0.6493708227439415,0.3096422145549375,0.1560938920232906,0.18931825998046592,0.07737535803896671,1.168523622833714,2.3863818048142114,-0.4062868520323308,0.20764824667823828,-0.6200669223451551,0.12454340879757853,0.49720776415247947,0.8015338813354036,True
18,Spruce,6,1,8.500495513225596,-0.261172179520543,-0.8031514829718862,1.103986449150928,55.041541862532895,2.116215656065477,2.273507097463242,3.310829715278659,-228.32414482828605,245.32513585473723,-9.366513248716378,8.844168889675293,-10.585263001855656,8.978960035911884,-13.141364062851896,15.34933696115375,True
19,Alder,92,23,1.8468091187675666,0.16543020165539923,-1.2200262160041695,1.040179657923761,1.1219645366634516,0.286693523854672,0.4716612307983409,0.13364095852398286,-0.38285963364370956,4.0764778711788425,-0.40431293261372336,0.7351733359245218,-2.157353799603507,-0.28269863240483184,0.7745963355227272,1.3057629803247948,True
19,Aspen,53,13,1.157384116836431,0.6022074740883361,-0.9477918433999564,0.7093072698741473,0.5801032037240182,0.27085261736658145,0.3801936978659679,0.12550332291322794,-0.008376916346694685,2.3231451500195566,0.057908761316812996,1.1465061868598592,-1.7118196839440012,-0.18376400285591143,0.4570988999702897,0.9615156397780049,True
19,Birch,96,24,0.6511632066019949,0.31818663080890447,-0.6516526321103867,0.7836430013897995,0.41283399808745236,0.31015660366073083,0.3985555518005005,0.14519181750520527,-0.16876074817172326,1.471087161375713,-0.2978111558337078,0.9341844174515168,-1.443218360086268,0.1399130958654946,0.49527951930944575,1.0720064834701533,True
19,Oak,71,18,0.11680279425339171,-0.15935642826318888,0.7884332452246127,0.5182989087499578,0.057418172928591034,0.2162185405883419,0.3373089566749262,0.10985425510956652,0.0021956414150549053,0.23140994709172852,-0.5909304415726768,0.2722175850462991,0.11516174981390326,1.461704740635322,0.2990288978260369,0.7375689196738786,True
19,Pine,365,91,1.779673470642533,-0.06656518400455315,-0.2870758953600041,0.6485426273759635,0.3164757561282929,0.1507287177372819,0.1816397159516586,0.07820280659052198,1.1573058300524233,2.4020411112326427,-0.36298181185296446,0.2298514438438582,-0.6442807657655105,0.07012897504550225,0.4947523439725875,0.8023329107793394,True
19,Spruce,6,1,86.10236162100529,0.13661530863512925,-0.5089074323316669,-0.1981407388820216,838.758340664741,2.9926301846645016,2.6350189469193266,4.6117801020429665,-3522.783502395549,3694.98822563756,-12.739633124382658,13.012863741652916,-11.84647889709516,10.828664032431828,-20.041028983695544,19.6447475059315,True
20,Alder,92,23,1.9078664488309056,0.1308893337710299,-1.1406919900608778,0.9946301923802215,1.0515116907456934,0.25012914225626637,0.4170142471968247,0.11971852882360892,-0.18179207693949717,3.9975249746013084,-0.3661897755337619,0.6279684430758217,-1.9694201770053272,-0.31196380311642835,0.7567147734165653,1.2325456113438777,True
20,Aspen,53,13,1.093855879706146,0.4915573052836888,-0.8424367787063608,0.7302401641338403,0.5886661625492249,0.28604429667034215,0.41761764172023885,0.14863305767875176,-0.0891130634886721,2.2768248229009638,-0.08327023002708056,1.0663848405944583,-1.6816708500956636,-0.0032027073170579623,0.43155085200381876,1.0289294762638619,True
20,Birch,96,24,0.6023114616395213,-0.3673937483497463,0.14973221887079444,0.6649469180416498,0.5645096347513454,0.4346126320331379,0.5863906637650663,0.21852113074879428,-0.518853399727206,1.7234763230062486,-1.2305719500048777,0.4957844533053852,-1.0148902548208947,1.3143546925624834,0.23094509029678068,1.098948745786519,True
20,Oak,71,18,0.08326548387504872,-0.31688351330523434,0.9575792336623344,0.6157645375270048,0.03927419109479384,0.1841919881536754,0.2996888972652907,0.11166546163505942,0.004873870352254311,0.16165709739784312,-0.6845322604044988,0.05076523379403014,0.35939769111218545,1.5557607762124834,0.392879343247335,0.8386497318066746,True
20,Pine,365,91,1.9679716222503663,-0.12867045620176645,-0.24900250353137549,0.6421183244769375,0.336062684815055,0.1464939490597779,0.17713440568719907,0.07665456614654059,1.3070851682689228,2.6288580762318094,-0.4167591697021522,0.15941825729861928,-0.5973474241141175,0.09934241705136654,0.49137274428866745,0.7928639046652075,True
20,Spruce,6,1,86.1023616210021,0.136615308635127,-0.5089074323316809,-0.19814073888199557,838.7583405429202,2.9926301844002636,2.6350189469491814,4.611780101319106,-3522.7835018713995,3694.988225113404,-12.739633123245735,13.01286374051599,-11.846478897223628,10.828664032560267,-20.041028980581,19.644747502817008,True
21,Alder,92,23,3.788388520601049,0.48255930424842425,-1.686554511094128,0.9681065793044766,1.9336444639623427,0.26439318392589595,0.43364281800086923,0.1184313630157253,-0.05432352481821345,7.6311005660203115,-0.042866590497951884,1.0079851989948003,-2.5483284882640826,-0.8247805339241734,0.7327491319051849,1.2034640267037684,True
21,Aspen,53,13,1.208949752557909,0.6606527533533432,-0.9836043556403102,0.6777539593366141,0.48676090442349673,0.23019484456908676,0.3288422079793011,0.11695531468083338,0.2307670926258173,2.1871324124900005,0.19805889399249216,1.1232466127141942,-1.644437513718417,-0.3227711975622035,0.44272345510335354,0.9127844635698746,True
21,Birch,96,24,0.6011135151689911,-0.7356859960498515,0.6468661875587849,0.5436481150153406,0.6679669439531896,0.500941754640331,0.6854794892352444,0.25537736079838497,-0.7255264923921011,1.9277535227300833,-1.7305995605305031,0.2592275684308001,-0.7145552465619833,2.0082876216795533,0.036446633074576296,1.050849596956105,True
21,Oak,71,18,0.0952884037009328,-0.32970640846374094,1.0239898374367848,0.5336365829392093,0.048042471893122565,0.2515106333631949,0.40919993369526586,0.11378593575426796,-0.0006047715457653258,0.19118157894763094,-0.8317237337828713,0.1723109168553894,0.20722335131443692,1.8407563235591327,0.3065189046031048,0.7607542612753139,True
21,Pine,365,91,1.9289342102598255,-0.05173662030889868,-0.2888186927743157,0.6141562207654186,0.337021073822521,0.15031885397949835,0.18284652697001283,0.07818417241219129,1.2661630295851238,2.591705390934527,-0.3473472276803679,0.24387398706257052,-0.6483968259387767,0.07075944039014526,0.46040258253747063,0.7679098589933666,True
21,Spruce,6,1,169.93139850272993,-1.5219590617648118,4.339799258049141,-3.352670956186684,742.52135387527,1.8377743762396592,2.909497546786141,2.5921754213769077,-3024.880131606376,3364.7429286118354,-9.429263998258005,6.385345874728382,-8.178758303674474,16.85835681977276,-14.505901608825281,7.800559696451915,True
22,Alder,92,23,2.5127044441960797,0.2951389525745161,-1.3635791768641043,0.9658509124598935,1.4083877685175914,0.2641051495134396,0.4481403493418251,0.13465987796983112,-0.28617029393111615,5.311579182323276,-0.229714534303263,0.8199924394522953,-2.254163951133013,-0.4729944025951959,0.6982427017710462,1.2334591231487408,True
22,Aspen,53,13,1.8624544255541302,0.8029679430777877,-1.19814135445834,0.6221178513138652,0.8124531585179805,0.23989512940641083,0.34612761656796265,0.10850222120120036,0.22976867686895974,3.4951401742393005,0.32088063151475005,1.2850552546408254,-1.893710841599882,-0.5025718673167978,0.4040744744144138,0.8401612282133166,True
22,Birch,96,24,0.7015045409175725,-0.6467987115525394,0.5010424921394171,0.5533014743543657,0.70484118825278,0.47114695258433387,0.6179529713124514,0.23861057344748512,-0.6983708986948493,2.101379980529994,-1.5825372273535079,0.2889398042484289,-0.7262654487035368,1.7283504329823711,0.07940027935045291,1.0272026693582785,True
22,Oak,71,18,0.08119328439358016,-0.2965334264106724,0.8616751241394242,0.6930678307934157,0.03820934288450757,0.20197241109174,0.31061244085095924,0.10847360235523941,0.004927116794286035,0.15745945199287428,-0.6996720462324169,0.10660519341107205,0.2416900973367213,1.481660150942127,0.47655361430113985,0.9095820472856916,True
22,Pine,365,91,1.7095833159316134,-0.12400782777850583,-0.22032752980285725,0.6570557774028348,0.31223951246378656,0.15104661569271588,0.18051018490046963,0.07973783581607927,1.0955464903356695,2.3236201415275572,-0.42104962010362884,0.17303396454661718,-0.5753111129164019,0.13465605331068747,0.5002467713995524,0.8138647834061172,True
22,Spruce,6,1,8474.873517901564,2.894345410932823,-3.3956245489574566,-1.2876020782016488,69697.32322288197,3.9289124381463907,4.13382121449706,3.3446736544791587,-291408.50449954584,308358.251535349,-14.010400415794868,19.799091237660512,-21.182021681589053,14.390772583674138,-15.678571307589172,13.103367151185873,True
23,Alder,92,23,2.0799297760576945,0.18010716937409063,-1.2720463149702144,1.0297670748220698,1.1937083908403807,0.2825275405387233,0.46345600749449517,0.12815175593892264,-0.292314810623318,4.452174362738707,-0.38135694847419144,0.7415712872223728,-2.193067741459143,-0.35102488848128577,0.7750923890843312,1.2844417605598082,True
23,Aspen,53,13,0.8281593503789667,0.47002629986595373,-0.9236925345573901,0.8981248753903751,0.4704814439369745,0.3001414822998396,0.4407903870556388,0.17218305740934617,-0.11730850888558586,1.7736272096435193,-0.1331305905990679,1.0731831903309754,-1.8094939811490147,-0.03789108796576546,0.5521100669673508,1.2441396838133993,True
23,Birch,96,24,0.6856177318579996,-0.6248712939718196,0.4728350676248797,0.5710915338930054,0.7012320815607689,0.48956042981670556,0.6564310630792974,0.2580749684343344,-0.7070897103370023,2.0783251740530013,-1.5971805649514925,0.3474379770078533,-0.8308936847785972,1.7765638200283567,0.05853237033797898,1.0836506974480318,True
23,Oak,71,18,0.05452818223141715,-0.42785403827320234,1.0848212511478204,0.7290749454621046,0.025514700734466964,0.17459003979194235,0.28449803311193417,0.10920313303758157,0.003600626414965731,0.10545573804786856,-0.7763372162275282,-0.07937086031887652,0.5169608003526345,1.6526817019430062,0.511104579633356,0.9470453112908532,True
23,Pine,365,91,1.8711559635012642,-0.18789671726570487,-0.14843326917732672,0.6232483248878694,0.3210114024246366,0.14918079904966025,0.1795883273760162,0.07804171452848659,1.2398687155499435,2.5024432114525847,-0.48126927465125935,0.10547584011984965,-0.5016039668443738,0.20473742848972035,0.46977483822050037,0.7767218115552385,True
23,Spruce,6,1,8.500495513225166,-0.2611721795205624,-0.803151482971871,1.1039864491509461,55.04154186199074,2.1162156560466925,2.27350709746062,3.3108297152540502,-228.32414482595374,245.32513585240406,-9.366513248635576,8.844168889594451,-10.585263001844359,8.978960035900618,-13.141364062745993,15.349336961047886,True
24,Alder,92,23,2.1932982493840436,0.16452702372134081,-1.2606161985764335,1.021510724834527,1.2268748289002094,0.2747526826499886,0.45241810907009433,0.11936311717660071,-0.24485766350581706,4.631454162273904,-0.3814861978441561,0.7105402452868377,-2.1597021213975145,-0.3615302757553527,0.7843016118348132,1.2587198378342408,True
24,Aspen,53,13,1.0229283811968273,0.4759717560223759,-0.8571814734800971,0.7797800769960274,0.6876713650633561,0.3163477817091209,0.4586336403492434,0.17416819267590608,-0.35899896531735465,2.404855727711009,-0.15975291242103978,1.1116964244657916,-1.7788402800403744,0.06447733308018022,0.4297759898989723,1.1297841640930824,True
24,Birch,96,24,0.5014060841287861,-0.7326734404232367,0.6940722909919648,0.5659713135550257,0.5314606866030405,0.49190361427266144,0.6762065122746327,0.25072418952553566,-0.5541207135309653,1.5569328817885375,-1.709636477988976,0.24428959714250276,-0.6489322104699295,2.037076792453859,0.06801143140969751,1.0639311957003539,True
24,Oak,71,18,0.05781760397711974,-0.36921538303621076,1.0306976007644706,0.705364943396939,0.02809731821120573,0.18998215920922024,0.3299287453185658,0.10733854104387719,0.0017351221018460164,0.11390008585239347,-0.7484213599335783,0.009990593861156694,0.3721570688755289,1.6892381326534123,0.49111631876447304,0.919613568029405,True
24,Pine,365,91,1.7405592196685349,-0.11759267902858463,-0.23942467960140604,0.6632415286911795,0.30094538797412623,0.15065422273451032,0.1833403806401774,0.0778379714087936,1.1487329346117892,2.3323855047252806,-0.4138628082014642,0.17867745014429498,-0.5999740042001092,0.12112464499729705,0.5101687144994562,0.8163143428829027,True
24,Spruce,6,1,169.93139850272968,-1.5219590617648229,4.339799258049169,-3.3526709561866985,742.5213538936196,1.8377743764265564,2.9094975468850155,2.592175421201026,-3024.8801316853273,3364.742928690787,-9.42926399906217,6.385345875532526,-8.17875830409987,16.85835682019821,-14.505901608068541,7.800559695695143,True
25,Alder,92,23,1.8538901785918542,-0.023567597842308777,-0.9210490827861835,0.9322480373272938,1.0538646950993134,0.300796597391266,0.4878003134842015,0.12636293427076786,-0.24044444888240135,3.9482248060661096,-0.6213376272136734,0.5742024315290558,-1.890449701834804,0.048351536262437156,0.6811282587606696,1.1833678158939178,True
25,Aspen,53,13,1.0720183649128807,0.5188126884201986,-0.8799248645797847,0.7471918854627362,0.5688582974210833,0.28336668187711,0.4153813593906534,0.15241342260080107,-0.07114518302002826,2.2151819128457895,-0.050633978507520605,1.0882593553479176,-1.714664958376323,-0.04518477078324645,0.44090564559805234,1.0534781253274201,True
25,Birch,96,24,0.43858921497892495,-0.7555921973236929,0.6848111308781161,0.6360835747163953,0.49167392861920856,0.5268383266105375,0.690294131992029,0.2621851784952049,-0.5379176470532918,1.4150960770111416,-1.801938589050312,0.29075419440292605,-0.6861725993429101,2.0557948610991423,0.11536117919967925,1.1568059702331115,True
25,Oak,71,18,0.08586822282093312,-0.381624892097023,0.9816611483047599,0.6543351281525852,0.0329572819987796,0.14725256901539546,0.2382165710992196,0.1025034685368891,0.020085212625401527,0.15165123301646471,-0.6755422500034388,-0.08770753419060717,0.5061788823234568,1.457143414286063,0.4497373486363855,0.8589329076687849,True
25,Pine,365,91,1.7821718190742486,-0.08787860126251461,-0.30707436077539296,0.6831468307681482,0.3040634502450199,0.14865953230768827,0.18315724814042372,0.07969091740410927,1.1842136865657746,2.3801299515827226,-0.38022605784322994,0.2044688553182007,-0.6672635448591275,0.05311482330834166,0.5264300925003639,0.8398635690359325,True
25,Spruce,6,1,169.93139850272917,-1.5219590617648178,4.339799258049154,-3.352670956186689,742.5213540719755,1.8377743767755546,2.909497546966178,2.592175421446464,-3024.8801324527312,3364.74292945819,-9.429264000563784,6.385345877034148,-8.1787583044491,16.85835682054741,-14.505901609124564,7.800559696751186,True
26,Alder,92,23,2.652301764417848,0.21407328861072286,-1.376997437023705,1.0237953768309098,1.170143998450416,0.21714360474258818,0.3610650395013425,0.0993855814084079,0.3268864559043174,4.977717072931378,-0.217453996307128,0.6456005735285737,-2.0945383305695886,-0.6594565434778215,0.8262874181876277,1.2213033354741918,True
26,Aspen,53,13,1.04910111305182,0.4980409841159281,-0.8700242452101583,0.7615993326598155,0.5933293667244585,0.30888152183995743,0.44855057244349095,0.15497821791468844,-0.14323888977922516,2.241441115882865,-0.12267967338044472,1.118761641612301,-1.771420368192743,0.03137187777242623,0.4501589436440385,1.0730397216755925,True
26,Birch,96,24,0.37357210457501555,-0.7897544076304864,0.7314813422418359,0.6571233558100386,0.4318423385535348,0.556526314262108,0.7121015611452719,0.27342636467272635,-0.48410405510633736,1.2312482642563685,-1.8950637054097035,0.3155548901487307,-0.682813824628327,2.145776509111999,0.1140749942398469,1.2001717173802302,True
26,Oak,71,18,0.07028176033806138,-0.3470615803407265,0.9710194656032404,0.6841853491189172,0.03398254360946003,0.17908168126735544,0.2931096155703445,0.11753591973871604,0.0024523194025502237,0.13811120127357254,-0.7045101122032633,0.01038695152181035,0.38597022427968974,1.5560687069267911,0.4495826714223933,0.918788026815441,True
26,Pine,365,91,1.7470275022619581,-0.22359258559803394,-0.13425636298385346,0.6591138151823516,0.2936602554532542,0.1517497947343682,0.18323591127543,0.07872012432195066,1.1695278461826417,2.3245271583412745,-0.5220172196498646,0.07483204845379673,-0.49460024261309915,0.22608751664539223,0.504306196928801,0.8139214334359022,True
26,Spruce,6,1,3758.4505886565703,1.0210175846987781,-0.57297191523498,-2.091489612333207,24014.518830740337,2.008188011121525,1.8925154534187694,3.184579764054817,-99567.68441076773,107084.58558808088,-7.619518043096318,9.661553212493875,-8.71580869687938,7.56986486640942,-15.793630427078762,11.610651202412347,True
27,Alder,92,23,1.4713653415736416,0.054156275478356435,-0.9689661670215394,0.9834305483568409,0.821037437783985,0.2665788175208796,0.445021547024636,0.12590563416248995,-0.16027403718142308,3.1030047203287063,-0.47561310675956525,0.5839256577162781,-1.8533529770550858,-0.0845793569879928,0.7332195576605836,1.2336415390530981,True
27,Aspen,53,13,1.332275459213797,0.6023239169768428,-1.0272194038818225,0.7356855579088926,0.809972824027184,0.31640474563804954,0.45334362561131847,0.15633323925931525,-0.29542587069887105,2.9599767891264652,-0.033515224767557306,1.238163058721243,-1.938247527820717,-0.116191279942928,0.42152215155317196,1.0498489642646132,True
27,Birch,96,24,0.5232807993828043,-0.31476623405836335,0.11414950490749556,0.7034072337625751,0.49456219248501154,0.4599633161051146,0.6109731193256088,0.21579401551698268,-0.4589624039930281,1.5055240027586367,-1.2282930824741989,0.5987606143574721,-1.099295847410046,1.3275948572250373,0.27482169226435593,1.1319927752607941,True
27,Oak,71,18,0.0915021781986941,-0.3634189138222528,1.0210260514995295,0.5777784617604291,0.043353964284967406,0.18773474364083503,0.3018181590057338,0.11672991647265188,0.004967303305784834,0.1780370530916034,-0.7381390304701568,0.01130120282565128,0.4185944847275497,1.6234576182715093,0.34478457331634094,0.8107723502045173,True
27,Pine,365,91,1.9366095333070812,-0.18943618617928334,-0.15201242455280115,0.6163111752287294,0.3287083092437409,0.15042012210727157,0.1814287452744434,0.0767679766176946,1.2901858787145328,2.5830331878996295,-0.48524594310495617,0.1063735707463895,-0.5088024090782058,0.20477755997260358,0.4653425668748461,0.7672797835826126,True
27,Spruce,6,1,8.500495513225413,-0.2611721795205526,-0.8031514829718762,1.1039864491509337,55.04154186097255,2.1162156560200707,2.2735070974600267,3.3108297151965966,-228.3241448215726,245.32513584802342,-9.366513248521022,8.844168889479915,-10.585263001841811,8.97896003589806,-13.141364062498802,15.34933696080067,True
28,Alder,92,23,2.1404508788976835,0.18499839130772733,-1.2534197983358653,1.0088675623777532,1.036966525924808,0.23839789521295723,0.39716315225265325,0.11271370033865011,0.07969781175812507,4.201203946037242,-0.28876732964606566,0.6587641122615203,-2.0426981054919615,-0.464141491179769,0.7848727680671364,1.23286235668837,True
28,Aspen,53,13,0.8487924951809149,0.23330488588924553,-0.5739737048824672,0.7805222747634392,0.4694272836577076,0.306198006714114,0.43326122561376573,0.15194631508130568,-0.09455694969045769,1.7921419400522876,-0.3820230460617707,0.8486328178402618,-1.4446447350841556,0.296697325319221,0.47517472260301014,1.0858698269238682,True
28,Birch,96,24,0.9215962877141735,-0.18428288405856688,-0.06563247000096585,0.5673652645346435,0.8342482960188505,0.4235119910081995,0.5559220660109088,0.24030949257498557,-0.7352928379486614,2.5784854133770083,-1.0254142544646818,0.6568484863475481,-1.1697416785964345,1.0384767385945028,0.09008986949799552,1.0446406595712916,True
28,Oak,71,18,0.0697844136711336,-0.4177125134175799,1.1310132957287768,0.6113141652669287,0.03457583453656705,0.20262669843357717,0.34433247983319126,0.1052343679757877,0.0007707590887494203,0.13879806825351776,-0.8221570962395643,-0.0132679305955955,0.4437227894194803,1.8183038020380735,0.40126548765668435,0.8213628428771731,True
28,Pine,365,91,1.647677381050568,-0.16224319505119297,-0.1845051238380132,0.6653175641249626,0.28004363897517004,0.1497351285086515,0.1790182914954697,0.07683890965421922,1.0969555785862068,2.1983991835149292,-0.4567058729620054,0.13221948285961946,-0.5365548134052056,0.1675445657291792,0.5142094619055088,0.8164256663444164,True
28,Spruce,6,1,86.10236162100489,0.1366153086351286,-0.5089074323316675,-0.1981407388820191,838.7583405106012,2.992630184312432,2.635018946943417,4.611780101143465,-3522.7835017323396,3694.9882249743496,-12.739633122867826,13.012863740138084,-11.846478897198814,10.828664032535478,-20.0410289798253,19.644747502061257,True
29,Alder,92,23,1.6946489783455079,0.06367677390024648,-1.0387648947290176,0.99418212995004,0.9765377048341899,0.2782960551312744,0.46164570042832354,0.12869218875497596,-0.24601450509696932,3.635312461787985,-0.4893781558846314,0.6167317036851244,-1.956188716333111,-0.12134107312492415,0.7384334475543365,1.2499308123457435,True
29,Aspen,53,13,1.3349660897911326,0.7963276519453744,-1.0709865502399887,0.6132354217611881,0.5696388786907042,0.24369382494704991,0.339041849007157,0.12197773289237053,0.19023390506822668,2.4796982745140386,0.3066065758904751,1.2860487280002737,-1.752316654355282,-0.3896564461246953,0.36811199025951546,0.8583588532628607,True
29,Birch,96,24,0.22404812253309764,-1.2265103375072897,1.2558888274997293,0.7203274752828492,0.25710830384756256,0.534071329142755,0.7104329193610137,0.2678543584404749,-0.2865911617130599,0.7346874067792553,-2.2872220965936187,-0.16579857842096057,-0.15509227275482562,2.666869927754284,0.18834559904849868,1.2523093515171997,True
29,Oak,71,18,0.09021483010435649,-0.3230776110537337,1.0335589332503108,0.5297117278940698,0.04205705354567949,0.18515594320443257,0.296418067932495,0.12476924505620335,0.006268599881491019,0.17416106032722195,-0.6926504204872144,0.04649519837974697,0.44190599337301306,1.6252118731276086,0.28067127243645856,0.7787521833516811,True
29,Pine,365,91,1.5708087453285193,0.035508362636201066,-0.3936844436577258,0.6886521429005408,0.28765685868510094,0.15024975293632123,0.17833366045904706,0.07886636808710339,1.0051151117004369,2.1365023789566018,-0.25996635358919556,0.33098307886159767,-0.7443877672093161,-0.04298112010613553,0.5335569279344248,0.8437473578666568,True
29,Spruce,6,1,3758.4505886564125,1.0210175846987706,-0.5729719152349854,-2.0914896123331825,24014.51911771073,2.0081880258233413,1.8925154522481205,3.1845798038152493,-99567.68564550184,107084.58682281467,-7.6195181063531345,9.661553275750675,-8.71580869184249,7.569864861372519,-15.793630598154069,11.610651373487704,True
30,Alder,92,23,2.61550871540824,0.2442426749107403,-1.3088368120509821,0.9439526411410746,1.5592279845205292,0.2862316609994241,0.47361973775189947,0.12895694724984016,-0.48312925519053884,5.714146686007019,-0.32458260398720623,0.8130679538086869,-2.250056516669328,-0.3676171074326361,0.6876778068718996,1.2002274754102495,True
30,Aspen,53,13,0.9861717390895879,0.4221885414488874,-0.8040182025997414,0.7800488889215353,0.531872131855052,0.2956654528830572,0.42540811599242284,0.14897721355648305,-0.08266532640546242,2.055008804584638,-0.17197343113950625,1.016350514037281,-1.6589078181719177,0.050871412972434804,0.48066796966191255,1.0794298081811582,True
30,Birch,96,24,0.2016732717942481,-1.4434179866498278,1.5440198431012058,0.6920261363651836,0.2379202812863389,0.5299569996194484,0.7148502906398102,0.2622011107532409,-0.27085694339371363,0.6742034869822098,-2.4959583321664898,-0.39087764113316603,0.12426546219294021,2.9637742240094713,0.17127209800878407,1.2127801747215832,True
30,Oak,71,18,0.07852209945846347,-0.2996665294037791,0.8128675319207624,0.7471908777646449,0.03561808229200355,0.17105718299278136,0.28710266883113245,0.11874429737319207,0.007428109649263923,0.149616089267663,-0.6410980956734045,0.04176503686584632,0.2398082064708641,1.3859268573706607,0.5101762682148895,0.9842054873144003,True
30,Pine,365,91,1.845503655545447,-0.09739003755973004,-0.2721766447466258,0.6543324376247138,0.3287036199114517,0.14719762436585182,0.17729177451734596,0.07900850373319596,1.1990892227925378,2.4919180882983563,-0.386862568719138,0.19208249359967794,-0.6208310401173236,0.07647775062407203,0.4989577047966782,0.8097071704527494,True
30,Spruce,6,1,0.14299082081626108,-2.267172891599093,0.15480634441261043,3.22865840373903,0.9467826041169094,2.5606829000283433,2.221834888481461,3.4027779897075487,-3.930685935216181,4.216667576848703,-13.284902161292278,8.75055637809409,-9.404977603446271,9.714590292271494,-11.412313602226106,17.869630409704165,True
31,Alder,92,23,2.227480982747751,0.2005601992654694,-1.207750243603764,0.9430202944352051,1.2139921878549143,0.2505623080334029,0.4226019505038238,0.1331233497126708,-0.18507338816053664,4.640035353656039,-0.2973797359980176,0.6985001345289563,-2.047582816697896,-0.36791767050963153,0.678465610778839,1.207574978091571,True
31,Aspen,53,13,1.0127488777759666,0.5307369114232937,-0.8225528516335745,0.7051949733496053,0.3677893494960985,0.18612689554081643,0.2645471393205356,0.10693334582546181,0.2736485085487357,1.7518492470031974,0.15670091118072832,0.9047729116658592,-1.3541802318655018,-0.29092547140164715,0.4903043695553799,0.9200855771438308,True
31,Birch,96,24,0.44048334581855664,-0.8159721291279275,0.7413447324721433,0.6298864182747507,0.485673167812007,0.528038620015486,0.6840880775972864,0.25909410299038227,-0.5241054872831804,1.4050721789202938,-1.8647024071624414,0.2327581489065863,-0.6173132380332301,2.1000027029775166,0.1153031655228256,1.1444696710266757,True
31,Oak,71,18,0.1118068051952796,-0.22873159402771068,0.8253897607284534,0.5647905363258308,0.05604619165033404,0.2269878589400684,0.3494994866465495,0.11689525863353542,-6.186155008995609e-05,0.22367547194064913,-0.6818012567344027,0.22433806867898134,0.1277858656543881,1.5229936558025186,0.33146662354734646,0.7981144491043151,True
31,Pine,365,91,1.93614896794911,-0.09791304110094809,-0.311739574183082,0.67188999970986,0.3206524794230944,0.15304236018482198,0.18620198717662065,0.07679881386729606,1.3055675625696064,2.5667303733286135,-0.39887957889778825,0.20305349669589204,-0.6779164113918235,0.05443726302565949,0.5208607481442769,0.8229192512754431,True
31,Spruce,6,1,169.9313985027354,-1.5219590617648027,4.339799258049141,-3.3526709561867016,742.5213539094764,1.837774376489952,2.9094975469104534,2.592175421179311,-3024.8801317535485,3364.742928759019,-9.42926399933492,6.385345875805314,-8.17875830420935,16.85835682030763,-14.50590160797511,7.800559695601708,True
32,Alder,92,23,3.963127535782279,0.3036216766112015,-1.4954564131238317,0.9227203791098786,1.9943655452387714,0.24547823810931463,0.40632704974839334,0.10847796770303768,-0.00025489903921949164,7.926509970603778,-0.1842147380200519,0.7914580912424549,-2.3029460408955638,-0.6879667853520994,0.7071432133361489,1.1382975448836081,True
32,Aspen,53,13,1.138241073616039,0.5337009226393777,-0.9553129017628136,0.774719625864387,0.5981305142675142,0.2874970124449252,0.41897847965098867,0.15303374391243546,-0.06374719642733484,2.340229343659413,-0.04404595431858083,1.1114477995973364,-1.7972816793594975,-0.11334412416612971,0.4671868036527792,1.082252448075995,True
32,Birch,96,24,0.25516712661636054,-0.8047679807265644,0.7998942274804622,0.723876196253745,0.2982908552803307,0.5207306416208998,0.7174648513098209,0.27680430374105275,-0.337264259527554,0.8475985127602751,-1.838983982867016,0.2294480214138872,-0.6250528965993499,2.2248413515602743,0.1741189561204557,1.2736334363870343,True
32,Oak,71,18,0.06812082214420331,-0.3598884304441768,1.0065436812100141,0.6729869672219755,0.03241964494400566,0.18015083988367056,0.2934717199402606,0.12213358261439722,0.0034109400014340485,0.13283070428697258,-0.7194710118366567,-0.0003058490516968382,0.4207716765390819,1.5923156858809464,0.42920731601659995,0.9167666184273511,True
32,Pine,365,91,1.524001379629385,-0.11803316082403027,-0.2124360533641534,0.680116464385704,0.26680767574453773,0.14879041324664435,0.180214652678545,0.07685438189642955,0.9993088544390992,2.048693904819671,-0.4106380022426012,0.1745716805945407,-0.5668384554926907,0.14196634876438396,0.5289779351187034,0.8312549936527045,True
32,Spruce,6,1,0.14299082081632258,-2.267172891598923,0.154806344412537,3.2286584037388204,0.9467826041195362,2.5606829000328437,2.2218348884819115,3.4027779897157915,-3.9306859352274213,4.2166675768600665,-13.284902161311472,8.750556378113625,-9.404977603448282,9.714590292273355,-11.41231360226178,17.869630409739422,True
33,Alder,92,23,2.1379468235032757,0.16952043140292736,-1.1936000199417913,0.9706762077007695,1.1730055859888375,0.26603635198647874,0.44264482362771407,0.1261583370254731,-0.19315528892268752,4.469048935929239,-0.3591709145764592,0.698211777382314,-2.0732635916571276,-0.31393644822645483,0.719963023166092,1.221389392235447,True
33,Aspen,53,13,0.9430008495167089,0.41547982324011157,-0.7899809900293226,0.7818436539969645,0.5148756990273693,0.29890738306364995,0.43336567034842727,0.15165549107829185,-0.09168060544829981,1.9776823044817178,-0.18519705195970326,1.0161566984399264,-1.6608619097834354,0.08089992972478999,0.4770805345513549,1.0866067734425742,True
33,Birch,96,24,0.6000503510415751,-0.631045215428032,0.5138875649468349,0.5817646519860902,0.6138027663925971,0.47454861837032536,0.622807151285455,0.24614607897628393,-0.619014924597513,1.8191156266806632,-1.573539733101399,0.31144930224533485,-0.7230611963205198,1.7508363262141895,0.09289729256012041,1.07063201141206,True
33,Oak,71,18,0.06396642877696095,-0.38242184310688937,1.0057260687839704,0.711206147218481,0.029813567515526627,0.17400828695513287,0.2861529388830579,0.11080125022925583,0.0044582989526726,0.12347455860124928,-0.7297438375389655,-0.035099848674813194,0.4345624122444969,1.576889725323444,0.4900459261244391,0.9323663683125228,True
33,Pine,365,91,1.8230635858763893,-0.0917420657589469,-0.26678980737009755,0.6431304721773593,0.30212145147109654,0.14810227210427795,0.17904970541488283,0.07342622562700944,1.228924504816727,2.417202666936052,-0.3829936383382013,0.19950950682030755,-0.6189012742030939,0.08532165946289877,0.4987336079120478,0.7875273364426708,True
33,Spruce,6,1,169.9313985027319,-1.5219590617648135,4.339799258049154,-3.3526709561866976,742.5213541341174,1.8377743765935273,2.9094975468070117,2.5921754219698565,-3024.8801327201036,3364.7429297255676,-9.429263999780579,6.385345876250952,-8.178758303764262,16.85835681986257,-14.505901611376549,7.800559699003154,True
34,Alder,92,23,2.711229212919853,0.2431143788203903,-1.4257788840136676,1.0257335623932606,1.2668221733174054,0.23609441313919807,0.3914420102036389,0.1078397732836805,0.193686347342779,5.228772078496927,-0.22607365555440082,0.7123024131951814,-2.2036876235604983,-0.647870144466837,0.8114246739209113,1.24004245086561,True
34,Aspen,53,13,1.3412330967481048,0.6686571477306926,-1.1637386742807665,0.8119071770488046,0.8123202307119961,0.2983616527616259,0.43643363961649717,0.16514875379094748,-0.2911855235098335,2.9736517170060432,0.06907695863197638,1.2682373368294089,-2.040784909104266,-0.2866924394572671,0.4800283309877628,1.1437860231098462,True
34,Birch,96,24,0.7748438192324538,-0.17035503761066195,-0.06536660558131942,0.613758721174382,0.6935071157486721,0.4377793954918981,0.5787355297921069,0.2040754343807149,-0.6025211740642273,2.152208812529135,-1.039822704840258,0.6991126296189341,-1.214785322434886,1.0840521112722472,0.20844729332498596,1.0190701490237781,True
34,Oak,71,18,0.061753454687444205,-0.37380223936684986,1.010896034793771,0.7103757439914007,0.032209153855408346,0.23377317515413545,0.3831135758184923,0.10847795310440263,-0.002536285484036928,0.12604319485892534,-0.8404154499215231,0.09281097118782333,0.2461981369195566,1.7755939326679853,0.4938528433674487,0.9268986446153527,True
34,Pine,365,91,1.616616746015422,-0.09659218890097207,-0.21833457684849836,0.6527369912813255,0.290899260390446,0.15228972467610505,0.1866813564850107,0.07959185141495398,1.0445467443397884,2.1886867476910554,-0.3960786260053768,0.2028942482034327,-0.585454121167206,0.14878496747020922,0.49621507193644254,0.8092589106262084,True
34,Spruce,6,1,86.10236162100439,0.1366153086351365,-0.508907432331687,-0.1981407388820063,838.7583405001255,2.992630184142488,2.6350189468212117,4.611780101240298,-3522.783501687267,3694.988224929276,-12.739633122136608,13.01286373940688,-11.846478896673027,10.828664032009652,-20.041028980241926,19.644747502477912,True
35,Alder,92,23,2.280764913202267,0.34971278779591175,-1.384056553881092,0.9714469509378801,1.1978021150721354,0.2548912473034238,0.4259879640174397,0.12874423524886527,-0.09961509015392522,4.6611449165584595,-0.15683000460435736,0.8562555801961809,-2.2306181173130146,-0.5374949904491694,0.7155948370723704,1.22729906480339,True
35,Aspen,53,13,1.2071053052125469,0.4033398989169957,-0.6942794607917955,0.6499063222001832,0.735067952060772,0.31935086179943406,0.4683472043664766,0.14664315843128095,-0.27006904885608374,2.6842796592811773,-0.2384196849110291,1.0450994827450204,-1.635458405065374,0.24689948348178314,0.3552158623222611,0.9445967820781053,True
35,Birch,96,24,0.44317999570318095,-0.6498365849954387,0.47482945393738496,0.6989949363222943,0.4184911877352797,0.44252694891288025,0.5781832249040312,0.21816916553622734,-0.38797962602248465,1.2743396174288466,-1.5287333031134418,0.22906013312256446,-0.6734923377351891,1.623151245609959,0.2656921418701471,1.1322977307744413,True
35,Oak,71,18,0.06901423653368527,-0.4593889579781805,1.182028306007288,0.6089191587105387,0.033420855249642695,0.20555091986705862,0.34836111422496385,0.11702550973262711,0.0023059302567282752,0.13572254281064228,-0.8696703112104138,-0.049107604745947275,0.48669661179669976,1.8773600002178763,0.37533526365014636,0.842503053770931,True
35,Pine,365,91,1.9396916207179418,-0.10438548705623556,-0.25550808092602595,0.6318731071833399,0.3188194745142942,0.1550170316247287,0.18716692280418593,0.0771914775821233,1.3127149241295202,2.5666683173063634,-0.40923532896467796,0.20046435485220682,-0.6235825191301678,0.11256635727811592,0.4800716600071606,0.7836745543595192,True
35,Spruce,6,1,3758.4505886564352,1.0210175846987706,-0.5729719152349818,-2.0914896123331874,24014.51902860026,2.0081880210596963,1.8925154525994192,3.1845797913398117,-99567.68526209042,107084.58643940328,-7.619518085856824,9.661553255254365,-8.715808693354003,7.569864862884039,-15.7936305444766,11.610651319810223,True
36,Alder,92,23,2.353640316471787,0.27893965196882686,-1.3700186642658296,1.0069450730696434,1.379793409339787,0.28040804337924574,0.46451399281035205,0.12795450925013757,-0.3884091414700164,5.09568977441359,-0.27831241065588697,0.8361917145935407,-2.293142614250101,-0.44689471428155847,0.752662373677399,1.2612277724618879,True
36,Aspen,53,13,1.4283370577271466,0.5784010682667086,-1.0023839672083745,0.7172315599635529,0.9114405477415445,0.34736232766659086,0.5086012479465503,0.1581859566388436,-0.40327129712977183,3.259945412584065,-0.11964966372364538,1.2764518002570626,-2.0244564406547907,0.019688506238041414,0.39934497864053314,1.0351181412865726,True
36,Birch,96,24,0.3870445241747674,-0.8682404063033708,0.8134554028643644,0.6399510264632697,0.45650231290378723,0.5615154150143669,0.7404176194738976,0.2772249214785701,-0.5196084731399877,1.2936975214895226,-1.98345848882054,0.2469776762137983,-0.6570779000022722,2.2839887057310007,0.0893584031968303,1.190543649729709,True
36,Oak,71,18,0.10391874516898694,-0.3269039559312431,1.0356722283985496,0.4927223364723139,0.04426163242830373,0.17390024144157007,0.2759346552136872,0.1091045213681193,0.01557215707929574,0.19226533325867814,-0.674010290615633,0.020202378753146788,0.4849043514269401,1.586440105370159,0.27494880035961633,0.7104958725850115,True
36,Pine,365,91,1.8853316550281196,-0.07748142782410311,-0.2843898552098715,0.6409240840252242,0.3186948758168297,0.15175697138893443,0.18349987257570594,0.07718897625742538,1.258599988891036,2.5120633211652033,-0.3759201751768209,0.2209573195286147,-0.6452528298044617,0.07647311938471879,0.48912755584685264,0.7927206122035957,True
36,Spruce,6,1,7.700199476927727,-0.3948532177669843,-0.4767427808565022,0.9833301310711211,66.2471320025906,2.600185199673823,2.4155679096453206,4.252262476272185,-277.3382038685594,292.7386028224148,-11.582547164859067,10.792840729325098,-10.870092641058346,9.91660707934534,-17.312678619845872,19.279338881988114,True
37,Alder,92,23,1.7822937403786274,0.22253348667433404,-1.2942754629394781,1.0724828199649996,1.0034652830602708,0.2756373794071937,0.4542183351425212,0.12850186482612383,-0.21188264635698895,3.776470127114244,-0.3252378837902056,0.7703048571388736,-2.1969389567886974,-0.39161196909025864,0.8171123663841389,1.3278532735458604,True
37,Aspen,53,13,1.2796483877736484,0.7951742963899141,-1.1537944529228548,0.6996666772887321,0.4900453301179062,0.2149211741784026,0.3073569084419851,0.10675711021984109,0.29486542729788057,2.264431348249416,0.3632740268262561,1.227074565953572,-1.771451285088467,-0.5361376207572426,0.4851302322034626,0.9142031223740017,True
37,Birch,96,24,0.28701531923297485,-0.9419118783053223,0.9717561260686748,0.6756183326965128,0.35332760325313345,0.5489029988790165,0.7429442447222901,0.28170653964293957,-0.4147237989892111,0.9887544374551608,-2.0320806137123784,0.14825685710173386,-0.5037952726318574,2.447307524769207,0.1161248289160195,1.2351118364770062,True
37,Oak,71,18,0.08070526504297948,-0.39361813194148515,1.0538503243537973,0.61423181113475,0.037426886099833766,0.17635127011644386,0.2978113444700787,0.14299390305765855,0.0060008877225580515,0.1554096423634009,-0.7456167403368786,-0.041619523546091663,0.45941639286801506,1.6482842558395796,0.32881478605698017,0.8996488362125199,True
37,Pine,365,91,1.9535318463177453,-0.304173101409257,-0.027746925935227176,0.6055140754268614,0.3329691667287351,0.16025540921756964,0.19507697704622814,0.07763786352313623,1.2987289722479503,2.6083347203875404,-0.6193245118892108,0.01097830907069669,-0.41137693735542274,0.35588308548496844,0.45283478481553385,0.758193366038189,True
37,Spruce,6,1,3758.45058865632,1.0210175846987577,-0.5729719152349714,-2.0914896123331768,24014.519129248525,2.0081880298423247,1.8925154544193716,3.184579801546748,-99567.68569514508,107084.5868724577,-7.619518123645438,9.661553293042953,-8.715808701184615,7.569864870714673,-15.79363058839349,11.610651363727136,True
38,Alder,92,23,2.714881067146143,0.30772723810550245,-1.5054781681085918,1.0485795125084267,1.3870841845947985,0.24373381551929843,0.4078391024677676,0.12297967067839896,-0.04165727456670654,5.471419408858992,-0.1766425031926292,0.7920969794036341,-2.315972682924627,-0.6949836532925566,0.8041832593889696,1.292975765627884,True
38,Aspen,53,13,1.1091414588313062,0.4974201249473131,-0.88518559844035,0.7559745485632744,0.5814704732147481,0.29949593162691557,0.4395496685510236,0.14988462034602398,-0.059367205262872424,2.277650122925485,-0.10443948287108834,1.0992797327657144,-1.7684937278488522,-0.0018774690318480447,0.4547701270893872,1.0571789700371617,True
38,Birch,96,24,0.2668416494813918,-0.9924356649697684,0.9862660861488357,0.7138912328017876,0.33648322124612573,0.5687244179327788,0.7761173300894187,0.27903669018957167,-0.4014430721191783,0.9351263710819618,-2.1219714495420563,0.13710011960251955,-0.5551699234904024,2.527702095788074,0.1597002804889477,1.2680821851146273,True
38,Oak,71,18,0.09291448551545659,-0.3126324315878456,0.9485618392057162,0.5891399083383653,0.043743812861177414,0.17874071370988234,0.293845013110423,0.11465960703641064,0.005601469607627266,0.18022750142328592,-0.6694003893572145,0.04413552618152333,0.36204473824863925,1.5350789401627933,0.36027837482443203,0.8180014418522985,True
38,Pine,365,91,1.9343151084006487,-0.06386603606439956,-0.31096258496530466,0.6434524086229633,0.3245664559528459,0.15107096357589672,0.18050004173279835,0.07473171949705773,1.2960366447442417,2.5725935720570554,-0.3609557098917078,0.23322363776290866,-0.6659262209605964,0.04400105102998708,0.49648821613748495,0.7904166011084416,True
38,Spruce,6,1,0.14299082081629835,-2.267172891598994,0.15480634441257582,3.2286584037388972,0.9467826041170945,2.5606829000274502,2.221834888480915,3.402777989708291,-3.9306859352169403,4.216667576849537,-13.284902161288336,8.750556378090348,-9.404977603443957,9.714590292269108,-11.41231360222943,17.869630409707224,True
39,Alder,92,23,2.4468555953188442,0.30967339312089803,-1.4588534160198605,1.0404629982270597,1.4537283697431853,0.2765355033130422,0.46124335775942665,0.12764264894809751,-0.44212406008932614,5.335835250727015,-0.23988280987909694,0.859229596120893,-2.375477666115866,-0.542229165923855,0.7868000556523026,1.2941259408018166,True
39,Aspen,53,13,0.8776015149163213,0.25947241087116396,-0.5618936481257172,0.7392182349076628,0.5046308485697678,0.31871977276496394,0.45147534639581854,0.15200761647487174,-0.13649214226099937,1.891695172093642,-0.3810189520607658,0.8999637738030937,-1.4691673244171,0.3453800281656655,0.4337474929847219,1.0446889768306038,True
39,Birch,96,24,0.6401765217110706,-0.5843370947041483,0.43257642058540074,0.5894367885123534,0.7110294390087156,0.5028441539118939,0.6701613257948982,0.2653147278475125,-0.7719893180535775,2.052342361475719,-1.583028988347429,0.4143547989391322,-0.898421818725675,1.7635746598964765,0.06249883784879595,1.1163747391759107,True
39,Oak,71,18,0.08273561406886684,-0.3540822500881917,0.9799886408617967,0.6326541553432288,0.04183261432001938,0.18965238675170434,0.3158685588054774,0.11572235557630635,-0.0007626335846100812,0.16623386172234378,-0.73262999840543,0.024465498229046534,0.3495123587121334,1.61046492301146,0.4016713668654355,0.8636369438210221,True
39,Pine,365,91,1.8177766157851654,-0.19159047822176625,-0.1614407247026913,0.6532893329056558,0.3100420716758851,0.1452138422890796,0.17614640945281596,0.07639973616870684,1.2080611829405459,2.4274920486297846,-0.47716178868209114,0.0939808322385586,-0.5078426942903004,0.18496124488491775,0.5030448904158821,0.8035337753954296,True
39,Spruce,6,1,8.500495513225445,-0.26117217952054556,-0.8031514829718898,1.1039864491509388,55.04154186217055,2.1162156560562235,2.273507097463552,3.3108297152584236,-228.32414482672712,245.325135853178,-9.366513248676569,8.844168889635476,-10.585263001856994,8.978960035913214,-13.141364062764817,15.349336961066696,True
40,Alder,92,23,2.492195561794619,0.3742185158968162,-1.4789491617562556,0.9972545302100085,1.2474649985493382,0.2483146095857296,0.41490688041380236,0.12481054943617137,0.013121013445890117,4.971270110143347,-0.11925459102241287,0.8676916228160453,-2.3034894000513226,-0.6544089234611883,0.7492197902914957,1.2452892701285214,True
40,Aspen,53,13,1.6919263020794393,0.6755250702296656,-1.0996846779443417,0.6756155974371383,0.9839581859478007,0.3119742421326558,0.4577839252743904,0.15032180992701716,-0.2854117027718688,3.6692643069307476,0.04858935861771896,1.3024607818416123,-2.019635918131579,-0.17973343775710449,0.37353261060735626,0.9776985842669204,True
40,Birch,96,24,0.5024492235393491,-0.6270293656164617,0.5240927900836118,0.6176225279605295,0.5612933616425178,0.5252219522735729,0.6924284453296806,0.2691119602507155,-0.6123278418143577,1.6172262888930558,-1.6701654983893643,0.416106767156441,-0.8511298706534106,1.8993154508206342,0.0831429459786871,1.1521021099423718,True
40,Oak,71,18,0.09147530822035496,-0.2749833441160626,1.0402615933940627,0.47357946449125876,0.04888062162635436,0.259550235378968,0.42093804863329387,0.11413815620489257,-0.006090820895797905,0.18904143733650783,-0.7930477822217147,0.24308109398958944,0.20006573179490172,1.8804574549932236,0.245758751193249,0.7014001777892686,True
40,Pine,365,91,1.866339150414241,-0.11310338102519343,-0.24482396627435968,0.6416351480883519,0.31605411171015096,0.1471486233086527,0.17808730041800222,0.07752990374271028,1.2448006976421726,2.4878776031863095,-0.40247954880837145,0.1762727867579846,-0.5950428087416593,0.10539487619293988,0.48916816654816564,0.7941021296285381,True
40,Spruce,6,1,8474.873517900804,2.894345410932783,-3.395624548957425,-1.2876020782016162,69697.32535180457,3.928912526539435,4.133821254065339,3.34467374936547,-291408.5136595612,308358.2606953629,-14.010400796119484,19.79909161798505,-21.182021851837582,14.390772753922732,-15.678571715851984,13.103367559448753,True
41,Alder,92,23,2.1136415821014913,0.268002724103841,-1.1349455589464386,0.8293848015896402,1.1956780389841133,0.26024163856690385,0.4537845361641053,0.14130186858653446,-0.26251726637284456,4.489800430575827,-0.24917284662722333,0.7851782948349053,-2.036746968482478,-0.23314414941039907,0.5485770302659145,1.110192572913366,True
41,Aspen,53,13,1.2306772660299823,0.4958937028453405,-0.8809441090075681,0.7187857480771143,0.7473644471170203,0.32484366735571346,0.47150403387355955,0.15292226541625067,-0.27120782000716703,2.7325623520671316,-0.15690408701094927,1.1486914927016303,-1.8284669396864195,0.06657872167128331,0.4114769502909118,1.0260945458633168,True
41,Birch,96,24,0.6441202594895992,-0.3369800557650072,0.15869909340326707,0.6247825376225054,0.5691366610785821,0.41669893128465,0.5460868143765396,0.20584620089443242,-0.48623427555382537,1.7744747945330237,-1.1645801014776098,0.49061998994759537,-0.92587645649741,1.243274643303944,0.21595421462969966,1.033610860615311,True
41,Oak,71,18,0.06513274260805953,-0.4155715572342611,1.0673281609607594,0.6847702045515812,0.028027159468381687,0.1597035405769471,0.2600675593287835,0.10226478745452311,0.009190298169570503,0.12107518704654854,-0.7343411583932653,-0.09680195607525682,0.5482311399295382,1.5864251819919808,0.4806488344697318,0.8888915746334307,True
41,Pine,365,91,1.7933083832030858,-0.06646758705483263,-0.2755554480179065,0.6385236742788749,0.3126492795715708,0.143862186363995,0.17413055771149702,0.07814416086490288,1.1784657271979408,2.4081510392082306,-0.34938078897857966,0.2164456148689144,-0.6179931300803898,0.06688223404457683,0.4848487210427471,0.7921986275150027,True
41,Spruce,6,1,3758.450588656439,1.0210175846987724,-0.5729719152349853,-2.091489612333186,24014.51903927639,2.0081880226926803,1.8925154530989312,3.1845797920745422,-99567.68530802609,107084.58648533898,-7.619518092882985,9.66155326228053,-8.715808695503233,7.569864865033262,-15.793630547637887,11.610651322971515,True
42,Alder,92,23,2.1940155341603975,0.20527457171957708,-1.166521530188287,0.909912409908719,1.162052992969045,0.26370912870048024,0.4414387659199846,0.12951126363183776,-0.11532060116371134,4.503351669484506,-0.31879190701034565,0.7293410504494998,-2.043788315644651,-0.2892547447319227,0.6525359883116902,1.167288831505748,True
42,Aspen,53,13,1.2103650530878691,0.4455242977231652,-0.790590309142301,0.6907592931549664,0.6347096775565859,0.2851026356823883,0.4102801137758029,0.14749953685306544,-0.06513179769613031,2.485861903871869,-0.12741089898444152,1.0184594944307719,-1.6150790660727217,0.03389844778811957,0.3943478764070144,0.9871707099029184,True
42,Birch,96,24,0.46282977650392754,-0.7988975480860483,0.7398367982967672,0.593487637067308,0.5157916012384551,0.5095922729527679,0.6743056113916077,0.26388850463777414,-0.5615768651140818,1.4872364181219369,-1.810991788621566,0.21319669244946948,-0.599392349931471,2.0790659465250054,0.06938228880552999,1.117592985329086,True
42,Oak,71,18,0.0792661862125594,-0.29919481571724393,0.9178642866806374,0.6534309824152942,0.03697321394523418,0.17683232370309399,0.28683113220110334,0.11042080014237017,0.005467342302707401,0.1530650301224114,-0.652153611090325,0.05376397965583707,0.34534695061270093,1.4903816227485738,0.4330301428729657,0.8738318219576227,True
42,Pine,365,91,1.8348400332956096,-0.09229613252705153,-0.27995773502522037,0.6590677940898664,0.3021468978535089,0.14925112093612541,0.18224694473703534,0.07640703070252965,1.240650910472315,2.4290291561189044,-0.38580698191669693,0.20121471686259385,-0.638356755501104,0.07844128545066337,0.5088090064829183,0.8093265816968145,True
42,Spruce,6,1,8474.873517901564,2.894345410932823,-3.3956245489574566,-1.2876020782016488,69697.32322288197,3.9289124381463907,4.13382121449706,3.3446736544791587,-291408.50449954584,308358.251535349,-14.010400415794868,19.799091237660512,-21.182021681589053,14.390772583674138,-15.678571307589172,13.103367151185873,True
43,Alder,92,23,2.8062668205477856,0.28221125129615515,-1.3601930838786507,0.9396965362765598,1.576586428047813,0.29357198239885013,0.4851679099546096,0.12355813273714217,-0.3268674089420083,5.93940105003758,-0.30120137392347407,0.8656238765157844,-2.3243623540727674,-0.39602381368453377,0.6941507113705729,1.1852423611825467,True
43,Aspen,53,13,1.17584978510857,0.6194842232043548,-1.0193160365709393,0.7555570022092174,0.7468675570952227,0.3413528267442033,0.49748720500597843,0.14984087661523132,-0.325036763045198,2.676736333262338,-0.06648996454486378,1.3054584109535734,-2.019054004539591,-0.0195780686022875,0.45444048705351076,1.056673517364924,True
43,Birch,96,24,0.62107826034114,-0.7027124752973026,0.6624867377638707,0.48874274521974903,0.6834332889317213,0.496925513882213,0.6614945133910156,0.28299603939621754,-0.7362792433550598,1.9784357640373398,-1.6896494389626748,0.28422448836806946,-0.6512984640202716,1.9762719395480128,-0.07331181637644157,1.0507973068159395,True
43,Oak,71,18,0.05689372671765294,-0.3884221052993685,1.0290803776522222,0.7282586388175462,0.02495908142471535,0.17213708587532445,0.2776284753919271,0.10502703245146884,0.007075191685123508,0.10671226175018238,-0.7320091667440859,-0.04483504385465109,0.4749316214546293,1.583229133849815,0.5186238046459285,0.9378934729891638,True
43,Pine,365,91,1.799247010702734,-0.13383591334406275,-0.23555820828425603,0.6604028287457309,0.31079147410122726,0.14798423658477064,0.17909449892589047,0.07720680422617512,1.188057835208698,2.4104361861967702,-0.4248553623360942,0.15718353564796872,-0.5877577641137071,0.11664134754519498,0.5085712408490952,0.8122344166423665,True
43,Spruce,6,1,86.1023616210045,0.136615308635133,-0.5089074323316805,-0.19814073888200967,838.7583404541361,2.9926301840575205,2.6350189468491565,4.611780100942587,-3522.7835014893903,3694.9882247313994,-12.739633121771025,13.01286373904129,-11.846478896793256,10.828664032129895,-20.04102897896098,19.64474750119696,True
44,Alder,92,23,2.5617374292222834,0.29159892463268333,-1.3564507018836085,0.9600746810035202,1.3322492619839923,0.25237817670944473,0.4213787411484458,0.1233646511870949,-0.08582802654730948,5.209302884991876,-0.209949668046566,0.7931475173119327,-2.1938524034232314,-0.5190490003439855,0.714913360020974,1.2052360019860664,True
44,Aspen,53,13,1.0901823157474515,0.467645597407517,-0.7916534807673827,0.7064273289539951,0.5986659636884131,0.30229665422329877,0.4424521908170847,0.15448806163610557,-0.11288198019289597,2.293246611687799,-0.13984227318664444,1.0751334680016784,-1.6807944470469773,0.09748748551221187,0.3959719458579816,1.0168827120500086,True
44,Birch,96,24,0.260585345715674,-1.2129912375627803,1.282636794552082,0.6341428635012964,0.31052119806296924,0.5530813752609286,0.7338242616354086,0.30206212952641803,-0.3561365568804609,0.877307248311809,-2.311458589129024,-0.11452388599653673,-0.17480153052876912,2.740075119632933,0.03422140117975769,1.2340643258228352,True
44,Oak,71,18,0.0783560623179369,-0.27893567662349317,0.8852674054474998,0.6614861360786813,0.036653789390510595,0.17492764693884622,0.2935870776292552,0.10635110086642552,0.005194792487793989,0.15151733214807983,-0.6280927212634178,0.07022136801643142,0.29926514586563335,1.4712696650293662,0.44920845028950906,0.8737638218678536,True
44,Pine,365,91,1.6974478743875379,-0.106786110806342,-0.24973141086000267,0.6673024168888574,0.2867233627859328,0.14474817274689258,0.1744066013409927,0.07509375177200506,1.1335900137342114,2.2613057350408643,-0.3914416555289965,0.17786943391631255,-0.5927119484779666,0.09324912675796121,0.5196262672679165,0.8149785665097983,True
44,Spruce,6,1,8.500495513225092,-0.2611721795205602,-0.803151482971881,1.1039864491509561,55.041541860962525,2.1162156560234533,2.2735070974618443,3.3108297151913715,-228.32414482152976,245.32513584797996,-9.366513248535583,8.844168889494462,-10.585263001849638,8.978960035905876,-13.141364062476299,15.34933696077821,True
45,Alder,92,23,1.4388009237761272,0.04382307202291151,-0.971834056969772,1.0123382328383772,0.8058681730737456,0.2820191648351152,0.46332091456519464,0.1231484613434785,-0.16269272896333775,3.040294576515592,-0.5166307559420638,0.6042768999878867,-1.8925870146494912,-0.05108109929005278,0.7676065437409294,1.257069921935825,True
45,Aspen,53,13,1.0334985336687872,0.3565333827811272,-0.6919754002098694,0.7169741705056836,0.6044008938957719,0.34183916649630436,0.4865342655638667,0.15483708529138893,-0.18109053600293312,2.2480876033405073,-0.33041814129074526,1.0434849068529997,-1.6697026123018772,0.2857518118821385,0.40581739811484036,1.0281309428965268,True
45,Birch,96,24,0.3125154125015469,-0.86213675970755,0.8255178702715305,0.7014134677309724,0.3793142210660547,0.5515520333360803,0.718756987226312,0.2812045267194031,-0.4408353717827205,1.0658661967858143,-1.9575667062029125,0.23329318678781252,-0.6019955472716658,2.2530312878147267,0.1429170049488474,1.2599099305130972,True
45,Oak,71,18,0.07858766780599448,-0.28949537550236654,0.8859594147830289,0.6721086665267488,0.041198941955161786,0.22489435009941852,0.3516624277485694,0.1278069443828199,-0.003645764513511715,0.16082110012550066,-0.7383863770738957,0.15939562606916252,0.18403827120006722,1.5878805583659905,0.4170049378361939,0.9272123952173037,True
45,Pine,365,91,1.8165746990636518,-0.18289404015156926,-0.13100049724016413,0.6135081822339958,0.3150789542310324,0.14927047815986522,0.181246703274016,0.07726720918983132,1.1969539491415824,2.436195448985721,-0.476442956626715,0.11065487632357648,-0.48743248577977727,0.22543149129944898,0.46155780452808515,0.7654585599399065,True
45,Spruce,6,1,8474.873517900474,2.8943454109327704,-3.3956245489574215,-1.287602078201597,69697.32289021437,3.9289124221935112,4.133821204300001,3.3446736426315016,-291408.5030681938,308358.25010399474,-14.01040034715522,19.799091169020762,-21.182021637714612,14.39077253979977,-15.678571256612766,13.10336710020957,True
46,Alder,92,23,1.6672846830945687,-0.036777284054572326,-0.8928740508848592,0.9548119300871867,0.8894169693295143,0.2871064743011659,0.46840471692211,0.12443682634663418,-0.10024464566282987,3.434814011851967,-0.6073410705606899,0.5337865024515451,-1.823729997463281,0.037981895693562806,0.7075198862767644,1.202103973897609,True
46,Aspen,53,13,0.684989363698494,0.3655869769688568,-0.8793520459881808,1.0089917723225388,0.361194421108927,0.2626102256880358,0.37990632668660224,0.16805193496445459,-0.04085800075123658,1.4108367281482246,-0.16214802959074093,0.8933219835284545,-1.642802392526308,-0.1159016994500538,0.6712787652663175,1.34670477937876,True
46,Birch,96,24,0.5464642806207016,-0.8368203231633453,0.7423405434020653,0.5696927857095277,0.6265685518093352,0.5148493188876768,0.6831896583840322,0.265577377467887,-0.6979549467597044,1.7908835080011076,-1.8593555106977693,0.18571486437107865,-0.614533088996978,2.0992141758011087,0.04223319022879202,1.0971523811902635,True
46,Oak,71,18,0.10602241820426797,-0.14520018418162395,0.6498130126037425,0.6625305207649768,0.04786327621076817,0.20381778738189876,0.3098031252975172,0.11819653305833211,0.010486919036554479,0.20155791737198148,-0.5520221904948455,0.26162182213159757,0.031443386406752594,1.2681826388007322,0.4266092533637188,0.8984517881662347,True
46,Pine,365,91,1.6108028082375976,-0.08068160632613029,-0.27641166672314804,0.6809101816209986,0.2871731967412496,0.14728257128970243,0.17838133025970926,0.08038716510923034,1.0460603234321628,2.175545293043032,-0.37032119046052464,0.20895797780826403,-0.627208735658993,0.0743854022126969,0.5228242324954738,0.8389961307465233,True
46,Spruce,6,1,8474.873517900103,2.894345410932735,-3.3956245489573744,-1.2876020782015964,69697.3244309446,3.9289124875571075,4.133821235761211,3.344673709114063,-291408.5096974213,308358.2567332215,-14.010400628392114,19.799091450257585,-21.182021773081228,14.390772675166478,-15.678571542664137,13.103367386260945,True
47,Alder,92,23,2.090320866088087,0.13210750233436974,-1.1808015318439908,0.9992500131149313,1.0226967353435097,0.252326018156663,0.4187049918325471,0.11279312939221184,0.05792600914400614,4.122715723032169,-0.3693374361815721,0.6335524408503116,-2.0128897184670294,-0.34871334522095254,0.7750973702511981,1.2234026559786646,True
47,Aspen,53,13,1.0896054946471467,0.4444108416277873,-0.7919974330390346,0.7238293974966507,0.567292103325385,0.28861068391806083,0.4223600359725265,0.14725102624383776,-0.05041066841450914,2.229621657708803,-0.13557404194488176,1.0243957252004563,-1.6407617024824388,0.056766836404369636,0.4279173815151665,1.0197414134781349,True
47,Birch,96,24,0.5993975014875751,-0.593521562423744,0.4624290203325334,0.5936070342747664,0.6856681448196541,0.5158559782967962,0.6861873269270394,0.2658013038400264,-0.7623986189080058,1.9611936218831558,-1.61805606243645,0.431012937588962,-0.9003982405425313,1.825256281207598,0.06570270169032,1.1215113668592127,True
47,Oak,71,18,0.12184413956680293,-0.2473563682724834,0.804271462851204,0.5805320058998656,0.05442002575087387,0.17562782209185504,0.2924577169600561,0.1134596353103303,0.013221313541786947,0.2304669655918189,-0.5979109683670946,0.10319823182212776,0.22052341659976638,1.3880195091026417,0.35406562597578284,0.8069983858239484,True
47,Pine,365,91,1.8168911415434938,-0.2765247049536443,-0.060953260445968514,0.6287491692125609,0.31143873826087537,0.14859681954149007,0.1799517917281038,0.07651173103016383,1.2044290841301377,2.42935319895685,-0.5687488332996438,0.01569942339235525,-0.4148387315099252,0.2929322106179882,0.4782844824344539,0.7792138559906678,True
47,Spruce,6,1,8.500495513225069,-0.26117217952056015,-0.8031514829718827,1.1039864491509583,55.04154186158347,2.1162156560358416,2.273507097459951,3.310829715231738,-228.32414482420148,245.32513585065163,-9.366513248588886,8.844168889547765,-10.585263001841493,8.978960035897728,-13.141364062649979,15.349336960951897,True
48,Alder,92,23,2.1258092436333897,0.2419223786396745,-1.3897426906305699,1.074318348752457,1.2466534265573428,0.28236180773085745,0.47570393533518807,0.12630811711015538,-0.35165247592106574,4.603270963187845,-0.3192123800792658,0.8030571373586147,-2.3351042999824907,-0.44438108127864884,0.8233075077735369,1.3253291897313773,True
48,Aspen,53,13,1.2455283939521844,0.4533569009443369,-0.7772449567251791,0.6701764650641863,0.6247234023404309,0.26975845197695203,0.39023083739106557,0.14054713775976582,-0.009900285446272417,2.500957073350641,-0.08874300415486314,0.9954568060435369,-1.5614431843104715,0.006953270860113214,0.3877364173727689,0.9526165127556037,True
48,Birch,96,24,0.7307802201720321,-0.37473631047875233,0.13382621473318884,0.632709434464249,0.629094197831507,0.42053076446245524,0.5458504521988329,0.20377582741779057,-0.5186551582144712,1.9802155985585355,-1.209946707634633,0.4604740866771285,-0.9502798994805,1.2179323289468775,0.22799305190438018,1.0374258170241177,True
48,Oak,71,18,0.044335445641151335,-0.4568329318716834,1.1049169453822245,0.8025009647700169,0.017634609724828942,0.1461475557953052,0.2354784925655998,0.10509810191039715,0.009136617310417039,0.07953427397188563,-0.7485446741594907,-0.16512118958387612,0.6348999070280037,1.5749339837364453,0.5927242753646622,1.0122776541753715,True
48,Pine,365,91,1.505975105181973,-0.18431393066281654,-0.09510781185356446,0.6427353212488294,0.26406728406160673,0.14712800928421868,0.17877380979048202,0.0746753797683485,0.9866717166726883,2.025278493691258,-0.473649559790184,0.10502169846455095,-0.4466767141915482,0.25646109048441934,0.49588192405603704,0.7895887184416217,True
48,Spruce,6,1,8.500495513225372,-0.2611721795205559,-0.803151482971871,1.1039864491509332,55.04154186105285,2.116215656023428,2.273507097460928,3.3108297151997728,-228.32414482191814,245.32513584836886,-9.366513248535469,8.844168889494359,-10.585263001845686,8.978960035901945,-13.14136406251247,15.349336960814334,True
49,Alder,92,23,3.532792047460272,0.48285544017084786,-1.729080600787053,1.032357859137793,1.6819949120365068,0.23179144367607052,0.3917912533934049,0.11810961189288148,0.1901806060725284,6.875403488848015,0.022218653398808186,0.9434922269428876,-2.507683387785267,-0.950477813788839,0.7976398244839269,1.2670758937916593,True
49,Aspen,53,13,1.210865638199232,0.5296278679213551,-0.8817604143685457,0.7042855125083407,0.6662075226731613,0.2964768849290055,0.43180578499124367,0.15558265232155893,-0.12792850215396956,2.5496597785524333,-0.06616473841318937,1.1254204742558995,-1.7495066271361017,-0.01401420160098965,0.3916304670760479,1.0169405579406336,True
49,Birch,96,24,0.28949269714975046,-1.17249059928241,1.1830158731693232,0.6482474802374737,0.3392157714268152,0.5276255695566272,0.701251439187941,0.27570206639727884,-0.3842191049750693,0.9632044992745702,-2.220400523452374,-0.12458067511244586,-0.2097300149441339,2.5757617612827803,0.10067937861068621,1.1958155818642613,True
49,Oak,71,18,0.0813613988638372,-0.40065822751903774,1.0632910813813718,0.6083183701935876,0.03739475834039423,0.1835435066418561,0.29752262823292125,0.11152605339400545,0.006721148819653203,0.1560016489080212,-0.76701260010328,-0.03430385493479554,0.4694334299168986,1.6571487328458452,0.3857114359276814,0.8309253044594938,True
49,Pine,365,91,1.8242700475896312,-0.2138589103201234,-0.14628858581626797,0.6508701370117149,0.3055979026324349,0.15158863326982133,0.1837881594303447,0.07648657223705124,1.2232943268663865,2.425245768312876,-0.5119666111519465,0.08424879051169967,-0.5077184929674928,0.2151413213349569,0.500454926436465,0.8012853475869648,True
49,Spruce,6,1,169.93139850272198,-1.5219590617648262,4.339799258049147,-3.352670956186662,742.5213539432859,1.837774376234899,2.909497546723211,2.5921754216903015,-3024.880131899032,3364.7429289044762,-9.42926399823754,6.385345874707887,-8.178758303403704,16.858356819502,-14.505901610173686,7.800559697800361,True
50,Alder,92,23,2.065911463271485,0.17481928101438993,-1.1017893722222716,0.9003511481213773,1.1099361981652245,0.26855176684232884,0.44043647581945966,0.1300242888564754,-0.13985349395150548,4.271676420494476,-0.3588709234138734,0.7085094854426532,-1.977064316720242,-0.2265144277243012,0.6419551966950234,1.1587470995477311,True
50,Aspen,53,13,0.7624612174064123,0.38036689553888986,-0.8431895423895596,0.9346036343346577,0.44570941259841307,0.2968517857297733,0.43010838671279766,0.18404708940414743,-0.13322538110677784,1.6581478159196024,-0.21617910216125752,0.9769128932390372,-1.7075247056092047,0.021145620830085532,0.5647471610023718,1.3044601076669435,True
50,Birch,96,24,0.36593087109871003,-0.9666250384156514,0.9413159759471259,0.6326817221418495,0.4120254109521637,0.51311370592755,0.676023013041677,0.2712115601905935,-0.4523871598295486,1.1842489020269686,-1.9857131487984445,0.05246307196714173,-0.4013240801990241,2.283956032093276,0.09403215344834392,1.171331290835355,True
50,Oak,71,18,0.04590170995795579,-0.5058606314885319,1.0954266461831506,0.8532911100009042,0.020629960339921004,0.18723821044963349,0.3133701338162355,0.12320397538037764,0.004724136776262926,0.08707928313964866,-0.8795896637387468,-0.13213159923831697,0.46993724118391944,1.7209160511823818,0.6073749458925435,1.0992072741092649,True
50,Pine,365,91,1.6516266863220797,-0.06791952585497238,-0.2736406349491491,0.6637210953082318,0.2889236081929268,0.15942312579214535,0.19179177807730224,0.07988444594214594,1.0834419174738805,2.219811455170279,-0.38143420346754786,0.24559515175760308,-0.6508101150598606,0.10352884516156241,0.5066237721227329,0.8208184184937306,True
50,Spruce,6,1,8.500495513225758,-0.26117217952054816,-0.8031514829718647,1.1039864491509068,55.041541860822896,2.116215656016933,2.273507097460013,3.3108297151872628,-228.32414482092832,245.32513584737984,-9.366513248507516,8.84416888946642,-10.585263001841742,8.978960035898012,-13.141364062458669,15.349336960760484,True
51,Alder,92,23,2.2125486748993732,0.03860790863713986,-0.9911277531105807,0.8948644471248938,1.1553691815118314,0.2626252371821171,0.4306769232326167,0.11162414913446465,-0.0835047896573724,4.508602139456119,-0.4833045634637633,0.560520380738043,-1.8470076376674314,-0.13524786855373006,0.6730349068795692,1.1166939873702182,True
51,Aspen,53,13,1.6294286095948356,0.6316306471789122,-1.1304124862883478,0.7398620285107923,0.9065082847146521,0.30475666426937836,0.4426178129667948,0.14827402763782246,-0.19226799162023167,3.451125210809903,0.019199201313060077,1.2440620930447643,-2.01988628273872,-0.24093868983797562,0.44189421426040776,1.0378298427611767,True
51,Birch,96,24,0.8172137577267956,-0.07333124969620587,-0.18591721555615767,0.6346945770078342,0.7005786685035617,0.42979096972051106,0.5692491023683155,0.20053605910291727,-0.5741959497359698,2.208623465189561,-0.9269332138072703,0.7802707144148586,-1.3164950687065822,0.9446606375942668,0.23641265396822708,1.0329765000474413,True
51,Oak,71,18,0.09001399952189862,-0.36892575427571195,1.109408989179738,0.5089828276098974,0.04208065855834599,0.19821443304719444,0.34086572741482235,0.1193023559236684,0.0060206534965539515,0.1740073455472433,-0.7645634185262997,0.02671190997487588,0.42903814965884324,1.7897798287006328,0.27085432853135605,0.7471113266884388,True
51,Pine,365,91,1.7716289400001421,-0.0756988676998909,-0.2964707345327177,0.6632543924945774,0.3140545729023189,0.14863646194875055,0.17792972973123666,0.0765197108885244,1.1540226944382659,2.3892351855620184,-0.3680009551027732,0.21660321970299137,-0.6463797052494978,0.053438236184062404,0.5127740128694704,0.8137347721196844,True
51,Spruce,6,1,8474.873517900003,2.8943454109327256,-3.395624548957361,-1.287602078201597,69697.32492248887,3.9289125304964077,4.133821277806004,3.344673710462381,-291408.5118123657,308358.2588481657,-14.010400813145019,19.79909163501047,-21.18202195398536,14.390772856070637,-15.678571548465484,13.103367392062292,True
52,Alder,92,23,1.954945010036967,0.11245618376613156,-1.1343887793695764,0.98897357348659,1.1378793253102422,0.2762839715842843,0.4600600663942256,0.12930314333570742,-0.3063510405530059,4.21624106062694,-0.4366001527786193,0.6615125203108824,-2.0486614865283754,-0.22011607221077722,0.7320107472447267,1.2459363997284534,True
52,Aspen,53,13,0.5993685047283541,0.31063408224796574,-0.6933400011166428,0.9356478812169523,0.4084517576153006,0.33245140234435006,0.47149541258119604,0.1840168435175865,-0.2214460329372684,1.4201830423939765,-0.3574520234521298,0.9787201879480613,-1.6408455066598486,0.25416550442656294,0.5658521892693242,1.3054435731645804,True
52,Birch,96,24,1.0268528886478088,-0.04614754549694481,-0.2360834057171299,0.5703982091574272,0.9331029935343778,0.44062043906812526,0.5830336513425027,0.21454499069763078,-0.8263701991169576,2.8800759764125754,-0.9212577704991475,0.8289626795052579,-1.3940385629705305,0.9218717515362707,0.14429333876245526,0.9965030795523993,True
52,Oak,71,18,0.06151865654134959,-0.41017752922555534,1.0912498340341097,0.673747109776211,0.03050238314727066,0.18186633828287427,0.29642149546402696,0.11300747836240083,0.0006356449617169468,0.12240166812098223,-0.7731842597541629,-0.047170798696947736,0.4995900527752404,1.682909615292979,0.44818323889752604,0.899310980654896,True
52,Pine,365,91,1.8828176238838725,-0.12437360171742314,-0.26305441997996337,0.6626506532747004,0.31322372013418076,0.1565079557728696,0.18660244086770353,0.07737623846847394,1.2668452977201516,2.4987899500475934,-0.432155431073274,0.18340822763842773,-0.6300187722323022,0.10390993227237544,0.5104858632683527,0.8148154432810482,True
52,Spruce,6,1,7.70019947692867,-0.394853217766966,-0.47674278085648125,0.9833301310710483,66.24713200226343,2.6001851996677594,2.415567909647537,4.252262476246563,-277.3382038671507,292.73860282100804,-11.58254716483296,10.792840729299026,-10.87009264106786,9.916607079354897,-17.3126786197357,19.2793388818778,True
53,Alder,92,23,3.3071475968753714,0.3207543517990608,-1.4960374043853486,0.9675491932398947,1.6811985498571942,0.2458061760618011,0.4130190568935362,0.11625759913472795,-0.03388124202468923,6.648176435775432,-0.16773377060146244,0.8092424741995841,-2.316825990132001,-0.6752488186386962,0.736511644769845,1.1985867417099445,True
53,Aspen,53,13,1.4465867296231971,0.769052779222801,-1.064942253282613,0.6090864193214944,0.5211810868413896,0.2002922010280938,0.2899236250507779,0.10140978694532753,0.3992341234466368,2.4939393357997575,0.36655053184663206,1.17155502659897,-1.6475655908433988,-0.48231891572182717,0.4052958226736122,0.8128770159693767,True
53,Birch,96,24,0.5247527109696656,-0.5719863516765378,0.4159023895031704,0.656957474414841,0.6251130618628367,0.5327809861936648,0.7066170811225115,0.2711350406088577,-0.7167757877435396,1.7662812096828708,-1.6301353782875043,0.4861626749344288,-0.9875001266381964,1.8193049056445372,0.11845988021559972,1.1954550686140824,True
53,Oak,71,18,0.10998610164893038,-0.2805660261465963,0.8822743467493342,0.5725801769979407,0.045862275623314616,0.16255724257216972,0.2676430404184292,0.10019445489033721,0.018444616370183714,0.20152758692767705,-0.6050316403279636,0.04389958803477095,0.3480566021774196,1.4164920913212489,0.37259120800981693,0.7725691459860645,True
53,Pine,365,91,1.7227519098155961,-0.024182578992520656,-0.31725125685279343,0.6443916164245636,0.30638098252967627,0.15158065327119694,0.18139819567792304,0.07742640821697123,1.120236217771951,2.3252676018592413,-0.32227458670150694,0.2739094287164657,-0.6739811638527031,0.03947865014711627,0.4921281647438327,0.7966550681052944,True
53,Spruce,6,1,7.700199476928528,-0.3948532177669603,-0.4767427808565023,0.9833301310710684,66.24713200156496,2.6001851996410466,2.415567909642726,4.252262476210987,-277.3382038641456,292.7386028180026,-11.582547164718017,10.792840729184098,-10.870092641047181,9.916607079334176,-17.312678619582613,19.279338881724748,True
54,Alder,92,23,2.5897177887226523,0.1685435404179679,-1.2440881593618178,0.950306343512893,1.2999711022123097,0.2640883784277171,0.43707116223972675,0.1184559692957958,0.006298392722725588,5.173137184722579,-0.3562766174511326,0.6933636982870685,-2.112675250290806,-0.37550106843282927,0.7148999963026059,1.18571269072318,True
54,Aspen,53,13,1.071168047417448,0.4484513008329846,-0.8112667387695252,0.7411610192871555,0.5673337675976468,0.2947422331978582,0.4327498073709731,0.16008715597766407,-0.06893184313401779,2.211267937968914,-0.14385539233760297,1.0407579940035723,-1.6809100355346813,0.05837655799563102,0.41945383485199567,1.0628682037223154,True
54,Birch,96,24,0.24077318806272924,-1.0357467949212547,1.0871582834728832,0.7060950653495816,0.28912689845528183,0.5490081867832581,0.7357281574957526,0.2747628830846591,-0.3334577888218248,0.8150041649472832,-2.126124442585634,0.054630852743124514,-0.374061343125097,2.5483779100708635,0.1603922628490969,1.2517978678500663,True
54,Oak,71,18,0.09334200055949718,-0.26429851612129346,0.8703245565450576,0.6124801325665826,0.050534553021003674,0.2595135793255222,0.4132611336312265,0.12593697897512288,-0.007525389437360419,0.19420939055635478,-0.7822897884380422,0.2536927561954552,0.04545188142316514,1.69519723166695,0.3611088704515293,0.863851394681636,True
54,Pine,365,91,1.7425763210332665,-0.03753896205071206,-0.3425583593588566,0.6749584419719089,0.29818411717823523,0.14011565891054334,0.16846928784220092,0.07552126157546313,1.1561802326250517,2.3289724094414814,-0.3130844038650068,0.2380064797635827,-0.6738628310471797,-0.01125388767053348,0.5264415699178744,0.8234753140259434,True
54,Spruce,6,1,0.14299082081625203,-2.2671728915991136,0.15480634441261595,3.2286584037390615,0.9467826041172026,2.560682900030047,2.221834888482654,3.4027779897077846,-3.930685935217451,4.2166675768499555,-13.284902161299627,8.7505563781014,-9.404977603451398,9.71459029227663,-11.412313602227089,17.869630409705213,True
55,Alder,92,23,2.375622060457394,0.23308129294355565,-1.3629433260385917,1.0311972548379993,1.2642722456462079,0.25676313521577215,0.42385051885860187,0.1191592835211901,-0.13685335970265688,4.888097480617445,-0.2771814833330234,0.7433440692201346,-2.2052571663697234,-0.5206294857074599,0.7943932183957945,1.2680012912802041,True
55,Aspen,53,13,1.514124492932861,0.6130147482183359,-1.0504903293818713,0.7118227171070705,0.8987825444039257,0.3077822313795462,0.45680737982813474,0.15554163303031948,-0.29204665186527934,3.320295637731001,-0.005496802390382194,1.231526298827054,-1.968479128022382,-0.13250153074136073,0.399250103026697,1.0243953311874439,True
55,Birch,96,24,0.3081266905548277,-1.1155391038971265,1.135583183017649,0.6231747963821843,0.3702480478815747,0.5383370953153587,0.754772776877788,0.2794627886149798,-0.42721789122063464,1.0434712723302901,-2.1847230428101767,-0.046355164984076325,-0.36346070154653387,2.6346270675818317,0.06813757581696689,1.1782120169474017,True
55,Oak,71,18,0.07810924600179392,-0.3583656383131813,0.9881788993164972,0.6459897231684409,0.0381748573902835,0.18954549765089151,0.30951486337498835,0.11210566021420651,0.0019119117370637317,0.1543065802665241,-0.7367000350922429,0.01996875846588031,0.3703846463250222,1.605973152307972,0.42222588884736345,0.8697535574895184,True
55,Pine,365,91,1.712153557661185,-0.09663568943148435,-0.30921472149810086,0.7062675220169369,0.2896717172730288,0.14375598974413484,0.1751589166127272,0.07751885015648946,1.142497589600815,2.281809525721555,-0.37934004963999357,0.18606867077702485,-0.6536747300441933,0.03524528704799157,0.5538222779850529,0.8587127660488209,True
55,Spruce,6,1,169.9313985027322,-1.5219590617648175,4.339799258049166,-3.3526709561867056,742.5213539117333,1.8377743762591652,2.9094975467633195,2.592175421523911,-3024.8801317632624,3364.7429287687264,-9.42926399834194,6.3853458748123035,-8.17875830357626,16.85835681967459,-14.505901609457808,7.800559697084398,True
56,Alder,92,23,3.7484126321038427,0.527775491734777,-1.8385910083326447,1.0538721652988097,1.8254601141132427,0.24493794841996533,0.41147687764675295,0.12432362721052438,0.12069424867304646,7.376131015534639,0.041012789327240284,1.0145381941423137,-2.656314836892412,-1.0208671797728774,0.806805080984286,1.3009392496133334,True
56,Aspen,53,13,0.9840144808082918,0.3794045710567008,-0.7027878010521545,0.7325825682369009,0.5241349361442409,0.28747916108485577,0.41872889557513293,0.15734028219462792,-0.06927410778149001,2.0373030693980736,-0.19830643225011313,0.9571155743635147,-1.544255020670417,0.13867941856610788,0.41639543333565004,1.0487697031381518,True
56,Birch,96,24,0.42930994641805437,-0.8566412337300623,0.7653195989154912,0.6253864739244152,0.5124488749008242,0.5289422640218497,0.7159569882871726,0.2803338377920138,-0.588457752159474,1.4470776449955827,-1.90716622676101,0.19388375930088542,-0.6566327790472027,2.187271976878185,0.06861927450729888,1.1821536733415314,True
56,Oak,71,18,0.10977016789432265,-0.31264396476030143,0.9730196238221667,0.5187611589609858,0.04614964009183467,0.1722716419526835,0.2805904490113134,0.10087053176432666,0.017655100735759904,0.2018852350528854,-0.6564996012595123,0.031211671738909486,0.41295874353587614,1.5330805041084572,0.31742273488441586,0.7200995830375558,True
56,Pine,365,91,1.9814312230744477,-0.14381709319822994,-0.29036915279078934,0.6859885156132428,0.33115167556088265,0.14852318995090408,0.18199599067222155,0.07818475168820815,1.330202549138552,2.6326598970103436,-0.43589642475116314,0.14826223835470326,-0.6482746577723888,0.06753635219081006,0.5322337382059394,0.8397432930205462,True
56,Spruce,6,1,8474.873517901764,2.8943454109328215,-3.395624548957442,-1.2876020782016686,69697.32349001583,3.9289124551127355,4.133821228323785,3.344673660704101,-291408.50564892986,308358.25268473336,-14.01040048879516,19.799091310660803,-21.182021741080636,14.39077264316575,-15.678571334372956,13.103367177969618,True
57,Alder,92,23,1.728265902729783,0.4728556305754709,-1.2038267410492893,0.7918578885758188,1.1031759638422138,0.2794274921298699,0.4692500237829223,0.15098274940288375,-0.4640645093392044,3.920596314798771,-0.08244779248941075,1.0281590536403526,-2.1363625573848757,-0.27129092471370286,0.49181140092312375,1.0919043762285139,True
57,Aspen,53,13,1.0965337007266223,0.4245843390245416,-0.7318200984207581,0.6913624438963117,0.6100020693678461,0.3066862677114976,0.44011454671875655,0.15649148766570417,-0.12931135247259395,2.3223787539258387,-0.1917247901360727,1.040893468185156,-1.6162633930071313,0.15262319616561493,0.3768810254617968,1.0058438623308268,True
57,Birch,96,24,0.5827122373879489,-0.5980434102265976,0.413045312993015,0.6378664866540709,0.6518841937141437,0.521484807658859,0.7003874413174765,0.2676412593085161,-0.7119860399844319,1.8774105147603297,-1.6337572512157492,0.43767043076255396,-0.9779846007720379,1.8040752267580678,0.10630784368985768,1.169425129618284,True
57,Oak,71,18,0.03353506752636866,-0.5665547005309296,1.346174037934437,0.7719706424875685,0.01572070470988564,0.1898733323802552,0.3260903109525652,0.10594593255855257,0.0021564095942721018,0.06491372545846522,-0.9455434581685407,-0.18756594289331846,0.6952950531064103,1.9970530227624637,0.560501676025697,0.98343960894944,True
57,Pine,365,91,1.917460360493606,-0.11240745889920828,-0.22728113781410358,0.6165197298451774,0.3414819746138644,0.1567853273165939,0.1914305432719876,0.08334006800537355,1.245916563760158,2.589004157227054,-0.42073475522967485,0.1959198374312583,-0.6037402290589091,0.149177953430702,0.45262672860656966,0.7804127310837852,True
57,Spruce,6,1,0.1429908208162233,-2.2671728915991967,0.154806344412657,3.228658403739157,0.9467826041157307,2.56068290002602,2.221834888480863,3.4027779897045156,-3.930685935211147,4.2166675768435935,-13.284902161282384,8.75055637808399,-9.404977603443651,9.714590292268966,-11.412313602212928,17.86963040969124,True
58,Alder,92,23,2.6746345240102936,0.20920967921045314,-1.280984923580301,0.9411449290036785,1.4144405048131001,0.25929614738440304,0.4345450231035255,0.13040844741632707,-0.13626875561146257,5.48553780363205,-0.30608692647634,0.7245062848972463,-2.1445518438067634,-0.4174180033538386,0.6819855431648433,1.2003043148425139,True
58,Aspen,53,13,1.2454253646692628,0.6493245128121649,-0.9926009708743555,0.69289737302844,0.5544646082750839,0.23356163290979146,0.33586230693288116,0.12076469191414455,0.13118701801509003,2.3596637113234356,0.17996483897317828,1.1186841866511514,-1.6675415459717735,-0.3176603957769374,0.45021163863823344,0.9355831074186466,True
58,Birch,96,24,1.0980156797265672,-0.6246631733159151,0.5640100487377523,0.3224106299241485,1.051909258473565,0.45011672026782634,0.6390486820499856,0.2658129998811279,-0.9911669052019896,3.187198264655124,-1.5186338324707644,0.26930748583893416,-0.7051957945473771,1.8332158920228818,-0.205516932007492,0.850338191855789,True
58,Oak,71,18,0.08843027729884312,-0.3182006496019166,0.9680364533225062,0.590478869377483,0.04232908543973858,0.1956792492662759,0.30754114545671657,0.11896488677157956,0.003941069142874384,0.17291948545481184,-0.7087780658468016,0.07237676664296844,0.3541817577843912,1.5818911488606213,0.3530239615457367,0.8279337772092292,True
58,Pine,365,91,1.6061902971790438,-0.1537465987071482,-0.16880155961780824,0.6540778672294968,0.28250259844799047,0.1474368148465201,0.17617119423936237,0.07829926085048462,1.050632810540551,2.1617477838175367,-0.4436895116010887,0.13619631418679232,-0.5152522699030118,0.17764915066739523,0.5000979010177686,0.808057833441225,True
58,Spruce,6,1,86.10236162100688,0.13661530863513577,-0.508907432331671,-0.19814073888202918,838.7583408281608,2.992630185156234,2.635018946991779,4.611780102874493,-3522.783503098686,3694.9882263407,-12.739633126498404,13.012863743768676,-11.846478897406902,10.828664032743559,-20.04102898727332,19.644747509509266,True
59,Alder,92,23,2.5808564094872324,0.3187467836978022,-1.333431568192798,0.9152241434043242,1.3222958074483107,0.2545720354548604,0.42632018637864016,0.12263380854540336,-0.04692864696354215,5.2086414659380065,-0.1871616422310829,0.8246552096266873,-2.1806533537560044,-0.48620978262959136,0.6715152185963982,1.1589330682122503,True
59,Aspen,53,13,1.0861366288303322,0.3807761495735947,-0.6761949958656116,0.681507904480561,0.5759455657985805,0.29111149712410944,0.41960892608717576,0.14578001398966042,-0.07126931813288429,2.2435425757935485,-0.2042343062906355,0.9657866054378248,-1.5194307030087935,0.16704071127757025,0.3885519982985853,0.9744638106625367,True
59,Birch,96,24,1.0575405393789157,0.3230543767716392,-0.7176037974357483,0.6724565568527054,0.6928823535225628,0.3164973940923039,0.4124338832239956,0.14859595168043682,-0.3185836222091418,2.433664700966973,-0.3055367669857749,0.9516455205290533,-1.5367330895539462,0.10152549468244954,0.3773321704658586,0.9675809432395523,True
59,Oak,71,18,0.0859655267287299,-0.2484196075544096,0.8547015323120432,0.6338561371629012,0.04682353801572406,0.23584501974645147,0.36558949010162944,0.12665529981892223,-0.007494646315676368,0.17942569977313616,-0.7191682372235877,0.2223290221147685,0.1249818559253425,1.584421208698744,0.3810511006427539,0.8866611736830485,True
59,Pine,365,91,1.8393495037143395,-0.1275881763980901,-0.23172824290421745,0.6454031817554086,0.30954712698106834,0.14666363283691922,0.17634334710449018,0.07486121560085489,1.2306074078662221,2.448091599562457,-0.41601058273270053,0.16083422993652038,-0.5785175016261201,0.11506101581768519,0.49818432778946864,0.7926220357213485,True
59,Spruce,6,1,8474.873517901222,2.8943454109327935,-3.395624548957421,-1.2876020782016444,69697.32343397873,3.9289124324144664,4.133821195838641,3.3446736787349174,-291408.50540782226,308358.2524436247,-14.010400391132418,19.799091212998004,-21.182021601308318,14.390772503393475,-15.678571411953273,13.103367255549985,True
60,Alder,92,23,2.151796252701077,0.3380457723262088,-1.4210427632009184,1.0234618911909081,1.1943180814714909,0.27833300037265013,0.4718985577298172,0.14327278137259145,-0.22165996599182325,4.525252471393977,-0.21508257836240874,0.8911741230148263,-2.3588419842058306,-0.4832435421960064,0.7387373448629853,1.308186437518831,True
60,Aspen,53,13,1.0689141232244526,0.5115714863513877,-0.903388986118692,0.7755143988821636,0.5944472767248379,0.2958317424510654,0.434647344592964,0.16144119112379357,-0.12567240386069423,2.2635006503095996,-0.08292465763506818,1.1060676303378436,-1.776845526696692,-0.029932445540691965,0.4510861789471392,1.099942618817188,True
60,Birch,96,24,0.48032603337717683,-0.9831805406631536,1.0809767919677193,0.40064069301898597,0.5410799277030306,0.5244373199799397,0.7400804383716165,0.2886734490954296,-0.5943054074107188,1.5549574741650725,-2.0247583259738335,0.05839724464752616,-0.38888684012534225,2.550840424060781,-0.17268969429653525,0.9739710803345072,True
60,Oak,71,18,0.07785131132501141,-0.4129025843079544,1.0049413853324114,0.692319659351525,0.0351284609419626,0.18947551412647348,0.33990327302695234,0.12257575037844796,0.007734609820802735,0.1479680128292201,-0.7910972933876335,-0.03470787522827529,0.32649161281007344,1.6833911578547494,0.4476574375952235,0.9369818811078264,True
60,Pine,365,91,1.7227729469028714,-0.10519209213140206,-0.26257889408563034,0.6746298650898029,0.31226058454926314,0.15436242590815213,0.18531680722842286,0.08006345800874011,1.1086946818479282,2.3368512119578146,-0.4087546145297288,0.19837043026692464,-0.6270149743953373,0.10185718622407652,0.5171805044563607,0.8320792257232452,True
60,Spruce,6,1,169.9313985027297,-1.5219590617648142,4.339799258049148,-3.3526709561866874,742.5213539841548,1.8377743764719656,2.90949754684626,2.592175421507733,-3024.880132074869,3364.7429290803284,-9.429263999257541,6.385345875727913,-8.17875830393314,16.858356820031435,-14.50590160938818,7.800559697014807,True
61,Alder,92,23,3.515670882821541,0.30976809667705446,-1.47357789039282,0.9452196309138333,2.564460602128721,0.30842527862279095,0.5117942440160186,0.14046269188503777,-1.5806556805477032,8.611997446190784,-0.3031623335877474,0.9226985269418564,-2.4906614044047837,-0.4564943763808562,0.6660795469437945,1.2243597148838723,True
61,Aspen,53,13,1.4016619717320358,0.5236431414142724,-0.9158357433217751,0.6944122309952557,0.8096604488084491,0.29887521973029463,0.43567085424724383,0.15458411924382998,-0.22541161667637,3.0287355601404418,-0.07696909914728811,1.124255381975833,-1.7913491035559785,-0.040322383087571634,0.38376381290942146,1.00506064908109,True
61,Birch,96,24,0.34739981395644254,-0.9804949545666805,0.9833730753278531,0.6181016328362301,0.4066656597772504,0.512902439657368,0.6957363623573698,0.26901875027287386,-0.46027328850105803,1.155072916413943,-1.9991634719010318,0.03817356276767081,-0.39841939415547234,2.3651655448111786,0.08380717391598225,1.152396091756478,True
61,Oak,71,18,0.06641967588780626,-0.36186357084727583,1.0431485143438906,0.6459130222084294,0.033969190010081,0.21397598393907583,0.37741646792744055,0.13076988298965259,-0.0013831111517880607,0.1342224629274006,-0.7889614223504537,0.06523428065590214,0.28982209141399895,1.796474937273782,0.38489524330617236,0.9069308011106865,True
61,Pine,365,91,1.7010065162756176,-0.05505388960652627,-0.320909911268579,0.6825097343677543,0.2898682376926944,0.14771908658360342,0.17686464630194415,0.07601611585809064,1.1309640795915166,2.2710489529597186,-0.3455519059850528,0.2354441267720003,-0.6687243346208789,0.02690451208372091,0.5330197031179489,0.8319997656175597,True
61,Spruce,6,1,8.500495513225108,-0.26117217952055916,-0.8031514829718818,1.1039864491509552,55.04154186109829,2.116215656020089,2.2735070974585754,3.31082971520863,-228.3241448221139,245.32513584856412,-9.366513248521105,8.844168889479988,-10.585263001835575,8.97896003589181,-13.141364062550556,15.349336960852467,True
62,Alder,92,23,3.0300671236000887,0.42240156208974544,-1.7061558777665478,1.0856344433582854,1.7459856968587029,0.25821620157029185,0.43644279193206553,0.1336225982958023,-0.4397125559073971,6.499846803107575,-0.09074887822609778,0.9355520024055887,-2.5734942147517605,-0.8388175407813352,0.8200876080526309,1.3511812786639399,True
62,Aspen,53,13,1.4084729436937862,0.6349979284641103,-1.1347563421209268,0.7877931811521557,0.8656331754978969,0.3294743251301682,0.4796328461382014,0.16200004996965492,-0.3310820502243368,3.148027937611909,-0.027105516587343725,1.2971013735155643,-2.098614632634075,-0.1708980516077786,0.46224189231943774,1.1133444699848736,True
62,Birch,96,24,1.0268007132931423,0.3496988483873129,-0.7281726692265783,0.6608288396248452,0.6159275194955093,0.3109316342953649,0.3953953820530523,0.14396782658069435,-0.19648450541053908,2.2500859319968236,-0.26783821599396407,0.9672359127685899,-1.5134620273078099,0.057116688854653264,0.37489630917173494,0.9467613700779554,True
62,Oak,71,18,0.08107082738976765,-0.43900416094067324,1.2838278797338598,0.4499393255004717,0.03850666150723468,0.19010334552471223,0.329015632402578,0.1070745500328426,0.004211209335702917,0.1579304454438324,-0.8184520267361562,-0.05955629514519023,0.6271099288533982,1.9405458306143215,0.23621762913141836,0.6636610218695251,True
62,Pine,365,91,1.8697909516256503,-0.1990145647759144,-0.11625422551439195,0.6023163761969654,0.31570926814818145,0.14532712039949142,0.17416706844247884,0.07475901530792824,1.2489306534037479,2.490651249847553,-0.48480864310689703,0.08677951355506824,-0.45876370801358285,0.22625525698479892,0.4552985049412164,0.7493342474527145,True
62,Spruce,6,1,0.14299082081627232,-2.2671728915990657,0.15480634441260194,3.22865840373899,0.9467826041176104,2.5606829000299145,2.2218348884817454,3.4027779897093695,-3.9306859352191856,4.21666757685173,-13.28490216129901,8.75055637810088,-9.404977603447502,9.714590292272707,-11.41231360223398,17.86963040971196,True
63,Alder,92,23,1.9404341639496054,0.18098496740135944,-1.25391126409532,1.0340177922711213,1.2004269136593486,0.2910087067741615,0.48467087970410283,0.13812934405893434,-0.44516207503617866,4.326030402935389,-0.3973336861485573,0.7593036209512762,-2.2170927911100904,-0.29072973708054983,0.7595147467870237,1.308520837755219,True
63,Aspen,53,13,1.6625509115153123,0.5901310809524515,-1.0129309954976382,0.6728525071460411,0.9827831050266446,0.30519582340655343,0.4394855404605616,0.1573840526784451,-0.3124256798152174,3.637527502845842,-0.023182888240626753,1.2034450501455298,-1.8961102546835433,-0.1297517363117331,0.356577412164394,0.9891276021276881,True
63,Birch,96,24,0.5850766248316279,-0.7949985639937928,0.788637048291143,0.4650351787968341,0.5997676376175383,0.48032653969672334,0.6558824377906449,0.27512539964151267,-0.6061136735906687,1.7762669232539245,-1.7489685321539388,0.15897140416635325,-0.5140020869334075,2.0912761835156934,-0.08138761287688556,1.0114579704705537,True
63,Oak,71,18,0.07627808864354324,-0.38469805734172696,0.982955769521677,0.6867395201538371,0.03476909457805554,0.1847364876661277,0.30503441081334476,0.11967482197348264,0.0068786854038487555,0.14567749188323773,-0.7534336300166089,-0.015962484666844967,0.3741045372730567,1.5918070017702972,0.4478675757282756,0.9256114645793986,True
63,Pine,365,91,1.8874610699376408,-0.14171144575205288,-0.2202924611852417,0.6432399553484016,0.3239978746506634,0.14911497877924734,0.18127513011697605,0.078369883187259,1.2503007538697004,2.524621386005581,-0.43495456381846,0.15153167231435424,-0.5767803527342952,0.1361954303638117,0.4891211062798981,0.7973588044169051,True
63,Spruce,6,1,3758.450588656353,1.0210175846987672,-0.5729719152349865,-2.0914896123331737,24014.51915567198,2.0081880301835118,1.8925154536737037,3.1845798062997654,-99567.68580883597,107084.58698614869,-7.619518125113438,9.661553294510973,-8.71580869797628,7.569864867506307,-15.79363060884407,11.610651384177723,True
64,Alder,92,23,1.8398884844127465,-0.012461192778162088,-0.9554994027556976,0.9559497354362609,0.9875055090793105,0.2735089359514206,0.4455213453008734,0.12122007784886693,-0.12257120524551102,3.802348174071004,-0.5560027291351776,0.5310803435788535,-1.8408794568380709,-0.07011934867332426,0.7150503033131623,1.1968491675593596,True
64,Aspen,53,13,1.035283125995839,0.5216739718558668,-0.679234777070349,0.5825972162327239,0.3946867275104986,0.20935881481307647,0.3090651931207756,0.10174961632287895,0.2421304519671652,1.828435800024513,0.10095168193278209,0.9423962617789516,-1.300324535824426,-0.05814501831627206,0.37812370688286523,0.7870707255825825,True
64,Birch,96,24,0.5505887693371386,-0.7298142223929265,0.6422234588389374,0.5737005551795881,0.5761567411259911,0.48673858218827537,0.6415555112299682,0.25182468423797927,-0.5937082506323467,1.6948857893066238,-1.6965190604092533,0.2368906156234003,-0.6319611635794896,1.9164080812573645,0.07355499554399858,1.0738461148151774,True
64,Oak,71,18,0.05831139933335174,-0.4263817020521906,1.0752892309758835,0.7168798798631573,0.026932463235699994,0.17701173187428462,0.2898748618285744,0.10964349787806822,0.004553977720415395,0.11206882094628809,-0.7796985976337485,-0.07306480647063268,0.4966965851441205,1.6538818768076464,0.49803054213397824,0.9357292175923363,True
64,Pine,365,91,1.8564979789040237,-0.11561214383962953,-0.2642741488060858,0.6604410910039753,0.313378433367991,0.15469477922322436,0.19009335806060246,0.07985004791532735,1.2402214003341392,2.472774557473908,-0.41982825800458734,0.18860397032532827,-0.6381035889988709,0.10955529138669923,0.5034114135018424,0.8174707685061082,True
64,Spruce,6,1,7.700199476927895,-0.3948532177669792,-0.47674278085650335,0.983330131071111,66.24713200076289,2.6001851996200855,2.415567909642916,4.2522624761595225,-277.3382038606952,292.738602814551,-11.582547164627847,10.79284072909389,-10.870092641047998,9.916607079334993,-17.312678619361133,19.279338881503353,True
65,Alder,92,23,2.0683243654673547,0.22137730563414865,-1.2135572100825165,0.9544864072570496,1.1213455515819277,0.257771777768276,0.4336041946925738,0.1246240320019017,-0.16011428416492723,4.2967630150996365,-0.29088993576425864,0.7336445470325559,-2.075254431543349,-0.35185998862168366,0.7068223315452751,1.202150482968824,True
65,Aspen,53,13,1.0098414224781358,0.3211370076211906,-0.6219114419050146,0.7005760577804666,0.5339243598468576,0.29103337128463486,0.420731686734171,0.15110814929109923,-0.06311974957019051,2.082802594526462,-0.26371644849065157,0.9059904637330327,-1.4674034210416211,0.2235805372315921,0.39691286283664534,1.0042392527242878,True
65,Birch,96,24,0.8552467993162955,-0.11256945759653951,-0.1647885137680359,0.6207368957376751,0.7229215093533113,0.4141949164921099,0.5342637697535085,0.20089178469452765,-0.5805377186399745,2.291031317272566,-0.9351963137922349,0.710057398599156,-1.2258824765182081,0.8963054489821364,0.22174847096798128,1.0197253205073689,True
65,Oak,71,18,0.09182644313499332,-0.29471742442329674,0.8351826042723118,0.6818994141980737,0.04172710965227195,0.17901772372950608,0.2992703572856841,0.12347259804305959,0.008538783679728934,0.1751141025902577,-0.6520382965059834,0.06260344765938991,0.23783647101795125,1.4325287375266724,0.4354470770109193,0.928351751385228,True
65,Pine,365,91,1.837798370736853,-0.09464447960100048,-0.2583998624058826,0.6398723642585316,0.31500020645118904,0.15477831768154154,0.18728428034308678,0.07575796620838784,1.2183324828191986,2.4572642586545075,-0.39902487691307026,0.2097359177110693,-0.6267050909096821,0.10990536609791685,0.4908899990314579,0.7888547294856052,True
65,Spruce,6,1,3758.4505886563807,1.0210175846987668,-0.5729719152349813,-2.0914896123331803,24014.51900653025,2.008188022306769,1.89251545416626,3.1845797857886082,-99567.68516713087,107084.58634444364,-7.619518091222551,9.661553260620083,-8.715808700095575,7.569864869625612,-15.793630520591691,11.61065129592533,True
66,Alder,92,23,2.6099492644890256,0.36146834704209085,-1.4570725115096457,0.9780933714094818,1.4163386266264386,0.2604088248485977,0.43478090814953574,0.12847658995488428,-0.2047261333745931,5.424624662352644,-0.15603947129212237,0.8789761653763041,-2.3211082036973094,-0.5930368193219819,0.7227731463240703,1.2334135964948933,True
66,Aspen,53,13,1.27447688456127,0.7771185055033415,-1.2016959327927688,0.7622430943128553,0.64965513093683,0.2453876189372263,0.3547081628493473,0.13364754667544684,-0.031053979243337526,2.5800077483658774,0.28399362298898545,1.2702433880176975,-1.9145086732624228,-0.4888831923231147,0.4936682940108031,1.0308178946149076,True
66,Birch,96,24,0.347894656601875,-1.2250113059741736,1.173646988759159,0.6386624439948906,0.40480451655224625,0.5534968447334201,0.7318559765567337,0.275540026303675,-0.4560820547625585,1.1518713679663084,-2.3243038157748437,-0.1257187961735038,-0.27988215225907687,2.6271761297773946,0.0914161679808072,1.185908720008974,True
66,Oak,71,18,0.06641079496497809,-0.377469628745303,1.0896148960800345,0.6198327986321464,0.033172797231637595,0.20495123717711852,0.3537965241296799,0.11585773883353377,0.000197614564242235,0.13262397536571396,-0.7865540103186515,0.031614752828045434,0.3834340782920812,1.7957957138679879,0.38857978404193194,0.8510858132223608,True
66,Pine,365,91,1.9115243479460966,-0.09508311973712238,-0.2765084251986939,0.6478607939700095,0.3138656059841651,0.1478060650429025,0.1824454431872935,0.07635458022968379,1.2942897166160332,2.52875897927616,-0.38575218422106594,0.19558594474682114,-0.6352978042083854,0.08228095381099765,0.4977051532120721,0.7980164347279469,True
66,Spruce,6,1,8.500495513224527,-0.26117217952057464,-0.8031514829718847,1.103986449150992,55.04154186324668,2.1162156560836474,2.2735070974635505,3.3108297153203083,-228.32414483135824,245.3251358578073,-9.366513248794591,8.844168889753442,-10.585263001856983,8.978960035913214,-13.141364063031032,15.349336961333018,True
67,Alder,92,23,2.2649484708094523,0.26686256101950234,-1.4065754068855947,1.0574123583180035,1.1468710703207556,0.26311513853954355,0.43884809672903063,0.13053075618273827,-0.014216783507060349,4.544113725125965,-0.2560234870837814,0.7897486091227861,-2.2786937817156456,-0.5344570320555436,0.7980099095072993,1.3168148071287078,True
67,Aspen,53,13,1.1071699033497542,0.37514509555436687,-0.7715199375586629,0.7531069076343224,0.5735625767683928,0.2933342865024054,0.4125836703520275,0.14864271658194453,-0.04544724786804655,2.259787054567555,-0.21433222280184078,0.9646224139105746,-1.6006378647419905,0.05759798962466478,0.4543981852116269,1.051815630057018,True
67,Birch,96,24,0.4420693252410308,-0.8005650704000077,0.8313313826212123,0.5253988345590972,0.5029908807541964,0.5210911629422912,0.7258751974777807,0.2912783148839281,-0.5569139805760761,1.4410526310581377,-1.835497099003844,0.2343669582038287,-0.6103194149036073,2.272982180146032,-0.05310504105645508,1.1039027101746495,True
67,Oak,71,18,0.07045986352227634,-0.2974890374099584,1.0091100058483313,0.5966740171979582,0.04044189773063395,0.2656195649426739,0.4240028085300996,0.12445974209889613,-0.010262502200705681,0.15118222924525837,-0.8276679080281002,0.23268983320818343,0.16279685789206444,1.8554231538045982,0.34825133222872773,0.8450967021671887,True
67,Pine,365,91,1.842111548749792,-0.06036517458772367,-0.3007675501873817,0.6485364007384167,0.31606471201414194,0.14788855835253895,0.1810641899273734,0.07604725985745592,1.220552249874802,2.4636708476247824,-0.35119646687423567,0.23046611769878833,-0.656840615811964,0.05530551543720047,0.49898512303598996,0.7980876784408434,True
67,Spruce,6,1,0.14299082081623485,-2.267172891599164,0.15480634441264396,3.2286584037391157,0.946782604116927,2.5606829000290756,2.221834888482048,3.4027779897078516,-3.9306859352162835,4.216667576848753,-13.284902161295499,8.750556378097173,-9.404977603448764,9.71459029227405,-11.412313602227321,17.869630409705554,True
68,Alder,92,23,2.0025056241004227,0.21498202390058457,-1.1932641153350276,0.9550622480546556,1.0594488615140307,0.2540683897593767,0.4210164568590455,0.12807759672512903,-0.10292636069333128,4.107937608894177,-0.2899255120421999,0.719889559843369,-2.0299458529781376,-0.3565823776919175,0.700534938170873,1.2095895579384381,True
68,Aspen,53,13,1.0084801135614163,0.5251660924601562,-1.0413481200990637,0.8986721236432297,0.6788303400289721,0.34480513485706055,0.4942082411885366,0.17141703698358224,-0.3556805279728277,2.3726407550956603,-0.16774576818360065,1.2180779531039132,-2.0344967635767417,-0.048199476621385795,0.5541966908989557,1.2431475563875036,True
68,Birch,96,24,0.28419228491378357,-1.2357925562565204,1.2847455518543323,0.5988482780487805,0.33866359516406,0.5478864714001347,0.7274652079583601,0.3157317031910598,-0.38842284749103295,0.9568074173186001,-2.3239423803469643,-0.14764273216607626,-0.16006314372977504,2.7295542474384398,-0.028222137486658805,1.22591869358422,True
68,Oak,71,18,0.03676021411111332,-0.4003479823384536,1.114370328369272,0.7874252753316017,0.015731925969908914,0.154302860181009,0.24726157125577342,0.10495180524668976,0.005359158450267618,0.06816126977195902,-0.7083377803097448,-0.09235818436716242,0.6208341665133272,1.607906490225217,0.577940595289173,0.9969099553740304,True
68,Pine,365,91,1.7897981896693773,-0.06927601184653305,-0.28974686401833155,0.6532249237052826,0.31290247774546076,0.1529377933435826,0.18154281214169196,0.07709131239698438,1.1744576050013436,2.405138774337411,-0.3700369129808298,0.23148488928776373,-0.64676116754974,0.06726743951307695,0.5016204570836547,0.8048293903269106,True
68,Spruce,6,1,7.70019947692884,-0.3948532177669416,-0.4767427808565196,0.9833301310710557,66.24713200247643,2.600185199676338,2.415567909649006,4.252262476257239,-277.338203868067,292.7386028219247,-11.582547164869844,10.79284072933596,-10.87009264107422,9.916607079361182,-17.31267861978163,19.279338881923742,True
69,Alder,92,23,1.1822315741761378,0.06382128367406217,-0.7711804023834933,0.8675947795663808,0.7209891092582796,0.2777873576485535,0.4928755849963436,0.16028224298167523,-0.25058277530649375,2.6150459236587693,-0.4882227167591393,0.6158652841072636,-1.7506670570694602,0.20830625230247368,0.5490675025764908,1.1861220565562707,True
69,Aspen,53,13,1.3326618242158181,0.8143001279628646,-1.1921744082708114,0.7062438717621536,0.6007044246541718,0.24431831561933082,0.34996292181790944,0.1131439926753173,0.1255010875968272,2.539822560834809,0.3233240909171314,1.3052761650085978,-1.8954512298694783,-0.48889758667214456,0.4788725058519039,0.9336152376724034,True
69,Birch,96,24,0.8753031062616156,-0.2752957734276675,0.017599957823368567,0.588704144576497,0.7797276596841024,0.43764414645276595,0.5957697922655668,0.21617784637756146,-0.6733033295853076,2.4239095421085386,-1.1444948243912623,0.5939032775359274,-1.1656502746480908,1.2008501902948279,0.15935628185805878,1.0180520072949353,True
69,Oak,71,18,0.05300415809692801,-0.4114574447596601,1.0799590930686107,0.7267500317139658,0.023251251457018614,0.1614190658885517,0.2611646927566839,0.11042763663360669,0.006594465947176012,0.09941385024668001,-0.733651248772169,-0.08926364074715121,0.5586721845498198,1.6012460015874015,0.506335546478017,0.9471645169499145,True
69,Pine,365,91,1.6940878783700686,-0.10737754082597385,-0.24033845529381237,0.6562574174589234,0.29901535443243654,0.14877374353834197,0.17907652996536913,0.07513575372974585,1.1060571144499065,2.2821186422902304,-0.3999496003115702,0.1851945186596225,-0.5925026741366318,0.11182576354900708,0.5084986685903843,0.8040161663274625,True
69,Spruce,6,1,3758.450588656422,1.021017584698768,-0.5729719152349777,-2.091489612333188,24014.518916804936,2.0081880149380056,1.8925154527265944,3.184579776517087,-99567.68478107397,107084.58595838683,-7.619518059517318,9.661553228914855,-8.71580869390119,7.569864863431234,-15.79363048069956,11.610651256033185,True
70,Alder,92,23,1.4841786147917324,0.02474282727055716,-0.9837058250229642,1.017636003196122,0.8508037177674979,0.28975067652350384,0.47727617780437936,0.12508602609857677,-0.20661499048829435,3.1749722200717594,-0.5510757555125765,0.6005614100536909,-1.9321919358989663,-0.03521971414696223,0.7690538112984133,1.2662181950938307,True
70,Aspen,53,13,1.1083204913843405,0.4690937924742391,-0.8183501454168641,0.7269245410152849,0.5933099054674003,0.2892629444086646,0.4224986548091668,0.15316046956517035,-0.08398040258643702,2.300621385355118,-0.11220185762850521,1.0503894425769835,-1.6673929798417804,0.03069268900805211,0.41913705407003204,1.0347120279605377,True
70,Birch,96,24,0.2955767279147832,-0.9837039020760869,0.9511794166563736,0.7079325678533595,0.33903537503994424,0.5286867119101698,0.6870048980306436,0.2709269195984977,-0.37777679141444476,0.9689302472440111,-2.033721346554759,0.06631354240258536,-0.413271611000694,2.3156304443134412,0.16984831994506422,1.2460168157616547,True
70,Oak,71,18,0.09342627161824622,-0.3550117669043291,0.9985515044368167,0.5859096107559473,0.04003699099173758,0.16859106485478437,0.27818934106602294,0.11684624623299832,0.013512103128702477,0.17334044010778998,-0.6915209407684992,-0.018502593040159,0.44328325566824256,1.5538197532053908,0.3526835271383858,0.8191356943735087,True
70,Pine,365,91,1.8330688975790954,-0.1689419240830765,-0.1989602994302831,0.6554611062388322,0.31627508029848855,0.1543855617557183,0.1833907868995353,0.07702755191940337,1.2110958974639676,2.4550418976942234,-0.47254994444636256,0.13466609628020954,-0.5596087508154779,0.16168815195491176,0.5039820282361634,0.806940184241501,True
70,Spruce,6,1,8474.87351789836,2.894345410932634,-3.3956245489572825,-1.287602078201532,69697.3236282538,3.928912437248639,4.133821195107272,3.344673689916062,-291408.5062437232,308358.25327951997,-14.010400411932345,19.79909123379761,-21.182021598161352,14.390772500246786,-15.678571460061743,13.103367303658679,True
71,Alder,92,23,2.098567685126589,0.21379574251180322,-1.2654657678389627,0.9932706397287445,1.2165641835798364,0.2723948498552914,0.4576916219332853,0.1299216556486573,-0.31909798681822554,4.516233357071403,-0.3275317818378254,0.7551232668614318,-2.17503168932512,-0.3558998463528057,0.7350786502360827,1.2514626292214064,True
71,Aspen,53,13,1.1628149460722714,0.508055758315916,-0.8720013762513412,0.7222403711605967,0.7580508575265207,0.35141735768611454,0.515256991850123,0.15249561658850663,-0.3605452856976099,2.686175177842153,-0.19814386158748853,1.2142553782193204,-1.9074490678310507,0.16344631532836829,0.41578895629357887,1.0286917860276146,True
71,Birch,96,24,0.2737705932916671,-0.9429286029335584,0.9858445089863087,0.67869027544617,0.3336922866145292,0.5348438405357606,0.7235980417296921,0.27521516770908955,-0.38897109122558415,0.9365122778089183,-2.005174636327225,0.1193174304601079,-0.4512836606656655,2.422972678638283,0.1320891966417368,1.2252913542506032,True
71,Oak,71,18,0.07967266891194372,-0.3405157482330038,0.9461082174426453,0.6662898574065473,0.03793819554824026,0.18356410347438348,0.29785568028947534,0.1203489265755772,0.003947713661010863,0.15539762416287656,-0.7069112322670371,0.025879735801029535,0.3515857912909648,1.5406306435943258,0.42607239456371826,0.9065073202493764,True
71,Pine,365,91,1.8368628116705983,-0.1666988251698291,-0.229271713308417,0.6755980016305398,0.3100231012207489,0.15348697550129442,0.18860890430337973,0.07901601232893601,1.2271846853089414,2.446540938032255,-0.46853972436758173,0.13514207402792355,-0.6001818904468994,0.14163846383006534,0.5202085027203498,0.8309875005407299,True
71,Spruce,6,1,7.700199476929247,-0.3948532177669382,-0.4767427808565007,0.9833301310710192,66.2471320013628,2.6001851996391863,2.415567909644902,4.252262476193588,-277.33820386327506,292.73860281713354,-11.582547164709991,10.792840729176115,-10.87009264105654,9.916607079343539,-17.312678619507796,19.27933888164983,True
72,Alder,92,23,2.2776951890306707,0.24781740981934822,-1.3321960618724304,1.0048464336755198,1.2024448727249204,0.2579680329460697,0.42949668357508797,0.12365969672568426,-0.11191131955376843,4.66730169761511,-0.26483984750480916,0.7604746671435055,-2.1857304681198024,-0.4786616556250586,0.7590987716844715,1.2505940956665682,True
72,Aspen,53,13,2.6144556717872263,0.968995389188179,-1.5804415960531024,0.7145563487165736,2.100120785147151,0.42145114188477556,0.6264447219763757,0.15691792192007822,-1.6058950530249048,6.834806396599357,0.1220576107966923,1.8159331675796655,-2.8393293967671385,-0.3215537953390666,0.3992179785642049,1.0298947188689422,True
72,Birch,96,24,0.5179642261768883,-0.524648234088371,0.40039743081438206,0.6277582888667765,0.45004059854186707,0.4349819414965592,0.5761750124932427,0.20284014498367275,-0.3758552486596105,1.4117837010133871,-1.3885599162155242,0.33926344803878217,-0.7439358776675935,1.5447307392963576,0.22490025238632066,1.0306163253472325,True
72,Oak,71,18,0.0674315856489475,-0.35944464284661126,1.0064534243989738,0.6735895116673811,0.02835999748823848,0.153048954927156,0.24962981016212732,0.1088917568460702,0.010824793742287071,0.12403837755560793,-0.6649316354560557,-0.053957650237166865,0.5081902379016189,1.5047166108963288,0.45624065531813374,0.8909383680166285,True
72,Pine,365,91,1.906113714765021,-0.24707725206595663,-0.13675928214826927,0.6615268360052742,0.31902127965907906,0.14843632953639965,0.1799964343280517,0.07718406218271666,1.2787401568392407,2.533487272690801,-0.5389857676553003,0.04483126352338698,-0.49073254543346684,0.2172139811369283,0.5097399716353396,0.8133137003752088,True
72,Spruce,6,1,7.7001994769282645,-0.39485321776696786,-0.47674278085650235,0.9833301310710855,66.24713200298854,2.6001851996884837,2.415567909647955,4.252262476292208,-277.338203870271,292.73860282412755,-11.582547164922131,10.792840729388194,-10.87009264106968,9.916607079356675,-17.31267861993206,19.27933888207423,True
73,Alder,92,23,3.2563003304865275,0.34480362546298327,-1.5442213204858577,0.9973949747374483,1.4166478890448329,0.22320895133167026,0.36995031811783075,0.10519247105857367,0.4410103385532609,6.0715903224197945,-0.0987772612580387,0.7883845121840052,-2.2794198381724895,-0.8090228027992259,0.7883470431461987,1.2064429063286979,True
73,Aspen,53,13,1.3160429368925035,0.7811097869251827,-1.088970247562662,0.6527220250232274,0.4824254813340651,0.20028784554502693,0.2873956054513678,0.10187998839801753,0.346572635843412,2.285513237941595,0.3786162922199307,1.1836032816304347,-1.6665133395374956,-0.5114271555878281,0.4479865231795571,0.8574575268668977,True
73,Birch,96,24,0.3173216447635695,-1.0818708357556586,1.1213581445977157,0.5960438064703929,0.4209732443477047,0.5928830904100024,0.7843300947124873,0.32472556261972596,-0.5187675556379315,1.1534108451650704,-2.259387829170664,0.09564615765934703,-0.43638912448373923,2.6791054136791708,-0.04888919021290217,1.2409768031536879,True
73,Oak,71,18,0.09580236515889565,-0.20003617469343454,0.847272597077823,0.5611854567568508,0.05213179075621722,0.26566110638084706,0.41666951797786167,0.11285721974292402,-0.00825312470081263,0.19985785501860392,-0.7302979623692083,0.33022561298233916,0.015596758326317794,1.6789484358293283,0.3359215033379059,0.7864494101757957,True
73,Pine,365,91,1.8947522900901177,-0.06793558253664267,-0.29400955778487886,0.6390474872145302,0.32149344420418674,0.150629373861954,0.1810135636267613,0.07618214556770432,1.2625170794617353,2.5269875007185,-0.36415684498313095,0.2282856799098456,-0.6499830638992818,0.061963948329524066,0.4892309490628873,0.7888640253661732,True
73,Spruce,6,1,86.10236162100284,0.1366153086351266,-0.5089074323316767,-0.1981407388820017,838.758340530948,2.992630184308539,2.6350189469010976,4.611780101308668,-3522.7835018198866,3694.988225061892,-12.739633122851076,13.01286374012133,-11.846478897016738,10.828664032353384,-20.04102898053609,19.644747502772084,True
74,Alder,92,23,1.6487697842842426,0.14264487137003934,-1.018334411740929,0.9240564671247379,0.893280203077579,0.2581379697044349,0.4334578334413154,0.12944228479360248,-0.12643690974615862,3.4239764783146436,-0.3703500995516795,0.6556398422917582,-1.879740770970532,-0.1569280525113259,0.6668171264738219,1.181295807775654,True
74,Aspen,53,13,1.1631527474952812,0.5331025772745108,-0.9279700480660448,0.746583615666875,0.6325091876725129,0.3016328149128805,0.4374186495850092,0.1542170860282985,-0.10792205330813154,2.434227548298694,-0.07305125828000114,1.1392564128290228,-1.8069957345305916,-0.048944361601498065,0.4366727784421767,1.0564944528915734,True
74,Birch,96,24,0.7187901847680922,-0.3605119993723741,0.12973920052961835,0.6038091135420908,0.6929917533831427,0.4449222702807667,0.5794643414247757,0.2274267058384038,-0.6575512543861395,2.095131623922324,-1.2441660324838373,0.5231420337390891,-1.0211269991352265,1.2806054001944631,0.1521200449671673,1.0554981821170142,True
74,Oak,71,18,0.09177204878069448,-0.3217247356240245,0.9537883713142772,0.595446053677227,0.04425433706621409,0.19354590985793446,0.3142030535075257,0.11478747013856763,0.003440022294679837,0.18010407526670913,-0.7080439885878886,0.06459451733983962,0.3266364516529987,1.5809402909755557,0.3663293043432168,0.8245628030112373,True
74,Pine,365,91,1.6460519201838828,-0.1087647322142642,-0.24274760360940204,0.6699278648384683,0.26613410523099923,0.145652385703734,0.17770989972110926,0.07386360345810265,1.1226840098595525,2.169419830508213,-0.3951984633339591,0.1776689989054307,-0.5922242660621696,0.1067290588433655,0.5246708721003978,0.8151848575765389,True
74,Spruce,6,1,0.14299082081621747,-2.2671728915992198,0.15480634441267946,3.2286584037391686,0.9467826041178862,2.5606829000318467,2.221834888482544,3.402777989710963,-3.9306859352204273,4.2166675768528625,-13.284902161307478,8.750556378109039,-9.404977603450861,9.714590292276219,-11.412313602240655,17.869630409718994,True
75,Alder,92,23,1.9022795101606456,0.31436774655888133,-1.4749272133272435,1.130082870708294,0.9967774108230686,0.25595356192902674,0.4263122433342353,0.13103078014827987,-0.0786061358606931,3.883165156181984,-0.1942861729301104,0.8230216660478731,-2.3221332137588084,-0.6277212128956786,0.8696867293386963,1.3904790120778916,True
75,Aspen,53,13,1.2462218485597811,0.4343956317311479,-0.7025017831344655,0.6227253185668451,0.7362707954989159,0.3170584581879666,0.46660067513954734,0.1477961114501047,-0.2333697098962868,2.725813407015849,-0.20275719456576613,1.071548458028062,-1.6401709455226847,0.23516737925375364,0.3257179128527214,0.9197327242809687,True
75,Birch,96,24,0.6595496214513684,-0.07788585718320332,-0.17613725696038007,0.6948939367178434,0.6061177282364738,0.4449349204893924,0.5828388201795994,0.21738517235732435,-0.5442525050605959,1.8633517479633328,-0.9615650147009246,0.805793300334518,-1.3337054627070226,0.9814309487862625,0.26314822039089847,1.1266396530447884,True
75,Oak,71,18,0.11068689566915003,-0.284747738703249,0.889331159552497,0.566101324769258,0.04742932196681395,0.1677897265589048,0.2725924876310947,0.10325316217119279,0.016017572797633897,0.20535621854066616,-0.6196574346344431,0.05016195722794514,0.3452342769962947,1.4334280421086993,0.3600071504960285,0.7721954990424875,True
75,Pine,365,91,1.7165574395996979,-0.17425507352002773,-0.18234093122585351,0.6648733549510654,0.29452226716251484,0.1483850990775427,0.1774698529620806,0.07552469544824959,1.1373625882857863,2.2957522909136094,-0.4660628414875148,0.11755269444745936,-0.5313455280238117,0.16666366557210474,0.516349729990172,0.8133969799119587,True
75,Spruce,6,1,8.500495513226054,-0.26117217952052674,-0.8031514829718915,1.1039864491509024,55.04154186299297,2.1162156560706396,2.273507097459428,3.31082971531189,-228.32414483026514,245.32513585671722,-9.366513248738576,8.844168889697523,-10.585263001839252,8.978960035895469,-13.141364062994903,15.349336961296707,True
76,Alder,92,23,2.2047713658824772,0.024027911483148395,-1.0335639610750296,0.9318069058271962,1.0967556144657398,0.2703412995986176,0.4462653960145947,0.11646322685408829,0.025200049058031748,4.384342682706922,-0.5132186132544708,0.5612744362207677,-1.9204226595997016,-0.14670526255035754,0.7003607154745333,1.163253096179859,True
76,Aspen,53,13,1.802303043161063,0.6364726903218273,-1.0941999491947956,0.6862475735569767,0.9932254483092471,0.2935556315562458,0.4262898950201522,0.14445904433153625,-0.19365822264778765,3.7982643089699133,0.04655056242656086,1.2263948182170936,-1.9508615660657167,-0.23753833232387456,0.39594625528896643,0.976548891824987,True
76,Birch,96,24,0.49362568899542525,-0.9038563897245608,0.8968089614070394,0.5115797652225195,0.5443957336827246,0.5141171037961151,0.6847126985421104,0.28580649094075977,-0.5875912286784056,1.574842606669256,-1.9249373348845689,0.11722455543544719,-0.4630895602101299,2.2567074830242086,-0.05605659573074062,1.0792161261757796,True
76,Oak,71,18,0.07039200671701203,-0.36450462740809597,1.001611121298262,0.6732147059393335,0.03271874738953165,0.1986760404145465,0.30606324689168407,0.12463499872167119,0.005085113594263502,0.13569889983976055,-0.7610636638201982,0.032054409004006246,0.3907063236423537,1.6125159189541702,0.4244422072869457,0.9219872045917213,True
76,Pine,365,91,2.0752886460186737,-0.12661651729982884,-0.21956685288457314,0.6008531133075212,0.36380040507178174,0.1574225816854398,0.18955548096106486,0.07982756029639707,1.3598543817318829,2.7907229103054645,-0.43619701072458905,0.1829639761249314,-0.5923385270561564,0.1532048212870101,0.44386765899173075,0.7578385676233117,True
76,Spruce,6,1,8.500495513224378,-0.2611721795205878,-0.8031514829718666,1.1039864491509923,55.041541861385674,2.1162156560307124,2.2735070974603766,3.310829715220702,-228.32414482335116,245.3251358497999,-9.366513248566843,8.844168889525669,-10.585263001843309,8.978960035899576,-13.14136406260246,15.349336960904445,True
77,Alder,92,23,2.4821154986689398,0.20297815114364093,-1.3145790686880134,0.9957976015823515,1.5465269074704173,0.3046981510543695,0.4999491405258562,0.126909549068299,-0.5912817502357117,5.555512747573591,-0.40254539627950414,0.808501698566786,-2.3081229285861014,-0.32103520878992553,0.743591540968627,1.248003662196076,True
77,Aspen,53,13,1.2686148265129364,0.7271273632721557,-1.0686591702275212,0.6867507096561967,0.5014575177976718,0.2274221192594146,0.32289845766871883,0.11173555511219513,0.2608982162744402,2.2763314367514327,0.27010550403298333,1.184149222511328,-1.7175479148658026,-0.4197704255892398,0.4622097049958399,0.9112917143165534,True
77,Birch,96,24,0.48273995479434817,-0.6843521866253299,0.5629747459563127,0.6491889242424799,0.5454811946636539,0.5235713903812237,0.6912197474142572,0.26112207194608705,-0.6006327820812906,1.566112691669987,-1.7242101610085567,0.3555057877578969,-0.8098473363895596,1.935796828302185,0.1305779500964278,1.167799898388532,True
77,Oak,71,18,0.1416159837899033,-0.2535196539768413,0.9211233787053501,0.4396558706581019,0.05596583175565194,0.1582818319490221,0.2606115115824381,0.10762414892880466,0.029907716065647835,0.25332425151415877,-0.5694515128375175,0.062412204883834865,0.40094062443164336,1.4413061329790569,0.22483717030134517,0.6544745710148586,True
77,Pine,365,91,1.84287428044487,-0.1791039303381475,-0.17756081738320248,0.6429146714714846,0.3096291712285622,0.14540590741772735,0.17468934645166934,0.0746069624634085,1.2339708399005225,2.4517777209892175,-0.46505294783808426,0.10684508716178923,-0.5210973894019464,0.16597575463554146,0.49619582081449004,0.7896335221284791,True
77,Spruce,6,1,169.9313985027302,-1.5219590617648149,4.33979925804915,-3.35267095618669,742.5213540051319,1.8377743767571975,2.9094975470095696,2.592175421189638,-3024.880132165126,3364.742929170586,-9.429264000484796,6.385345876955167,-8.178758304635803,16.858356820734105,-14.505901608019533,7.800559695646152,True
78,Alder,92,23,1.3199100063171634,0.1765376223523935,-1.0646779115118665,1.0032494358026922,0.7753066331282908,0.26180772377092076,0.4426645066113325,0.13481834618483063,-0.22084900783506645,2.860669020469393,-0.34375021363207564,0.6968254583368627,-1.9443805990210576,-0.1849752240026754,0.7353263028362784,1.271172568769106,True
78,Aspen,53,13,2.018796597170914,0.8866633220528116,-1.3462000955556863,0.6572259257641743,0.7748115179101629,0.20496581323193577,0.2981738682002444,0.10038259264022142,0.46175455733613235,3.575838637005696,0.47476909932385686,1.2985575447817663,-1.9454029174499352,-0.7469972736614375,0.4554995533555534,0.8589522981727951,True
78,Birch,96,24,0.704642700822925,-0.17901249698772673,-0.019012960599354,0.614540199545253,0.654106175656783,0.4294227803917232,0.5551903948326417,0.22670952451574622,-0.5944686244822439,2.003754026128094,-1.0318832053108382,0.6738582113353848,-1.121669007079159,1.0836430858804509,0.16427551498203263,1.0648048841084732,True
78,Oak,71,18,0.08078038184273444,-0.3445343604230808,0.9851112553804383,0.6261582891557856,0.041445097827405096,0.19081725799835964,0.31216587763114106,0.11797419631077942,-0.0019443796541617903,0.16350514333963068,-0.7254072014800068,0.036338480633845316,0.36202555578704243,1.6081969549738342,0.39068080776004965,0.8616357705515216,True
78,Pine,365,91,1.6561941419865551,-0.17389029164524444,-0.13913101880587947,0.6415536574793855,0.28787503635775413,0.14700530664965467,0.17747549451645922,0.07732772508958255,1.0900714495104276,2.2223168344626827,-0.4629846190372056,0.11520403574671673,-0.488146710042574,0.20988467243081504,0.48948427180203613,0.7936230431567349,True
78,Spruce,6,1,0.14299082081624656,-2.267172891599137,0.15480634441263835,3.2286584037390735,0.9467826041175041,2.5606829000297635,2.221834888481632,3.402777989709981,-3.930685935218754,4.216667576851247,-13.284902161298433,8.750556378100157,-9.40497760344698,9.714590292272256,-11.412313602236527,17.869630409714674,True
79,Alder,92,23,1.7349956064915473,0.039361559098184395,-1.0701507398117904,1.0293039330518021,0.9320673580229119,0.2576406716821994,0.42317598561374775,0.1143259555848749,-0.11729240744735003,3.5872836204304446,-0.4726451365041452,0.551368254700514,-1.911124087061932,-0.22917739256164893,0.8021051202308418,1.2565027458727624,True
79,Aspen,53,13,1.033084292367633,0.48182212668006613,-0.8980045223628463,0.8014490649580102,0.5947462435300035,0.318437383787437,0.45154227011433423,0.16890625978061238,-0.16210303100589818,2.228271615741164,-0.15810175435538737,1.1217460077155197,-1.8054126869017346,0.00940364217604206,0.4620192279067731,1.1408789020092471,True
79,Birch,96,24,0.20131986266980825,-1.1536588942404724,1.227924563510941,0.7280037465169857,0.28093862164308386,0.6078816469505448,0.830067087658974,0.2991248161254988,-0.35664848967863116,0.7592882150182477,-2.360964315574667,0.05364652709372231,-0.4206603214400213,2.8765094484619036,0.13391604214960984,1.3220914508843618,True
79,Oak,71,18,0.07513687756692385,-0.3210865806981133,0.9622273934351019,0.6480596940326419,0.03429480444108572,0.1834097593480649,0.3266650827229746,0.11402505087924132,0.006684161402852912,0.14358959373099478,-0.68717399256662,0.045000831170393385,0.31020115935168013,1.6142536275185235,0.4204647399095167,0.875654648155767,True
79,Pine,365,91,1.5648946785857203,-0.11039988093575202,-0.22305309797516193,0.6720785325086083,0.2938911645463639,0.1527056221990552,0.18243693210071113,0.07946421166922386,0.986940926593252,2.1428484305781885,-0.4107042042607393,0.1899044423892352,-0.5818257394472299,0.13571954349690613,0.5158076240100771,0.8283494410071395,True
79,Spruce,6,1,86.10236162100126,0.13661530863512047,-0.5089074323316717,-0.1981407388819954,838.7583408707354,2.9926301853382506,2.635018947059387,4.611780103025874,-3522.7835032818753,3694.988226523878,-12.739633127281575,13.012863744551815,-11.846478897697796,10.828664033034453,-20.041028987924626,19.644747510160634,True
80,Alder,92,23,3.269345576004509,0.32933492400195014,-1.4133677034119803,0.892487039003464,1.725397978682831,0.25776854627734674,0.4290203171670583,0.1261501470965515,-0.1595203398320666,6.698211491841084,-0.18292589548728516,0.8415957434911854,-2.265955431524729,-0.5607799752992317,0.6417901302315261,1.143183947775402,True
80,Aspen,53,13,0.7452367665665752,0.42383928332619214,-0.824850193559565,0.8889372379590006,0.4577033061936353,0.31142970761110284,0.4540661365562852,0.1859882765190977,-0.17455246351233644,1.665025996645487,-0.20200214519547965,1.049680711847864,-1.7373302576020195,0.0876298704828895,0.5151798030698762,1.262694672848125,True
80,Birch,96,24,0.5694305084445644,-0.6673890163862453,0.6023379913955094,0.5364080643892061,0.6568620404843178,0.5108812249424046,0.6895574679495762,0.29873464626751695,-0.7351542022859384,1.8740152191750674,-1.6820432268315875,0.34726519405909695,-0.7671826604506113,1.97185864324163,-0.05690472896194532,1.1297208577403575,True
80,Oak,71,18,0.07325602654065179,-0.3578917524787223,0.9960370695046664,0.6590780445307168,0.035177174644676616,0.18528127343108228,0.3057762832238499,0.11785952800292458,0.003042092078870434,0.14346996100243314,-0.7277147220916076,0.011931217134163064,0.385705053727057,1.6063690852822758,0.42382944203540107,0.8943266470260326,True
80,Pine,365,91,1.4668334466263337,-0.0754331234814149,-0.2739830409261008,0.704484516746944,0.258436560793158,0.1446219524498419,0.17514098768993153,0.0781606474111987,0.9586031968568761,1.9750636963957913,-0.35984044878457566,0.20897420182174586,-0.6184077912220347,0.07044170936983313,0.5507771417763834,0.8581918917175047,True
80,Spruce,6,1,169.93139850273317,-1.5219590617648047,4.339799258049138,-3.3526709561866928,742.5213539344652,1.8377743761797367,2.9094975467013025,2.5921754217306043,-3024.8801318610685,3364.7429288665353,-9.429263998000174,6.385345874470564,-8.17875830330945,16.858356819407724,-14.505901610347125,7.800559697973741,True
81,Alder,92,23,3.0651264254905146,0.3764400503772101,-1.468184828310224,0.9328274486663214,1.7926452294596558,0.2598904827607393,0.44308564953094165,0.13157232809171124,-0.49737927025260475,6.627632121233634,-0.14003767197928668,0.892917772733707,-2.3487244488751995,-0.5876452077452482,0.6713550945574224,1.1942998027752205,True
81,Aspen,53,13,1.462202504006287,0.5756055381952552,-0.9792652720646369,0.693562386377212,0.8940139918670056,0.3268158587999219,0.47955440501458035,0.15954225680734122,-0.3343858756967091,3.258790883709283,-0.081155518750194,1.2323665951407043,-1.9429659292381838,-0.015564614891090067,0.37295021782146526,1.0141745549329588,True
81,Birch,96,24,0.303762617460883,-0.9420500479859196,1.017985230153455,0.61131990424268,0.356152706506543,0.5400983938470966,0.7371556894008624,0.26168186467192084,-0.4035873996768738,1.0111126345986399,-2.0147320778129205,0.13063198184108116,-0.44606959802827495,2.482040058335185,0.09159713342352072,1.1310426750618392,True
81,Oak,71,18,0.06979534126542565,-0.39751506774585815,1.0572508520198312,0.6570504036537257,0.03478784146696707,0.18004684838035892,0.2962906302486439,0.11764899571769799,0.00035851907885176004,0.13923216345199954,-0.7568900812289805,-0.03814005426273587,0.46585227882411784,1.6486494252155444,0.42222202535851416,0.8918787819489372,True
81,Pine,365,91,1.6551478928133674,-0.10370286684490702,-0.28678691302187553,0.7000939558014455,0.28893639336902216,0.15076836752265252,0.1816018810713797,0.07828530989537336,1.086937981186529,2.223357804440206,-0.4001974682596759,0.19279173456986182,-0.643917378975492,0.07034355293174088,0.5461414249393403,0.8540464866635508,True
81,Spruce,6,1,8.500495513225365,-0.2611721795205576,-0.8031514829718683,1.1039864491509326,55.041541861931435,2.11621565604538,2.2735070974605853,3.310829715250895,-228.3241448256984,245.32513585214912,-9.366513248629923,8.84416888958881,-10.585263001844208,8.97896003590047,-13.14136406273243,15.349336961034295,True
82,Alder,92,23,2.2506957416766555,0.2998964953517761,-1.4531863513267413,1.0718272757252147,1.1874632336581226,0.2606276824865407,0.43778938254240624,0.1277273145444825,-0.10913790743177776,4.610529390785089,-0.21804625654816223,0.8178392472517144,-2.3232007541839605,-0.5831719484695219,0.817996078068862,1.3256584733815675,True
82,Aspen,53,13,1.4720632164411092,0.6139368020066234,-1.1419029747770417,0.7928857746217838,0.8343426342423886,0.305978171871208,0.44878993872191114,0.15324005026948487,-0.20461108061357347,3.148737513495792,-0.0009493552878306888,1.2288229593010773,-2.043780122305343,-0.24002582724874022,0.4849383642637871,1.1008331849797806,True
82,Birch,96,24,0.6445313980454601,-0.20559876448616426,0.05149678134327452,0.6142344354650304,0.6025163286171158,0.439781667694353,0.5793620281595403,0.215268327533683,-0.5521180379606241,1.8411808340515443,-1.0790431171398676,0.6678455881675391,-1.0991662153454438,1.2021597780319928,0.18669295567742844,1.0417759152526325,True
82,Oak,71,18,0.09896675751768413,-0.3157626232842755,0.9117025816322646,0.6102317506638943,0.04241638808056594,0.16795753913874337,0.27358568476502115,0.1003433681055764,0.01430329256129552,0.18363022247407274,-0.6510072745267379,0.019482027958186876,0.36562326929955113,1.457781893964978,0.40994554965412844,0.8105179516736603,True
82,Pine,365,91,1.7666516337875022,-0.07803766713091559,-0.30992634511062883,0.6821168180863444,0.3062263276447034,0.15057007381833157,0.184822062879697,0.07848733196898185,1.1644400794037013,2.368863188171303,-0.37414231265645015,0.21806697839461897,-0.6733894824158579,0.053536792194600336,0.5277669992839653,0.8364666368887235,True
82,Spruce,6,1,8474.873517899645,2.894345410932693,-3.395624548957319,-1.2876020782015953,69697.32484523853,3.928912515068339,4.133821258783597,3.3446737178699197,-291408.5114799846,308358.25851578393,-14.01040074676343,19.799091568628818,-21.182021872138506,14.39077277422387,-15.67857158033755,13.103367423934358,True
83,Alder,92,23,2.4268371252536047,0.33562367170982077,-1.4373574924025527,1.0024072373909025,1.3097441321009926,0.264193798262491,0.44835714077040756,0.12841925568394236,-0.1760041139927937,5.029678364500003,-0.18940598592847813,0.8606533293481197,-2.3283730940802654,-0.5463418907248401,0.7472009521210414,1.2576135226607636,True
83,Aspen,53,13,1.0694298970742568,0.3344801493952835,-0.5682226106559612,0.6281142395646565,0.5564764188645566,0.28995293056547633,0.43007082556672377,0.14480689445855482,-0.04885133432231448,2.187711128470828,-0.2482020798021516,0.9171623785927185,-1.432482291926578,0.29603707061465556,0.3371138902951574,0.9191145888341556,True
83,Birch,96,24,1.1300814881689054,0.4424322657766057,-0.8841468757543051,0.6879034457255678,0.671851727319895,0.3139097486218131,0.4038449784019528,0.1437501386135591,-0.20427403448111958,2.4644370108189304,-0.18101959071874613,1.0658841222719575,-1.6862178615278482,-0.08207588998076187,0.40240326236534985,0.9734036290857858,True
83,Oak,71,18,0.11515169430573631,-0.20562573882424948,0.8081128526917885,0.5529017768662985,0.055792123399731816,0.22959364580819247,0.3421893820100356,0.1207160118988081,0.0037901499110613995,0.22651323870041123,-0.6638965738885265,0.2526450962400276,0.12509998754100393,1.491125717842573,0.3119516086516605,0.7938519450809365,True
83,Pine,365,91,1.938452580984843,-0.17870632612717144,-0.1856490824691183,0.6335545553343175,0.32958197062026057,0.1492601473116935,0.17968672348913134,0.07541785534160807,1.2903108214220078,2.586594340547678,-0.47223492639964626,0.11482227414530335,-0.5390132817095935,0.16771511677135695,0.48524103754215125,0.7818680731264838,True
83,Spruce,6,1,0.14299082081632408,-2.267172891598913,0.15480634441251992,3.2286584037388235,0.9467826041170342,2.560682900027701,2.221834888481967,3.4027779897066397,-3.930685935216655,4.216667576849304,-13.284902161289333,8.750556378091508,-9.404977603448538,9.714590292273579,-11.412313602222401,17.869630409700047,True
84,Alder,92,23,3.72417693596043,0.40751155073466533,-1.6128924894009689,0.9717850179009901,2.1723949892700882,0.27379178721481195,0.4525072567061334,0.12358939440805408,-0.5930016086260324,8.041355480546892,-0.1365920930713425,0.9516151945406732,-2.512155574415624,-0.713629404386314,0.7261770669932424,1.217392968808738,True
84,Aspen,53,13,2.0076071670442297,0.8906928645680174,-1.3128452653526401,0.6249020609066275,0.8734544674683484,0.23806781344085712,0.3372347098167519,0.1141379179832503,0.25233469845992973,3.7628796356285297,0.4122776819197674,1.3691080472162676,-1.9905437873008496,-0.6351467434044306,0.39553332730999957,0.8542707945032554,True
84,Birch,96,24,0.6496575551137104,-0.14904291895689994,-0.09611723063606946,0.6859505188079442,0.5914959265282159,0.4398905945146384,0.5660576055946024,0.21710515064636604,-0.5251044110963102,1.824419521323731,-1.0227036096779212,0.7246177717641212,-1.2203564957136286,1.0281220344414899,0.25476094976958286,1.1171400878463056,True
84,Oak,71,18,0.12113705434324665,-0.10824648097801105,0.6229666314154084,0.6129442127102049,0.055381382393397106,0.2109144306550963,0.3269581484034514,0.10557465167680156,0.010595352428556568,0.2316787562579367,-0.5292334465500723,0.3127404845940502,-0.029644564214523106,1.27557782704534,0.40221632598999824,0.8236720994304116,True
84,Pine,365,91,1.6982767553478593,-0.0691627218022889,-0.33934174614739626,0.7127616731314176,0.28466285266447233,0.14792240017106772,0.17918269095715383,0.07686742731063316,1.138471005473551,2.2580825052221676,-0.3600605659568135,0.22173512235223575,-0.6917147366408093,0.013031244346016768,0.5615974893126823,0.8639258569501529,True
84,Spruce,6,1,8474.873517900012,2.894345410932733,-3.3956245489573766,-1.2876020782015896,69697.3247204566,3.9289124985906345,4.133821239557569,3.344673723087142,-291408.51094309095,308358.25797889096,-14.01040067586555,19.799091497731016,-21.182021789415636,14.390772691500883,-15.678571602785437,13.10336744638226,True
85,Alder,92,23,3.168426218611772,0.43689153759294796,-1.7243742707509,1.0788943430398767,1.5897411223870859,0.24981718179796894,0.41968692228958676,0.1188804898359695,0.009149798386589136,6.327702638836955,-0.05956761585484127,0.9333506910407372,-2.5584138378191823,-0.8903347036826178,0.8426443504626897,1.3151443356170638,True
85,Aspen,53,13,1.3088391026656454,0.6389020088113269,-0.944244555100374,0.6416662716443747,0.5652348735942133,0.21923078240667962,0.3128543337349963,0.11002443280440896,0.17295709752883837,2.4447211078024527,0.19834125727039492,1.0794627603522589,-1.5729488770027895,-0.31554023319795843,0.4205638960014445,0.862768647287305,True
85,Birch,96,24,0.5662674529162699,-0.424526574460288,0.13152859669136335,0.7538993763954364,0.5037208511634115,0.43022167123330346,0.5637657045935213,0.20882705528013606,-0.43416563714235834,1.5667005429748981,-1.2789839489525996,0.4299308000320236,-0.9881587551681421,1.2512159485508687,0.3391508192943609,1.1686479334965119,True
85,Oak,71,18,0.07946591326650349,-0.3120251980080464,1.025874220668039,0.5623936923318854,0.03819563206795033,0.18160478384486659,0.2964693387283435,0.11746430865660921,0.0032271125715981203,0.15570471396140884,-0.6745098636933582,0.050459467677265446,0.4341189438539099,1.6176294974821679,0.3279339509534875,0.7968534337102833,True
85,Pine,365,91,1.8670067924841753,-0.13685974217310323,-0.23835875782329838,0.6534535392229899,0.307555191336431,0.15158602519350345,0.18252144121039884,0.07560510141464076,1.2621819517917983,2.4718316331765524,-0.4349623140739639,0.16124282972775747,-0.5972975912838087,0.12058007563721188,0.5047717913391768,0.8021352871068029,True
85,Spruce,6,1,169.93139850273582,-1.5219590617648042,4.339799258049148,-3.3526709561867065,742.5213540689289,1.8377743764828427,2.909497546783176,2.5921754218690674,-3024.880132439617,3364.742929445088,-9.429263999304332,6.385345875774725,-8.178758303661713,16.858356819760008,-14.505901610942898,7.800559698569485,True
86,Alder,92,23,2.524266669244186,0.5338929215460863,-1.4358864055129317,0.8304633439421041,1.3371486907109533,0.2597075540384553,0.42631954409337136,0.14354788159109536,-0.13303537157795864,5.1815687100663315,0.01777873158537091,1.0500071115068015,-2.2831069146691334,-0.5886658963567302,0.5451920937381356,1.1157345941460726,True
86,Aspen,53,13,1.44190702813967,0.7287367444900427,-1.0394660279570702,0.6259495029202683,0.5501640660826171,0.20487563346635965,0.29301389700809893,0.11024186078933314,0.33631094458170785,2.5475031116976323,0.31702374478487977,1.1404497441952055,-1.6282994995192832,-0.4506325563948572,0.4044101893829755,0.8474888164575611,True
86,Birch,96,24,0.5562639337052447,-0.5526260991803809,0.46452831920931786,0.5856067266038798,0.623618713968345,0.5015738917067887,0.660993804304038,0.2656213609082846,-0.6822966611019458,1.7948245285124353,-1.5487951424391617,0.4435429440784,-0.8482624311084048,1.7773190695270407,0.05805977621399805,1.1131536769937616,True
86,Oak,71,18,0.08932151067977595,-0.330438806102958,0.9500698336916921,0.6157198710274395,0.04380016412647987,0.1890307873575829,0.3120687474481376,0.12175972599301399,0.0018960171756430416,0.17674700418390887,-0.7077458368366729,0.04686822463075685,0.3271780067549991,1.5729616606283852,0.3726864407615526,0.8587533012933264,True
86,Pine,365,91,1.6906940998896978,-0.011221146861913665,-0.32261182335356137,0.6493328283284776,0.29683428253666616,0.15747129453182016,0.1926436692771329,0.07961529784930524,1.1069525383600585,2.274435661419337,-0.3208974368798761,0.29845514315604876,-0.7014565961393401,0.05623294943221735,0.49276480023199243,0.8059008564249628,True
86,Spruce,6,1,169.93139850273116,-1.5219590617648144,4.339799258049154,-3.3526709561866954,742.5213538417842,1.837774376196566,2.909497546783255,2.5921754212975974,-3024.8801314622965,3364.7429284677587,-9.429263998072592,6.385345874542964,-8.178758303662047,16.858356819760356,-14.50590160848405,7.800559696110659,True
87,Alder,92,23,2.499449666172342,0.28417011442381757,-1.3957666691572979,1.0030148065596594,1.5826556217233119,0.2822164150945103,0.46687292695513893,0.12752842523846983,-0.645745810396468,5.644645142741152,-0.2766757069824889,0.845015935830124,-2.323578505059308,-0.46795483325528753,0.7495788596053687,1.25645075351395,True
87,Aspen,53,13,1.2538459760382348,0.7017167219712475,-1.010430914121088,0.6675805625074085,0.5072611539747283,0.2275161109598233,0.3287996605692959,0.10928757796954662,0.23446652225301845,2.273225429823451,0.24450597933843815,1.1589274646040568,-1.6711785699776445,-0.34968325826453184,0.44795895209397657,0.8872021729208404,True
87,Birch,96,24,0.93769010017454,0.01958276010184688,-0.3623500560092278,0.6591725058070784,0.8903721823210804,0.46394261483068217,0.6067199859944059,0.2167836986377964,-0.8306659081272746,2.7060461084763547,-0.9018473190638994,0.9410128392675932,-1.5673483184134986,0.8426482063950429,0.2286213682044937,1.089723643409663,True
87,Oak,71,18,0.04328167816848606,-0.3998908907426627,0.9971401856993671,0.8467715638832667,0.01882230632565108,0.16202550783604547,0.2713592559809596,0.11214819787362776,0.005712197500463333,0.08085115883650879,-0.7232951579486006,-0.07648662353672486,0.4555048438192829,1.5387755275794515,0.6229228240386238,1.0706203037279096,True
87,Pine,365,91,1.8844935380552674,-0.10582316990670818,-0.25758597402942474,0.6422791332313461,0.3270472044706556,0.1530869914066157,0.18397450253543682,0.07966673263104741,1.2413365408239196,2.5276505352866154,-0.4068774775489994,0.19523113773558307,-0.6193823355342949,0.10421038747544548,0.48560995570038684,0.7989483107623054,True
87,Spruce,6,1,8474.873517900129,2.8943454109327433,-3.3956245489573886,-1.2876020782015916,69697.32413758637,3.928912474660674,4.13382122901484,3.3446736969845685,-291408.5084352027,308358.25547100295,-14.01040057290323,19.799091394768716,-21.18202174405395,14.390772646139173,-15.678571490475132,13.103367334071947,True
88,Alder,92,23,1.7299033569144104,0.19441839111768883,-1.2526883747672122,1.0706787537517397,0.9248821970172838,0.26687279946645126,0.445204472598146,0.1355379620586692,-0.10810565938082206,3.567912373209643,-0.3359352184611108,0.7247720006964884,-2.137438710939014,-0.36793803859541074,0.8013255354526749,1.3400319720508045,True
88,Aspen,53,13,2.344008936115994,0.7485302611053705,-1.258975019727953,0.6489341405660789,1.7998530367938603,0.3816749375418108,0.561879576476369,0.15367512930249963,-1.27293115709681,5.960949029328798,-0.018474242011501718,1.5155347642222425,-2.3881143028635288,-0.12983573659237702,0.3401124061571416,0.9577558749750161,True
88,Birch,96,24,0.6500650866343602,-0.49387610291412654,0.3938931195748279,0.5341056634916471,0.6877784537005774,0.49396660449480445,0.6568942957961708,0.25883939744108964,-0.715922289354163,2.0160524626228833,-1.4749364171320682,0.4871842113038152,-0.9107556529891951,1.6985418921388509,0.020028277946023687,1.0481830490372706,True
88,Oak,71,18,0.10586525216241512,-0.3674492447857598,0.9619929835414246,0.5956476012577235,0.0452134926389405,0.17378555134484552,0.28276356073802456,0.13548401740642133,0.015618743140428645,0.1961117611844016,-0.7143266570789635,-0.020571832492556064,0.3975945540943884,1.5263914129884608,0.3252203706775979,0.8660748318378492,True
88,Pine,365,91,1.7415894886384549,-0.10117657099778886,-0.2911550678824698,0.6865652519277249,0.30160411191374914,0.14925775987769,0.1827678226588339,0.07771985130818491,1.1484677853508822,2.3347111919260275,-0.39470047624500804,0.1923473342494303,-0.6505784245261257,0.06826828876118607,0.5337247276567888,0.839405776198661,True
88,Spruce,6,1,7.700199476929042,-0.39485321776693905,-0.476742780856513,0.9833301310710394,66.24713200184867,2.6001851996513987,2.415567909644464,4.252262476225265,-277.3382038653658,292.73860281922384,-11.582547164762538,10.792840729228658,-10.87009264105467,9.916607079341643,-17.312678619644075,19.279338881786153,True
89,Alder,92,23,2.8495161136340683,0.4255960161246385,-1.6581803692460633,1.0644666015231414,1.50593960239701,0.25629895512272544,0.43013919447473653,0.1291960986471477,-0.1432223952573901,5.842254622525527,-0.08374429975757236,0.9349363320068493,-2.5129916308923503,-0.8033691075997762,0.8077165041059369,1.321216698940346,True
89,Aspen,53,13,1.2387558926201077,0.648451108180874,-1.0684579327905712,0.757805087637304,0.6290707997102384,0.2888897571905036,0.4194044588389317,0.14243177196736526,-0.025409208878675038,2.5029209941188904,0.06790540587055938,1.2289968104911888,-1.911282747614878,-0.22563311796626462,0.47157772571124823,1.04403244956336,True
89,Birch,96,24,0.4807360104275485,-0.7349849902287463,0.5916669467017269,0.655196504921897,0.562322646208876,0.5270779368665985,0.70029150276956,0.27613794025980726,-0.6360853029196514,1.5975573237747482,-1.7818072686063293,0.3118372881488366,-0.7991724248260405,1.9825063182294942,0.10676272018082522,1.2036302896629687,True
89,Oak,71,18,0.07178724826950594,-0.4132260342947121,1.1162897829368026,0.6111830150498241,0.03249192689671527,0.17378438325380435,0.2846008200180425,0.11290712497104671,0.0069330907452830465,0.13664140579372885,-0.7601011150684394,-0.06635095352098486,0.54822416861834,1.6843553972552652,0.38581945037863674,0.8365465797210114,True
89,Pine,365,91,1.9047231753370355,-0.16862362927402072,-0.17955391308999807,0.6283076299830261,0.30877946245870175,0.14924278424295767,0.1795724098797637,0.07577951990466167,1.297490735594634,2.511955615079437,-0.4621180840806478,0.12487082553260634,-0.532693308092007,0.17358548191201084,0.4792828781818274,0.7773323817842248,True
89,Spruce,6,1,0.1429908208162786,-2.2671728915990417,0.15480634441258637,3.2286584037389705,0.9467826041172265,2.56068290002863,2.221834888481606,3.4027779897084005,-3.9306859352175274,4.216667576850084,-13.284902161293461,8.750556378095377,-9.404977603446918,9.71459029227209,-11.41231360222983,17.86963040970777,True
90,Alder,92,23,2.3791663065120408,0.31973645121645183,-1.4124968037032362,0.9980331212051641,1.2137447894396558,0.2608979618601955,0.4420708781515856,0.13359799792384364,-0.03289641203302862,4.79122902505711,-0.19874342414342355,0.8382163265763272,-2.291019779390897,-0.5339738280155755,0.7325351739693741,1.2635310684409542,True
90,Aspen,53,13,1.086343571827657,0.47780999334081076,-0.8465366888972234,0.7453835718439418,0.599894707575131,0.2983781537375084,0.43077461017612523,0.15104095384097962,-0.11918997740021275,2.291877121055527,-0.12180335571042744,1.077423342392049,-1.7122106782911661,0.019137300496719245,0.4418554112127286,1.048911732475155,True
90,Birch,96,24,0.1765191923407585,-1.1052514594541176,1.2082261460454695,0.7394160231688821,0.23426902323259743,0.5930643217712478,0.8248699370117322,0.28581824502289555,-0.28875930918700965,0.6417976938685267,-2.283128393995895,0.07262547508765982,-0.43003674911787226,2.8464890412088115,0.17175631759392385,1.3070757287438404,True
90,Oak,71,18,0.07126510024842436,-0.4061177842399234,1.0400641309635918,0.6771787849801919,0.03589536191178169,0.2056022557123426,0.3629637146224406,0.13952337900979234,-0.0003823419982533216,0.14291254249510205,-0.8165016042482045,0.004266035768357657,0.3155855243691469,1.764542737558037,0.39868895489480877,0.9556686150655751,True
90,Pine,365,91,1.926637795191215,-0.1231820285174724,-0.23666970725821962,0.6327158272594138,0.358638903590504,0.15363262636179442,0.18470669430638414,0.08240677555195251,1.2213539182140385,2.6319216721683913,-0.4253093584469445,0.1789453014119997,-0.5999059656781611,0.12656655116172189,0.4706581989078866,0.7947734556109409,True
90,Spruce,6,1,8.500495513224793,-0.26117217952057203,-0.8031514829718751,1.1039864491509714,55.041541861445424,2.116215656022025,2.273507097454449,3.3108297152365296,-228.3241448236078,245.3251358500574,-9.36651324852945,8.844168889488305,-10.585263001817813,8.978960035874062,-13.141364062670583,15.349336960972526,True
91,Alder,92,23,2.475352298008856,0.18533481697956136,-1.2613933785378026,0.9639547629858853,1.3029706605607834,0.261979250112144,0.432244164255227,0.12117013557868696,-0.11402808989596247,5.064732685913674,-0.3352938915643724,0.7059635255234951,-2.1203878252946344,-0.40239893178097097,0.7231545806301422,1.2047549453416286,True
91,Aspen,53,13,0.6952839708382292,0.36842603122354023,-0.843478426260802,0.9696612910453041,0.41414729745463497,0.29254850070754373,0.418025961747291,0.1787898221691067,-0.13697618265060263,1.527544124327061,-0.21947219145762553,0.956324253904706,-1.6835330474652928,-0.0034238050563112354,0.6103696917635268,1.3289528903270813,True
91,Birch,96,24,0.46832174773652036,-0.8440937978604303,0.7907922599955564,0.5780816836231943,0.5326914205964207,0.5344724948413806,0.7497840422613068,0.30780822789365375,-0.5896493938672901,1.526292889340331,-1.9056023066516299,0.21741471093076925,-0.698343567007933,2.2799280869990457,-0.03325202604136657,1.1894153932877551,True
91,Oak,71,18,0.04889242969374995,-0.4113708132446392,1.098609250857101,0.7314043013178337,0.022533327127252516,0.16245217051413066,0.2646768354906522,0.10578748079634452,0.003915720503769093,0.0938691388837308,-0.7356267027203859,-0.08711492376889252,0.5703120761007803,1.6269064256134218,0.5202516058970394,0.942556996738628,True
91,Pine,365,91,2.1514414776236515,-0.14946869649437214,-0.2010099165276713,0.5910827110963637,0.3341256501000272,0.1386947893666531,0.16894523339070563,0.07248445102473212,1.4943643129858262,2.8085186422614767,-0.4222199172396166,0.1232825242508723,-0.5332503623066991,0.13123052925135648,0.44853790034806607,0.7336275218446613,True
91,Spruce,6,1,7.700199476929417,-0.39485321776692106,-0.47674278085652644,0.9833301310710212,66.24713200099465,2.600185199630542,2.415567909645833,4.252262476168493,-277.3382038616909,292.7386028155497,-11.58254716467278,10.79284072913894,-10.870092641060573,9.916607079347521,-17.312678619399822,19.279338881541864,True
92,Alder,92,23,3.0925226149483387,0.26616489738216303,-1.4500873274235409,0.9956354091241286,1.8383833280481936,0.26988978098630995,0.4506586009242846,0.13024211358264984,-0.5608779405564306,6.745923170453108,-0.27018432899343464,0.8025141237577607,-2.345676597539366,-0.5544980573077155,0.7368065768271387,1.2544642414211187,True
92,Aspen,53,13,0.9944398982827481,0.3411152661842182,-0.7023236253447177,0.7592636826297692,0.5641869334228237,0.32535706458036734,0.45970803028155294,0.15704205772170862,-0.1393361922356412,2.1282159888011374,-0.3127142340215468,0.9949447663899833,-1.6261414993079852,0.22149424861854972,0.4436758522444028,1.0748515130151355,True
92,Birch,96,24,1.0539822574525468,0.2675164065531485,-0.6970694186532203,0.700518342758591,0.6316831003424038,0.3146326270288965,0.40837799703030964,0.14017869417384818,-0.200594904786769,2.3085594196918624,-0.3573711488553311,0.8924039619616282,-1.5081433706990275,0.11400453339258698,0.4221113563318341,0.9789253291853479,True
92,Oak,71,18,0.07372658548003298,-0.24325305278061643,0.8087903132927592,0.7162807120884189,0.03470123882007157,0.19560145204051432,0.312010460528554,0.10164103437473254,0.004462622900143223,0.14299054805992273,-0.6336751851129614,0.14716907955172848,0.1860148275344854,1.4315657990510329,0.5134043583646805,0.9191570658121574,True
92,Pine,365,91,2.122120595569889,-0.06228242460238914,-0.2805042869543687,0.591068676589995,0.34941285234799657,0.14721304349609718,0.17912913238631512,0.07661116593899428,1.434980275034474,2.8092609161053046,-0.35178527836163276,0.22722042915685448,-0.6327719514608118,0.0717633775520744,0.4404084453873855,0.7417289077926044,True
92,Spruce,6,1,3758.450588656686,1.0210175846987894,-0.5729719152349879,-2.091489612333219,24014.519156209135,2.008188031800363,1.8925154546954952,3.1845798045959164,-99567.68581114683,107084.58698846021,-7.619518132070164,9.661553301467743,-8.715808702372694,7.569864871902719,-15.793630601513044,11.610651376846608,True
93,Alder,92,23,2.1354855608068974,0.3555432046060684,-1.4737805358103775,1.0533184775269175,1.1724184623244667,0.25976714261911454,0.43501759292544595,0.12762917136981983,-0.19444976671145886,4.465420888325253,-0.1606894051370507,0.8717758143491876,-2.3382865892543676,-0.6092744823663875,0.7996823188068742,1.3069546362469608,True
93,Aspen,53,13,1.2650181484804017,0.5702892335461439,-0.987720372102899,0.750441023272274,0.8080075257371749,0.35147173022638223,0.5082059284492125,0.15590056425352827,-0.3587337666550918,2.8887700636158953,-0.13601965206776234,1.2765981191600502,-2.0089984212767105,0.03355767707091262,0.43714710989390765,1.0637349366506403,True
93,Birch,96,24,0.7867036586504121,0.22658704412212993,-0.5898977016259788,0.7400544257289676,0.45270742843223893,0.2917419610567107,0.37822501152529764,0.13597115833433712,-0.11241237054099051,1.6858196878418148,-0.35283767281309264,0.8060117610573525,-1.3410852217450557,0.1612898184930983,0.4700039686611451,1.0101048827967902,True
93,Oak,71,18,0.13147148826664945,-0.09175140233941774,0.6620855415477654,0.5306802958422051,0.06828080095075961,0.25921857756818983,0.408138101799151,0.10879966731987238,-0.004817560850605113,0.26776053738390404,-0.6091538486840788,0.4256510440052434,-0.15256151923936667,1.4767326023348977,0.31351525095656685,0.7478453407278434,True
93,Pine,365,91,1.8401237687968228,-0.10657819126913008,-0.25002174798096555,0.6464386969794456,0.310606057439395,0.14767140645979568,0.1794236959678934,0.0760062607772426,1.2292992257528748,2.450948311840771,-0.396982441962347,0.1838260594240868,-0.6028686885858796,0.10282519262394851,0.4969680463087096,0.7959093476501815,True
93,Spruce,6,1,169.93139850273622,-1.5219590617648,4.339799258049138,-3.3526709561867025,742.5213540420821,1.8377743764037593,2.909497546754412,2.592175421866247,-3024.8801323241037,3364.742929329576,-9.429263998964059,6.385345875434459,-8.178758303537961,16.858356819636235,-14.505901610930758,7.800559698557352,True
94,Alder,92,23,2.713574798353123,0.3117255329459222,-1.4908436670357148,1.0347516055387254,1.4607640015029473,0.26138126085888924,0.4355088484939269,0.12470362759424881,-0.1893866967439064,5.616536293450153,-0.2077147976157403,0.8311658635075847,-2.3563259876919886,-0.6253613463794407,0.7869293503129942,1.2825738607644566,True
94,Aspen,53,13,1.1236805087713309,0.551382167653943,-0.97481942810868,0.7859090026827485,0.6166717552702833,0.3240582791458274,0.47194443592913454,0.15892266956291096,-0.11556778005685309,2.3629287975995146,-0.09983732550422653,1.2026016608121126,-1.9232272798527958,-0.02641157636456426,0.46654194131064997,1.1052760640548471,True
94,Birch,96,24,0.91581978462529,-0.12922336244554597,-0.07659776163873594,0.5430973910418705,0.8148955917590551,0.43214723096531604,0.5831635692992945,0.20872125844414224,-0.7026331999111635,2.5342727691617437,-0.9875050647740798,0.7290583398829878,-1.2348109471684467,1.081615423890975,0.1285589555891391,0.9576358264946019,True
94,Oak,71,18,0.11167069502917953,-0.16518710377536222,0.7451572370562745,0.5752747826256889,0.05749012537973333,0.24048922649925947,0.36661765514224803,0.11529842062676172,-0.003080075502729901,0.22642146556108897,-0.6452056089209657,0.3148314013702413,0.013385334659182346,1.4769291394533666,0.34513817184874995,0.8054113934026278,True
94,Pine,365,91,1.594090052750698,-0.17121104140306928,-0.16437373247046105,0.6708543432226521,0.27592712530299146,0.14595698549869301,0.17672807079598107,0.07575482124851378,1.0514636094157486,2.1367164960856475,-0.4582437854077702,0.11582170260163163,-0.511919572293809,0.18317210735288697,0.5218781627387024,0.8198305237066019,True
94,Spruce,6,1,7.700199476928387,-0.3948532177669611,-0.4767427808565095,0.9833301310710814,66.24713200136551,2.600185199637583,2.415567909644374,4.252262476196085,-277.33820386328756,292.73860281714434,-11.582547164703115,10.792840729169193,-10.870092641054278,9.916607079341258,-17.31267861951848,19.279338881660642,True
95,Alder,92,23,2.855853395653792,0.2743396561932132,-1.4511645944228753,1.0094959036533324,1.663369762992854,0.27961455422709713,0.46621431857271795,0.13609725348928534,-0.4497444758085303,6.161451267116115,-0.28133551348158226,0.8300148258680087,-2.3776675845616073,-0.5246616042841431,0.7390312111627172,1.2799605961439475,True
95,Aspen,53,13,1.6136774502708982,0.5857491188902966,-1.0722667644122155,0.73074160925513,0.9307778700348964,0.3155909041469916,0.4602644236586318,0.1524843100817872,-0.25679070861912745,3.4841456091609238,-0.04845454714672526,1.2199527849273184,-1.9972027527281633,-0.14733077609626766,0.42431291566403395,1.037170302846226,True
95,Birch,96,24,0.9350973419935733,-0.06357598539172464,-0.23650096281994484,0.6125618754619732,0.8282380111990599,0.42987715944005095,0.580414647736262,0.21200778072111376,-0.7098548392276964,2.580049523214843,-0.917349129725429,0.7901971589419798,-1.3892545528469449,0.9162526272070552,0.19149612308459357,1.0336276278393528,True
95,Oak,71,18,0.07921380748131972,-0.36542804118012584,1.002659335660751,0.6338453241334945,0.039700048526997565,0.18941151114907992,0.3063485399398703,0.11452883129531684,-2.7821033777075677e-05,0.1584554359964165,-0.7434949997822449,0.01263891742199319,0.39118509069731766,1.614133580624184,0.40524482009128826,0.8624458281757007,True
95,Pine,365,91,1.8179816047322792,-0.01697576704893842,-0.34625651676487273,0.6554996889151248,0.3208160751788208,0.15672252618301571,0.1914099024798337,0.08123216433165732,1.1870784789602007,2.448884730504358,-0.325179561365192,0.2912280272673151,-0.7226750167136186,0.030161983183873087,0.49575200058152885,0.8152473772487208,True
95,Spruce,6,1,0.1429908208163009,-2.267172891598976,0.15480634441254615,3.2286584037389034,0.9467826041187173,2.5606829000319964,2.2218348884822916,3.4027779897124955,-3.9306859352239196,4.216667576856522,-13.284902161307878,8.750556378109925,-9.40497760344991,9.714590292275,-11.412313602247515,17.86963040972532,True
96,Alder,92,23,2.2919715579759194,0.2918983607297687,-1.420167576881273,1.0477980756087233,1.2938483800756644,0.3047540431938527,0.505606354660978,0.132797194236332,-0.2792802143766746,4.8632233303285135,-0.31373626057569504,0.8975329820352325,-2.424953961093268,-0.41538119266927787,0.7838915574248446,1.311704593792602,True
96,Aspen,53,13,1.7354906686843643,0.8405804416134635,-1.2094833616590552,0.6208373421347271,0.7193420159317133,0.22335607859160986,0.3238547790479239,0.11061549578901583,0.28991876644136627,3.181062570927362,0.391729597013472,1.289431286213455,-1.8602939060597246,-0.558672817258386,0.39854718095434716,0.843127503315107,True
96,Birch,96,24,0.26075575325957495,-1.0901465687309688,1.1234512492993631,0.6702498883686384,0.3375924221716653,0.5550126402681586,0.7597881013679475,0.2853087800790675,-0.4097319371219588,0.9312434436411088,-2.1924495793024783,0.012156441840540655,-0.3855535026097956,2.6324560012085216,0.10360202414758324,1.2368977525896936,True
96,Oak,71,18,0.10019920379198523,-0.18855922302828254,0.8041774612112184,0.5733030334350225,0.051537787000102114,0.2272902835309015,0.3487264615808719,0.11939643814859763,-0.0026706496081948944,0.20306905719216534,-0.6422325277447402,0.2651140816881751,0.10811653062611659,1.5002383917963202,0.3349867454495571,0.811619321420488,True
96,Pine,365,91,1.7626488938040819,0.013810122630211275,-0.3582998861116579,0.645336764383023,0.31335735507141865,0.15107047377872504,0.18236250181230407,0.07812131911486593,1.146413766907671,2.3788840207004927,-0.28327858798299854,0.31089883324342105,-0.7169261561726863,0.0003263839493704568,0.49170673075227467,0.7989667980137714,True
96,Spruce,6,1,169.93139850273187,-1.5219590617648036,4.339799258049129,-3.3526709561866834,742.5213541233821,1.8377743766410835,2.9094975468411084,2.5921754218707824,-3024.880132673914,3364.742929679378,-9.429263999985187,6.385345876455579,-8.178758303910996,16.858356820009252,-14.505901610950254,7.800559698576887,True
97,Alder,92,23,2.1524760160504663,0.172479074430194,-1.2114921420862572,0.9851577823622987,1.166694418606162,0.2814404432292306,0.46335988372929654,0.12461702319422169,-0.16608397740065284,4.471036009501585,-0.386824665952848,0.7317828148132359,-2.132322542790837,-0.29066174138167733,0.7375076351829912,1.2328079295416061,True
97,Aspen,53,13,0.8408166002632228,0.45890929937094405,-0.9049655397110629,0.8969127137715083,0.45946115547412936,0.2766879863928524,0.4015946261420827,0.16977523783155055,-0.08250516020037513,1.7641383607268208,-0.09711602649528417,1.0149346252371723,-1.712000155770367,-0.0979309236517587,0.555736599947497,1.2380888275955195,True
97,Birch,96,24,0.5829358243921032,-0.7694924086582992,0.7854696621285155,0.4358904422240104,0.6373198212797683,0.5191793874068036,0.7157597933488566,0.28321412503769994,-0.6828363521733842,1.8487080009575907,-1.8006274860300215,0.26164266871342334,-0.6360910696654172,2.207030393922448,-0.12659725628065188,0.9983781407286727,True
97,Oak,71,18,0.08815854935013304,-0.3277992442572999,0.9776535456726441,0.5914880573850286,0.044287107001247245,0.2224798697783363,0.34229349095496203,0.11208233978631589,-0.00023888619996864646,0.17655598490023472,-0.7718709229373192,0.1162724344227194,0.29443287819805763,1.6608742131472305,0.36777077083284027,0.815205343937217,True
97,Pine,365,91,1.9878442629377606,-0.2001633171439891,-0.13170460070155418,0.6054057623742322,0.32936381386086927,0.15067488356616449,0.1831148214113398,0.07654513498390977,1.3401315210958473,2.635557004779674,-0.49647407702174967,0.09614744273377146,-0.49181035020059605,0.22840114879748766,0.45487538481420375,0.7559361399342606,True
97,Spruce,6,1,3758.450588656329,1.0210175846987637,-0.5729719152349821,-2.0914896123331728,24014.519174756286,2.0081880332482513,1.892515454937102,3.1845798066186823,-99567.68589094914,107084.5870682618,-7.619518138299951,9.661553307697478,-8.71580870341224,7.569864872942276,-15.793630610216258,11.610651385549911,True
98,Alder,92,23,2.3045461146471653,0.2122241504080215,-1.1796585985173278,0.9019623601486652,1.1874424942105881,0.2609908047601327,0.4316531334158798,0.12488991639665502,-0.05524631916738043,4.664338548461711,-0.3064402307059206,0.7308885315219635,-2.037478495677322,-0.3218387013573335,0.6537698950739806,1.1501548252233498,True
98,Aspen,53,13,1.1902672598059267,0.5085466791326025,-0.8654262689936912,0.7127566764925247,0.6487278044779516,0.2908655379050872,0.42080211068940115,0.15575732888448668,-0.11340007171018396,2.4939345913220374,-0.07596950317573692,1.093062861440942,-1.711059770366829,-0.019792767620553375,0.39975060536486545,1.025762747620184,True
98,Birch,96,24,0.3992768349037543,-0.9699356492129815,0.9308934856219548,0.6056893836612028,0.4324204813147164,0.5084851715573118,0.6657500043260189,0.25637460909977305,-0.45954756620482573,1.2581012360123345,-1.9798310908155061,0.03995979238954328,-0.391343488480107,2.2531304597240167,0.0965072805144489,1.1148714868079568,True
98,Oak,71,18,0.07503155896186393,-0.3595278256643101,0.9936085419192658,0.6538663570250558,0.03664107231760101,0.19056862687513398,0.3060512365383057,0.1281851777328898,0.0018956725154872928,0.14816744540824056,-0.7399043969222071,0.02084874559358696,0.38272771702903574,1.604489366809496,0.3980076714079904,0.9097250426421212,True
98,Pine,365,91,1.820673504729369,-0.25727687482563844,-0.1348326829100509,0.6772682517758498,0.3116625289328051,0.14367419849527166,0.1731506431627838,0.07570587673872034,1.20777135018447,2.433575659274268,-0.5398203878741672,0.025266638222890325,-0.4753433070736178,0.20567794125351602,0.5283883234644287,0.826148180087271,True
98,Spruce,6,1,8474.873517902188,2.8943454109328624,-3.395624548957496,-1.2876020782016688,69697.32432091427,3.92891248705701,4.133821240270676,3.3446736998019246,-291408.5092239969,308358.2562598012,-14.010400626240239,19.799091448105962,-21.18202179248401,14.39077269456902,-15.678571502597315,13.103367346193977,True
99,Alder,92,23,2.7916126416933578,0.3737720543579994,-1.6210892628484073,1.0852642542955109,1.3600054128178767,0.25283127113183945,0.4198227496015915,0.11598961910314713,0.08888766868486142,5.494337614701854,-0.1286769682746865,0.8762210769906853,-2.455398758157204,-0.7867797675396108,0.8547592598261988,1.315769248764823,True
99,Aspen,53,13,0.9525966363987486,0.6046051288517604,-0.9037965385871827,0.737078137203892,0.40089980709790257,0.21146244191717803,0.30321619275395045,0.12142022441994495,0.14695831148491456,1.7582349613125827,0.1796554419921193,1.0295548157114016,-1.5131322910421279,-0.2944607861322375,0.49307506092289566,0.9810812134848884,True
99,Birch,96,24,0.5191818892566833,-0.8601950747398104,0.8641116273759699,0.49041656003176226,0.5773082806181333,0.5254109021478718,0.7181333100000409,0.2830151547739835,-0.6274021875415745,1.665765966054941,-1.9037064782726476,0.18331632879302684,-0.5621631133619354,2.290386368113875,-0.07167596635465256,1.0525090864181772,True
99,Oak,71,18,0.061861519697920364,-0.3955208758876296,0.9976069436450806,0.7449550294603899,0.030246697615853867,0.18033092558481248,0.2948123432274636,0.1252694461423513,0.0014888585749990371,0.1222341808208417,-0.7554629098440293,-0.03557884193122984,0.40915904369329037,1.5860548435968709,0.49491616845613484,0.994993890464645,True
99,Pine,365,91,1.9065307613139717,-0.15524549752620465,-0.1677118802391817,0.6071026280609004,0.3267101916972633,0.15335569848286076,0.18376061243131783,0.07582649730599995,1.2640365189400287,2.5490250036879147,-0.45682823297319863,0.14633723792078934,-0.5290876146442871,0.19366385416592374,0.4579854925182434,0.7562197636035575,True
99,Spruce,6,1,0.14299082081632727,-2.2671728915989084,0.15480634441252789,3.2286584037388057,0.9467826041194148,2.5606829000328593,2.2218348884822414,3.4027779897146173,-3.9306859352268946,4.216667576859549,-13.284902161311523,8.750556378113705,-9.404977603449712,9.714590292274767,-11.412313602256743,17.869630409734356,True
100,Alder,92,23,1.7103308069426626,0.10613723317602004,-1.1386373739419688,1.0473404426144137,0.9031754584951472,0.26700058226015144,0.4389865653033196,0.12522150265217571,-0.08454062788898775,3.505202241774313,-0.42447031785359973,0.6367447842056398,-2.0110309259663017,-0.26624382191763574,0.7984890195348155,1.296191865694012,True
100,Aspen,53,13,1.2986804768344544,0.7434946892534262,-1.0739687378115437,0.667963340545373,0.5409300859389494,0.23849130468383772,0.33435969089222234,0.11965062177320733,0.2116407711133501,2.3857201825555587,0.26422846909014125,1.2227609094167111,-1.7458896929227405,-0.4020477827003467,0.4275164139228189,0.908410267167927,True
100,Birch,96,24,0.48883264585379055,-0.7171405568335351,0.6807896274155502,0.5644774698806214,0.523681185242889,0.48889426700757216,0.6558187767734466,0.2611677088698204,-0.5512433906018612,1.5289086823094424,-1.6881267709731262,0.25384565730605624,-0.6217230715338197,1.98330232636492,0.045775856864794906,1.0831790828964478,True
100,Oak,71,18,0.07835609798103647,-0.40895648500458665,1.0399846361663252,0.6532630052206885,0.037465927368557715,0.20144313215918183,0.3465552011417362,0.10837651730005511,0.003573793962090288,0.15313840199998266,-0.8110386596553354,-0.006874310353837898,0.34825755955650284,1.7317117127761477,0.43694257130961145,0.8695834391317655,True
100,Pine,365,91,1.74937011173336,-0.1067239276411195,-0.21458713416118513,0.6327272517835251,0.30396688679521594,0.14314787811441673,0.1730871035069764,0.07714206428840985,1.151601876761294,2.347138346705426,-0.3882324016154565,0.17478454633321755,-0.5549728039644164,0.12579853564204607,0.4810229786702139,0.7844315248968363,True
100,Spruce,6,1,86.10236162100757,0.1366153086351399,-0.5089074323316763,-0.19814073888203038,838.7583407798311,2.9926301850406563,2.6350189469977203,4.611780102591364,-3522.7835028907393,3694.988226132755,-12.73963312600111,13.012863743271389,-11.84647889743247,10.828664032769117,-20.041028986055117,19.644747508291054,True
101,Alder,92,23,2.8982806518668784,0.26548220857962285,-1.3615570681899671,0.9348922217960588,1.4956501564242621,0.2514570260825622,0.41324756624847075,0.11878927800522443,-0.07400974532821003,5.870571049061967,-0.23423579079483992,0.7652002079540856,-2.1827997682617,-0.5403143681182342,0.6988234935656642,1.1709609500264535,True
101,Aspen,53,13,1.2657931255575245,0.5274932588603191,-0.8953599454073059,0.7037045043674087,0.6593160341401694,0.28035216857382556,0.40755146594109537,0.1524199500706643,-0.05915205009281621,2.5907383012078653,-0.035895516781123016,1.0908820345017611,-1.714365279218252,-0.07635461159635992,0.3974051470609266,1.010003861673891,True
101,Birch,96,24,0.27281097709001245,-1.1630187486556005,1.2729358971527378,0.5937844464668721,0.349187946346645,0.5649901774109596,0.7748998028505548,0.30802032780854177,-0.4207064251933246,0.9663283793733495,-2.2851380092232985,-0.040899488087902336,-0.2660819982968774,2.811953792602353,-0.017970511936474365,1.2055394048702186,True
101,Oak,71,18,0.11897593812152511,-0.20637276721871586,0.797870800794664,0.5515299895681363,0.05831201824581123,0.20951094604896672,0.3210357239625117,0.1080023052113608,0.002584662562810397,0.23536721368023983,-0.6245583657921966,0.21181283135476484,0.15708081382493178,1.4386607877643962,0.33595648611227036,0.7671034930240022,True
101,Pine,365,91,1.9047824202697419,-0.07226995516812094,-0.3043961435184977,0.6475015519968621,0.31920740932675223,0.1465696117655359,0.17965119211789052,0.0777216635702999,1.2770428277271848,2.532522012812299,-0.3605074636986201,0.21596755336237816,-0.6576904682891032,0.04889818125210782,0.4946574638090231,0.8003456401847011,True
101,Spruce,6,1,8474.873517900387,2.8943454109327655,-3.3956245489574157,-1.2876020782015947,69697.32303192186,3.928912427600122,4.13382120630447,3.3446736493006077,-291408.50367791194,308358.25071371277,-14.010400370417994,19.799091192283523,-21.182021646339138,14.390772548424307,-15.67857128530761,13.103367128904422,True
102,Alder,92,23,2.3992644072603357,0.39310206149388277,-1.4412233847091744,0.9616018523016915,1.4278431455363674,0.2757399648548028,0.4650979599207396,0.1392448941841306,-0.4382738044327428,5.236802618953414,-0.15487317599096956,0.941077298978735,-2.3655078466133137,-0.5169389228050354,0.6848818853600802,1.2383218192433028,True
102,Aspen,53,13,0.5212072915190823,0.17070745085688885,-0.604861087056306,1.020190626499756,0.37729943954496026,0.3375060231831653,0.4720459617902168,0.1942066298331549,-0.2370043191732104,1.279418902211375,-0.5075362957139672,0.8489511974277449,-1.553472962656781,0.34375078854416885,0.6299177923007233,1.4104634606987887,True
102,Birch,96,24,0.4643521646216824,-0.4055329978696257,0.2597153335202284,0.690584010678124,0.4523004280506053,0.4505992510903878,0.6134279228827901,0.22083462413865879,-0.43395552668076387,1.3626598559241287,-1.3004620048886715,0.48939600914942005,-0.958605470553034,1.478036137593491,0.2519873853672881,1.12918063598896,True
102,Oak,71,18,0.0848762287649216,-0.3640930729823862,0.9970574888747193,0.6212427233989445,0.04071246736129122,0.18665960900823586,0.30433551148669047,0.11700527103045531,0.0036138037988021066,0.16613865373104109,-0.7366672119219204,0.008481065957148037,0.3896012655207237,1.604513712228715,0.3876992249571617,0.8547862218407273,True
102,Pine,365,91,1.9315068883855282,-0.18845306390726466,-0.22151377369479777,0.6757246513492144,0.32315003430814454,0.15061479475631243,0.18177519836284814,0.07717183826688087,1.2960138987505063,2.56699987802055,-0.48464565571025386,0.10773952789572452,-0.578985077995984,0.13595753060638846,0.5239618260075788,0.8274874766908501,True
102,Spruce,6,1,0.14299082081627346,-2.2671728915990554,0.1548063444125911,3.228658403738989,0.9467826041168922,2.5606829000271043,2.221834888480667,3.4027779897085186,-3.9306859352160948,4.216667576848642,-13.284902161286908,8.750556378088799,-9.404977603442873,9.714590292268056,-11.41231360223032,17.869630409708297,True
103,Alder,92,23,2.243511415152537,0.21280718253746497,-1.187630723827627,0.9205151461118215,1.275090029299378,0.2650498735718937,0.44120101781278415,0.1334878802367329,-0.29046207682139524,4.777484907126469,-0.313923744886742,0.739538109961672,-2.064425034880169,-0.3108364127750849,0.6552360346395654,1.1857942575840776,True
103,Aspen,53,13,1.3664495194325799,0.7312807488568297,-1.0786926800300203,0.671143254006268,0.6017824986432254,0.23301040443743448,0.3367565543175617,0.11158952865978478,0.15712231202139382,2.575776726843766,0.26302881010589224,1.1995326876077672,-1.7554303125275599,-0.40195504753248057,0.4468957004886409,0.895390807523895,True
103,Birch,96,24,0.3516371917564127,-0.9805541694634948,0.939888198800558,0.6549573540199131,0.3952323203666893,0.5078207191223378,0.661084371390092,0.2647855219483988,-0.4333283117407144,1.13660269525354,-1.9891299511766531,0.028021612249663375,-0.3730824255675428,2.252858823168659,0.12907045195143507,1.180844256088391,True
103,Oak,71,18,0.1007271985253323,-0.32614510223637205,0.9623567314562365,0.566413722381719,0.04593489043844345,0.18000785005897285,0.29084467037859757,0.11708359497702332,0.009040773468962468,0.1924136235817021,-0.6854422747442148,0.03315207027147066,0.38182833965682206,1.5428851232556509,0.3327138886882663,0.8001135560751718,True
103,Pine,365,91,1.7230541482555242,-0.11861397722090627,-0.2499598131602539,0.6756191250641717,0.30089009845518033,0.14892480671015368,0.17889866090517986,0.07727324308439844,1.1313365931940131,2.314771703317035,-0.4114831110573809,0.17425515661556834,-0.6017742423424741,0.10185461602196638,0.5236568813601471,0.8275813687681962,True
103,Spruce,6,1,0.14299082081632986,-2.2671728915989102,0.1548063444125477,3.228658403738784,0.9467826041175635,2.56068290002882,2.2218348884816823,3.402777989708195,-3.9306859352189267,4.216667576851586,-13.284902161294145,8.750556378096324,-9.404977603447286,9.71459029227238,-11.412313602229132,17.8696304097067,True
104,Alder,92,23,2.3190177443573523,0.33769327331438376,-1.4889222501468111,1.069447762453526,1.2603017610209324,0.27063258518096733,0.44952565433809843,0.1325566811132153,-0.18556717194842065,4.823602660663125,-0.2001321203088106,0.8755186669375781,-2.382260026994514,-0.5955844732991087,0.8060192135615759,1.3328763113454758,True
104,Aspen,53,13,1.1707911916908653,0.5361867372759157,-0.8851654728372901,0.7128270380794146,0.627888842536151,0.3018522668583742,0.43193937668934973,0.15380285356771073,-0.09099867793952399,2.4325810613212546,-0.07040810347400017,1.1427815780258315,-1.753180148173246,-0.01715079750133408,0.40374863214992857,1.0219054440089006,True
104,Birch,96,24,0.4033491603738125,-0.7783655334089987,0.6869703289214113,0.6714147423959645,0.5049612184662631,0.5497258811772897,0.7474044247703643,0.2815828736511102,-0.599547406213003,1.4062457269606279,-1.8701685840891167,0.31343751727111924,-0.7974393723437394,2.171380030186562,0.11216684994971571,1.2306626348422134,True
104,Oak,71,18,0.15026608589188162,-0.10518569735787517,0.655042508024011,0.5141657583067889,0.07110051783189729,0.2178540439723038,0.3398869862348747,0.10963984499649759,0.008348858323890096,0.29218331345987314,-0.5400241890847878,0.3296527943690374,-0.02337475592527971,1.3334597719733017,0.29532371175974115,0.7330078048538367,True
104,Pine,365,91,2.04910233262223,-0.14312551446843508,-0.1802999010384866,0.5843713636967596,0.34192412435046765,0.15046624094479782,0.181908220246756,0.0760309395508117,1.3766890231914313,2.721515642053029,-0.4390259667208183,0.15277493778394813,-0.538032800467993,0.17743299839101978,0.4348521808090009,0.7338905465845182,True
104,Spruce,6,1,8474.873517900212,2.894345410932742,-3.395624548957381,-1.2876020782016004,69697.32442344456,3.928912500194561,4.1338212550348326,3.3446736963949655,-291408.50966515107,308358.25670095155,-14.010400682766678,19.799091504632162,-21.182021856008937,14.390772758094174,-15.678571487938285,13.103367331535082,True
105,Alder,92,23,2.5090532064018145,0.39548119769329565,-1.5658652293754527,1.0521008156830065,1.2856217796807947,0.25395236797855464,0.4242372410973723,0.12748565365055956,-0.04584992636403884,5.063956339167667,-0.10919576934036151,0.9001581647269528,-2.4089475988921976,-0.7227828598587076,0.7987498682718728,1.3054517630941402,True
105,Aspen,53,13,1.085921642048813,0.5316651929057566,-0.8788138555735355,0.7321417790893092,0.6113203769339166,0.30302345052139,0.44527672467794793,0.15525890155460442,-0.14257264939009873,2.314415933487725,-0.07728322953148614,1.1406136153429993,-1.773630935156354,0.01600322400928289,0.42013733518128976,1.0441462229973286,True
105,Birch,96,24,0.4527150939945209,-0.7102111355659531,0.5966329694364113,0.6586013284561443,0.4881655436184689,0.4963741564162076,0.6589782318350269,0.2538771181839533,-0.5168238125931303,1.4222540005821722,-1.6960530557123428,0.27563078458043677,-0.7121546799797852,1.9054206188526077,0.15437945784400964,1.162823199068279,True
105,Oak,71,18,0.0740688938789669,-0.31773552704573826,0.9293854007277266,0.681272252614081,0.03329004734823998,0.17143579035319015,0.28022118885668024,0.11339245864102362,0.0076216812659822275,0.14051610649195156,-0.6599227967696351,0.024451742678158528,0.37006156679489255,1.4887092346605606,0.4549399578831299,0.907604547345032,True
105,Pine,365,91,1.9371958252294266,-0.06409022224217308,-0.27756562953939207,0.6144519972701404,0.32466694882614755,0.14829929773773506,0.17876504658345552,0.07704668540682556,1.2987197366009902,2.575671913857863,-0.35572925697691965,0.22754881249257347,-0.6291172985305065,0.07398603945172239,0.46293529217221197,0.7659687023680689,True
105,Spruce,6,1,86.10236162101228,0.13661530863515894,-0.5089074323316894,-0.19814073888205136,838.758340598146,2.992630184573113,2.6350189469879868,4.611780101574324,-3522.783502109007,3694.9882253510314,-12.739633123989414,13.012863741259732,-11.846478897390604,10.828664032727225,-20.041028981679165,19.64474750391506,True
106,Alder,92,23,1.8435704009016018,0.04441490511410789,-1.0305642781316482,0.9825240700528136,0.9277812150848987,0.25525792518243495,0.4229076833059958,0.11621983492118813,-0.00019980461736435196,3.687340606420568,-0.46285658251877787,0.5516863927469936,-1.8710044309248834,-0.19012412533841294,0.7515615700215849,1.2134865700840423,True
106,Aspen,53,13,1.2928449491300325,0.693684560868985,-0.9762901332415321,0.631342262965542,0.5269170799066469,0.2317789004438705,0.33176359853238874,0.11238004864010326,0.23396543332918585,2.351724464930879,0.2279074220479395,1.1594616996900304,-1.6429940454331071,-0.30958622104995714,0.40550610007101096,0.857178425860073,True
106,Birch,96,24,0.6587926503436401,-0.77059700148377,0.7980891758122286,0.39096242015609295,0.6747561055390845,0.49874293480785026,0.6924970638340926,0.27839416733344197,-0.6813312181467681,1.9989165188340483,-1.7611435199816907,0.21994951701415089,-0.577269767197496,2.173448118821953,-0.16195242630385942,0.9438772666160453,True
106,Oak,71,18,0.07298789641703837,-0.30639934931333834,0.9534457390561445,0.6469431724507152,0.035233284351031645,0.17950912932639804,0.2948191891137142,0.11267067699589342,0.0026619665126304676,0.1433138263214463,-0.6647010710726361,0.05190237244595941,0.3649841746582073,1.5419073034540816,0.4220515599132262,0.8718347849882042,True
106,Pine,365,91,1.7839013264682653,-0.06882475842457025,-0.3441684886662792,0.6983355265057243,0.30528415866882763,0.15167242502811237,0.18479869964556078,0.0793192706726923,1.1835426011596724,2.384260051776858,-0.36709724053236364,0.22944772368322314,-0.7075856808378786,0.019248703505320208,0.5423496527508957,0.8543214002605528,True
106,Spruce,6,1,0.1429908208163207,-2.2671728915989267,0.1548063444125347,3.2286584037388293,0.9467826041185373,2.5606829000309443,2.22183488848168,3.4027779897118826,-3.930685935223125,4.216667576855767,-13.284902161303302,8.750556378105449,-9.40497760344729,9.714590292272359,-11.412313602244954,17.86963040972261,True
107,Alder,92,23,2.384511268707425,0.26988944010485966,-1.34259973776568,0.9860994510539255,1.3316846670063605,0.2724423647605558,0.4527176042681727,0.12816280725435858,-0.2619321731853854,5.030954710600236,-0.2715325101344293,0.8113113903441487,-2.2422808443584676,-0.44291863117289243,0.7314028031490281,1.240796098958823,True
107,Aspen,53,13,1.3250610945030012,0.4952050792290888,-0.862603634902498,0.6871775180353564,0.78449816129543,0.3180763335841759,0.46381524068750335,0.15445908724586122,-0.2514469840097151,2.9015691730157176,-0.14399324425853072,1.1344034027167083,-1.794675257191243,0.06946798738624693,0.37678036115648894,0.9975746749142239,True
107,Birch,96,24,0.609258706683205,-0.25990876151543113,-0.007015119631950611,0.7212261951387489,0.5904484805990701,0.44499612268990496,0.5947966802525464,0.21884832388307154,-0.5634229414991928,1.7819403548656028,-1.1437094718861576,0.6238919488552954,-1.1883326676494894,1.1743024283855883,0.2865745335868913,1.1558778566906065,True
107,Oak,71,18,0.0765048173288999,-0.4540346045152606,1.1584910140338074,0.5947836500847402,0.033576213192603954,0.1775394799530315,0.2883344832058882,0.10808718759382892,0.009486415299928039,0.14352321935787177,-0.808404889670818,-0.09966431935970316,0.582972976801288,1.7340090512663267,0.37904072068435835,0.8105265794851221,True
107,Pine,365,91,1.6934277093592924,-0.15106413611518457,-0.21904218597589925,0.6795064955040638,0.29488549868087954,0.14429069494177713,0.17408613086211838,0.07678064306628385,1.1135185425292786,2.2733368761893065,-0.434820024618749,0.13269175238837985,-0.5613925001029524,0.12330812815115388,0.5285129778559599,0.8305000131521678,True
107,Spruce,6,1,86.10236162101232,0.136615308635155,-0.5089074323316791,-0.19814073888205758,838.7583406511652,2.9926301847058636,2.635018946985526,4.6117801018781766,-3522.7835023371304,3694.988225579155,-12.739633124560598,13.012863741830909,-11.846478897380006,10.828664032716649,-20.041028982986543,19.64474750522243,True
108,Alder,92,23,1.540351947081632,0.14898546574380145,-1.0854220564175758,0.9941464380882562,0.873196536061973,0.2718580371719065,0.4563435159633626,0.13389218179340984,-0.19494267904001128,3.275646573203275,-0.3912752562008235,0.6892461876884264,-1.992308900572987,-0.17853521226216462,0.7280638622300805,1.2602290139464318,True
108,Aspen,53,13,0.8360155151876224,0.28382034675898016,-0.5713370430878973,0.7486678667674966,0.5709818604878167,0.3269115642037978,0.4742557614342872,0.17617254233790341,-0.3114154924986764,1.9834465228739213,-0.37313303739615744,0.9407737309141178,-1.5243896773321133,0.3817155911563185,0.3946358882231434,1.10269984531185,True
108,Birch,96,24,0.5033546846868241,-0.7925580386953253,0.7079019636649404,0.5946071849511271,0.5659903146879195,0.5203348432234837,0.6911949427033914,0.2591487271323836,-0.620750934841717,1.627460304215365,-1.8259879510543977,0.24087187366374718,-0.6648708543840856,2.0806747817139666,0.07991544393819794,1.1092989259640562,True
108,Oak,71,18,0.06609017721688562,-0.4194706854410524,1.0100804863634103,0.7388177130163496,0.03120510700130019,0.17872808251464262,0.2922549814648719,0.12531363443694626,0.003804522954037187,0.12837583147973405,-0.7762134312392015,-0.0627279396429033,0.4267371018540179,1.5934238708728028,0.4886906518069328,0.9889447742257664,True
108,Pine,365,91,2.162068111240929,-0.2248267488612221,-0.10052185568447276,0.5709706484986479,0.35313075449054393,0.15062082907070487,0.18182075914584037,0.07544259990564517,1.467616323904044,2.856519898577814,-0.5210312074879356,0.07137770976549149,-0.45808275786627145,0.25703904649732595,0.4226084691087479,0.7193328278885478,True
108,Spruce,6,1,8474.873517900334,2.8943454109327527,-3.395624548957395,-1.2876020782016013,69697.32404893984,3.9289124878486583,4.13382125323663,3.3446736762252387,-291408.5080537872,308358.25508958794,-14.010400629646538,19.799091451512044,-21.18202184827191,14.390772750357117,-15.678571401154954,13.103367244751752,True
109,Alder,92,23,2.190851293890999,0.26308736012039885,-1.3787127841387306,1.0435461275763909,1.1614208288667351,0.2716579549224727,0.4570111046338539,0.1386692336415748,-0.11722854811967931,4.498931135901677,-0.2767757403977937,0.8029504606385913,-2.2869263204928854,-0.47049924778457575,0.7679701649965839,1.3191220901561977,True
109,Aspen,53,13,2.3383794190260843,0.812013244181016,-1.3373036746960647,0.6700994746337227,1.8908284207381953,0.41746723876302183,0.6202399830558362,0.15938453832269314,-1.4613825529495803,6.138141391001749,-0.026918581149872556,1.6509450695119043,-2.5837225857225325,-0.09088476366959708,0.3498042532391622,0.9903946960282831,True
109,Birch,96,24,0.7811549207893645,-0.1382366186907283,-0.08726517313940604,0.6108216799095145,0.7073571614070412,0.41827678905009796,0.5565768116944099,0.2126886036255541,-0.623717458678552,2.186027300257281,-0.9689704261213822,0.6924971887399255,-1.1926747631779593,1.0181444168991471,0.18840375447735902,1.0332396053416701,True
109,Oak,71,18,0.11559635387471821,-0.21405435975885678,0.7848867203839763,0.5794992202473176,0.05784957938403937,0.22345855062026085,0.34282730847514875,0.11904669428327187,0.0001281101473260826,0.23106459760211034,-0.660079493575282,0.23197077405756839,0.10060054867957224,1.4691728920883804,0.3418810239388115,0.8171174165558237,True
109,Pine,365,91,1.8628819029060883,-0.07429262035764886,-0.2724404168086176,0.6337210499968681,0.31734902126654646,0.14558474637263513,0.1752088147358735,0.07531858627827462,1.2387969365708615,2.486966869241315,-0.36059333487151557,0.21200809415621782,-0.6169985528623345,0.0721177192450993,0.48560275048456714,0.781839349509169,True
109,Spruce,6,1,8474.873517900482,2.8943454109327753,-3.395624548957431,-1.287602078201593,69697.32167487603,3.9289123493581832,4.133821148443287,3.3446736095558713,-291408.497839015,308358.2448748159,-14.010400033770093,19.799090855635644,-21.18202139738258,14.390772299467718,-15.67857111429981,13.103366957896625,True
110,Alder,92,23,2.5303090336747194,0.22876420823683524,-1.2792346796097525,0.9429087228922342,1.3138861697737856,0.26242348939664534,0.436068124748444,0.12768746573360756,-0.08076363505856943,5.141381702408008,-0.2927473325347478,0.7502757490084182,-2.145828444298269,-0.4126409149212359,0.6891567163738587,1.1966607294106097,True
110,Aspen,53,13,1.0500001806734087,0.36700335875841195,-0.6437016472756142,0.6734886495558655,0.5603354574792361,0.2967887493988162,0.4350462261252228,0.14984599845919222,-0.07603607916234822,2.176036440509166,-0.2294159626920047,0.9634226802088286,-1.5179597703033898,0.23055647575216132,0.37236184166936664,0.9746154574423644,True
110,Birch,96,24,0.3703894328957036,-1.0249027703992397,1.015393263895329,0.5926308621249842,0.4168864723460201,0.5178437380248061,0.685548933704834,0.26864967582736843,-0.4575830855527526,1.1983619513441597,-2.0533851328091326,0.0035795920106531653,-0.3461660929362793,2.376952620726937,0.05906941691089096,1.1261923073390774,True
110,Oak,71,18,0.05701568878843797,-0.4541379306457324,1.1221546925742854,0.7137777667021846,0.025773989662719456,0.18712887554217592,0.322408475147255,0.11758721315686263,0.005570590105088306,0.10846078747178764,-0.8276487295072754,-0.08062713178418934,0.47862468277180725,1.7656847023767634,0.47907270691453363,0.9484828264898356,True
110,Pine,365,91,2.0213020720155095,-0.0714441974989504,-0.3316487984099612,0.6545650131139195,0.33172813020971076,0.14763414318051074,0.17979954185867186,0.07581902854429601,1.3689397671055152,2.6736643769255037,-0.36177516782626207,0.21888677282836125,-0.6852348614144264,0.021937264594503902,0.505462565317511,0.8036674609103279,True
110,Spruce,6,1,8.500495513225147,-0.26117217952055666,-0.8031514829718849,1.1039864491509546,55.04154186175826,2.1162156560429315,2.273507097462229,3.3108297152387918,-228.32414482495352,245.3251358514038,-9.366513248619388,8.844168889578274,-10.585263001851295,8.978960035907527,-13.141364062680331,15.349336960982242,True
111,Alder,92,23,2.6594785476262324,0.3175282701543084,-1.4801075742109582,1.0302450248023571,1.4899801610629746,0.2712450080631909,0.452033818613525,0.1191460084769365,-0.30154392525372975,5.620501020506195,-0.22151418525571964,0.8565707255643364,-2.3784298005025475,-0.581785347919369,0.7934673697210527,1.2670226798836617,True
111,Aspen,53,13,0.49114836644167825,0.27555048116547015,-0.7632841848118418,1.088990434582701,0.3173394479951049,0.3006293979185192,0.42336659089298057,0.1981845566561343,-0.14656913001354666,1.128865862896903,-0.3285869124446587,0.879687874775599,-1.6140712020982009,0.0875028324745174,0.6907236571450968,1.4872572120203054,True
111,Birch,96,24,0.40783072899531186,-1.0031784470109752,0.9591235236235022,0.60073736367525,0.4783124498667413,0.5383019057770827,0.7118575126094692,0.2855747381097953,-0.5421390829123964,1.35780054090302,-2.0722924964635556,0.06593560244160512,-0.454686941789031,2.3729339890360355,0.033561283848483225,1.1679134435020169,True
111,Oak,71,18,0.06390992826444175,-0.4050390440881308,1.0203558163275244,0.7261818791612236,0.02959108501910362,0.1736640177996068,0.2918963585070172,0.1428188613266514,0.004845875361638129,0.12297398116724537,-0.7516738744097438,-0.05840421376651789,0.43772824623795525,1.6029833864170935,0.4411142388408471,1.0112495194816,True
111,Pine,365,91,1.7557626762575698,-0.06536122752393013,-0.23963808394154304,0.6140943504576464,0.31136579229000444,0.15162776210585852,0.18224473201835992,0.0792617064236438,1.1434440712600855,2.368081281255054,-0.3635458774455079,0.23282342239764764,-0.5980327529798375,0.11875658509675138,0.45822168008465325,0.7699670208306395,True
111,Spruce,6,1,3758.4505886566153,1.0210175846987855,-0.5729719152349891,-2.0914896123332083,24014.51900365185,2.0081880223381168,1.8925154542643103,3.1845797852748396,-99567.6851547459,107084.58633205913,-7.619518091357408,9.66155326075498,-8.715808700517458,7.56986487004748,-15.79363051838115,11.610651293714735,True
112,Alder,92,23,3.229072862235431,0.3411546020996848,-1.534406096817946,0.9930124626746238,1.7887076179855548,0.26755572116988857,0.4431306274361616,0.11870831316562529,-0.3256076581335643,6.783753382604426,-0.19055617085882898,0.8728653750581985,-2.415035101518107,-0.6537770921177853,0.7571046350493723,1.2289202902998755,True
112,Aspen,53,13,1.1692845373418892,0.485507373411573,-0.877174577946821,0.7418893115450095,0.7697723526186802,0.3593294364256631,0.5194774023247668,0.15873324296057187,-0.3776309207073276,2.716199995391106,-0.236592164001045,1.207606910824191,-1.9211035019068956,0.16675434601325367,0.42290291718222506,1.0608757059077938,True
112,Birch,96,24,0.5816270177332096,-0.7661729953656562,0.6498941611095727,0.5675455519439851,0.6442878072863684,0.5068522177198138,0.6596047460871278,0.2646494393453197,-0.6979841804966932,1.8612382159631125,-1.7728252496953134,0.24047925896400102,-0.6601377996900964,1.9599261219092416,0.041928921671457675,1.0931621822165125,True
112,Oak,71,18,0.09539594116629017,-0.3214566080828467,0.9478020003830573,0.5921264794383497,0.04843600499589765,0.21744188152455127,0.36742110939811284,0.11412040584891794,-0.0012827294411325157,0.19207461177371288,-0.7554724201208298,0.11255920395513636,0.21442639657918183,1.6811776041869329,0.36434119599915227,0.8199117628775472,True
112,Pine,365,91,1.8194197838516537,-0.14417003664799194,-0.19823966517508673,0.6333796485469374,0.31587337206525307,0.15254706696757758,0.1855084548874426,0.07755537155076637,1.1982367659088824,2.440602801794425,-0.4441625520590803,0.1558224787630964,-0.5630526315465505,0.1665733011963771,0.48086258310836727,0.7858967139855075,True
112,Spruce,6,1,8474.873517902717,2.894345410932891,-3.395624548957521,-1.28760207820169,69697.32409146818,3.928912468567303,4.133821221613231,3.344673699237987,-291408.50823676947,308358.25527257496,-14.010400546685423,19.799091368551206,-21.18202171220753,14.390772614292487,-15.678571500170907,13.103367343767527,True
113,Alder,92,23,1.6157498169421933,0.1883736958687919,-1.09519760850009,0.956667398121771,0.9999842186539641,0.2673187016448874,0.4576040371911975,0.13515732921016668,-0.3715086857799452,3.603008319664332,-0.3428660505899199,0.7196134423275038,-2.004589473715982,-0.18580574328419797,0.6880706076247571,1.225264188618785,True
113,Aspen,53,13,1.0846947808547862,0.4317422748531889,-0.6891831714588011,0.6524142307064901,0.581398579095797,0.27938660795812237,0.41134093989403203,0.14578818979853145,-0.08366940659825306,2.2530589683078253,-0.12970613408498882,0.9931906837913667,-1.5158037382873149,0.13743739536971256,0.35944189462146364,0.9453865667915164,True
113,Birch,96,24,0.3222655862648236,-0.9212426892691824,0.8435293173174306,0.7218852001884172,0.36620160154225084,0.5183577440174184,0.7057290177296808,0.27056059351689976,-0.4050424038038306,1.049573576333478,-1.9507459119478336,0.10826053340946873,-0.5581094282708498,2.245168062905711,0.18452850749832594,1.2592418928785083,True
113,Oak,71,18,0.1258072464578917,-0.27923074020116134,0.9057447870551675,0.5115309867560643,0.0561505759710362,0.2066394135325715,0.31750273621232,0.10675692957146163,0.013730227736371406,0.23788426517941202,-0.6916847358830619,0.1332232554807392,0.2720066731494868,1.5394829009608482,0.29844326348133676,0.7246187100307919,True
113,Pine,365,91,1.7630180076129394,-0.26637821877521345,-0.026178125136802614,0.60754159699236,0.30282633145781884,0.15238670824995898,0.18571483447254025,0.07717676630023919,1.16749273982099,2.3585432754048887,-0.5660553796139538,0.033298942063526904,-0.3913969487436343,0.33904069847002904,0.45576908039180614,0.7593141135929138,True
113,Spruce,6,1,0.1429908208162704,-2.267172891599061,0.154806344412587,3.2286584037390043,0.9467826041176036,2.5606829000295455,2.2218348884818777,3.4027779897100543,-3.9306859352191585,4.216667576851699,-13.284902161297419,8.750556378099295,-9.404977603448089,9.714590292273261,-11.41231360223691,17.86963040971492,True
114,Alder,92,23,2.5078348048217114,0.3279813165795615,-1.3685751710825513,0.9444792966240423,1.4701155797880214,0.26693900136796184,0.44840973251662397,0.14177021206224016,-0.4137109870214215,5.429380596664844,-0.2025038553671426,0.8584664885262656,-2.259695287804494,-0.4774550543606091,0.6627407910577869,1.2262178021902976,True
114,Aspen,53,13,1.5607119102497686,0.5625118565531051,-0.9836114532173343,0.6880792704217015,0.8728003781063866,0.3102633209271245,0.4574447047880403,0.1441289545482019,-0.19324611654986312,3.3146699370494,-0.06098563017152647,1.1860093432777368,-1.9028810043152755,-0.06434190211939328,0.3984412924083092,0.9777172484350938,True
114,Birch,96,24,0.48657839897507843,-0.8056047670435833,0.8410677376177454,0.4838891568604571,0.5300304452026599,0.527486814895499,0.7092422071083958,0.2894040992461474,-0.5661078158094399,1.539264613759597,-1.8532391124796674,0.24202957839250083,-0.567548505324459,2.24968398055995,-0.09089236472188311,1.0586706784427973,True
114,Oak,71,18,0.07579095157738523,-0.3737893543065015,1.0575641730241752,0.6060108457383198,0.03594587015654265,0.17946020330896112,0.2933296178821889,0.11478291647581425,0.004042694452217513,0.14753920870255294,-0.731993419326266,-0.015585289286737025,0.4720758052482782,1.6430525408000722,0.3769031855532067,0.8351185059234328,True
114,Pine,365,91,2.000151067573009,-0.18531616795295863,-0.17183894761695742,0.6178494003835938,0.3264527541275333,0.1485919194894922,0.17840368599992823,0.07536319683726544,1.3581630908758822,2.6421390442701362,-0.47753066006698264,0.10689832416106537,-0.5226799803921307,0.17900208515821583,0.46964337166042314,0.7660554291067645,True
114,Spruce,6,1,8474.873517900069,2.894345410932743,-3.3956245489573913,-1.2876020782015865,69697.32389719055,3.9289124641297506,4.133821223924096,3.344673686561911,-291408.507400863,308358.2544366631,-14.010400527592324,19.79909134945781,-21.182021722150253,14.390772624235469,-15.678571445630052,13.103367289226878,True
115,Alder,92,23,2.3002474168988605,0.2705735845381891,-1.40468058971592,1.044367715134003,1.2113787260071536,0.26343915892512537,0.439237297339029,0.13168644005027222,-0.1071132477672494,4.70760808156497,-0.2529563859933602,0.7941035550697384,-2.277572418973607,-0.5317887604582331,0.7826685874863997,1.3060668427816062,True
115,Aspen,53,13,0.9297938621702762,0.41390932452956736,-0.8020110845493071,0.8021613101882267,0.5274533959367748,0.3109110931633239,0.44226278815699227,0.15223788894158766,-0.1301634210439908,1.9897511453845431,-0.21088990924023038,1.0387085582993651,-1.6907714319333336,0.08674926283471929,0.4962278184183808,1.1080948019580725,True
115,Birch,96,24,0.32438661527012363,-0.746538022823499,0.7076486626263636,0.688492816469153,0.3233198112633845,0.4579381506543747,0.6129155759107917,0.22540113461813854,-0.3177544378793062,0.9665276684195534,-1.6560427178480577,0.16296667220105976,-0.5096545761362814,1.9249519013890086,0.24082670717880833,1.1361589257594975,True
115,Oak,71,18,0.05535338335104468,-0.34995257001736196,1.0514222296713236,0.678740649184345,0.02746210003812786,0.1803317349777266,0.29660953488489566,0.11365520435224304,0.0005388022558630648,0.11016796444622629,-0.7098962195287799,0.009991079494056032,0.4593871201575144,1.6434573391851328,0.45188391181881565,0.9055973865498743,True
115,Pine,365,91,1.87653807172636,-0.10122440047470273,-0.2790771909155541,0.660061821025094,0.3226583946671325,0.149094608798895,0.18165739829452074,0.07887429114923848,1.2420119195108628,2.5110642239418572,-0.3944274598119173,0.19197865886251186,-0.6363168346577035,0.07816245282659534,0.5049510249049978,0.8151726171451903,True
115,Spruce,6,1,169.93139850272485,-1.521959061764826,4.3397992580491564,-3.3526709561866763,742.5213537851697,1.8377743763413155,2.909497546916718,2.5921754208498955,-3024.88013121871,3364.7429282241596,-9.429263998695411,6.3853458751657595,-8.17875830423629,16.858356820334603,-14.505901606557725,7.800559694184372,True
116,Alder,92,23,2.822631843420275,0.4325750149997032,-1.6771974308442315,1.090706188045482,1.593713354937535,0.28150683057374426,0.4653607545661463,0.12440503342736552,-0.34453855429316826,5.989802241133718,-0.1268606562802438,0.9920106862796502,-2.602004141883719,-0.7523907198047438,0.8434773259812958,1.3379350501096683,True
116,Aspen,53,13,1.1780705821889699,0.4912602598598606,-0.8784281942892745,0.7400857551006529,0.6236514752401686,0.28780147775155773,0.4163600116222648,0.15193455257018415,-0.07520397905279208,2.4313451434307316,-0.08709846303887164,1.069618982758593,-1.7151349633762205,-0.04172142520232869,0.43476184059130013,1.0454096696100057,True
116,Birch,96,24,0.7007954649357595,-0.23636325155797325,-0.036271773733024905,0.6683812355994908,0.6494222035028016,0.4279730726799274,0.5611180746825966,0.22088908307452773,-0.5890130873654069,1.990604017236926,-1.0863547152311086,0.613628212115162,-1.1507007040540922,1.0781571565880423,0.22967645014128985,1.1070860210576918,True
116,Oak,71,18,0.07337690876359854,-0.41183241438065976,1.0707956054464938,0.6392752563801167,0.03602459863174164,0.18612989614836348,0.30157925526733936,0.11211985421189731,0.0014715089442339652,0.1452823085829631,-0.7833492420266541,-0.040315586734665454,0.4688408925321571,1.6727503183608303,0.41548309072107137,0.8630674220391621,True
116,Pine,365,91,1.95634271670265,-0.1260441375498845,-0.25985421095001854,0.6488344776867353,0.3412102969502818,0.15839519831364537,0.1927588788883432,0.0796590423489502,1.2853331896034812,2.627352243801819,-0.43753733709627773,0.18544906199650876,-0.6389255500130359,0.11921712811299878,0.49218042353452346,0.8054885318389471,True
116,Spruce,6,1,3758.4505886567404,1.0210175846987974,-0.5729719152349964,-2.0914896123332225,24014.519182544194,2.0081880335526803,1.8925154548621062,3.184579807746972,-99567.6859244574,107084.58710177087,-7.619518139609769,9.661553309007363,-8.715808703089573,7.569864872619581,-15.793630615070946,11.610651390404499,True
117,Alder,92,23,2.0997851818793087,0.2905938381529847,-1.3332947577170038,0.9909351182396074,1.096664650024073,0.2535384812034229,0.42963560844492044,0.13017072473058078,-0.07960536223215264,4.27917572599077,-0.21326061588726553,0.7944482921932349,-2.187105247950167,-0.47948426748384076,0.7322481562847962,1.2496220801944187,True
117,Aspen,53,13,1.1931269801363082,0.5465999130895027,-0.9615816600833833,0.7611857091676689,0.6200165655339831,0.2835398828559514,0.4038536231973718,0.15156394942815057,-0.052842956570702704,2.439096916843319,-0.02319481423634262,1.116394640415348,-1.7731559006857442,-0.15000741948102225,0.45660654955534913,1.0657648687799888,True
117,Birch,96,24,0.8383566748014634,-0.2616643188141344,0.05082075360390176,0.5633235874754533,0.7787918584423011,0.4274437016272977,0.5867596293056311,0.2191561056227011,-0.7083911790037324,2.385104528606659,-1.1106044058830518,0.5872757682547831,-1.1145345174993293,1.216176024707133,0.12806064482191004,0.9985865301289966,True
117,Oak,71,18,0.060183444212263515,-0.46978777868695965,1.1592385518289476,0.6766078121259664,0.027641683031584666,0.18788372616523513,0.31959887269503556,0.10630202443139218,0.0050104139619012444,0.11535647446262579,-0.8448052656981702,-0.09477029167574919,0.5213165319925895,1.7971605716653056,0.4644280833111065,0.8887875409408263,True
117,Pine,365,91,1.828301496263563,-0.022226860192865724,-0.30453154688869194,0.6183094652354212,0.3325909735575077,0.15583731592731861,0.18572365326641083,0.08025245334777233,1.1742423606543175,2.4823606318728086,-0.32868983800865714,0.28423611762292567,-0.6697677131570949,0.06070461937971111,0.4604884344788863,0.776130495991956,True
117,Spruce,6,1,3758.450588656618,1.021017584698784,-0.572971915234985,-2.091489612333211,24014.519183759843,2.0081880342428313,1.89251545529109,3.1845798071263287,-99567.68592968803,107084.58710700127,-7.619518142579263,9.661553311976832,-8.71580870493533,7.56986487446536,-15.793630612400522,11.6106513877341,True
118,Alder,92,23,1.8402192061968978,0.14754403755353834,-1.0936125278183282,0.9518049022368877,1.0410606148156651,0.2754436429645265,0.4610558416899811,0.13405577461589918,-0.22867000230117918,3.909108414694975,-0.39984232244204027,0.694930397549117,-2.0098641291300314,-0.17736092650662483,0.6853972200206198,1.2182125844531557,True
118,Aspen,53,13,0.8944419541429061,0.4603208817658573,-0.8409987866141443,0.8216975590174921,0.5066286419428323,0.29982621412442506,0.44198444440211077,0.17059189064313043,-0.12366641912582588,1.912550327411638,-0.14220245358079642,1.062844217112511,-1.7291997812809514,0.04720220805266273,0.47888031992599794,1.1645147981089863,True
118,Birch,96,24,0.4663420995719364,-0.6589427468047924,0.602655338104647,0.6065602688078348,0.5075664973918543,0.49632828989880895,0.6634481815578693,0.26774209721553155,-0.541728775840837,1.47441297498471,-1.6446935720885705,0.32680807847898585,-0.7150100172935464,1.9203206935028403,0.07480135305626834,1.1383191845594012,True
118,Oak,71,18,0.07578319398159064,-0.35038706043792794,1.0120974716887228,0.6215722214635655,0.0381822037033433,0.19281223698257063,0.3128222563255282,0.11476629738132622,-0.00042880358537818186,0.15199519154855945,-0.7352418962134442,0.03446777533758821,0.38770163473792596,1.6364933086395195,0.3924977331298869,0.8506467097972441,True
118,Pine,365,91,1.8468024517876702,-0.054033676726024216,-0.373442236410926,0.7018329397010366,0.3120998081398716,0.14810696565908169,0.1847128967822558,0.08114376157870494,1.2330403627197906,2.46056454085555,-0.34529447944873387,0.23722712599668544,-0.7366906923537403,-0.010193780468111702,0.5422591004276331,0.86140677897444,True
118,Spruce,6,1,8474.87351790037,2.894345410932747,-3.39562454895738,-1.2876020782016107,69697.32473351654,3.928912505980513,4.13382124948391,3.3446737177867334,-291408.510999283,308358.2580350837,-14.010400707661617,19.79909152952711,-21.18202183212524,14.390772734210481,-15.678571579979643,13.103367423576422,True
119,Alder,92,23,2.684885191988854,0.4388120687918926,-1.6813287359453395,1.0942700557495617,1.4459841410771725,0.25799837707048945,0.4344998933260347,0.13098843909429625,-0.188704436280414,5.558474820258122,-0.07390549110318134,0.9515296286869666,-2.5448059702223924,-0.8178515016682866,0.8339580583274119,1.3545820531717117,True
119,Aspen,53,13,1.094287560852618,0.4779880000309856,-0.8820237410411573,0.775120967207508,0.7045954078599973,0.33526619976502675,0.48165861266350307,0.16412374202891075,-0.3216499229778096,2.5102250446830454,-0.195754652863237,1.1517306529252083,-1.8499529617997572,0.08590547971744245,0.4453019594012215,1.1049399750137945,True
119,Birch,96,24,0.3359966307972825,-0.9341989202854462,1.0422361225658694,0.5448280606796204,0.40214815345105503,0.5384152175764724,0.7404690534054799,0.2926159586027073,-0.46270431415902125,1.1346975757535862,-2.0035380167523433,0.13514017618145124,-0.4283993325285098,2.5128715776602486,-0.036332490822754804,1.1259886121819958,True
119,Oak,71,18,0.07040850189783517,-0.34127013031198883,1.017761755805915,0.6366459161808145,0.03193020116047136,0.1695280659143091,0.2797569509083866,0.1041380233632052,0.006675553635826129,0.1341414501598442,-0.6796495661187009,-0.002890694505276792,0.45936454469613075,1.5761589669156995,0.42878555157617537,0.8445062807854535,True
119,Pine,365,91,1.910506423426958,-0.07621426692244045,-0.2585882765336387,0.6145538748087778,0.3195733189051713,0.14935340233561908,0.1803947144678746,0.0756521652749152,1.2820472488103236,2.5389655980435926,-0.3699262585229708,0.21749772467808992,-0.6133447804498027,0.09616822738252523,0.46577957315707297,0.7633281764604826,True
119,Spruce,6,1,3758.4505886562843,1.021017584698762,-0.5729719152349835,-2.091489612333166,24014.51891332407,2.008188017146676,1.8925154543062535,3.1845797732833017,-99567.68476609715,107084.58594340972,-7.619518069020466,9.66155323841799,-8.715808700697918,7.569864870227951,-15.793630466785686,11.610651242119353,True
120,Alder,92,23,2.2456984940128364,0.3142340647250002,-1.3632516007523081,0.9878052477283594,1.200278274412906,0.26007046654594196,0.4327016667807741,0.13606072091827817,-0.13960235570497614,4.6309993437306485,-0.2026013375836639,0.8310694670336642,-2.2231552376412944,-0.503347963863322,0.717413156045843,1.2581973394108759,True
120,Aspen,53,13,1.1157072705338853,0.5168020010317158,-0.8889049012971164,0.7404831343332495,0.6189081748574645,0.3120566951431293,0.46223795595498124,0.16289252332362042,-0.12803527171652895,2.3594498127842995,-0.11029940610830513,1.1439034081717367,-1.817806851245483,0.03999704865125009,0.4131383531486048,1.0678279155178942,True
120,Birch,96,24,0.6336493329689715,-0.23957501951004612,0.03559192595039445,0.6526142962086002,0.592316250076888,0.45782921421501616,0.5858233622284592,0.2206964236194583,-0.5427418666165394,1.8100405325544826,-1.1488633573629774,0.6697133183428853,-1.1279038379218538,1.1990876898226428,0.21429214905794391,1.0909364433592565,True
120,Oak,71,18,0.06713263382295967,-0.399496092788541,1.1560224887635073,0.5831462079595665,0.029028366271796693,0.1786234980189994,0.30425256071497725,0.09904016541063197,0.009191772240747333,0.125073495405172,-0.7560300870596848,-0.04296209851739724,0.5487318358428241,1.7633131416841905,0.3854612104158979,0.7808312055032351,True
120,Pine,365,91,1.8812342775061273,-0.0069672519593134315,-0.39290267783564037,0.6720004272717264,0.31785049600045423,0.1506358758508969,0.18340826677384142,0.07827061468052726,1.2561631324797555,2.506305422532499,-0.30320130093822695,0.2892667970196001,-0.7535855043915048,-0.03221985127977589,0.518076795388499,0.8259240591549537,True
120,Spruce,6,1,3758.450588656686,1.0210175846987894,-0.5729719152349879,-2.091489612333219,24014.519156209135,2.008188031800363,1.8925154546954952,3.1845798045959164,-99567.68581114683,107084.58698846021,-7.619518132070164,9.661553301467743,-8.715808702372694,7.569864871902719,-15.793630601513044,11.610651376846608,True
121,Alder,92,23,1.8903278506467684,0.1427338135265524,-1.2256386477355883,1.0521850535843147,1.0131856790916944,0.26248168983482645,0.4331562701533122,0.11782633807120592,-0.12316578060424122,3.9038214818977783,-0.3788933883859567,0.6643610154390616,-2.0864457132993373,-0.3648315821718392,0.8180299661252363,1.286340141043393,True
121,Aspen,53,13,1.1682474367545257,0.6863267620731734,-1.0424432944145168,0.7260752670764977,0.4709060480219521,0.2050766370913382,0.29188351902780096,0.12031503527382095,0.22192630363521826,2.1145685698738332,0.2742098304606805,1.0984436936856663,-1.6290051863789268,-0.45588140245010667,0.48429315153589614,0.9678573826170993,True
121,Birch,96,24,0.8462540487082151,-0.19569126575614834,-0.029918566496692795,0.5724309957037379,0.7425199952706627,0.4226970635628116,0.5610782160094504,0.2082751997082668,-0.628454753961466,2.320962851377896,-1.0352041199136706,0.6438215884013738,-1.1442683340524127,1.0844312010590271,0.1587784714028852,0.9860835200045905,True
121,Oak,71,18,0.05513128049950599,-0.36022913226654524,1.0441093550370253,0.6986035685756603,0.021903116346502504,0.14752163947883273,0.24052668507045027,0.09356592999302829,0.011412477292698966,0.09885008370631301,-0.6546835570658034,-0.06577470746728714,0.564016082270395,1.5242026278036556,0.5118451906574298,0.8853619464938908,True
121,Pine,365,91,1.8454741502082328,-0.10269561616916612,-0.2121753724847322,0.606820410090552,0.31722076324412096,0.1486274852303332,0.1799862133521442,0.07850577685413059,1.2216414105957738,2.469306889820692,-0.39498005034284056,0.18958881800450833,-0.5661285356373386,0.1417777906678742,0.45243431836859316,0.7612065018125108,True
121,Spruce,6,1,169.93139850273124,-1.5219590617648164,4.339799258049158,-3.352670956186698,742.521354091395,1.8377743765723429,2.9094975468252136,2.592175421817346,-3024.880132536285,3364.7429295417473,-9.429263999689432,6.3853458761598,-8.178758303842574,16.85835681994089,-14.50590161072035,7.800559698346955,True
122,Alder,92,23,3.6432080887511584,0.21123569648094648,-1.3643466387573744,0.9102910680042239,1.8934655472770636,0.2459590683016681,0.41147501419058674,0.10923993756709281,-0.1196568027595526,7.40607298026187,-0.2775562671182758,0.7000276600801687,-2.1820667640895888,-0.5466265134251599,0.6931996472423507,1.127382488766097,True
122,Aspen,53,13,1.015632746034027,0.3774449955105073,-0.7583222062159143,0.7671592769688783,0.5623744440057069,0.31474525821650773,0.4511125329950064,0.15276371754309567,-0.11450101063416573,2.14576650270222,-0.255059281405235,1.0099492724262495,-1.6648667816813263,0.14822236924949772,0.4601690930624676,1.074149460875289,True
122,Birch,96,24,0.452388907260755,-0.8911200925155559,0.8155490370713021,0.6115258763457367,0.522329766191214,0.5275760934645648,0.7053503231801598,0.26573278323858984,-0.5850030943078981,1.489780908829408,-1.9389317528960586,0.15669156786494665,-0.5853375884538707,2.216435662596475,0.08375763159023286,1.1392941211012406,True
122,Oak,71,18,0.08793633354402769,-0.3556091086651631,0.9617192857628779,0.6355998359962728,0.04153709639001934,0.19500178798316678,0.32042732633825766,0.14623140459820763,0.00502794214759511,0.17084472494046027,-0.7448343065294336,0.03361608919910741,0.32214366553372575,1.60129490599203,0.34372073079739723,0.9274789411951483,True
122,Pine,365,91,1.871937595400426,-0.21163861100799627,-0.1579227481849145,0.6472537904787978,0.31080689046805293,0.14780061386220245,0.17522260607917342,0.07480455282053616,1.2607181027409766,2.4831570880598752,-0.50229695543391,0.07901973341791743,-0.5025080057025159,0.18666250933268683,0.5001463671049755,0.7943612138526202,True
122,Spruce,6,1,169.93139850272604,-1.5219590617648213,4.33979925804915,-3.352670956186677,742.5213542053937,1.8377743766744008,2.9094975468011377,2.5921754221559663,-3024.880133026787,3364.742930032239,-9.429264000128557,6.385345876598914,-8.178758303738991,16.858356819837294,-14.505901612177293,7.80055969980394,True
123,Alder,92,23,2.3283124438228286,0.295804415424577,-1.5086659020915392,1.102561382880363,1.1589640188047023,0.2653519300721966,0.43755810064821743,0.11515020586993767,0.025114995548243257,4.631509892097414,-0.23152678582128838,0.8231356166704424,-2.3782206807845183,-0.6391111233985601,0.8737245458218134,1.3313982199389127,True
123,Aspen,53,13,1.2139537811133037,0.48293612977025047,-0.8132765966728166,0.6761921568774603,0.6590691538783587,0.3184662766907274,0.4633004289476074,0.1529892451563842,-0.11049527007636639,2.5384028323029737,-0.15704581372818416,1.1229180732686852,-1.744313666037283,0.11776047269165002,0.3687487582640961,0.9836355554908245,True
123,Birch,96,24,0.9798802082584994,-0.08402078725186553,-0.09222475563447717,0.48984295451903875,0.808438715011761,0.42135543251705126,0.5649400011656568,0.21972586768952815,-0.6257488617199132,2.585509278236912,-0.9208690463470063,0.7528274718432751,-1.2142443618479435,1.0297948505789893,0.05344841522065247,0.926237493817425,True
123,Oak,71,18,0.07821434736458233,-0.32445462534610986,0.9644727303251329,0.6351615958405283,0.034731631089396746,0.1826698983372344,0.29166293659108655,0.11170333850070875,0.008889721561221725,0.14753897316794293,-0.6890652684561813,0.04015601776396155,0.3823110723297739,1.5466343883204918,0.41220079902059814,0.8581223926604585,True
123,Pine,365,91,1.9306491556759897,-0.11792539318811765,-0.24010227237072695,0.6300963767288577,0.31179899123277355,0.1441872169286248,0.1737937912470057,0.07502980823498362,1.3174786402281895,2.54381967112379,-0.40147778627172814,0.16562699989549287,-0.5818776839563198,0.10167313921486593,0.4825459757237156,0.7776467777339997,True
123,Spruce,6,1,8474.873517900784,2.894345410932781,-3.3956245489574237,-1.2876020782016153,69697.32579351567,3.9289125721897404,4.13382130335939,3.3446737427647335,-291408.5155600908,308358.2625958923,-14.010400992536896,19.79909181440246,-21.18202206393277,14.390772966017922,-15.678571687451308,13.103367531048077,True
124,Alder,92,23,2.4759498474779917,0.254914625453966,-1.3719262098665956,1.013248383214495,1.4402717521190282,0.2734200132641135,0.458023967543414,0.13880049568118386,-0.3862876081107829,5.338187303066766,-0.28845019574781067,0.7982794466557426,-2.2821525984153825,-0.4616998213178086,0.7374115649137358,1.289085201515254,True
124,Aspen,53,13,1.362355067613891,0.7860547399047778,-1.1320876439286167,0.6801025629742158,0.5207984756841125,0.21722663565225545,0.3114482162642942,0.11313892879319351,0.3157713473444439,2.408938787883338,0.3495214720531096,1.222588007756446,-1.7579662669814144,-0.506209020875819,0.45274137331608577,0.9074637526323458,True
124,Birch,96,24,0.5879099057486137,-0.7918316904740939,0.7205211780743873,0.5268579205854169,0.6420718773861387,0.48441102448882084,0.6505977218554572,0.267973170539597,-0.68730026442712,1.8631200759243474,-1.7539137979916197,0.17025041704343202,-0.5716220551423133,2.012664411291088,-0.005359926733288334,1.059075767904122,True
124,Oak,71,18,0.06586775089057562,-0.35393583930016403,0.9788906962118071,0.6997401233383115,0.03298952132621,0.2063187089822758,0.3595508103861102,0.1271783847728546,2.0390728164787486e-05,0.13171511105298644,-0.7657497060205005,0.057878027420172395,0.2612242749845659,1.6965571174390484,0.4458910048802502,0.9535892417963727,True
124,Pine,365,91,1.7301947111582072,-0.08881247090727408,-0.3052420618983666,0.6925579143730618,0.299392858834235,0.14946247028214116,0.18278366152737488,0.07809222947533731,1.1414215632818965,2.318967859034518,-0.38273895085083387,0.20511400903628574,-0.6646965665811774,0.05421244278444415,0.5389850871790419,0.8461307415670817,True
124,Spruce,6,1,8474.87351790048,2.89434541093278,-3.395624548957441,-1.2876020782015876,69697.32367390023,3.9289124642563094,4.133821232984709,3.3446736686236265,-291408.5064401219,308358.25347592286,-14.010400528136826,19.799091350002385,-21.18202176113497,14.390772663220089,-15.678571368447843,13.103367212044668,True
125,Alder,92,23,3.8092667086331757,0.38388125645467885,-1.5545862543241518,0.9307998106781158,2.34026779470999,0.2738004082170804,0.4526051677763309,0.1314533952539795,-0.8415237607847783,8.46005717805113,-0.16023951978176176,0.9280020326911195,-2.454043917016265,-0.6551285916320385,0.6695638105922366,1.192035810763995,True
125,Aspen,53,13,1.2589601472509409,0.5240812492309779,-0.907205386388406,0.7125973232253602,0.7639627347700056,0.3275193478753459,0.48257570514916354,0.1603525720064553,-0.2762804466323956,2.7942007411342775,-0.13409352194003432,1.18225602040199,-1.8769775734963463,0.06256680071953435,0.3903567653112043,1.034837881139516,True
125,Birch,96,24,0.36136296233012377,-0.8380987248452502,0.7526599370978865,0.6872082199572129,0.42240841643700694,0.5547733044483023,0.7143983480706574,0.27435631271154126,-0.4775766137204105,1.200302538380658,-1.9399263938197868,0.2637289441292866,-0.666196846857737,2.17151672105351,0.14231290131165542,1.2321035386027703,True
125,Oak,71,18,0.08409105158232909,-0.35757957246358074,0.9477432443692341,0.6613659110370754,0.035394531524215754,0.15953602320178403,0.2621295681533896,0.09898068143984223,0.013443270973182736,0.15473883219147544,-0.6760148075423151,-0.03914433738484635,0.42453043649802513,1.470956052240443,0.46379964399603374,0.8589321780781172,True
125,Pine,365,91,1.5878976717865243,-0.20884214244373334,-0.1577771613007655,0.6952575061116927,0.27660119405858885,0.15128396819235446,0.1826171174726924,0.0769798657965704,1.0439456337641682,2.1318497098088804,-0.506350702008772,0.0886664171213053,-0.5169041475927993,0.20134982499126838,0.5438722055917591,0.8466428066316263,True
125,Spruce,6,1,169.93139850273195,-1.5219590617648173,4.3397992580491636,-3.3526709561867034,742.5213539999094,1.837774376294491,2.9094975467246895,2.5921754218398747,-3024.880132142653,3364.742929148117,-9.429263998493933,6.385345874964299,-8.17875830341005,16.858356819508376,-14.505901610817288,7.800559698443882,True
126,Alder,92,23,2.7291733318878824,0.3543290087841948,-1.3799820031168406,0.914235429331236,1.4696496209597445,0.25758723623131574,0.4314179030845313,0.12666472140665003,-0.1914464646983869,5.649793128474151,-0.15757149508817103,0.8662295126565607,-2.237334429423445,-0.522629576810236,0.6625159122481368,1.1659549464143353,True
126,Aspen,53,13,1.9420136916825332,0.8735072078402198,-1.3303237044625664,0.6631330976588007,0.7772789239727548,0.21436483217281976,0.31174684741017705,0.11062530589784819,0.3800132137244243,3.504014169640642,0.4427249493943559,1.3042894662860838,-1.9568024492711658,-0.703844959653967,0.44082322232663773,0.8854429729909636,True
126,Birch,96,24,0.2949207623725258,-1.523006576844086,1.7385593143802895,0.4257073443569606,0.3186461192810634,0.5320408041531522,0.7298238999932326,0.2802240244623299,-0.3379379350811719,0.9277794598262235,-2.5796855380323374,-0.46632761565583425,0.28906605281982034,3.188052575940759,-0.13084175630865152,0.9822564450225728,True
126,Oak,71,18,0.04322976918957568,-0.4256034405843621,1.1985379013540196,0.6921188598475796,0.02181793627112878,0.19728005191169518,0.3404058414880216,0.10913856097398308,-0.00031901387518887964,0.08677855225434025,-0.8193760722826497,-0.031830808886074424,0.5190849979849177,1.8779908047231215,0.4742773803972102,0.909960339297949,True
126,Pine,365,91,2.0145643436843903,-0.03747525489523683,-0.34951840139111423,0.6438697860609934,0.34650449399888894,0.15663901023374796,0.19512011651506583,0.08117503481718043,1.333143475867467,2.6959852115013136,-0.34551481032970904,0.27056430053923536,-0.7332332490394156,0.03419644625718704,0.4842344461788809,0.803505125943106,True
126,Spruce,6,1,0.14299082081619974,-2.2671728915992664,0.15480634441269664,3.2286584037392307,0.9467826041189924,2.560682900033689,2.221834888482133,3.402777989716362,-3.930685935225205,4.2166675768576045,-13.28490216131545,8.750556378116919,-9.404977603449076,9.714590292274469,-11.412313602263826,17.869630409742285,True
127,Alder,92,23,2.3682461710727565,0.29825274705781035,-1.453439824967192,1.0516094429637466,1.2371704409833446,0.2636790279504264,0.43912058272821347,0.1287419006653261,-0.09037010736215212,4.826862449507665,-0.2257539127566066,0.8222594068722273,-2.3260997084617276,-0.5807799414726565,0.7957619685924429,1.3074569173350503,True
127,Aspen,53,13,0.6917372847012324,0.3628814859170285,-0.7806753250232689,0.9227156177629656,0.41779436252787444,0.3062944931052081,0.441203262503844,0.17221137728908623,-0.14785192044698037,1.5313264898494452,-0.25264034269625035,0.9784033145303074,-1.6673064758916254,0.10595582584508767,0.5766438984108972,1.268787337115034,True
127,Birch,96,24,0.5377989626923827,-0.5196483271497869,0.38519464950688004,0.613779644759796,0.4798010502506681,0.43111611815254225,0.5695878590679383,0.22907939174786784,-0.41512733806925073,1.4907252634540162,-1.375882150429638,0.33658549613006394,-0.7460560036894408,1.516445302703201,0.15880819931386803,1.068751090205724,True
127,Oak,71,18,0.11150664148871198,-0.33151606697040065,0.9173814161159929,0.5852857627566682,0.049265513712671676,0.17630241229491372,0.2875875234561919,0.10521780854868992,0.01317226455287153,0.20984101842455244,-0.6834171547458605,0.020385020805059217,0.3433543167839881,1.4914085154479977,0.3752701379012489,0.7953013876120876,True
127,Pine,365,91,1.880629179913933,-0.2129310837225977,-0.12961087221513207,0.6257989952074265,0.32499636552501826,0.15154565601358666,0.18288379279660336,0.08034745731002159,1.2415052745422637,2.5197530852856023,-0.5109542673266588,0.08509209988146346,-0.4892622907549201,0.23004054632465598,0.46779113373578374,0.7838068566790694,True
127,Spruce,6,1,169.93139850272567,-1.5219590617648195,4.339799258049145,-3.3526709561866728,742.5213537912066,1.8377743762294712,2.909497546840322,2.5921754210359644,-3024.880131244684,3364.7429282501353,-9.429263998214179,6.385345874684539,-8.178758303907596,16.858356820005884,-14.505901607358311,7.800559694984965,True
128,Alder,92,23,3.191309648632452,0.36009668699845915,-1.5378581433643514,0.9815198933432936,1.8028644570021,0.2618617198955165,0.4373590529965842,0.13142628773607246,-0.3915046144321699,6.774123911697075,-0.16029845493715927,0.8804918289340775,-2.4070173566766213,-0.6686989300520816,0.7203377637530118,1.2427020229335755,True
128,Aspen,53,13,1.2089649681248593,0.6761013333544718,-0.9984973808496623,0.6779523720867113,0.46971573248701043,0.2109648672021365,0.30682667102801825,0.11491098702128315,0.2650358636289408,2.1528940726207777,0.2521515603207997,1.1000511063881437,-1.6150886610383672,-0.3819061006609573,0.44703009809466127,0.9088746460787613,True
128,Birch,96,24,0.6400744463421926,-0.4154287642108519,0.218148317660778,0.6247347801431785,0.542170349147019,0.41434479107289557,0.5395802060661851,0.20146771364602678,-0.4367226655553187,1.7168715582397038,-1.2383532842607046,0.4074957558390007,-0.8535045465049432,1.2898011818264992,0.22460251076337628,1.0248670495229808,True
128,Oak,71,18,0.07614186844500756,-0.32469417040767706,0.939598164132308,0.6717513876741952,0.02934670948035858,0.14073237480202422,0.23028636325310767,0.0947692489243304,0.017565591159058473,0.13471814573095664,-0.6055971661943365,-0.043791174621017614,0.4799446592610011,1.399251669003615,0.4825911751165289,0.8609116002318615,True
128,Pine,365,91,1.7444864257759838,-0.14191251539351782,-0.24740239964385535,0.6844588005846901,0.2996317969723178,0.14908865314850414,0.183485001868897,0.07912881412847106,1.15524339241124,2.3337294591407276,-0.4351038626042577,0.1512788318172221,-0.6082361301446046,0.113431330856894,0.5288474704963719,0.8400701306730083,True
128,Spruce,6,1,8474.873517900698,2.8943454109327784,-3.395624548957423,-1.2876020782016102,69697.32447838363,3.928912495878492,4.133821245546305,3.344673705869901,-291408.50990153436,308358.25693733577,-14.010400664196098,19.799091486061656,-21.182021815183138,14.390772717268293,-15.67857152870565,13.10336737230243,True
129,Alder,92,23,2.3589010721942656,0.21960778661032448,-1.269576710635319,0.9696664748763927,1.2488561884712308,0.25191090797107063,0.4205089728836954,0.12231288809468154,-0.12293817378629557,4.840740318174827,-0.2810122076410015,0.7202277808616504,-2.105249930517652,-0.4339034907529864,0.7265953120276031,1.2127376377251822,True
129,Aspen,53,13,1.689630646356863,0.7137978913336666,-1.182115184926444,0.7100428065155786,1.0342968924006133,0.3382420007544501,0.501215858100694,0.15500402119325232,-0.3888667764511349,3.7681280691648613,0.03407514246047405,1.3935206402068592,-2.1893461618220815,-0.1748842080308064,0.39855056387016286,1.0215350491609945,True
129,Birch,96,24,0.751519661495008,-0.22021162994349516,-0.009002136643534334,0.614741840467398,0.6759030205872057,0.44269689154385317,0.5821561650200106,0.21250630275627558,-0.5908820792791792,2.093921402269195,-1.0994458687955404,0.65902260890855,-1.1652145303185215,1.1472102570314526,0.19268598029728484,1.036797700637511,True
129,Oak,71,18,0.0711257825336154,-0.39999180898872455,1.1451497370584383,0.570491540602083,0.036081470269701585,0.2164632576937125,0.3888909007718403,0.15262557372336585,-0.0008931335502243148,0.1431446986174551,-0.8320542796849051,0.03207066170745604,0.36892025031342246,1.921379223803454,0.265849620412341,0.8751334607918249,True
129,Pine,365,91,1.9517822098862012,-0.1269648333052235,-0.2389973715457747,0.637555651493141,0.33540506901823275,0.15604908535897408,0.182195394108927,0.07858853287250374,1.2921889949095084,2.611375424862894,-0.4338442677973206,0.17991460118687358,-0.5972950147686921,0.11930027167714266,0.483006815336886,0.7921044876493959,True
129,Spruce,6,1,169.93139850272937,-1.5219590617648147,4.339799258049147,-3.352670956186685,742.5213535847247,1.8377743758834244,2.9094975467837325,2.5921754206522976,-3024.8801303562605,3364.742927361719,-9.429263996725254,6.385345873195625,-8.178758303664107,16.858356819762403,-14.505901605707539,7.8005596933341685,True
130,Alder,92,23,1.9664359077102518,0.1930304040687031,-1.24093756951845,1.0096300226631256,1.0340466214788615,0.25945678628268787,0.43335053967887327,0.12743236451544154,-0.08851446291760179,4.021386278338105,-0.3225854376725492,0.7086462458099554,-2.102130704941392,-0.37974443409550773,0.7563849762101176,1.2628750691161337,True
130,Aspen,53,13,0.8465566912075235,0.38487357253603405,-0.8573328554800786,0.8989517821260071,0.5181766260484951,0.3190384623573814,0.4553714356578207,0.16549023783854788,-0.19475822495871054,1.8878716073737576,-0.25625822110914875,1.026005366181217,-1.772436016274026,0.05777030531386862,0.566386698179033,1.2315168660729814,True
130,Birch,96,24,0.39960637864230575,-0.8781088090543867,0.8521908045370409,0.6173577156606204,0.4314263175381701,0.5146195983825245,0.6712222195887247,0.2639993060484173,-0.4572435273928672,1.2564562846774787,-1.9001877518368044,0.14397013372803102,-0.48091446142169214,2.185296070495774,0.09303230623326508,1.1416831250879755,True
130,Oak,71,18,0.10340081479687854,-0.21420334523827908,0.8544518274696268,0.5462164575049264,0.052694959685283566,0.22176712010572888,0.34574583936863573,0.11482872078715488,-0.0017787649499736435,0.20858039454373073,-0.6568523696174452,0.228445679140887,0.16434024372034173,1.544563411218912,0.3170173715317271,0.7754155434781258,True
130,Pine,365,91,1.7366470940817489,-0.06665095691197392,-0.29239301914185917,0.6690998112392978,0.296519241290623,0.1506020681397665,0.18344028450654057,0.07791904919220313,1.1535250791467277,2.31976910901677,-0.36281852109702084,0.229516607273073,-0.6531388103968234,0.06835277211310514,0.5158675529581372,0.8223320695204585,True
130,Spruce,6,1,86.10236162100689,0.13661530863513272,-0.5089074323316651,-0.19814073888203196,838.758340481032,2.992630184102605,2.6350189468288914,4.611780101122078,-3522.7835016051113,3694.988224847125,-12.739633121965008,13.012863739235273,-11.846478896706047,10.828664032042719,-20.04102897973329,19.644747501969228,True
131,Alder,92,23,3.2501395741560777,0.3158683163393862,-1.4740342062008889,0.9681364875814077,1.837505762577778,0.2546651480822611,0.43316351415457294,0.1304403356166739,-0.4015170043836087,6.9017961526957645,-0.19022515137022006,0.8219617840489926,-2.3348556676949244,-0.6132127447068535,0.7089137306452156,1.2273592445175998,True
131,Aspen,53,13,1.2203681361339498,0.5728447025991674,-0.9928373231337275,0.7590161513471645,0.6434005953730417,0.3027846587241459,0.4457792886354777,0.15535534019875769,-0.07259376788192462,2.513330040149824,-0.03562384975550392,1.1813132549538388,-1.8886643428006713,-0.09701030346678363,0.4468179067279523,1.0712143959663767,True
131,Birch,96,24,0.2473993272878362,-1.0754529741536036,1.099094069559755,0.7072439985249708,0.29459029256113195,0.5427472693048184,0.7080039761817701,0.2825867968997622,-0.3376824218744582,0.8324810764501306,-2.1533958992824935,0.002489950975286259,-0.3070629398818523,2.5052510790013622,0.14600222785130512,1.2684857691986364,True
131,Oak,71,18,0.08186856434406597,-0.37938052874404565,1.0383995590878667,0.6090240103834804,0.041875655419856335,0.21544058399465313,0.3893713896721987,0.13047641316356304,-0.001715593704251936,0.1654527223923839,-0.8094017341934618,0.050640676705370535,0.26121101248371925,1.8155881056920142,0.3485919997057525,0.8694560210612083,True
131,Pine,365,91,1.983294150235988,-0.27398299821734656,-0.07850070673112312,0.6204809866399534,0.3274539431996284,0.14807914887430065,0.17926872420427808,0.07452466834051491,1.3393372780752482,2.627251022396728,-0.5651890976448504,0.0172231012101573,-0.4310428865162534,0.2740414730540071,0.4739239720734269,0.7670380012064799,True
131,Spruce,6,1,8474.873517900383,2.8943454109327518,-3.39562454895739,-1.2876020782016064,69697.32506748637,3.9289125186315803,4.133821254324732,3.3446737333108825,-291408.5124362392,308358.25947203994,-14.01040076209476,19.799091583960262,-21.18202185295363,14.39077275503885,-15.67857164677466,13.103367490371447,True
132,Alder,92,23,2.6296438491757055,0.1781411213921452,-1.256842345110362,0.9512794819781486,1.4234553666772005,0.2779885870933945,0.4551759873433821,0.12075223426354231,-0.19917457406143058,5.4584622724128415,-0.37430278027729447,0.7305850230615849,-2.161408971472386,-0.3522757187483384,0.7113097906704919,1.1912491732858053,True
132,Aspen,53,13,1.1208292446705064,0.416610494022462,-0.7431879248376123,0.698614021107836,0.5610207125215497,0.2733083173655501,0.3941527235187884,0.1374882527106554,-0.006584086729402028,2.2482425760704148,-0.13262313265680692,0.9658441207017309,-1.535267477668017,0.04889162799279245,0.4223210330643358,0.9749070091513361,True
132,Birch,96,24,0.4660013632638223,-0.9796574289204704,0.9793702543394447,0.5144726295523264,0.5390379722865245,0.5315133929731567,0.6981429099265357,0.3018739141853914,-0.6045745778115266,1.536577304339171,-2.035288905980726,0.07597404813978514,-0.4072018263420931,2.3659423350209825,-0.08507502085575902,1.1140202799604118,True
132,Oak,71,18,0.04957141464234858,-0.4261334599380795,1.039410153265352,0.8007706941655706,0.021025121408821786,0.16006411453362282,0.25835304439509127,0.10941112532794409,0.007605096665944187,0.09153773261875298,-0.7456227697268525,-0.1066441501493065,0.5237353183648815,1.5550849881658224,0.5823851739876855,1.0191562143434556,True
132,Pine,365,91,1.5519106653621595,-0.021634623435925596,-0.3264263828479146,0.6815616731257824,0.2778151998629847,0.14691113087835445,0.17720139944492047,0.07761694314661821,1.0055712156233803,2.0982501151009387,-0.31054374879755775,0.26727450192570656,-0.6749030504795852,0.02205028478375598,0.5289235236291269,0.834199822622438,True
132,Spruce,6,1,0.14299082081636869,-2.2671728915987925,0.15480634441247879,3.228658403738663,0.9467826041180496,2.560682900029085,2.2218348884815535,3.402777989709181,-3.9306859352209793,4.216667576853717,-13.284902161295168,8.750556378097581,-9.404977603446799,9.714590292271758,-11.412313602233496,17.869630409710823,True
133,Alder,92,23,2.7864809720444432,0.2523066541606665,-1.394482170440732,0.9868333460006619,1.4159726668392392,0.2610588472577883,0.43475972895503445,0.12352825270684567,-0.02746715764313823,5.600429101732025,-0.26649294711924437,0.7711062554405774,-2.258475773429818,-0.5304885674516459,0.7413469013760441,1.2323197906252796,True
133,Aspen,53,13,1.074433282332185,0.4077326139394164,-0.7620154193351748,0.7333814999727931,0.602499798186614,0.30751534264353475,0.4435621425616309,0.15772417621016876,-0.13633539247899895,2.285201957143369,-0.21024260367434433,1.0257078315531771,-1.653386917155018,0.12935607848466824,0.41642290116422925,1.050340098781357,True
133,Birch,96,24,0.790215897319609,-0.08400966493450332,-0.17335357873329954,0.6380650858018269,0.7097634354902885,0.4292116123092089,0.5632484895034697,0.21292328299075267,-0.6194355501798792,2.199867344819097,-0.9364609752183564,0.7684416453493497,-1.292013696779533,0.9453065393129338,0.2151810668935797,1.060949104710074,True
133,Oak,71,18,0.09233016757417455,-0.3147826424880076,0.925488786401723,0.6137700401360926,0.043931036900833394,0.18615324435517322,0.299120939077475,0.12594487114633984,0.004643450919117539,0.18001688422923157,-0.6863460733498457,0.05678078837383049,0.3284408931391912,1.5225366796642548,0.3623830251813588,0.8651570550908264,True
133,Pine,365,91,1.9373061373586709,-0.06979294984862436,-0.30310540513027423,0.6410571207720297,0.326828090827186,0.149919428096961,0.18053447839791348,0.07745435452312874,1.294580039615409,2.5800322351019327,-0.36461806342067404,0.2250321637234253,-0.6581367627933477,0.05192595253279925,0.4887387110849124,0.793375530459147,True
133,Spruce,6,1,8474.873517899747,2.8943454109327256,-3.395624548957378,-1.2876020782015725,69697.32535571072,3.928912530603093,4.133821259608931,3.344673746238411,-291408.5136763691,308358.26071216865,-14.01040081360405,19.7990916354695,-21.18202187568969,14.39077277777493,-15.678571702397292,13.103367545994146,True
134,Alder,92,23,2.3155188882814364,0.22682704709110107,-1.3141274321421432,1.0019332814590534,1.311647611618657,0.2661102029040139,0.43898052231535717,0.12425819812183575,-0.29110511651833004,4.922142893081203,-0.30201106206821166,0.7556651562504137,-2.1865089749977455,-0.4417458892865411,0.7549962237093457,1.248870339208761,True
134,Aspen,53,13,1.4649230175397348,0.5554107877107345,-1.0008829208303862,0.7301832929177879,0.8393366710544423,0.3024391009648159,0.44557814083450104,0.15835582832848974,-0.22178717222576272,3.151633207305232,-0.052363340327789554,1.1631849157492584,-1.8963057188574843,-0.10546012280328809,0.411955341653766,1.0484112441818099,True
134,Birch,96,24,0.4923006109055243,-0.7065921393386871,0.6009414195032916,0.6143517311680547,0.5618426991890048,0.5235565169205614,0.7002195046330879,0.2732393023991547,-0.6235674862326477,1.6081687080436964,-1.746420573745207,0.3332362950678327,-0.7897549575107827,1.991637796517366,0.07167489141982142,1.157028570916288,True
134,Oak,71,18,0.08942044488757706,-0.26665565352484727,0.8758657210012711,0.6196714939228216,0.04116532602545876,0.1834547424189426,0.30047129544542683,0.11144279852150336,0.007254110244586429,0.17158677953056767,-0.6328328519786156,0.09952154492892107,0.2761225051473962,1.4756089368551462,0.397230737077943,0.8421122507677002,True
134,Pine,365,91,2.104291314234036,-0.14338302932216823,-0.23268801641686632,0.6229871195466428,0.35087156486785803,0.15044235180688378,0.17998910478290173,0.07803855813639353,1.4142823522570396,2.7943002762110325,-0.4392365022211211,0.15247044357678463,-0.586646865733116,0.12127083289938334,0.4695198401045088,0.7764543989887767,True
134,Spruce,6,1,7.70019947692855,-0.39485321776696225,-0.4767427808564978,0.983330131071065,66.2471320023157,2.600185199672899,2.415567909649446,4.252262476245399,-277.3382038673757,292.7386028212328,-11.582547164855068,10.792840729321142,-10.87009264107609,9.916607079363095,-17.312678619730676,19.279338881872803,True
135,Alder,92,23,1.6994178749215882,0.07294116338922046,-1.0736054290279429,1.015667135012631,0.8817611896038016,0.26499673879576985,0.4350112022225563,0.1166788127822507,-0.05289720037952139,3.4517329502226977,-0.45368416983292564,0.5995664966113665,-1.938098782292851,-0.2091120757630347,0.7837925129299307,1.2475417570953313,True
135,Aspen,53,13,1.1736461024468199,0.41908012966211367,-0.757645097052516,0.6941721955225493,0.5938032517654276,0.27794577365409406,0.40800635657096496,0.14775664197366542,-0.019646208027802814,2.3669384129214426,-0.13947281433788244,0.9776330736621097,-1.57756456780885,0.06227437370381794,0.39724410669090043,0.9911002843541981,True
135,Birch,96,24,0.7952935675294415,0.24075881616639336,-0.6051670133040706,0.7285427746208845,0.5099122523466272,0.32597017208637197,0.4180885767688608,0.14995978633201182,-0.2174361797019264,1.8080233147608094,-0.40664608234855515,0.8881637146813419,-1.4355270148982773,0.2251929882901359,0.4307096948939607,1.0263758543478083,True
135,Oak,71,18,0.06859001513908343,-0.3374491057365813,0.9472294359846353,0.7060410432475112,0.02671629931128697,0.16715264269072633,0.2582441887953561,0.09550274484464515,0.015264058525114366,0.1219159717530525,-0.6710871769446765,-0.00381103452848619,0.43177187777061865,1.462686994198652,0.5154167667052532,0.8966653197897692,True
135,Pine,365,91,2.1640805136454726,-0.08126247576933592,-0.2815534264469506,0.602589940535162,0.3636765929570629,0.1483152010806196,0.18253475159726368,0.07967354728319989,1.448889732950148,2.879271294340797,-0.37293278533571456,0.2104078337970427,-0.64051843554306,0.07741158264915887,0.44590736160172734,0.7592725194685968,True
135,Spruce,6,1,169.9313985027325,-1.5219590617648135,4.3397992580491564,-3.3526709561867007,742.5213539027072,1.8377743760799439,2.909497546666117,2.592175421714852,-3024.8801317244256,3364.7429287298905,-9.429263997570807,6.385345874041181,-8.17875830315804,16.85835681925635,-14.505901610279357,7.800559697905955,True
136,Alder,92,23,2.6412304795899004,0.35319748596515255,-1.5198783118630192,1.0371405078703615,1.4726699606731588,0.2593417296816177,0.43436116687654247,0.13002770703013172,-0.2853916074971843,5.567852566676985,-0.16218970495891116,0.8685846768892163,-2.383079856473012,-0.6566767672530264,0.7787377635421442,1.2955432521985788,True
136,Aspen,53,13,1.1132754582965871,0.44227757820508756,-0.8471877388740341,0.7670881076750555,0.5920383172345731,0.278738223773735,0.4054930858539909,0.15525511458915758,-0.0764700834496761,2.3030210000428504,-0.11786785393199911,1.0024230103421743,-1.662056603033335,-0.03231887471473316,0.4550912739590219,1.0790849413910892,True
136,Birch,96,24,0.32283900260088627,-1.0690181220350745,1.0653609134894915,0.6385083937926168,0.3570311411393203,0.5105339389449738,0.6850226151542533,0.29147204464456067,-0.38625566154136537,1.031933666743138,-2.0829825925128507,-0.055053651557298355,-0.2951531292704508,2.4258749562494337,0.059619754150285975,1.2173970334349478,True
136,Oak,71,18,0.10124312639127966,-0.35474537667044903,0.9236798659843611,0.6320699003932286,0.04598308883689488,0.18837051814637268,0.3239039487332227,0.1129969848385483,0.009460496928950152,0.19302575585360918,-0.7307345045426825,0.02124375120178451,0.2771648784110674,1.5701948535576549,0.4065269746758165,0.8576128261106408,True
136,Pine,365,91,1.8643410044381852,-0.08218322941949638,-0.25461731021362194,0.6262185319176066,0.3135058751570396,0.14788285686344657,0.17745575574967723,0.07422013528390331,1.2478138043150635,2.4808682045613066,-0.37300330940223614,0.20863685056324335,-0.6035941840386432,0.09435956361139924,0.48026039899131606,0.772176664843897,True
136,Spruce,6,1,8.500495513225097,-0.26117217952056004,-0.8031514829718809,1.1039864491509557,55.04154186117037,2.116215656025821,2.273507097460991,3.3108297152071753,-228.32414482242407,245.32513584887428,-9.366513248545772,8.844168889504651,-10.585263001845966,8.978960035902205,-13.141364062544298,15.349336960846209,True
137,Alder,92,23,1.8117722452121436,0.2520166236555705,-1.286604225549531,1.0309318822665698,1.0359148161651626,0.271996585323133,0.45351017671994065,0.13727653503267628,-0.2468907697813274,3.870435260205615,-0.288519433625778,0.792552680936919,-2.1878604033428615,-0.38534804775620046,0.7581236155169914,1.3037401490161482,True
137,Aspen,53,13,0.7764572034486632,0.3820128601232031,-0.8118938648349837,0.9012684949172155,0.4634375283493774,0.2974436133121162,0.4232603686440712,0.17504679340097462,-0.15485537747862566,1.707769784375952,-0.21572245963107073,0.979748179877477,-1.6624674205203025,0.03867969085033507,0.5494987935597389,1.2530381962746922,True
137,Birch,96,24,0.32282532378782397,-0.6770284408179398,0.7376273914595161,0.6082662792930281,0.3042969643878738,0.4467789559970983,0.6224801139235122,0.23349414034328173,-0.2815347134726975,0.9271853610483454,-1.5643700120254878,0.2103131303896082,-0.4986718453781521,1.9739266282971841,0.14452676206896947,1.0720057965170868,True
137,Oak,71,18,0.10104750284305762,-0.4079853009735386,1.2039785360425637,0.4302308509961704,0.04542226989357856,0.1965184952823129,0.33576324709359356,0.10818051955500692,0.010384272676683112,0.19171073300943214,-0.8002378592775159,-0.01573274266956126,0.5337922898690911,1.8741647822160363,0.2143016302215797,0.6461600717707612,True
137,Pine,365,91,1.788388510403758,0.022308102473005964,-0.3834766180580595,0.6560742419944938,0.31281226355794817,0.1509467000076648,0.18195263453881771,0.07817451181071111,1.1732253370853862,2.40355168372213,-0.2745371999537313,0.31915340489974325,-0.7412968607283155,-0.02565637538780352,0.5023396018908364,0.8098088820981513,True
137,Spruce,6,1,169.931398502735,-1.5219590617648142,4.339799258049169,-3.352670956186716,742.521354072544,1.8377743766293524,2.9094975468720286,2.592175421676619,-3024.880132455172,3364.7429294606422,-9.429263999934722,6.385345876405094,-8.178758304043994,16.858356820142333,-14.505901610114869,7.800559697741438,True
138,Alder,92,23,2.217157575356801,0.3176245656947613,-1.4910712765155418,1.0859038020456426,1.193608821730098,0.2644912697677318,0.4410675741818091,0.12724763370576506,-0.15488913864049625,4.5892042893540985,-0.20799625405097866,0.8432453854405012,-2.367600396392721,-0.6145421566383629,0.8330258692584267,1.3387817348328586,True
138,Aspen,53,13,0.5756407819717884,0.2984573738801524,-0.7237958053955653,0.977976911723342,0.3777723042065531,0.31097907422679,0.4383080331109603,0.1852508958215749,-0.18352108583495486,1.3348026497785317,-0.3264784729513805,0.9233932207116853,-1.604608774970174,0.15701716417904332,0.6057012988242966,1.3502525246223875,True
138,Birch,96,24,0.49618562164990254,-0.7422664618923083,0.6142058047544894,0.6336763172099529,0.6083133787365103,0.5660421792968914,0.738568370627009,0.27618110493000125,-0.711977256276991,1.7043484995767961,-1.8664750890110624,0.38194216522644586,-0.8526547302807039,2.0810663397896825,0.08515680370803314,1.1821958307118727,True
138,Oak,71,18,0.10206021599203466,-0.3212845007685188,0.9394263282046683,0.5803392851983498,0.04413132691875249,0.17609968665797013,0.27946283100211544,0.11100964649381778,0.013973718787983258,0.19014671319608606,-0.6727809464790642,0.030211944942026614,0.3816161828848863,1.4972364735244503,0.3587631034192945,0.801915466977405,True
138,Pine,365,91,1.7791854100289939,-0.16737785313358283,-0.20235377256667192,0.6666770838746628,0.30138305236823454,0.14948292735059243,0.17919290853953745,0.07614211564707123,1.1864984329569614,2.3718723871010265,-0.4613445630700532,0.12658885680288756,-0.5547468565191177,0.15003931138577387,0.5169392668470714,0.8164149009022543,True
138,Spruce,6,1,169.931398502743,-1.521959061764809,4.339799258049188,-3.3526709561867527,742.521353925776,1.8377743761599699,2.909497546692257,2.59217542171296,-3024.8801318236724,3364.7429288291582,-9.429263997915129,6.38534587438551,-8.17875830327048,16.858356819368858,-14.505901610271266,7.800559697897761,True
139,Alder,92,23,2.7692844173789473,0.2756050360074479,-1.4106448949912922,0.9899844819345788,1.5802450852090335,0.2628059590135873,0.440669969874809,0.13450292244507808,-0.37112062440623195,5.9096894591641265,-0.24666658275748965,0.7978766547723855,-2.2863838598589568,-0.5349059301236277,0.7226881873693023,1.2572807764998553,True
139,Aspen,53,13,1.6469549798984406,0.6372743153522613,-1.0491370245834126,0.6687220522286261,0.9481766305613648,0.32750223700672193,0.47899678341456403,0.14502611906555904,-0.2584772973023175,3.552387257099199,-0.020866070240878387,1.295414700945401,-2.0117170991978783,-0.08655694996894703,0.377281154617522,0.9601629498397303,True
139,Birch,96,24,0.41453060547467585,-0.8166712690473853,0.7810327106717443,0.6125981888932485,0.5224263803173677,0.5698998858304551,0.7595010755011617,0.28257705983711756,-0.6230532800879554,1.452114491037307,-1.9485416343272632,0.31519909623249276,-0.7274019830907801,2.2894674044342684,0.05137575686646856,1.1738206209200284,True
139,Oak,71,18,0.0607356500590463,-0.4213140331983066,1.0407788141920797,0.7359393020894855,0.026155056514059305,0.18769005650203702,0.2943270323760905,0.10723499197187882,0.00852993875698018,0.11294136136111241,-0.7959449539438523,-0.046683112452760855,0.45329959875392933,1.62825802963023,0.5218973622697799,0.9499812419091912,True
139,Pine,365,91,1.9058580870357997,-0.08864526366697031,-0.2358135194433499,0.608599876621548,0.3284548918348603,0.14986399090810534,0.1835555552055344,0.07776638639737878,1.259932792244264,2.5517833818273354,-0.38336135684247796,0.2060708295085373,-0.5967859971081664,0.12515895822146653,0.45566783844123526,0.7615319148018608,True
139,Spruce,6,1,169.93139850273283,-1.5219590617648122,4.339799258049155,-3.3526709561867007,742.5213541077526,1.8377743763923113,2.9094975467028377,2.5921754221447513,-3024.880132606664,3364.74292961213,-9.429263998914815,6.385345875385191,-8.178758303316037,16.858356819414347,-14.505901612129064,7.800559699755661,True
140,Alder,92,23,4.414460498187891,0.5112047173902357,-1.8368733513235704,1.0155949077522661,2.4158225310359787,0.24624746387769703,0.4163542855984792,0.12369607349469748,-0.3864791329706918,9.215400129346474,0.021839628185708948,1.0005698065947624,-2.66429000327245,-1.0094566993746907,0.7697749545768424,1.2614148609276898,True
140,Aspen,53,13,1.332167917290673,0.6553725241375826,-0.9155814068640732,0.5971908253297924,0.5629705335860642,0.22231288508575936,0.3258482731520421,0.10797973687654079,0.20083627376268343,2.4634995608186627,0.20861805537448236,1.102126992900683,-1.5703980276517415,-0.26076478607640485,0.380197419990965,0.8141842306686198,True
140,Birch,96,24,0.3995039964312136,-0.8126669557437783,0.8118282956658871,0.5984407246318713,0.48797703279980376,0.5420640427571208,0.7402672829668895,0.2718308940469519,-0.5696605113988894,1.3686685042613167,-1.8892529339749085,0.26391902248735166,-0.6584064259212423,2.2820630172530167,0.05856110544062776,1.1383203438231146,True
140,Oak,71,18,0.10981178892165219,-0.26551870362150964,0.9077679589620683,0.5300914764788739,0.04839993956482007,0.17458508460034664,0.28191154878269664,0.10715360082048218,0.013205105215951876,0.20641847262735252,-0.6139919909720146,0.08295458372899533,0.345070152495596,1.4704657654285405,0.3162119940772996,0.7439709588804482,True
140,Pine,365,91,1.9368262897356738,-0.2659942405852327,-0.055248983085252064,0.6024712427403145,0.31894508927698,0.14756045715634572,0.1788001097158702,0.07527914546975134,1.3096025645456544,2.5640500149256935,-0.5561803031396233,0.02419182196915798,-0.406869605727855,0.2963716395573509,0.4544305058294712,0.7505119796511578,True
140,Spruce,6,1,169.93139850272794,-1.521959061764811,4.339799258049132,-3.3526709561866728,742.5213537471052,1.837774376198026,2.909497546852412,2.5921754209031125,-3024.880131054929,3364.7429280603847,-9.429263998078872,6.38534587454925,-8.178758303959626,16.85835682005789,-14.505901606786695,7.80055969441335,True
141,Alder,92,23,1.580038130828254,0.009143029235168994,-0.9109224912726204,0.943123410352643,0.9285070223522005,0.29243655536121116,0.48501100638951267,0.13460669599232783,-0.26517446411684165,3.42525072577335,-0.572013173340305,0.5902992318106429,-1.8747799486020642,0.05293496605682346,0.6756208876686796,1.2106259330366065,True
141,Aspen,53,13,1.1552722649864642,0.45326023646972863,-0.7963220517957414,0.7083257928840342,0.7110306490667456,0.3197611508732128,0.4582814824600621,0.15502531020028273,-0.27359732021799843,2.584141850190927,-0.18932385412102654,1.0958443270604838,-1.7172731705823603,0.12462906699087739,0.39679076837726707,1.0198608173908013,True
141,Birch,96,24,0.42647914901176204,-0.7701723321017443,0.6519826294296811,0.6712545015243667,0.48660161263499685,0.5339919511969756,0.701264261431814,0.2741535943965905,-0.5399536556489593,1.3929119536724834,-1.8307264397360932,0.2903817755326047,-0.7407887247668847,2.044753983626247,0.12676179895032835,1.2157472040984052,True
141,Oak,71,18,0.0833980018427428,-0.3527577109901544,0.889484881999509,0.7180745159511986,0.03566079833487753,0.16827525386079178,0.275419647312611,0.11338619545601204,0.01221875045511589,0.15457725323036972,-0.6886365234720223,-0.0168788985082865,0.33974496510083685,1.4392247988981812,0.49175472258985353,0.9443943093125438,True
141,Pine,365,91,1.686836655711908,-0.2520527936668347,-0.11844224176164837,0.6840378808170667,0.2914754461932574,0.15295671813197023,0.18417649187901408,0.07602018337609359,1.113633551763215,2.260039759660601,-0.552850911477826,0.048745324144156554,-0.48063582684131767,0.24375134331802095,0.5345398505609124,0.8335359110732211,True
141,Spruce,6,1,0.14299082081632652,-2.2671728915989133,0.15480634441253222,3.2286584037388075,0.9467826041172637,2.5606829000278886,2.2218348884804984,3.402777989707222,-3.9306859352176393,4.216667576850292,-13.284902161290141,8.750556378092313,-9.404977603442207,9.714590292267273,-11.412313602224922,17.869630409702538,True
142,Alder,92,23,1.642239063629269,0.09075898770293385,-1.0313531175983979,0.9760152751944973,0.8618094561473911,0.2603850475595837,0.4355845380837659,0.12927538068085623,-0.07042613398810316,3.354904261246641,-0.42670157826580873,0.6082195536716765,-1.896985855409432,-0.16572037978736354,0.7191076213952405,1.232922928993754,True
142,Aspen,53,13,1.1546041187146725,0.5196870259435893,-0.9384439185491094,0.7718225071425349,0.7514110580182408,0.3489948595560163,0.5015206022879092,0.16741339707337838,-0.35541293638386673,2.6646211738132117,-0.18164440170557783,1.2210184535927564,-1.9462873018170335,0.06939946471881475,0.43539269002018893,1.1082523242648807,True
142,Birch,96,24,0.6725503086965869,-0.19926670130790153,-0.04022019328973186,0.6554577348855752,0.6247248061163975,0.4417420441354901,0.572487414711517,0.2202856392613473,-0.5682070805911377,1.9133076979843116,-1.0766045307874206,0.6780711281716176,-1.177229614275003,1.096789227695539,0.21795144092778074,1.0929640288433697,True
142,Oak,71,18,0.08055666454955725,-0.2620287150602938,0.9033671840826305,0.6187029252655285,0.03742497160114099,0.17790696114197674,0.28987051929480545,0.11227584831673576,0.005856108584520361,0.15525722051459412,-0.617132495738933,0.0930750656183455,0.324783205984548,1.4819511621807129,0.39459939407004696,0.84280645646101,True
142,Pine,365,91,1.809514842840139,-0.09223970389459157,-0.2592842950209115,0.6487988279697234,0.3123695340084889,0.14432628193016656,0.17206541388305002,0.07481369467763878,1.1952223224541987,2.4238073632260795,-0.3760655762423234,0.19158616845314025,-0.5976607538550702,0.0790921638132473,0.5016734266120417,0.7959242293274051,True
142,Spruce,6,1,8.500495513224728,-0.26117217952057004,-0.8031514829718824,1.103986449150979,55.041541861579105,2.116215656034513,2.273507097459417,3.31082971523282,-228.32414482418307,245.32513585063253,-9.366513248583178,8.84416888954204,-10.585263001839195,8.97896003589543,-13.141364062654615,15.349336960956572,True
143,Alder,92,23,2.398010007400306,0.3057323866738449,-1.4799293842370185,1.0684138538111185,1.160159897745574,0.24817433485005153,0.41587485148579234,0.12037896046148931,0.09243600102696137,4.70358401377365,-0.18746195368487928,0.7989267270325691,-2.306393261632901,-0.6534655068411357,0.8291859657470888,1.3076417418751483,True
143,Aspen,53,13,1.1721116413587938,0.6548493658284004,-0.9273395002603647,0.6481041895992018,0.5378877494464651,0.23102557914114552,0.3384193938730881,0.11031614030407944,0.09118573971600052,2.2530375430015868,0.19058608284291295,1.1191126488138878,-1.6074187339520094,-0.24726026656872013,0.4264156057884489,0.8697927734099546,True
143,Birch,96,24,0.5086776121640767,-0.587673059551671,0.5201064377793234,0.5929950172088444,0.5241063698913403,0.4878559502315507,0.6457701189332148,0.2459197858737491,-0.5322428777040419,1.5495981020321952,-1.5565970869497454,0.38125096784640333,-0.7624487593298384,1.8026616348884852,0.10457709541743954,1.0814129390002494,True
143,Oak,71,18,0.08473756188097581,-0.3305076241328945,0.9678843385540956,0.6157038880375023,0.038988777811455926,0.18262646451945982,0.295547671166472,0.10876205935471994,0.006915635656073671,0.16255948810587795,-0.6950315729798406,0.03401632471405169,0.3779687178930963,1.557799959215095,0.39861390896448623,0.8327938671105184,True
143,Pine,365,91,1.8006979406349426,-0.07363215828578454,-0.2573602004676719,0.6271298070998959,0.31618042545677255,0.14857827146682037,0.17879802226538058,0.07755621446457907,1.1789110846694646,2.4224847966004206,-0.36581981078412074,0.2185554942125517,-0.6089767180197239,0.09425631708438015,0.47461108402319496,0.7796485301765967,True
143,Spruce,6,1,169.93139850273238,-1.52195906176481,4.3397992580491485,-3.3526709561866963,742.5213539117165,1.8377743761216454,2.909497546675875,2.592175421715772,-3024.880131763189,3364.742928768654,-9.429263997750231,6.3853458742206115,-8.17875830320003,16.85835681929833,-14.505901610283312,7.80055969790992,True
144,Alder,92,23,2.400716151150685,0.38674256577760885,-1.5433404830650903,1.0558173958494788,1.3474400165889133,0.2626116885582654,0.44553391029298156,0.1324988500992481,-0.2770377372844046,5.078470039585774,-0.1351429812804314,0.908628112835649,-2.428745507428932,-0.6579354587012488,0.7925037739454587,1.3191310177534987,True
144,Aspen,53,13,1.4460079530871406,0.8527923090695805,-1.2192070259018974,0.6679083993887418,0.5985603913322434,0.22542655218407232,0.3215191311048806,0.10210895897605876,0.24315581273947706,2.648860093434804,0.3997806920090464,1.3058039261301144,-1.865323910033575,-0.5730901417702199,0.4627127639414087,0.8731040348360749,True
144,Birch,96,24,0.5441444820963899,-0.8097212493057568,0.7044225478078762,0.585779263490463,0.5560186933181355,0.48143903582665387,0.6332273232200701,0.25191028276722066,-0.5601566366718056,1.6484456008645854,-1.765900730807219,0.1464582321957053,-0.5532215743590957,1.9620666699748481,0.08546369778719609,1.08609482919373,True
144,Oak,71,18,0.0722806117195202,-0.47989569315712116,1.1651632390056712,0.6315301189350896,0.035567562088203504,0.20708727789489503,0.3521333844014959,0.1079633700299796,0.0012874606591525978,0.1432737627798878,-0.8932436298476897,-0.06654775646655264,0.4623020620090845,1.8680244160022579,0.41603433042652604,0.8470259074436531,True
144,Pine,365,91,1.8366144372358253,-0.07137277173291634,-0.2916173406202385,0.6495169583549483,0.3052868254268869,0.1474085205248209,0.17725590204047684,0.07466246999700145,1.236250467595276,2.4369784068763747,-0.36126004222804103,0.21851449876220835,-0.6402011907173764,0.05696650947689941,0.5026889489644701,0.7963449677454264,True
144,Spruce,6,1,86.1023616210154,0.13661530863516322,-0.5089074323316805,-0.19814073888207434,838.7583406508679,2.992630184727349,2.6350189470010545,4.611780101861357,-3522.783502335848,3694.988225577879,-12.739633124653036,13.012863741923361,-11.846478897446822,10.828664032783461,-20.041028982914195,19.644747505150047,True
145,Alder,92,23,1.7547043834973528,0.1872870148814076,-1.0688900849301526,0.9128230815547722,0.9562631931865394,0.2594676918302804,0.4406209749665274,0.1345298495583648,-0.14566776843334717,3.6550765354280528,-0.32835049934404575,0.7029245291068609,-1.9445316827131607,-0.19324848714714438,0.6454732750101719,1.1801728880993725,True
145,Aspen,53,13,1.438432493422794,0.8548058479167001,-1.259402653694096,0.7069019059443976,0.5367758081303967,0.21344245280319424,0.3018240533746344,0.1131714002585078,0.3597411215139126,2.5171238653316754,0.4258771802112745,1.2837345156221258,-1.8659407973257354,-0.6528645100624568,0.4794754624336587,0.9343283494551365,True
145,Birch,96,24,0.35079281543248214,-1.0354802483549121,0.9449749145847258,0.6921543054542704,0.39982897637267306,0.5232433747116039,0.700746868342179,0.268011659879298,-0.4433020436618605,1.1448876745268248,-2.0746867553049615,0.0037262585951371996,-0.446768852276031,2.3367186814454826,0.15986001498463653,1.2244485959239042,True
145,Oak,71,18,0.12036934168523855,-0.18364470748693035,0.8020466409300554,0.5186814932272283,0.06749768793081641,0.25521711282391546,0.4158859504937515,0.11761314678656196,-0.014356607302063423,0.25509529067254055,-0.6930601967736822,0.3257707817998215,-0.028065190577223342,1.6321584724373341,0.28392466969804725,0.7534383167564094,True
145,Pine,365,91,1.7258770241336197,-0.002497481468851059,-0.38724426329565004,0.6830300171105649,0.3041644915150376,0.14955010276515276,0.1797590276924742,0.07927637796631283,1.1277201881996683,2.324033860067571,-0.29659629569279367,0.2916013327550916,-0.7407506528795177,-0.033737873711782385,0.5271284943113814,0.8389315399097483,True
145,Spruce,6,1,7.700199476928401,-0.39485321776696325,-0.4767427808565048,0.9833301310710783,66.24713200090022,2.600185199623532,2.415567909642987,4.25226247616833,-277.3382038612856,292.7386028151424,-11.58254716464266,10.792840729108734,-10.870092641048306,9.916607079335297,-17.312678619399062,19.279338881541218,True
146,Alder,92,23,2.170560405777774,0.3243997256439431,-1.5055743913762911,1.102822571025571,1.158921710522931,0.2621219699814815,0.4378589991305428,0.12379155676320118,-0.13255296367724867,4.473673775232797,-0.19651260864983505,0.8453120599377213,-2.3757271425735387,-0.6354216401790437,0.8568128649183889,1.348832277132753,True
146,Aspen,53,13,1.3634323460835378,0.7199861717567158,-1.0215283369361727,0.6274896044722744,0.5309356094356829,0.21907551569701225,0.3156241840538922,0.11313248096727263,0.29647729285146807,2.4303873993156078,0.2797374403506819,1.1602349031627497,-1.655798881449996,-0.3872577924223495,0.4001413722054483,0.8548378367391005,True
146,Birch,96,24,0.40112250161169993,-0.8913862524059492,0.7766569664562062,0.6718839818464791,0.4564301191507182,0.5305022378520315,0.7220206438144183,0.27381751364716844,-0.5053871126779154,1.3076321159013151,-1.9450094881158226,0.16223698330392444,-0.6573383547798557,2.210652287692268,0.12805876465025856,1.2157091990426996,True
146,Oak,71,18,0.09317340443947354,-0.2828301866946099,0.8986167274295455,0.6004831877817784,0.04650880094490128,0.1858419337419671,0.3100688858243003,0.1123638902261668,0.00034144921775100534,0.18600535966119608,-0.6537722389717918,0.088111865582572,0.2797166410009263,1.5175168138581645,0.37620392419956816,0.8247624513639887,True
146,Pine,365,91,1.946624938737465,-0.06858647753845178,-0.3194059243855405,0.6542982416996513,0.33758007855155203,0.1514014924363721,0.18237959767369347,0.07861034349681283,1.2827544433520823,2.6104954341228477,-0.36632615523827655,0.22915320016137303,-0.6780658144339162,0.03925396566283523,0.499706513705623,0.8088899696936797,True
146,Spruce,6,1,7.700199476929366,-0.39485321776693144,-0.47674278085650756,0.9833301310710149,66.24713200022633,2.6001851995988385,2.415567909639251,4.252262476131843,-277.3382038583851,292.7386028122438,-11.582547164536381,10.792840729002519,-10.870092641032235,9.916607079319219,-17.31267861924214,19.279338881384167,True
147,Alder,92,23,1.7530384618064057,0.2238020341481089,-1.2583391245389393,1.0454307495970556,1.07227461162894,0.2670558927951363,0.4552755882347432,0.13812905205927836,-0.3778820061995649,3.8839589298123762,-0.30691543494710466,0.7545195032433225,-2.163103686742893,-0.3535745623349855,0.7709282844009149,1.3199332147931964,True
147,Aspen,53,13,1.6192867105630473,0.652593660128502,-1.1263317857822774,0.7197503332645976,1.0039086634911143,0.3554159591103311,0.5168594278217743,0.15145304883702804,-0.398143279928207,3.6367167010543016,-0.061641450180157764,1.3668287704371616,-2.164999693009703,-0.08766387855485225,0.4153940367339807,1.0241066297952144,True
147,Birch,96,24,0.43999385339459,-0.7262595982612907,0.619402351459462,0.6541346350649074,0.5493506550691178,0.5552408259014364,0.7271866162234892,0.28667285422492605,-0.6510639658463249,1.5310516726355048,-1.8290158051967782,0.37649660867419676,-0.8248530368920026,2.0636577398109264,0.08477760184745586,1.223491668282359,True
147,Oak,71,18,0.0658291113519383,-0.3850175702231374,1.0368724426280798,0.6789096332760638,0.02740745846358797,0.15410784539938047,0.25272505318991473,0.09742873461221915,0.0111235952960154,0.1205346274078612,-0.6926181170611396,-0.07741702338513518,0.5324311251895226,1.541313760066637,0.4844410650679608,0.8733782014841668,True
147,Pine,365,91,1.6722981106563344,-0.09873553179727615,-0.2590695257623786,0.6738546021363535,0.30170285268358477,0.14937703414509154,0.18002823566529663,0.07892588583701358,1.078982228008218,2.265613993304451,-0.3924939967001668,0.1950229331056145,-0.6131053281926623,0.09496627666790503,0.5186423421174411,0.8290668621552659,True
147,Spruce,6,1,0.14299082081632655,-2.267172891598915,0.15480634441254032,3.2286584037388018,0.9467826041176665,2.5606829000289,2.221834888481059,3.402777989708535,-3.930685935219373,4.216667576852026,-13.284902161294497,8.750556378096665,-9.40497760344461,9.71459029226969,-11.412313602230578,17.86963040970818,True
148,Alder,92,23,3.6526898446876195,0.32407073484591536,-1.4657343010194712,0.9083445234637927,1.9574893310565433,0.262200271575196,0.434538226557037,0.1218618321300443,-0.23740886343619394,7.542788552811433,-0.1969972074114517,0.8451386771032825,-2.329287714537981,-0.6021808875009613,0.6661697395619983,1.150519307365587,True
148,Aspen,53,13,1.7269052553492767,0.6527095609634422,-1.085998224518824,0.6740070358937937,0.9913645041508425,0.3159019889130513,0.4719726805819923,0.15829192943596385,-0.26531630316116384,3.7191268138597176,0.01788074668389872,1.2875383752429856,-2.0344628360179042,-0.13753361301974387,0.3559074942618718,0.9921065775257156,True
148,Birch,96,24,0.6777699632263295,-0.6779402311288264,0.6583306951584156,0.43394094078272444,0.7308334354387483,0.49586242295953215,0.6820911256006922,0.2946122928582421,-0.7737283228689557,2.1292682493216146,-1.662765804458987,0.30688534220133423,-0.6963611563109138,2.013022546627745,-0.15118450286862933,1.0190663844340782,True
148,Oak,71,18,0.05233217579808386,-0.40897953167654927,1.0736186949897915,0.7349731465060726,0.027673467298877444,0.21145837824880284,0.37199794171162553,0.13633331457058212,-0.002904296115321371,0.10756864771148908,-0.8310522211898007,0.013093157836702174,0.33110769565317166,1.8161296943264111,0.46285071169123204,1.0070955813209133,True
148,Pine,365,91,1.7537991207822214,-0.13257452236382514,-0.22322197603175245,0.6586195323217982,0.30791883438438683,0.1500393244741928,0.18063275138875357,0.07753102826968651,1.1482591552773087,2.359339086287134,-0.42763541900604085,0.1624863742783906,-0.5784465931412718,0.13200264107776685,0.506150339335119,0.8110887253084773,True
148,Spruce,6,1,0.14299082081625228,-2.267172891599121,0.15480634441262758,3.228658403739057,0.9467826041177977,2.560682900029859,2.2218348884810983,3.402777989711358,-3.930685935220011,4.216667576852516,-13.284902161298827,8.750556378100583,-9.404977603444694,9.714590292269948,-11.412313602242468,17.869630409720582,True
149,Alder,92,23,1.7355665039686397,0.2244223653131626,-1.0698128160566311,0.8799140419197942,0.9971454542137592,0.2675324961407088,0.4665396941724855,0.15117446847034588,-0.24605055095283657,3.717183558890116,-0.30724225278025175,0.756086983406577,-1.9969624218270448,-0.14266321028621753,0.5794865529074367,1.1803415309321517,True
149,Aspen,53,13,0.9032062213942136,0.4984490157217978,-0.9029994728380313,0.8358936044417035,0.519342937348419,0.3028405898365838,0.4437394795393074,0.17124353771854975,-0.14045248507913133,1.9468649278675585,-0.11013193441141389,1.1070299658550096,-1.7947273426568404,-0.011271603019222143,0.49176683152409895,1.180020377359308,True
149,Birch,96,24,0.7370477947459362,-0.6250502318494441,0.5044752080360558,0.5124993165481608,0.7950458155917027,0.48792632976212663,0.670583379688713,0.24612978912116174,-0.8419818209499961,2.3160774104418684,-1.5941140390701887,0.3440135753713005,-0.8273612667385414,1.8363116828106532,0.023664310180554426,1.0013343229157672,True
149,Oak,71,18,0.06877665732122223,-0.33645693404094607,0.9951530356301517,0.6571085186407177,0.025565947630275285,0.14214973391473026,0.22799200458083074,0.09189830886028078,0.01774681227261954,0.11980650236982493,-0.6201889904572206,-0.052724877624671485,0.5400790898358399,1.4502269814244635,0.4736787264348004,0.8405383108466351,True
149,Pine,365,91,1.9381756233138954,-0.10553557430814617,-0.28497000656765875,0.6576733449627827,0.32276003643060397,0.14821005355978276,0.1810129392264759,0.07655474625424304,1.3034495867682647,2.572901659859526,-0.3969991052724047,0.1859279566561123,-0.6409422847632562,0.07100227162793876,0.5071240662909802,0.8082226236345853,True
149,Spruce,6,1,86.10236162100753,0.1366153086351415,-0.5089074323316802,-0.198140738882028,838.7583404615361,2.992630184040243,2.6350189468158924,4.6117801010292645,-3522.7835015212268,3694.988224763242,-12.739633121696679,13.012863738966962,-11.846478896650133,10.828664031986772,-20.04102897933394,19.644747501569885,True
150,Alder,92,23,2.438713385755229,0.179914880037636,-1.2877584662658272,0.9953313746781776,1.3672067551845937,0.2677167446230325,0.4468220630584639,0.12215864950476067,-0.27832274195182327,5.155749513462281,-0.35211589319731085,0.7119456532725829,-2.175723423564866,-0.39979350896678845,0.7525667286159036,1.2380960207404517,True
150,Aspen,53,13,1.854950740103375,0.6508962901851281,-1.0896102761118955,0.6601931051580882,1.026276224586067,0.2864565509426663,0.4205197585713257,0.14276791528894217,-0.20742854727927162,3.917330027486021,0.07524029889729533,1.2265522814729608,-1.934676369660398,-0.24454418256339316,0.373290237936865,0.9470959723793113,True
150,Birch,96,24,0.481670097306688,-0.3915907909995168,0.1638429994450377,0.7389197075902783,0.4607896471179165,0.45320388516436017,0.580772902740839,0.22760552686648103,-0.4334979158269456,1.3968381104403216,-1.2916928261135439,0.5085112441145101,-0.9896221159445322,1.3173081148346075,0.28687548501830745,1.190963930162249,True
150,Oak,71,18,0.03837457665612194,-0.42180531489816286,1.126118986902941,0.7862879170894044,0.016165319635871346,0.14610605148862568,0.24218506025481434,0.0979638925110699,0.006108463617433578,0.0706406896948103,-0.7134342142431098,-0.13017641555321596,0.642715583414212,1.6095223903916702,0.5907511692444727,0.9818246649343361,True
150,Pine,365,91,1.977215586692835,-0.04692244692018278,-0.287367520473924,0.6029909072961476,0.32104089551596793,0.14554222126395627,0.17712965440173897,0.0749015112076273,1.3458703388937845,2.608560834491885,-0.33313953338026714,0.2392946395399016,-0.6357030973825795,0.060968056434731466,0.45569280971919646,0.7502890048730987,True
150,Spruce,6,1,86.10236162100594,0.1366153086351387,-0.508907432331683,-0.1981407388820174,838.758340734503,2.992630184903664,2.635018946971131,4.611780102374281,-3522.78350269571,3694.988225937722,-12.739633125411682,13.012863742681958,-11.846478897318072,10.828664032654707,-20.04102898512107,19.644747507357035,True
151,Alder,92,23,2.6436920370638304,0.4058472541922338,-1.6257287834965992,1.0906484542617143,1.3712608015594623,0.24858377992608124,0.41455260537972777,0.1302908303487611,-0.08140065591555379,5.368784730043215,-0.08816077221628926,0.8998552806007568,-2.449564974607087,-0.8018925923861111,0.831722807629184,1.3495741008942446,True
151,Aspen,53,13,0.8595963189553586,0.3761893796034551,-0.670840442762487,0.7566181281682741,0.5100393350999276,0.2992359701151103,0.4334612169945227,0.16501392925132552,-0.1653660988233181,1.8845587367340353,-0.22514781599821565,0.9775265752051259,-1.5419133706905839,0.20023248516560987,0.42501022216341405,1.0882260341731342,True
151,Birch,96,24,0.3385554155466084,-0.9079741388193838,0.8531960218388318,0.6827393136987947,0.4305931220668026,0.5585676407707852,0.7544480557791443,0.2867091797073499,-0.5166396923635359,1.1937505234567527,-2.017337687245915,0.2013894096071469,-0.6452029385945096,2.3515949822721733,0.11331013493774456,1.2521684924598449,True
151,Oak,71,18,0.09517634775934664,-0.37058179157136295,1.0365322282163327,0.5571274061448681,0.046107817310416445,0.19083716399318146,0.3099446439738298,0.1171358554965059,0.003144759221883245,0.18720793629681004,-0.7514943651602486,0.010330782017522688,0.4178801295591722,1.6551843268734934,0.3233232600179424,0.7909315522717938,True
151,Pine,365,91,1.8864732650521787,-0.20444231584385386,-0.13494445883577177,0.623394645451976,0.3186789509919443,0.15102906364155946,0.18261528263644147,0.07678825213110942,1.2597729159923081,2.5131736141120493,-0.5014495910584109,0.09256495937070314,-0.4940678368175757,0.22417891914603216,0.4723861641435255,0.7744031267604264,True
151,Spruce,6,1,8474.873517898694,2.894345410932682,-3.3956245489573567,-1.2876020782015167,69697.32389031052,3.9289124726789835,4.133821236673254,3.344673678228839,-291408.507371262,308358.25440705934,-14.010400564376763,19.79909138624213,-21.182021777005414,14.390772679090698,-15.678571409775666,13.103367253372634,True
152,Alder,92,23,2.1782821552762925,0.17623168576180914,-1.1891107197559536,0.9449592669885699,1.1269437042673036,0.27024273826552747,0.45420252034877795,0.13026303661579725,-0.06128164644941414,4.417845957001999,-0.3608189690374959,0.7132823405611142,-2.0917427850258528,-0.28647865448605436,0.6860888545598646,1.2038296794172751,True
152,Aspen,53,13,1.1898210568391139,0.505236389996994,-0.8848080283565416,0.7269558824844807,0.5979160828862375,0.2938895379486964,0.4304761369259017,0.1466381505266223,-0.011736297210383162,2.3913784108886107,-0.08535674791606018,1.0958295279100483,-1.7498822132978895,-0.019733843415193686,0.4322754863677506,1.021636278601211,True
152,Birch,96,24,0.5228880475461312,-0.8483041602950443,0.7956368054990084,0.5537527572532089,0.548623749889625,0.47318643759894685,0.6385233886387179,0.25023128676894074,-0.5667260752640723,1.6125021703563345,-1.7880932693771623,0.0914849487870738,-0.47252575972961797,2.0637993707276348,0.0567718225283414,1.0507336919780765,True
152,Oak,71,18,0.056850637136238814,-0.42928727145593576,1.0253263247014774,0.7800725995873447,0.021256484335453785,0.14316832910676974,0.23125919776364148,0.09780856805997169,0.014422516825465213,0.09927875744701242,-0.7150524523848911,-0.1435220905269804,0.563731034020061,1.486921615382894,0.5848458806443894,0.9752993185302999,True
152,Pine,365,91,1.8679062588442894,-0.1045509981315884,-0.20420500693093263,0.6043265961907599,0.3184212889853197,0.15061196790068218,0.1847610524510613,0.07740923206700849,1.2417126168292,2.4940999008593785,-0.4007380307616084,0.19163603449843158,-0.5675481637454414,0.15913814988357616,0.4520969223894392,0.7565562699920806,True
152,Spruce,6,1,7.700199476928917,-0.3948532177669425,-0.47674278085651506,0.9833301310710492,66.24713200186466,2.6001851996544207,2.415567909645962,4.252262476224366,-277.3382038654347,292.7386028192925,-11.582547164775542,10.792840729241659,-10.870092641061117,9.916607079348086,-17.31267861964019,19.27933888178229,True
153,Alder,92,23,2.640911979013546,0.26221066241866453,-1.3787174983003074,0.9882291367293534,1.469174545726869,0.270274526504803,0.4491220391015527,0.13058211436059225,-0.2787637053773979,5.5605876634044895,-0.27490316482637356,0.7993244896637026,-2.271253174679131,-0.48618182192148385,0.7287246243323238,1.247733649126383,True
153,Aspen,53,13,0.7101514759078688,0.2429973122720448,-0.5766905437572867,0.844600893136635,0.4112700398547296,0.2945326663989151,0.4235015910609746,0.1650201524251453,-0.11632661195735128,1.5366295637730887,-0.34888824064886226,0.8348828651929519,-1.427748854038255,0.27436776652368167,0.5129804811957703,1.1762213050774997,True
153,Birch,96,24,0.7460123268660781,-0.6152838343251288,0.46701360665749775,0.538944054260178,0.7870609327070298,0.4980882727266283,0.6576909158583653,0.2588091492691396,-0.8171586221901479,2.309183275922304,-1.6045301374213081,0.37396246877105044,-0.8392173221118586,1.773244535426854,0.0249267441949772,1.0529613643253788,True
153,Oak,71,18,0.10684360402437218,-0.3444232157511856,1.050066789358199,0.48795120186226526,0.0469564026456412,0.17225300678939598,0.2818815860391736,0.10645188807431466,0.01311823206869682,0.20056897598004753,-0.6882416563087961,-0.0006047751935751577,0.48742878877810814,1.6127047899382898,0.2754723439641674,0.7004300597603631,True
153,Pine,365,91,1.8116306490912288,-0.14885336115739664,-0.198067015642808,0.6365575526508124,0.311893956819401,0.15181697264800734,0.18200924471253305,0.07618311589013824,1.1982733783961717,2.424987919786286,-0.4474101044112807,0.14970338209648745,-0.555998585451293,0.15986455416567696,0.48673910630471184,0.7863759989969129,True
153,Spruce,6,1,3758.450588656026,1.0210175846987415,-0.5729719152349774,-2.0914896123331332,24014.518877830767,2.0081880112872756,1.8925154517912186,3.1845797730542995,-99567.68461338207,107084.58579069411,-7.6195180438095225,9.661553213207005,-8.71580868987659,7.5698648594066364,-15.793630465800335,11.61065124113407,True
154,Alder,92,23,1.9028984182959834,0.13928226346853753,-1.1410547395857278,0.9944340295125174,1.0563794043229409,0.2621574575158521,0.43383707154359064,0.12382291424155052,-0.19643366533138473,4.002230501923352,-0.3817005948426231,0.6602651217796982,-2.0032147548523405,-0.27889472431911533,0.748362007006425,1.2405060520186098,True
154,Aspen,53,13,1.1533724920451889,0.5010057994538749,-0.8725390264558162,0.7312611457578502,0.7086495571457114,0.313993560012892,0.4556087043800011,0.15406873262868434,-0.27071210979743476,2.5774570938878125,-0.1299878833660867,1.1319994822738364,-1.7881189965984026,0.04304094368677025,0.4216484358513604,1.04087385566434,True
154,Birch,96,24,0.7134127158785978,-0.2874070741619168,0.005873920303675583,0.6636461899322329,0.623968292194582,0.4193602966486485,0.5453126735358115,0.2089280807926773,-0.5258421714604261,1.9526676032176216,-1.1202928212083645,0.5454786728845308,-1.0771641190658383,1.0889119596731893,0.2486969874430363,1.0785953924214295,True
154,Oak,71,18,0.11224558683847156,-0.17297390452103606,0.6992894864432845,0.6270699530236732,0.056456812390177136,0.22810374299585343,0.34396946148039936,0.12852734028622617,-0.0004426823339608449,0.224933856010904,-0.6282708811251987,0.2823230720831265,0.012723567798824997,1.385855405087744,0.3705283080917137,0.8836115979556327,True
154,Pine,365,91,1.7006397137726186,-0.14083212108458418,-0.18830363548086826,0.6466516082969241,0.30320269293344193,0.1522282943192205,0.1835805175545623,0.0781345949478223,1.1043743096540888,2.296905117891148,-0.44019775188539534,0.158533509716227,-0.5493252030300353,0.17271793206829872,0.49299546698281005,0.8003077496110382,True
154,Spruce,6,1,8.500495513224852,-0.26117217952056965,-0.803151482971876,1.1039864491509683,55.041541861995576,2.1162156560492202,2.273507097461665,3.310829715251028,-228.32414482597488,245.32513585242458,-9.36651324864646,8.84416888960532,-10.58526300184886,8.978960035905109,-13.141364062732968,15.349336961034904,True
155,Alder,92,23,2.425897953299917,0.35582405549276375,-1.3887561160459925,0.9501436879674839,1.2743745539681093,0.2534413978444199,0.42857909831316066,0.1349179181738008,-0.10665368179964796,4.958449588399482,-0.147837465772096,0.8594855767576235,-2.240467014402218,-0.5370452176897671,0.6820226765965687,1.2182646993383992,True
155,Aspen,53,13,0.7236604798619812,0.41236789546457364,-0.8503852690705593,0.9246267450468802,0.4313502699887584,0.2860343430120722,0.41156009645990754,0.17420567462013858,-0.14317034123643957,1.590491300960402,-0.16243963722101762,0.9871754281501649,-1.6774462475069107,-0.023324290634207823,0.574547335162856,1.2747061549309044,True
155,Birch,96,24,0.8002893391424553,-0.3105018585265461,0.11978385219837803,0.563486922053216,0.7238260116492174,0.4239717686434629,0.5481679386282299,0.22315340428033942,-0.6372915984473648,2.2378702767322753,-1.152546387002898,0.5315426699498058,-0.9689249901024561,1.2084926944992123,0.12028499923097019,1.0066888448754618,True
155,Oak,71,18,0.04163979250538284,-0.5107567270329528,1.191103234759223,0.7919354464035925,0.01896832588065857,0.17106202069956922,0.27624965008553115,0.10278055505263724,0.0037788555857141,0.07950072942505158,-0.8521979494057411,-0.16931550466016454,0.6397066253919379,1.742499844126508,0.5867845998871717,0.9970862929200133,True
155,Pine,365,91,1.8262959444907516,-0.2063156149206883,-0.11167174546435515,0.6190722256277247,0.30598420374226903,0.1531193340785878,0.18350918457128895,0.07689805793071808,1.224560540582842,2.4280313483986613,-0.507433526273709,0.09480229643233237,-0.472553032629839,0.2492095417011287,0.4678478049460293,0.7702966463094201,True
155,Spruce,6,1,86.10236162099406,0.13661530863508686,-0.5089074323316419,-0.1981407388819682,838.7583407542118,2.9926301850314174,2.6350189470472873,4.611780102380656,-3522.7835027805218,3694.98822602251,-12.739633125961412,13.012863743231584,-11.846478897645706,10.828664032982424,-20.04102898514845,19.644747507384515,True
156,Alder,92,23,1.9339513557157026,0.1546223345742361,-1.2689193029660915,1.0709043013915198,0.9178655653609777,0.24087714685681896,0.3986892989305064,0.11218955308621323,0.10988642039630059,3.758016291035105,-0.32407037804376926,0.6333150471922415,-2.0612305059473313,-0.4766080999848519,0.8479511396033499,1.2938574631796897,True
156,Aspen,53,13,1.3500421612080913,0.7307536226556235,-1.0568245295210588,0.6531777797452543,0.5081099527503324,0.21243259771156903,0.30390362061139675,0.11043824604113142,0.32895698242211524,2.371127339994067,0.3038543347354168,1.1576529105758302,-1.6675417199756408,-0.4461073390664766,0.43124381526901023,0.8751117442214983,True
156,Birch,96,24,0.43373747563396725,-0.7394062935458241,0.6778746178034962,0.6198421071212203,0.494611144814994,0.5207411526078186,0.680493440430741,0.27074650933300065,-0.5486029512946262,1.4160779025625607,-1.773643171413573,0.29483058432192477,-0.6736440930109975,2.02939332861799,0.08211616957266632,1.1575680446697745,True
156,Oak,71,18,0.0874150939738543,-0.34712191508302415,1.0673346971882958,0.534042598138919,0.03901938349453156,0.17779682105829095,0.28407377706109543,0.1154599283057461,0.009532078549852552,0.16529810939785605,-0.7020058552345136,0.007762025068465295,0.5003210650148298,1.6343483293617618,0.303583616685488,0.76450157959235,True
156,Pine,365,91,1.9829443011802625,-0.13759269291046317,-0.21273439425409418,0.6204275228237763,0.3374086501420361,0.14975461087392491,0.1815029636284272,0.07775663754162669,1.3194109295482623,2.6464776728122628,-0.4320936840047455,0.15690829818381918,-0.5696703334093969,0.14420154490120846,0.4675146563248179,0.7733403893227347,True
156,Spruce,6,1,169.93139850272973,-1.5219590617648378,4.339799258049204,-3.352670956186719,742.5213536787879,1.837774376171155,2.909497546888885,2.5921754206505216,-3024.8801307609815,3364.742927766441,-9.429263997963282,6.3853458744336065,-8.178758304116485,16.858356820214894,-14.50590160569993,7.800559693326493,True
157,Alder,92,23,2.9813146849239853,0.35094453667903186,-1.5496232662787615,1.0304425667897523,1.6645221784926856,0.259115470229729,0.43467101026654054,0.12706915112961084,-0.3265733701812268,6.289202740029197,-0.163993011129471,0.8658820844875348,-2.4134405595173822,-0.6858059730401405,0.7779193306171766,1.282965802962328,True
157,Aspen,53,13,0.9557190382215219,0.632144991259193,-0.9643404358554186,0.7621172398504482,0.4366789245377254,0.22711092763860774,0.3187512500762662,0.13123759564583576,0.07817988489428107,1.833258191548763,0.17574849499519624,1.0885414875231898,-1.6048950548126728,-0.32378581689816444,0.49838541746019654,1.0258490622407,True
157,Birch,96,24,0.579330598900604,-0.24613779677138264,0.014516704424070711,0.7007040162735605,0.5456366394310522,0.4567274863026584,0.5915138636995922,0.22454068880715453,-0.5043508647006062,1.663012062501814,-1.1532380078925772,0.6609624143498118,-1.1602808865565852,1.1893142954047264,0.2547468266348891,1.1466612059122319,True
157,Oak,71,18,0.05713181552372091,-0.39195752285605556,1.0300927017103991,0.7292177221326702,0.024634045867197717,0.1657955777616171,0.26459244019233474,0.10648785802003771,0.007962054179351946,0.10630157686808987,-0.7228868811286939,-0.0610281645834172,0.5019639806745604,1.5582214227462379,0.5166670679224153,0.9417683763429251,True
157,Pine,365,91,1.7234693701814223,-0.21084150673209662,-0.10549809818477981,0.6322037026512943,0.3244381159126921,0.15263244536885212,0.18582481259610684,0.08168559125127162,1.0854432945403278,2.361495445822517,-0.5110019236431567,0.08931891017896337,-0.4709332000497568,0.25993700368019723,0.471564324396193,0.7928430809063957,True
157,Spruce,6,1,86.10236162101124,0.1366153086351486,-0.5089074323316729,-0.19814073888205389,838.7583407884212,2.9926301850721115,2.635018947008586,4.611780102624018,-3522.7835029276957,3694.9882261697185,-12.739633126136443,13.01286374340674,-11.84647889747922,10.828664032815873,-20.041028986195638,19.644747508431532,True
158,Alder,92,23,2.1489470328438642,0.0723139007783988,-1.1099272710734946,0.9673173230521398,1.286408702466672,0.2879368057849225,0.4753229544861263,0.12593993607761947,-0.40751994359876775,4.705414009286496,-0.4998999950698383,0.644527796626636,-2.0545317610453804,-0.1653227811016088,0.7170381645076014,1.2175964815966782,True
158,Aspen,53,13,1.2903224188926596,0.7859798625102759,-1.1011590980785237,0.6636735025516247,0.4800994998590065,0.20513969467784193,0.2964729449670179,0.10916610045252405,0.3255263526178672,2.255118485167452,0.3737362119334318,1.19822351308712,-1.6969437867630228,-0.5053744093940247,0.44429601034826927,0.8830509947549802,True
158,Birch,96,24,0.56351313151666,-0.26028769353083814,0.07999595508289695,0.6736319632503499,0.5132808242568068,0.4443333662328562,0.5800777841801571,0.2074727265416635,-0.45590689029318165,1.5829331533265019,-1.142772112370749,0.6221967253090728,-1.0720885948446437,1.2320805050104378,0.2615732199254085,1.0856907065752912,True
158,Oak,71,18,0.05384951678967064,-0.48881940405471164,1.0755794206207847,0.8051194218665376,0.0243147243335902,0.18593934843154533,0.3192161109942633,0.11652465325351356,0.0053171238940024484,0.10238190968533883,-0.8599558968660965,-0.1176829112433268,0.438421396336769,1.7127374449048003,0.5725352405226236,1.0377036032104516,True
158,Pine,365,91,1.9127751508597413,-0.023714311880268308,-0.35110153875436234,0.6461936852911093,0.32586377991896454,0.15032623461158498,0.177635381408993,0.0765823869954925,1.2719454255656277,2.553604876153855,-0.31933943368606266,0.2719108099255261,-0.7004316566924411,-0.0017714208162835088,0.4955900495237553,0.7967973210584633,True
158,Spruce,6,1,169.93139850272348,-1.5219590617648342,4.339799258049172,-3.3526709561866817,742.5213540083859,1.837774376372843,2.909497546763915,2.5921754217610005,-3024.8801321791334,3364.74292918458,-9.429263998831072,6.385345875301403,-8.178758303578816,16.858356819677162,-14.505901610477897,7.800559698104534,True
159,Alder,92,23,2.506518593112661,0.22780694027275147,-1.3129070238297575,0.9732428287212139,1.55611807928566,0.2926945387161389,0.4792890630077413,0.13203499164243485,-0.5859390943322764,5.598976280557599,-0.35386195000926546,0.8094758305547685,-2.2653933210694692,-0.36042072659004565,0.7108510280271351,1.235634629415293,True
159,Aspen,53,13,1.4450667117933982,0.7745162644666841,-1.0846121183198296,0.6217364019752373,0.47147403254255893,0.19089878515688222,0.27184123700150115,0.08909627791134161,0.4976041710464064,2.39252925254039,0.39089079301735874,1.1581417359160096,-1.6308975366286271,-0.5383267000110321,0.4426907281642203,0.8007820757862543,True
159,Birch,96,24,0.7640981878976887,-0.14206681505363078,-0.08268177643642124,0.6093125073811972,0.7242635399362691,0.4492974881235343,0.601577712185359,0.23574358946310764,-0.6743517186363237,2.202548094431701,-1.034410408456295,0.7502767783490336,-1.2774670391905278,1.1121034863176855,0.14110539003957456,1.0775196247228198,True
159,Oak,71,18,0.09874864734513994,-0.38391974916608956,1.048238538376677,0.5504427667239424,0.04470627711270246,0.18629182118884752,0.3015347309930262,0.11211557484231756,0.009514544750815923,0.18798274993946396,-0.7557597805456159,-0.012079717786563249,0.4463726962858263,1.6501043804675277,0.32665914272232827,0.7742263907255567,True
159,Pine,365,91,1.7654573528794393,-0.027430653412539117,-0.37054626451092204,0.6861475672886953,0.3043862461016094,0.15021180271213522,0.18235161013780152,0.07875642574995768,1.1668644238920323,2.364050281866846,-0.322830738355668,0.2679694315305897,-0.729151115472285,-0.011941413549559188,0.5312685602046852,0.8410265743727054,True
159,Spruce,6,1,8474.873517899261,2.8943454109326945,-3.395624548957345,-1.2876020782015583,69697.324422727,3.9289125009065407,4.133821255735634,3.3446736961045294,-291408.50966206467,308358.25669786317,-14.010400685830128,19.799091507695515,-21.182021859024204,14.390772761109512,-15.678571486688597,13.10336733028548,True
160,Alder,92,23,1.8467739338986187,0.03769377992692876,-0.9672233588977172,0.9344033553720241,0.9643071177103322,0.2683744037884756,0.4438169609499406,0.12359966964846952,-0.06958382771168159,3.763131695508919,-0.4956439527020165,0.571031512555874,-1.849216307233705,-0.08523041056172953,0.68877498458314,1.1800317261609083,True
160,Aspen,53,13,1.5654539003368324,0.6245092027680282,-1.0274034810200023,0.6748689687978502,0.9480175116041291,0.3210961278208176,0.4765790341164394,0.14917165394700221,-0.339658615347707,3.470566416021372,-0.020757624438771938,1.2697760299748284,-1.9851249065153702,-0.06968205552463458,0.37509730694434235,0.974640630651358,True
160,Birch,96,24,0.6400082822642608,-0.29968076050186704,0.08235634192133509,0.6501394837892818,0.5775044232178589,0.4301487344345421,0.5653229260718109,0.2133247452373648,-0.5069653506674832,1.7869819151960047,-1.1539932762161564,0.5546317552124225,-1.0404237862086638,1.205136470051334,0.22645812620626576,1.0738208413722978,True
160,Oak,71,18,0.08309459096711605,-0.2434909236697865,0.9137168977088391,0.5810204389763196,0.0383790635867266,0.17826207345976153,0.2889290614730373,0.11480213119240074,0.006489659428341704,0.1596995225058904,-0.5993035115013415,0.11232166416176856,0.33701207728796834,1.49042171812971,0.3518744260563797,0.8101664518962595,True
160,Pine,365,91,1.7321499360193868,-0.12346789333738163,-0.2280843465093341,0.6568946362085669,0.29496070279412795,0.15569689781192986,0.18764996784044474,0.07645157646606271,1.1520928760076088,2.312206996031165,-0.42965473091342843,0.1827189442386652,-0.5971087203521266,0.14094002733345842,0.5065482468147157,0.8072410256024182,True
160,Spruce,6,1,8474.873517900522,2.8943454109327575,-3.3956245489573913,-1.287602078201615,69697.32409656968,3.9289124534581865,4.133821198416676,3.344673714492222,-291408.5082587217,308358.25529452274,-14.010400481676275,19.79909130354179,-21.182021612400682,14.390772514485898,-15.678571565804509,13.103367409401278,True
161,Alder,92,23,2.024934060910038,0.12626439842568027,-1.1836615082725244,1.0084333483324863,1.1267451551113437,0.28382573621534857,0.4654420341831473,0.12219197822185834,-0.21423516609035875,4.264103287910435,-0.4377796105333268,0.6903084073846874,-2.1086297454710956,-0.25869327107395323,0.7656024684485163,1.2512642282164563,True
161,Aspen,53,13,0.746004761627965,0.3693151986701359,-0.674108610839478,0.7993517351553897,0.4409541701146705,0.2911582233777663,0.43005911466349955,0.16364079241411109,-0.140125819343351,1.632135342599281,-0.21578915711636698,0.9544195544566387,-1.538344758168971,0.1901275364900149,0.4705032509357857,1.1282002193749938,True
161,Birch,96,24,0.5125811930303851,-0.9521112123094942,1.09088728814397,0.36458463306550126,0.552191216507716,0.5001119675153463,0.6952316355470775,0.28643590306137817,-0.5841182264161885,1.6092806124769585,-1.9453767479352315,0.041154323316243024,-0.28990275032763546,2.471677326615575,-0.20430179468824217,0.9334710608192447,True
161,Oak,71,18,0.06347228306658641,-0.3931729440767823,1.0320695764057781,0.7005141451317841,0.03190411049783886,0.187074792543137,0.30586004405283584,0.11692789715874141,-0.00020858801484610612,0.12715315414801892,-0.766575792820433,-0.019770095333131676,0.4215703733137727,1.6425687794977835,0.46712508558432553,0.9339032046792427,True
161,Pine,365,91,1.6945588859314644,-0.011721595701224679,-0.36918177212206726,0.688222380033997,0.28813523516353257,0.1440401719244461,0.1749691022766343,0.07560728102119683,1.1279244976502052,2.2611932742127236,-0.2949848163899862,0.27154162498753687,-0.7132684999405945,-0.025095044303540093,0.5395363458294676,0.8369084142385265,True
161,Spruce,6,1,0.1429908208163195,-2.2671728915989267,0.1548063444125292,3.228658403738837,0.9467826041175774,2.560682900029422,2.2218348884822796,3.40277798970799,-3.9306859352189965,4.216667576851635,-13.284902161296753,8.7505563780989,-9.404977603449874,9.714590292274933,-11.412313602228197,17.86963040970587,True
162,Alder,92,23,2.573207422898015,0.3489914072155294,-1.444933233848326,0.9814212543743893,1.3168104664591902,0.24779970950370628,0.4148357425060911,0.12766163098353175,-0.04367667099993788,5.190091516795968,-0.14345844398929397,0.8414412584203528,-2.2693321005003932,-0.6205343671962587,0.7277205889929999,1.2351219197557788,True
162,Aspen,53,13,0.9904339905262006,0.43737208909361974,-0.7574104399966234,0.7322403051127963,0.5573754162292995,0.2972348192534369,0.435948737895509,0.153173912617186,-0.12965384371280264,2.110521824765204,-0.1599436432906725,1.034687821477912,-1.6334822283291834,0.11866134833593678,0.42442580334310126,1.0400548068824913,True
162,Birch,96,24,0.3125789381839557,-0.6731459130100205,0.5621267867058091,0.7613742001187608,0.3366092507902154,0.5066159566852532,0.6542674529860004,0.23921411783517102,-0.3559560889696625,0.981113965337574,-1.6793289325317082,0.3330371065116672,-0.7373048492961531,1.8615584227077713,0.28627431386479235,1.2364740863727293,True
162,Oak,71,18,0.09304145975860377,-0.2897930329881793,0.958874057291759,0.5549663775427717,0.04488763673341334,0.22399127332607646,0.33736885120552096,0.12363050795039542,0.0034453618462579882,0.18263755767094955,-0.7368814857757915,0.1572954197994328,0.28548301189762204,1.632265102685896,0.30819885086139165,0.8017339042241517,True
162,Pine,365,91,2.0702379112701896,-0.09300520035241173,-0.2625519141314476,0.6107038504439474,0.3487490169011246,0.15015586469522152,0.18224533591747227,0.07680721234594255,1.3844030610363993,2.75607276150398,-0.38829527999203245,0.202284879287209,-0.6209477707718203,0.0958439425089252,0.459658082790675,0.7617496180972197,True
162,Spruce,6,1,7.700199476928563,-0.39485321776696175,-0.4767427808564965,0.9833301310710629,66.24713200085566,2.6001851996186005,2.4155679096406764,4.2522624761692684,-277.3382038610937,292.7386028149508,-11.58254716462144,10.792840729087517,-10.870092641038354,9.916607079325363,-17.312678619403115,19.279338881545243,True
163,Alder,92,23,3.388530526909857,0.431507250752267,-1.5909346987501434,0.9517658309009781,1.8153736415191888,0.2469008220380935,0.415339085899925,0.12284254184345193,-0.21914311176287882,6.996204165582593,-0.059156250502520324,0.9221707520070543,-2.4163338546273065,-0.7655355428729801,0.7076420925253872,1.195889569276569,True
163,Aspen,53,13,1.1578202717139994,0.41896051499818415,-0.7546121795746888,0.6911830027424368,0.7285218313861244,0.33397391218282446,0.48459200523024637,0.15331340834711998,-0.30619916034759953,2.6218397037755983,-0.2521851887715952,1.0901062187679635,-1.7284362733961949,0.2192119142468173,0.3830881738081812,0.9992778316766924,True
163,Birch,96,24,0.39492166423595854,-0.84201884424427,0.7842765301447189,0.6395593983552449,0.4765429485465336,0.5536346183461293,0.7501403524741226,0.2759125103905358,-0.5515337653118583,1.3413770937837755,-1.9415849843319783,0.2575472958434384,-0.7055669596970336,2.2741200199864715,0.0915733367929652,1.1875454599175246,True
163,Oak,71,18,0.0865860221479616,-0.29203454621334785,0.9556362400736138,0.5824561076915943,0.04189777468383386,0.1883444193627045,0.2988568517303977,0.12754899177186807,0.0029577138639596406,0.17021433043196355,-0.6679715806953498,0.0839024882686541,0.3591154673620407,1.552157012785187,0.32786725456744187,0.8370449608157466,True
163,Pine,365,91,1.92891155667079,-0.22211323618298315,-0.12064064752295647,0.6171908749452824,0.31907278836435926,0.14702372544531986,0.17595337822570983,0.07542473239753555,1.301436703935678,2.556386409405902,-0.5112437851880653,0.06701731282209902,-0.4666630101831851,0.22538171513727215,0.46886383303005486,0.7655179168605099,True
163,Spruce,6,1,169.9313985027372,-1.5219590617648089,4.3397992580491636,-3.35267095618672,742.5213539237424,1.8377743761733953,2.909497546705401,2.592175421693756,-3024.880131814928,3364.742928820402,-9.429263997972892,6.385345874443274,-8.178758303327058,16.858356819425385,-14.505901610188605,7.800559697815166,True
164,Alder,92,23,2.7144266709400404,0.274883113971191,-1.4530182967926526,1.0260993944688945,1.369093166534997,0.2522995207966526,0.4201040171428466,0.11346284010779038,-0.006358302924570847,5.435211644804651,-0.22650916660975745,0.7762753945521395,-2.287886752235491,-0.6181498413498139,0.8006158422877232,1.2515829466500659,True
164,Aspen,53,13,1.330378623360895,0.7345460107419614,-0.9809609534668148,0.5921204233969317,0.5053071314946683,0.206337940570294,0.29573330153343297,0.10753943297990062,0.31492592476440096,2.345831321957389,0.31989439489165383,1.1491976265922688,-1.5752592730228763,-0.3866626339107533,0.37601184186560394,0.8082290049282594,True
164,Birch,96,24,0.3896647868537333,-0.8921059828454271,0.8919608434249328,0.5921418842233925,0.46614224833060375,0.5310366750674562,0.7211390854729521,0.2791277914652689,-0.5361339543085145,1.315463528015981,-1.946790656996125,0.16257869130527103,-0.5402836268515488,2.3242053137014143,0.03776999691343352,1.1465137715333515,True
164,Oak,71,18,0.04187254742168842,-0.41568800254522326,1.0571593644998512,0.8204172831346901,0.01847356403341978,0.16344334624973353,0.2689222848549669,0.1122357507066868,0.004999159282361297,0.07874593556101556,-0.7419222870695404,-0.08945371802090607,0.5203882373457669,1.5939304916539354,0.5963937871038427,1.0444407791655375,True
164,Pine,365,91,1.7724560338135356,-0.04640081931374683,-0.3390576714858325,0.6774886583587592,0.30677743278033565,0.14934802961056542,0.18713268394472204,0.08129721920430276,1.169160699720424,2.375751367906647,-0.3401022451437547,0.247300606516261,-0.7070647770182976,0.028949434046632694,0.5176130359044187,0.8373642808130997,True
164,Spruce,6,1,8.500495513223866,-0.26117217952059524,-0.8031514829718811,1.1039864491510303,55.04154186195047,2.116215656039987,2.273507097457567,3.3108297152593447,-228.32414482578181,245.32513585222952,-9.366513248606758,8.844168889565566,-10.585263001831233,8.978960035887471,-13.14136406276869,15.34933696107075,True
165,Alder,92,23,1.8410252703741155,0.23200540767834021,-1.2022526363296187,0.9741688770432189,1.0553656500979207,0.2753106920420252,0.45948990478242313,0.13019912585845067,-0.2562921897564403,3.9383427305046714,-0.31511674029643155,0.779127555653112,-2.115392267095967,-0.28911300556327024,0.715425473814842,1.2329122802715957,True
165,Aspen,53,13,1.1747160768447662,0.5246522363474763,-0.9113191695945585,0.7362867240288039,0.5855271050815257,0.2831234819998002,0.4183921088571191,0.1488143555606688,-0.0019446941950380658,2.3513768478845707,-0.04430570212912821,1.0936101748240807,-1.7521095909641062,-0.07052874822501076,0.43723308016473794,1.0353403678928699,True
165,Birch,96,24,0.576426026759154,-0.4235784147894589,0.2540632891034894,0.6333460726415241,0.5337257918449896,0.43590297298087755,0.5616972467663688,0.2177035429378124,-0.48359946542808674,1.6364515189463948,-1.289319344945098,0.4421625153661801,-0.861515926968318,1.369642505175297,0.20096804486095204,1.065724100422096,True
165,Oak,71,18,0.07695207580782862,-0.33692524011084324,0.9387067898418612,0.6768779745248462,0.036899587495118326,0.1827836592654127,0.29881116834175714,0.11184241154211648,0.0033001909074850816,0.15060396070817217,-0.7017629509839203,0.027912470762233743,0.3422772015556548,1.5351363781280676,0.45363958675244653,0.9001163622972459,True
165,Pine,365,91,1.8805013513220115,-0.057564871792840075,-0.3246766037299729,0.6586673420295455,0.32084801761865267,0.1479026058199711,0.17770940685976816,0.0762493399628145,1.2495354089185549,2.511467293725468,-0.3484237892259636,0.23329404564028344,-0.674152296942778,0.024799089482832104,0.5087186622640955,0.8086160217949955,True
165,Spruce,6,1,7.7001994769295505,-0.39485321776692567,-0.4767427808565082,0.9833301310710031,66.24713200187834,2.6001851996533967,2.4155679096452642,4.252262476225652,-277.33820386549297,292.738602819352,-11.582547164771121,10.79284072923727,-10.870092641058108,9.916607079345091,-17.312678619645773,19.27933888178778,True
166,Alder,92,23,3.162943813444827,0.4948683387597221,-1.841550594132721,1.1316795168428464,1.5026176176570585,0.23885494258304546,0.4003520026737812,0.12062334915237086,0.17680705115819784,6.149080575731456,0.020194332199605036,0.9695423453198391,-2.6371660714111873,-1.0459351168542548,0.8919659576103485,1.3713930760753443,True
166,Aspen,53,13,1.4375987647681747,0.8033100053572678,-1.1646050514707535,0.6700652917789373,0.5255448295739823,0.2201070114854245,0.3175544228209358,0.10277588514127652,0.38147688925499335,2.493720640281356,0.3609884055576376,1.245631605156898,-1.8027545560125744,-0.5264555469289326,0.46352941802498904,0.8766011655328855,True
166,Birch,96,24,0.6531943216528184,-0.2923661270230953,0.062407395287759015,0.6597620565442189,0.6275115291514137,0.4561237855180619,0.5950450735163295,0.22676851227943454,-0.5930977401238846,1.8994863834295215,-1.19826733627647,0.6135350822302794,-1.1194034831922022,1.2442182737677203,0.20938021719066968,1.1101438958977683,True
166,Oak,71,18,0.07083348178538372,-0.4115915487774564,0.9701006456630986,0.7472162921508833,0.02854320384442901,0.15516924544227137,0.25349171672358956,0.09502100565092629,0.013861008461256465,0.12780595510951098,-0.7213106589680317,-0.10187243858688111,0.46412906140659993,1.4760722299195974,0.5575535710637495,0.936879013238017,True
166,Pine,365,91,1.702804980476161,-0.0997172246548396,-0.3233511089804442,0.7175139321436653,0.27911367015171856,0.14610394454119416,0.1804697315641686,0.0750437928830288,1.153912014790814,2.251697946161508,-0.3870389720058434,0.18760452269616418,-0.6782551382988556,0.031552920337967194,0.5699360295298224,0.8650918347575083,True
166,Spruce,6,1,8.500495513225383,-0.26117217952054905,-0.8031514829718859,1.1039864491509404,55.041541861432925,2.11621565603128,2.273507097459315,3.310829715223543,-228.32414482355344,245.32513585000422,-9.366513248569248,8.844168889528149,-10.58526300183876,8.978960035894987,-13.141364062614738,15.349336960916617,True
167,Alder,92,23,2.642799551807115,0.17521112720931895,-1.2352028164701496,0.9333035515536301,1.3102771704282625,0.26077181995971943,0.4315892321830863,0.1183314420630742,0.03889901089536618,5.246700092718863,-0.3430180676302098,0.6934403220488478,-2.0928957233578633,-0.377509909582436,0.6981446760508261,1.168462427056434,True
167,Aspen,53,13,1.0965610768346536,0.523133912169203,-0.8869646321254041,0.7402788786113683,0.629329926069068,0.31130277309732657,0.44824120565735814,0.15817340491897394,-0.16812475857812048,2.3612469122474278,-0.10245243189684694,1.148720256235253,-1.787739059275386,0.013809795024577687,0.422417520913782,1.0581402363089547,True
167,Birch,96,24,0.2680068267712153,-1.1787330989847422,1.2612468560207226,0.6205753625485171,0.3186388736135175,0.5738794587018019,0.7850580600150445,0.2992532335764769,-0.3648374801613123,0.9008511337037428,-2.318507239491712,-0.03895895847777231,-0.2979462149873564,2.8204399270288016,0.026232610038895876,1.2149181150581383,True
167,Oak,71,18,0.054360244072813285,-0.41253119694723966,1.0073953684007946,0.7887784123656801,0.021342674608068046,0.14497995571716543,0.2423099573815248,0.09832040620326463,0.011760087257865898,0.09696040088776067,-0.7019123997249194,-0.12314999416955996,0.5237426692037576,1.4910480675978315,0.5925300602128034,0.9850267645185569,True
167,Pine,365,91,1.9588303745377251,-0.2017288317998082,-0.13021876213131006,0.6070079422175698,0.3276826455446418,0.15105009257756194,0.18374006110176103,0.07519827924579564,1.314423746159938,2.6032370029155123,-0.4987774616174605,0.09531979801784415,-0.49155408117365995,0.23111655691103983,0.459126233352421,0.7548896510827187,True
167,Spruce,6,1,8474.873517899046,2.8943454109326705,-3.39562454895731,-1.2876020782015623,69697.32537889066,3.9289125390385795,4.133821271402874,3.344673739933952,-291408.513776105,308358.26081190316,-14.010400849899073,19.799091671764415,-21.18202192643486,14.39077282852024,-15.678571675271385,13.10336751886826,True
168,Alder,92,23,1.966874018148468,0.06700999938120668,-1.0368790840533215,0.9412288330033087,1.022320438724434,0.2752450088364683,0.45618033659507745,0.12284485930539882,-0.06477302833835386,3.9985210646352902,-0.4799816170248723,0.6140016157872856,-1.94344164350399,-0.13031652460265286,0.6971004891590787,1.1853571768475386,True
168,Aspen,53,13,0.7618749414923951,0.41405532233794534,-0.8807864825604111,0.9373603787667988,0.45210540565065327,0.3098681424244759,0.4513089667841933,0.18482098758183513,-0.1466648862754275,1.6704147692602178,-0.2086480234535179,1.0367586681294085,-1.7877258065043087,0.02615284138348628,0.5659486988205722,1.3087720587130254,True
168,Birch,96,24,0.4504183081042772,-0.7970656225316007,0.7588905336560889,0.5861390520364489,0.49648049698942287,0.4999949219394952,0.6687782807941887,0.2667537382366476,-0.5356348135995123,1.4364714298080665,-1.7900986955406806,0.195967450477479,-0.5693608589033499,2.0871419262155277,0.05634310252907959,1.1159350015438183,True
168,Oak,71,18,0.09411179282067443,-0.3996730837994481,0.9639519968540068,0.6652881220909005,0.0394644497813354,0.16420899874252867,0.2650595946241233,0.11045598651535525,0.015340421370117208,0.17288316427123165,-0.7274356170956646,-0.07191055050323153,0.4348908316696981,1.4930131620383156,0.444817050254146,0.885759193927655,True
168,Pine,365,91,1.7381452167638838,-0.0666067404643646,-0.2838519252338144,0.6557615406761589,0.3166970793340545,0.15058314723863211,0.18277053646871247,0.08100011291850849,1.1153423314553068,2.3609481020724608,-0.3627370956172224,0.2295236146884932,-0.6432806187395156,0.07557676827188675,0.4964701946932816,0.8150528866590362,True
168,Spruce,6,1,3758.4505886568772,1.021017584698802,-0.572971915234988,-2.0914896123332456,24014.51899136314,2.0081880213250622,1.8925154540764533,3.1845797839757917,-99567.68510187157,107084.58627918533,-7.619518086998571,9.661553256396175,-8.715808699709171,7.569864869239196,-15.793630512791836,11.610651288125343,True
169,Alder,92,23,1.3227080189820566,0.06385726053477418,-0.9319166228817308,0.9828758720987085,0.9056346526344733,0.29577649876493806,0.4983938853859637,0.13635938991434146,-0.4770505474383284,3.1224665854024414,-0.5239363777160361,0.6516508987855844,-1.9223697400030837,0.05853649423962204,0.7118902385473762,1.2538615056500408,True
169,Aspen,53,13,1.0702429923646113,0.4787123097539587,-0.7914614842244717,0.703002177160765,0.7033443719582825,0.33959977097625543,0.5018895374477652,0.15056453306294865,-0.3431804406969703,2.483666425426193,-0.20373898053468537,1.1611636000426027,-1.8000462704537488,0.21712330200480545,0.40043141992753667,1.0055729343939932,True
169,Birch,96,24,0.5054528559562327,-0.3854135588377735,0.28352718134429733,0.6389284117030464,0.46400739979413574,0.43144185746733177,0.5673769506731624,0.21066044994183292,-0.41610589173897294,1.4270116036514384,-1.242294328513621,0.47146721083807386,-0.8433324169411268,1.4103867796297216,0.22053857455080356,1.0573182488552892,True
169,Oak,71,18,0.09827688523320693,-0.3436035349722125,0.9401829378169195,0.6088658396149377,0.0476640507799761,0.18851280035412926,0.3093108108307362,0.11064075431110028,0.003139041689688704,0.19341472877672516,-0.7198766593197574,0.03266958937533232,0.32279597540843197,1.557569900225407,0.38802596971432124,0.8297057095155541,True
169,Pine,365,91,1.7586279096557675,-0.16833697729368793,-0.16634656243908832,0.6387419069235828,0.2994720221317733,0.14986743103448513,0.18031382862369383,0.0778381068609679,1.1696990826357745,2.3475567366757604,-0.4630598356741026,0.12638588108672674,-0.5209439997252652,0.18825087484708855,0.4856688263574264,0.7918149874897391,True
169,Spruce,6,1,0.14299082081629153,-2.267172891599004,0.1548063444125664,3.2286584037389288,0.9467826041172854,2.5606829000288323,2.221834888482027,3.4027779897081083,-3.9306859352177685,4.216667576850352,-13.28490216129429,8.750556378096285,-9.40497760344875,9.714590292273883,-11.412313602228615,17.86963040970647,True
170,Alder,92,23,1.454263331193365,-0.08151077872613262,-0.8279534980382995,0.9732799471185833,0.8316723859850402,0.2884350231964089,0.47345169727816316,0.1280813115030745,-0.1985107723346613,3.1070374347213914,-0.6547147769866992,0.49169321953443396,-1.768839257526308,0.11293226144970892,0.7187452548942396,1.227814639342927,True
170,Aspen,53,13,1.1870231355411964,0.4816989540513023,-0.838260156745137,0.7053914042419293,0.6179102618345577,0.28418743518733675,0.4123163783583665,0.1489149483912259,-0.05471402540957526,2.4287602964919683,-0.08939707840444039,1.052794986507045,-1.6668409405569207,-0.009679372933353303,0.406135611516543,1.0046471969673156,True
170,Birch,96,24,0.7104835014673094,-0.09930842234589775,-0.1288210839780387,0.6393355814553124,0.6195539472901188,0.43126077768220444,0.5573202353554308,0.21065117059198665,-0.5200041158586572,1.940971118793276,-0.9558295519382273,0.7572127072464317,-1.2357071775774435,0.978065009621366,0.22096417389282946,1.0577069890177955,True
170,Oak,71,18,0.08894185269845617,-0.3185342308725839,0.9158181019472889,0.6404250048006838,0.038519914392894226,0.16976078931366892,0.2799180607686253,0.10395752074286475,0.012055781773900043,0.1658279236230123,-0.6573781845285953,0.020309722783427464,0.3570993142105522,1.4745368896840256,0.4329249249341677,0.8479250846671998,True
170,Pine,365,91,2.0495478964193885,-0.11337211066951117,-0.29770031065747526,0.6582257458024343,0.3306347404292488,0.15002138970219894,0.1832140790662435,0.07531678532041851,1.39933580492933,2.699759987909447,-0.4083977375587863,0.18165351621976397,-0.658001256001054,0.0626006346861035,0.510110987976566,0.8063405036283027,True
170,Spruce,6,1,0.1429908208162435,-2.2671728915991474,0.15480634441264582,3.228658403739082,0.9467826041184476,2.560682900031182,2.221834888480866,3.4027779897140364,-3.930685935222817,4.216667576855304,-13.284902161304545,8.750556378106252,-9.404977603443674,9.714590292268968,-11.412313602253967,17.86963040973213,True
171,Alder,92,23,2.9492712645001813,0.30714109685319535,-1.4414893618073943,0.9670745131875538,1.550567565193918,0.2725338735054666,0.4535856456522447,0.12729500502258043,-0.13215594254563445,6.030698471545997,-0.2344627077873983,0.848744901493789,-2.342895518245002,-0.5400832053697865,0.714102439862547,1.2200465865125607,True
171,Aspen,53,13,0.9176861857352147,0.3673889888864828,-0.7102827460073888,0.7755713500332145,0.5151966935662936,0.28847988613037745,0.41863544757615184,0.16013690261156183,-0.11764033190647016,1.9530127033768996,-0.21233304669098657,0.9471110244639522,-1.5515621748409396,0.13099668282616195,0.45376419599444323,1.097378504071986,True
171,Birch,96,24,0.8197547735005426,-0.6407881425586641,0.6505321065619565,0.343674610204189,0.8495789940095683,0.4860942111282252,0.672159536548409,0.2866171422156367,-0.867582441670967,2.507091988672052,-1.606213204029586,0.32463691891225765,-0.6844347517850515,1.9854989649089645,-0.22557177415392315,0.9129209945623011,True
171,Oak,71,18,0.05552051223498454,-0.4454332646905268,1.0711096101580597,0.7551969817014603,0.023765804497393468,0.15892632995872943,0.2609437479568537,0.10198219510517537,0.00808376791805522,0.10295725655191386,-0.7626515469627315,-0.12821498241832213,0.5502637093055084,1.5919555110106112,0.5516396683096927,0.958754295093228,True
171,Pine,365,91,2.0953037246721404,-0.13581274586568903,-0.22036481433327074,0.6061717409452451,0.3544389484567905,0.15130392798637163,0.18334112045202994,0.0767451359038126,1.3982792992217783,2.7923281501225024,-0.43336055750507646,0.1617350657736984,-0.5809155938142143,0.14018596514767287,0.45524805015908343,0.7570954317314067,True
171,Spruce,6,1,8474.873517900436,2.8943454109327487,-3.39562454895738,-1.2876020782016147,69697.32259774706,3.9289123784589415,4.133821151885241,3.3446736593868662,-291408.50180980854,308358.24884560937,-14.010400158980579,19.799090980846074,-21.182021412192057,14.390772314277298,-15.6785713287053,13.103367172302068,True
172,Alder,92,23,2.5871165180859554,0.18964385615474225,-1.2913595457964162,0.9723999832862011,1.2694674867709317,0.2560759280141576,0.4220510280035399,0.11570016281321947,0.06431664789338676,5.109916388278524,-0.3192532402150292,0.6985409525245136,-2.130097276189427,-0.4526218154034055,0.742470222368174,1.2023297442042282,True
172,Aspen,53,13,1.2427597479208117,0.6923423517517465,-1.0204670751677636,0.6790701452222119,0.48015629274814886,0.21398361291873272,0.3097911594646398,0.11095565111248848,0.27784955206235384,2.2076699437792695,0.2623261820788128,1.1223585214246803,-1.643015717909459,-0.39791843242606795,0.45609641632700365,0.9020438741174202,True
172,Birch,96,24,0.7107043352759055,-0.09634598624812585,-0.1900743574768143,0.6799651805238954,0.6829457450600077,0.46874338666146426,0.6168141482530765,0.22366605253641908,-0.6456848642077706,2.0670935347595814,-1.027310812657793,0.8346188401615412,-1.4151204974241152,1.0349717824704867,0.2357450940148409,1.12418526703295,True
172,Oak,71,18,0.07416291825066605,-0.35517157025078905,0.9193083535650873,0.7227372323401052,0.03244921546050989,0.17179042357281574,0.2896792224709535,0.1174248619177413,0.009394013109921509,0.13893182339141058,-0.6980666908436735,-0.012276449657904642,0.34110620552551185,1.4975105016046628,0.48835622698202674,0.9571182376981837,True
172,Pine,365,91,1.9454822584782072,-0.08896435013945314,-0.28057123090484143,0.6408480815834414,0.318432216181596,0.14488503583137635,0.17770600728946406,0.07665085960578773,1.3192671275078565,2.571697389448558,-0.373889043930637,0.1959603436517307,-0.6300402386685775,0.06889777685889459,0.49010979051915143,0.7915863726477315,True
172,Spruce,6,1,8.500495513225031,-0.26117217952056554,-0.8031514829718727,1.1039864491509552,55.041541860793984,2.1162156560120744,2.2735070974582876,3.310829715190906,-228.3241448208047,245.32513584725473,-9.36651324848663,8.844168889445498,-10.585263001834326,8.978960035890582,-13.141364062474297,15.349336960776208,True
173,Alder,92,23,1.9664950233928062,0.17279537263768724,-1.2116021717165633,1.0136675572565448,1.020215686482474,0.25208478887621294,0.42250087535783193,0.12214959312175556,-0.06096927029558796,3.9939593170812007,-0.32817017337411575,0.6737609186494902,-2.0512338791974796,-0.37197046423564684,0.7709209088524289,1.2564142056606606,True
173,Aspen,53,13,0.9899852409784803,0.42347105089419973,-0.8093007891197411,0.7844459733371503,0.6321892301486274,0.33283050677159115,0.4743007578850501,0.16147923680053336,-0.28044658110799914,2.26041706306496,-0.24537689367516552,1.092318995463565,-1.7624438471171688,0.14384226887768659,0.4599412977522698,1.1089506489220309,True
173,Birch,96,24,0.3584756672752677,-1.10055567002092,1.2327098240191163,0.4932115797333149,0.3927434527320767,0.5167076399885088,0.7113542490056203,0.27697210791772553,-0.4215467302680528,1.138498064818588,-2.1267816436662077,-0.07432969637563214,-0.18010111643599314,2.6455207644742256,-0.05687893397919147,1.0433020934458213,True
173,Oak,71,18,0.10904917188131859,-0.3405115937905107,0.8837767333457908,0.6351106257775488,0.04819522234069834,0.16716258616630073,0.2781166468068799,0.10075893583945494,0.012851105465178106,0.20524723829745906,-0.6741695122589204,-0.0068536753221010716,0.32865358292575575,1.4388998837658258,0.43399494809929795,0.8362263034557997,True
173,Pine,365,91,1.787266675159733,-0.028525761419064235,-0.3882882948191453,0.700960802461134,0.30211763124308444,0.14444148319695077,0.17504541496564507,0.07620969068692356,1.193135106796536,2.38139824352293,-0.3125781836342444,0.25552666079611597,-0.7325250958969571,-0.04405149374133349,0.5510900952601206,0.8508315096621474,True
173,Spruce,6,1,86.10236162101025,0.13661530863514285,-0.5089074323316677,-0.19814073888205017,838.7583406220956,2.9926301845106718,2.6350189468697147,4.611780101875076,-3522.7835022120557,3694.9882254540767,-12.739633123720767,13.012863740991053,-11.846478896881699,10.828664032218363,-20.041028982973195,19.644747505209097,True
174,Alder,92,23,2.248281997296056,0.18314573288559827,-1.1794190252400265,0.9338148584227822,1.1944729172293813,0.28054450053191166,0.46145702635832647,0.12991651956938474,-0.1254819249292134,4.622045919521325,-0.3743775096555923,0.7406689754267888,-2.0964678967770585,-0.26237015370299466,0.6756330758084037,1.1919966410371607,True
174,Aspen,53,13,0.8953216552192708,0.6182781348475294,-0.9718801355206118,0.7971571399543917,0.37904519143692444,0.20464554699685022,0.2909807667152099,0.12138698492339192,0.13360182475471527,1.6570414856838263,0.20702751121389112,1.0295287584811676,-1.5566278787923777,-0.3871323922488459,0.553220860942563,1.0410934189662204,True
174,Birch,96,24,0.33521138473646284,-1.203908917402237,1.177552801999821,0.6372489273822542,0.3744637390554142,0.5473838762168224,0.7115905100183073,0.265482614283803,-0.4085059235958538,1.0789286930687796,-2.291060544076139,-0.11675729072833496,-0.2357273732198153,2.590832977219457,0.10997753976477853,1.1645203149997299,True
174,Oak,71,18,0.07198643314510375,-0.42550659784433936,1.2492034752580818,0.5022253220041556,0.03522121885032961,0.211441947189449,0.356133142826314,0.1255927411897506,0.0016845860808926139,0.1422882802093149,-0.8475464908258551,-0.003466704862823633,0.5383587470314751,1.9600482034846887,0.25154116138447646,0.7529094826238347,True
174,Pine,365,91,1.8283267244193315,-0.08976583740873495,-0.27851360898947747,0.6520222505857369,0.3318460220376166,0.15178921589256056,0.18338901510759875,0.07951323225605955,1.1757325784998511,2.480920870338812,-0.3882679954185258,0.2087363206010559,-0.6391585760446855,0.08213135806573058,0.49565494030483065,0.8083895608666432,True
174,Spruce,6,1,3758.4505886560196,1.0210175846987386,-0.5729719152349722,-2.0914896123331346,24014.518905346067,2.008188015504067,1.892515453539275,3.1845797735685464,-99567.68473177085,107084.58590908289,-7.619518061952912,9.66155323135039,-8.715808697397865,7.569864866927921,-15.793630468012962,11.610651243346693,True
175,Alder,92,23,2.7192949250060274,0.2797633614868356,-1.4060851266702596,0.9849972111283144,1.4990010793795763,0.2842901204074727,0.4735787287724958,0.12792843359054223,-0.2596547274159873,5.698244577428042,-0.28520351347056755,0.8447302364442388,-2.3472233345594695,-0.46494691878104966,0.7307663316301025,1.2392280906265263,True
175,Aspen,53,13,0.9873318593196915,0.44211321500247364,-0.8528035522809243,0.8115079785616286,0.5355034180661626,0.3050036322110196,0.4442066842543364,0.16769826100697804,-0.08880254902413565,2.0634662676635185,-0.17081453152326548,1.0550409615282128,-1.7454703051257257,0.039863200563877044,0.47450570593236957,1.1485102511908876,True
175,Birch,96,24,0.570161670311461,-0.6529751306886464,0.5541316640635146,0.569917747056808,0.6366563443879536,0.5324056933396426,0.7123332039737406,0.26108600668041876,-0.69429278387758,1.834616124500502,-1.71037879329739,0.4044285319200971,-0.8606235654586898,1.968886893585719,0.05137840164141694,1.088457092472199,True
175,Oak,71,18,0.04463926607284338,-0.4673569797682745,1.111210376496799,0.7978178001194095,0.020028343853174254,0.16917464244870886,0.2715344046706466,0.11498428995040103,0.004662524424616378,0.08461600772107039,-0.8050309793851399,-0.1296829801514091,0.5692254363689031,1.653195316624695,0.5683081967967422,1.0273274034420767,True
175,Pine,365,91,1.8530760538611002,-0.011933580337748925,-0.36217551238192447,0.660698673113428,0.312633499371389,0.15479895195775098,0.19119231885164795,0.08065042890866025,1.2382644305204327,2.4678876772017677,-0.3163545561319017,0.29248739545640384,-0.7381661217049817,0.01381509694113281,0.5020950006977895,0.8193023455290666,True
175,Spruce,6,1,3758.450588656219,1.0210175846987553,-0.5729719152349791,-2.091489612333159,24014.51907029942,2.008188025015549,1.8925154535392013,3.184579795271695,-99567.68544150762,107084.58661882007,-7.6195181028775,9.661553272275011,-8.715808697397554,7.569864866927596,-15.793630561394098,11.610651336727779,True
176,Alder,92,23,2.371561484296481,0.18576928024549655,-1.238392011018655,0.9654739690821116,1.28001541859187,0.27557050718302856,0.45556048778060804,0.12879731057669655,-0.17220018389876834,4.91532315249173,-0.36186919572572096,0.7334077562167141,-2.143722751202601,-0.33306127083470904,0.7095163791555302,1.221431559008693,True
176,Aspen,53,13,1.1023920183783507,0.5080008741728638,-0.8620463831514307,0.7309520575179393,0.6180426723425233,0.2962814250282932,0.4309261232417983,0.15220205248353177,-0.13961123145036458,2.344395268207066,-0.08739894078535759,1.1034006891310852,-1.7280248494502515,0.003932083147390131,0.425090581806789,1.0368135332290898,True
176,Birch,96,24,0.7051041175103053,-0.25496204232469016,-0.01569712710804494,0.6772504312157263,0.6547453012999588,0.45066438448958135,0.5822466179483948,0.22157827821097087,-0.5952765664895877,2.0054848015101983,-1.1500204098966507,0.6400963252472704,-1.172089168106424,1.1406949138903344,0.2371768447273263,1.1173240177041261,True
176,Oak,71,18,0.07054285358161877,-0.3592966753942648,0.9379780577446378,0.7260273205585224,0.02840766160525421,0.154356855951339,0.2519175936367092,0.10907638602108702,0.01384092369920771,0.12724478346402984,-0.6673942493742167,-0.051199101414312886,0.4351484363198165,1.4408076791694593,0.5083099428335447,0.9437446982835,True
176,Pine,365,91,1.8256777987198194,-0.08809607755426285,-0.23895643500958985,0.6216042189833633,0.30356090231327565,0.1461887738445539,0.17714994898461414,0.07540794853254537,1.2287079554072997,2.422647642032339,-0.3755846465728433,0.1993924914643176,-0.5873319223739949,0.1094190523548152,0.4733101834967536,0.769898254469973,True
176,Spruce,6,1,86.10236162100831,0.13661530863513913,-0.5089074323316701,-0.19814073888203798,838.7583407212618,2.99263018486256,2.635018946968326,4.611780102299723,-3522.7835026387356,3694.988225880752,-12.739633125234825,13.012863742505104,-11.84647889730599,10.828664032642651,-20.041028984800295,19.644747507036218,True
177,Alder,92,23,1.7901287087495021,0.3162000954625561,-1.4485377506725,1.1351926486447919,0.9176831388431463,0.2548700618816714,0.42547450870528325,0.132083820509032,-0.033573692199937,3.6138311096989413,-0.1903005953637823,0.8227007862888945,-2.2940789295665303,-0.6029965717784695,0.8727038108390133,1.3976814864505704,True
177,Aspen,53,13,1.3852060289217019,0.7392448836709405,-1.1134170710461384,0.6886533751028862,0.5047705908276967,0.2063492148146279,0.29452466137612704,0.10904443495193272,0.37083154916326677,2.399580508680137,0.32457061137840226,1.1539191559634787,-1.705286537271478,-0.5215476048207989,0.46952037887673204,0.9077863713290403,True
177,Birch,96,24,0.6266221062437086,-0.10317430162175112,-0.14336067643043765,0.6959472021628648,0.5816090701602413,0.44257521806076267,0.5838020392374554,0.21262792275526246,-0.5285037098162165,1.7817479223036337,-0.9821668864338945,0.7758182831903923,-1.3028419183681146,1.0161205655072394,0.27364979417689617,1.1182446101488335,True
177,Oak,71,18,0.100295483467999,-0.364370916225759,1.015344885461023,0.5594508911598333,0.042744661307567204,0.16846146602521334,0.27609034509135594,0.10510228592872245,0.014976782408113024,0.18561418452788497,-0.7006214097434335,-0.02812042270808457,0.46426625019294965,1.5664235207290962,0.34966585041894793,0.7692359319007186,True
177,Pine,365,91,1.940829587483322,-0.0053896262294733455,-0.41560141410833573,0.6824466431196085,0.329828398587554,0.15664843325742625,0.1943174430047624,0.07995629185409739,1.2922032132553505,2.5894559617112933,-0.3134477125779266,0.30266846011897985,-0.7977377584776395,-0.033465069739032016,0.5252080308469003,0.8396852553923166,True
177,Spruce,6,1,3758.450588656404,1.0210175846987668,-0.5729719152349786,-2.0914896123331848,24014.518899185594,2.008188016185763,1.8925154542189844,3.184579771563975,-99567.68470526408,107084.58588257688,-7.6195180648859875,9.66155323428352,-8.715808700322425,7.569864869852468,-15.793630459388039,11.61065123472167,True
178,Alder,92,23,1.6885099069323957,0.17669522476551291,-1.2425803645853926,1.0761776776051455,1.002552510913388,0.27977841746498217,0.4660302116098566,0.13493184347608048,-0.30385253696682013,3.6808723508316117,-0.37930558866114983,0.7326960381921757,-2.1687174808227856,-0.31644324834799964,0.8080289926221451,1.3443263625881459,True
178,Aspen,53,13,1.2361302748793948,0.517109273931018,-0.9480499944003818,0.7621699143888497,0.8452621253114756,0.35885854697893566,0.5116805578925044,0.16265657391771565,-0.46248756102977895,2.9347481107885685,-0.20404397571003097,1.238262523572067,-1.976310572861633,0.08021058406086945,0.4352992912875266,1.0890405374901728,True
178,Birch,96,24,0.5671680489050186,-0.07532842594327274,-0.13511181563276617,0.708698595092355,0.5495993845896905,0.45320129676825077,0.5776875027964289,0.22931719620323907,-0.5243837686333275,1.6587198664433647,-0.9754253202792039,0.8247684683926585,-1.2824490604104213,1.0122254291448889,0.2532548494715043,1.1641423407132057,True
178,Oak,71,18,0.08686115196555608,-0.25969905470036975,0.9160676038724731,0.5879976475784849,0.04579557773703126,0.22572310853010158,0.3532038818736127,0.11184712470284655,-0.0045472037749731825,0.17826950770608535,-0.7102442650230111,0.19084615562227158,0.21106970497857835,1.6210655027663678,0.36474985229789414,0.8112454428590757,True
178,Pine,365,91,1.7177418346035624,-0.1457231931502838,-0.18941256513345955,0.6469081371338976,0.28985954871536346,0.14730322682384353,0.17737828264766375,0.07492429165292108,1.147716485289397,2.287767183917728,-0.4354033975716972,0.14395701127112967,-0.5382370836807837,0.15941195341386455,0.49956524051084406,0.7942510337569512,True
178,Spruce,6,1,3758.450588656535,1.0210175846987783,-0.5729719152349848,-2.0914896123332,24014.519037765862,2.0081880207337224,1.8925154518810607,3.1845797940099336,-99567.68530152673,107084.58647883979,-7.619518084454263,9.661553253851821,-8.71580869026316,7.5698648597931895,-15.793630555965219,11.610651331298818,True
179,Alder,92,23,2.193137225217388,0.20957118356039045,-1.2469356094311985,0.97293262033199,1.2260570041266128,0.2766788455972104,0.46494716229440375,0.12918976149729774,-0.24339343278869618,4.629667883223473,-0.34026988210813364,0.7594122492289146,-2.1709203927408796,-0.32295082612151726,0.7161951166684541,1.2296701239955259,True
179,Aspen,53,13,1.0422110634741533,0.43721457148120596,-0.8155238142806901,0.7614346286423496,0.5843241454897287,0.30059974841162573,0.4344748326913422,0.1548563672674655,-0.13203226975870863,2.2164543967070154,-0.1668632392140766,1.0412923821764886,-1.6886336792130807,0.05758605065170064,0.45023910766986,1.0726301496148392,True
179,Birch,96,24,0.7845544205736937,-0.08167039314606254,-0.2104253879428442,0.6689304394657279,0.6829489159622905,0.42256346891157465,0.5444572993554011,0.20717753624202367,-0.5718410765956184,2.140949917743006,-0.9209179167947451,0.7575771305026201,-1.2917645803567717,0.8709138044710834,0.25745796955579786,1.080402909375658,True
179,Oak,71,18,0.07518754201169263,-0.3441598032849102,0.9394867855785265,0.6861373111642233,0.03684638177824489,0.187251984629637,0.3129283149221258,0.12784776929394462,0.0016418561667103787,0.14873322785667487,-0.717916328913482,0.02959672234366162,0.3148792547829047,1.5640943163741483,0.4309520956100111,0.9413225267184355,True
179,Pine,365,91,1.7444339683937764,-0.2775940397207233,-0.03987618424805013,0.6281585379023028,0.30860020999823456,0.15305425327257044,0.1844877583187981,0.07835884716237637,1.1375540388475924,2.3513138979399604,-0.5785839659535431,0.023395886512096564,-0.4026818925503423,0.3229295240542421,0.4740613918067275,0.782255683997878,True
179,Spruce,6,1,3758.4505886564893,1.021017584698775,-0.5729719152349835,-2.0914896123331945,24014.51908545042,2.008188025713675,1.892515453448096,3.184579797392262,-99567.68550669687,107084.58668400985,-7.619518105881273,9.661553275278823,-8.715808697005565,7.569864866535598,-15.793630570518197,11.610651345851807,True
180,Alder,92,23,2.247296482992384,0.3242040390956097,-1.3667380328389729,0.9879189281837016,1.1577396662656374,0.2490886496691835,0.42185596559510535,0.1299691194001468,-0.0534678218903375,4.548060787875105,-0.17080730983644044,0.8192153880276598,-2.205088117684692,-0.5283879479932537,0.7296326144587578,1.2462052419086453,True
180,Aspen,53,13,0.9639621570595699,0.36766580373521157,-0.660944659314419,0.7137535230978644,0.5663931733407869,0.32083930632688334,0.46667453056997393,0.15726400324012435,-0.17424753856512443,2.1021718526842643,-0.27708492135701585,1.012416528827439,-1.5987622397467511,0.27687292111791295,0.397719676494698,1.029787369701031,True
180,Birch,96,24,0.31019531765897723,-1.1114817982313068,1.0976960922022545,0.6634746410553851,0.3744756517522701,0.5446692917962889,0.733087691202315,0.27009102174278604,-0.43354565031756287,1.0539362856355172,-2.1932420259313785,-0.02972157053123503,-0.3582793404199587,2.553671524824468,0.12705055844068758,1.1998987236700827,True
180,Oak,71,18,0.10161455676829688,-0.27059147888438345,0.8787125245370297,0.5871045092600761,0.047517660308813166,0.175633564640673,0.29168938180682036,0.11379839081982822,0.006768909828169564,0.1964602037084242,-0.6211575411544086,0.07997458338564173,0.296498081670142,1.4609269674039176,0.35996197050906337,0.8142470480110888,True
180,Pine,365,91,1.9781110884536466,-0.09783549915453096,-0.2532004775744741,0.6212415923957608,0.33751674213519983,0.1621471786907143,0.19792766652998223,0.08017072796868308,1.3143651477466087,2.6418570291606844,-0.4167071822959525,0.22103618398689054,-0.64243653259739,0.1360355774484417,0.4635812792625358,0.7789019055289859,True
180,Spruce,6,1,3758.4505886567067,1.0210175846987892,-0.572971915234985,-2.091489612333223,24014.519010170898,2.008188022392932,1.8925154540915272,3.1845797863889866,-99567.685182795,107084.58636010841,-7.619518091593257,9.661553260990836,-8.715808699774028,7.569864869304057,-15.793630523174953,11.610651298508506,True
181,Alder,92,23,1.8780515838622687,-0.04706646976762008,-0.8907540900629801,0.92543404803026,1.0755883337737517,0.26222174404667203,0.4323214614769041,0.11926543015090046,-0.25945421057695284,4.01555737830149,-0.5681770840499243,0.47404414451468413,-1.7499021488050301,-0.031606031320929984,0.6884190674666457,1.1624490285938742,True
181,Aspen,53,13,1.1856804670106875,0.5384978162295063,-0.9172145474244864,0.7314935456889147,0.6575241857485836,0.3176934615360474,0.46673379848866475,0.16096610988324062,-0.1356638544832327,2.5070247885046077,-0.09993109707120507,1.1769267295302177,-1.8551512311985756,0.02072213634960285,0.40802003725053015,1.054967054127299,True
181,Birch,96,24,0.31521247675786923,-1.1436046669506024,1.1719346977066203,0.6180021088774761,0.3478638432548083,0.5201886576521532,0.6876620251841056,0.2673140454841406,-0.3756751424925382,1.0061000960082767,-2.17674424214672,-0.11046509175448516,-0.19382144119843514,2.5376908366116755,0.08709334081257236,1.14891087694238,True
181,Oak,71,18,0.10880040799002677,-0.15846322423949039,0.7800580173095795,0.5459594303874181,0.05225365130901293,0.2131062581646208,0.33282677009857703,0.1078148645330365,0.004501683448912108,0.21309913253114143,-0.5838250958311451,0.26689864735216423,0.11573300374956308,1.444383030869596,0.33076006009137165,0.7611588006834646,True
181,Pine,365,91,1.9600477997618921,-0.10806845628230535,-0.27568661846206677,0.650813332669082,0.32343932467618963,0.15397926040918156,0.18695867383039355,0.07693678269376965,1.323985904103836,2.5961096954199485,-0.410877461853728,0.1947405492891173,-0.6433515231712577,0.09197828624712417,0.49951275753022484,0.8021139078079392,True
181,Spruce,6,1,0.1429908208162485,-2.267172891599129,0.15480634441262975,3.22865840373907,0.9467826041169881,2.5606829000283193,2.2218348884814674,3.4027779897086328,-3.9306859352165318,4.216667576849029,-13.28490216129221,8.750556378093952,-9.40497760344628,9.714590292271538,-11.412313602230729,17.86963040970887,True
182,Alder,92,23,3.6650037414490817,0.3915366969661184,-1.6140444014196522,0.9815488947113296,1.9740195112897916,0.260261990540967,0.431895832960036,0.12072683262810369,-0.2579452263160986,7.587952709214262,-0.12567931903673085,0.9087527129689676,-2.472346612923947,-0.7557421899153572,0.7416296838163302,1.2214681056063288,True
182,Aspen,53,13,1.621997352949498,0.6386759867472814,-1.0767098922531395,0.6924272278242252,0.9648380262416827,0.3226772468078441,0.47184481951572643,0.1470820870589569,-0.3169172524264392,3.560911958325435,-0.009768218022802033,1.287120191517365,-2.0249175573196587,-0.1285022271866203,0.3968547078452584,0.9879997478031919,True
182,Birch,96,24,0.6065308007805413,-0.27097590702334096,0.09720134721085347,0.6356618375092519,0.5786096353576349,0.4592356755336476,0.5989580845024215,0.2214330426816975,-0.5426378788593401,1.755699480420423,-1.1830575984565272,0.6411057844098453,-1.0923811088466646,1.2867838032683716,0.1958767013182769,1.0754469737002268,True
182,Oak,71,18,0.08306557334845134,-0.34437742174603814,0.9419252963074698,0.659407223022875,0.0401041671235256,0.18548677776092728,0.30190429459001616,0.11541225355788523,0.003017320738667603,0.1631138259582351,-0.7146105797180825,0.025855736226006232,0.33932180218968344,1.544528790425256,0.42904340076445036,0.8897710452812997,True
182,Pine,365,91,1.7548516651813892,-0.16256371522631197,-0.21183207097926043,0.670901836012619,0.3204634245555711,0.160361991256426,0.19301971146631658,0.08244391713014484,1.124642046991154,2.3850612833716243,-0.47792472536996133,0.1527972949173374,-0.5914163521966098,0.167752210238089,0.5087711666273326,0.8330325053979054,True
182,Spruce,6,1,86.10236162100385,0.13661530863512686,-0.5089074323316701,-0.19814073888201153,838.7583407519629,2.9926301849143906,2.63501894694454,4.611780102506241,-3522.7835027708365,3694.988226012844,-12.739633125457845,13.012863742728099,-11.84647889720365,10.82866403254031,-20.041028985688843,19.644747507924823,True
183,Alder,92,23,1.7089784864528985,0.07099898648276261,-1.0443547621381433,0.9970400909266612,0.9664573251903785,0.2640926826689464,0.4367175062555642,0.12163187146401695,-0.211652360689782,3.629609333595579,-0.4538297251613087,0.5958276981268339,-1.9122390361141686,-0.17647048816211786,0.7553223055257728,1.2387578763275495,True
183,Aspen,53,13,1.1284899250492697,0.4510076862169772,-0.7695038576712616,0.6951067911214888,0.5978122870977289,0.29721241542423205,0.4322511215785599,0.14412429448594827,-0.07285884355392214,2.3298386936524613,-0.14626302398692803,1.0482783964208824,-1.6381450078168758,0.09913729247435266,0.4054781778538049,0.9847354043891726,True
183,Birch,96,24,0.2935036951194198,-0.9558735960531913,0.891775884630466,0.7334669414288878,0.3458131171993087,0.5547009865865176,0.7221263979647581,0.2707938432114995,-0.3933110051723447,0.9803183954111843,-2.0575576355119662,0.14581044340558347,-0.5424294734765465,2.3259812427374786,0.19564699471191893,1.2712868881458568,True
183,Oak,71,18,0.05826352527154395,-0.3704340179358356,1.1083463231904394,0.6309814470174165,0.03035573796670894,0.20598876853971276,0.35818002650194875,0.11400852453675368,-0.002326781302609951,0.11885383184569785,-0.7815893207764854,0.04072128490481419,0.3934159980475477,1.823276648333331,0.40341947961195823,0.8585434144228749,True
183,Pine,365,91,1.8939385371640491,-0.07721002655832486,-0.3057429175268328,0.6624852342792432,0.32973570207478764,0.153425041835851,0.18420442554671368,0.07868181680376943,1.2454944559200558,2.5423826184080425,-0.37892912966747133,0.22450907655082158,-0.6679914357586396,0.05650560070497401,0.5077529499469983,0.8172175186114882,True
183,Spruce,6,1,3758.450588656629,1.0210175846987801,-0.5729719152349773,-2.0914896123332163,24014.518996623377,2.0081880208768528,1.8925154535709405,3.184579785569711,-99567.6851245048,107084.58630181807,-7.619518085070103,9.661553254467664,-8.715808697534117,7.569864867064163,-15.793630519649888,11.610651294983455,True
184,Alder,92,23,2.0323957899892733,0.2100888903595122,-1.3210520316557257,1.0575473592638334,1.1159607006458003,0.2707991554181283,0.449568991556785,0.13353234504790826,-0.185341599954016,4.250133179932563,-0.32806752660777483,0.7482453073267992,-2.214475932118894,-0.4276281311925575,0.7921798833229867,1.32291483520468,True
184,Aspen,53,13,0.9216857120570795,0.5952090704796404,-0.9297796538542832,0.7778454800850585,0.4640326052723171,0.24818023470320344,0.3547044417767216,0.13077515485793567,-0.010822720718736023,1.8541941448328951,0.09647221647516002,1.093945924484121,-1.6425849165485331,-0.21697439116003325,0.5150429672508094,1.0406479929193075,True
184,Birch,96,24,0.7588008080400357,-0.20767237148753603,0.0612125334301902,0.548855091293684,0.6715177619448262,0.4448646921655599,0.5940879400616856,0.23342314890152288,-0.5748914305482298,2.0924930466283014,-1.0912120494922313,0.6758673065171591,-1.1186973953920067,1.2411224622523873,0.08525656920072322,1.0124536133866449,True
184,Oak,71,18,0.08629912511439528,-0.361364149428852,0.9781194692653278,0.6308795658609021,0.03951371910748459,0.18196118134255107,0.29384407700290294,0.11180038717332465,0.007429411677247061,0.1651688385515435,-0.7245601874968958,0.0018318886391918143,0.3916042367866811,1.5646347017439743,0.40772505907968354,0.8540340726421207,True
184,Pine,365,91,1.913357737346125,-0.20817308481409713,-0.13677887792827684,0.6278186067525582,0.31906043308786874,0.15039126430309374,0.18127987575464258,0.07717900277954237,1.2859071819675385,2.5408082927247113,-0.5039260912204933,0.08757992159229899,-0.4932761020447084,0.2197183461881547,0.4760416919877842,0.7795955215173322,True
184,Spruce,6,1,7.700199476929121,-0.3948532177669368,-0.47674278085651156,0.9833301310710331,66.24713200105082,2.6001851996223015,2.4155679096398557,4.252262476183223,-277.3382038619328,292.73860281579107,-11.58254716463734,10.792840729103467,-10.87009264103484,9.916607079321818,-17.312678619463185,19.27933888160525,True
185,Alder,92,23,2.186272615857224,0.15194756188718161,-1.2459934064090388,1.018524922897211,1.1039036018119113,0.2452936061927909,0.4088742030066961,0.11888819929649849,-0.00750382377420955,4.380049055488658,-0.33552193560763977,0.639417059382003,-2.058544966035168,-0.43344184678290976,0.7822596093872515,1.2547902364071706,True
185,Aspen,53,13,1.388895028600918,0.7480825094182947,-1.0548355525586741,0.6312675551071502,0.6592019119762821,0.24779927169592245,0.3600470870586278,0.11730446885652147,0.06417919002513273,2.7136108671767034,0.25011122923950846,1.246053789597081,-1.778377262912208,-0.33129384220514013,0.39553539928848647,0.8669997109258138,True
185,Birch,96,24,0.46758723762546744,-0.732802704384134,0.6644483018691938,0.6010635114336212,0.5359091369998403,0.5267869170621512,0.7045473891273046,0.2707308567354465,-0.5967745664990038,1.5319490417499388,-1.7790469923101422,0.31344158354187435,-0.7348436273201893,2.063740231058577,0.06336866129489427,1.1387583615723482,True
185,Oak,71,18,0.09335590978016478,-0.34898840543942383,0.9763625119239374,0.5978782577890641,0.043900052617555564,0.18160577192471863,0.29306098607079256,0.1111263192196699,0.00573103801337381,0.18098078154695574,-0.7114750433403748,0.013498232461527149,0.3914103354877445,1.5613146883601303,0.3760691962745212,0.819687319303607,True
185,Pine,365,91,2.061104673884862,-0.14611929718541763,-0.17632017219503443,0.5827066102800498,0.3546052625202774,0.15081226327446703,0.1810588943384309,0.07647037767674365,1.3637531823345381,2.758456165435186,-0.44270022210193893,0.15046162773110364,-0.5323828237416601,0.17974247935159127,0.43232324723211873,0.7330899733279808,True
185,Spruce,6,1,169.9313985027417,-1.5219590617648018,4.3397992580491636,-3.352670956186734,742.5213542638752,1.8377743766982755,2.90949754676925,2.59217542237896,-3024.880133278397,3364.74293028388,-9.429264000231262,6.385345876701659,-8.178758303601777,16.858356819700106,-14.505901613136814,7.800559700763347,True
186,Alder,92,23,1.6883124850940059,0.15284568357154016,-1.233150806843901,1.0890006592857329,0.9938133044468525,0.27038536744977676,0.44714708339628945,0.13768095711816056,-0.2866826223675969,3.6633075925556087,-0.38448841676005263,0.690179783903133,-2.1217616737661644,-0.34453993992163745,0.8153886886245576,1.3626126299469081,True
186,Aspen,53,13,1.0458900641522502,0.4268813940784538,-0.7468322459289335,0.7152645895325122,0.6082916769734956,0.3370935050385777,0.49563656406307105,0.1599505343710418,-0.1765178268455052,2.2682979551500058,-0.25053336624417255,1.10429615440108,-1.7428512116859012,0.2491867198280341,0.3938319564948772,1.0366972225701472,True
186,Birch,96,24,0.4801985192613824,-0.6861200748508807,0.6521496590688018,0.5745361598656521,0.5384916199124984,0.5307011037173621,0.6875440104880806,0.26867205130244937,-0.5892923188396793,1.5496893573624442,-1.740138275334796,0.3678981256330347,-0.7133720924632792,2.017671410600883,0.04093027502666535,1.1081420447046388,True
186,Oak,71,18,0.0456647733485515,-0.4741269385728773,1.0530045013524032,0.8547670223047535,0.0229623538626861,0.23058892740954193,0.3821257949910551,0.11224968358943704,-0.00016827678945498942,0.091497823486558,-0.9343843640280556,-0.013869513117699017,0.2902782222616995,1.8157307804431069,0.630715716123541,1.078818328485966,True
186,Pine,365,91,1.6145720948991034,-0.02033848134703854,-0.33864630793924866,0.680310870238381,0.29014329218918955,0.14832305654897746,0.17924812326895945,0.07809700255728153,1.0439887478460326,2.1851554419521744,-0.3120242391403759,0.27134727644629886,-0.691147974809061,0.013855358930563666,0.5267286565062442,0.8338930839705178,True
186,Spruce,6,1,0.14299082081628944,-2.267172891599022,0.15480634441258748,3.228658403738929,0.9467826041189858,2.56068290003275,2.2218348884821815,3.4027779897136,-3.9306859352250867,4.216667576857666,-13.284902161311168,8.750556378113123,-9.404977603449392,9.714590292274568,-11.412313602252242,17.8696304097301,True
187,Alder,92,23,2.3352322713815616,0.22471900635401906,-1.2840961313706325,0.9795641178508028,1.2771650165523405,0.2563657795522268,0.42867815953997873,0.12000871865627658,-0.202864821729837,4.87332936449296,-0.2847541090396629,0.7341921217477011,-2.136003893098911,-0.43218836964235385,0.7410720075738091,1.2180562281277965,True
187,Aspen,53,13,1.0888625094026936,0.5080352553057467,-0.9051745894509114,0.7699498462762828,0.587190532177509,0.2870604333241448,0.4173549626333875,0.15450513607352553,-0.0911410435379687,2.268866062343356,-0.06883428306204398,1.0849047936735374,-1.7438807874519662,-0.06646839144985683,0.4594601508136423,1.0804395417389234,True
187,Birch,96,24,0.3942338072182071,-1.0846503363604951,1.0196531039168295,0.6342927004527152,0.41228017948408163,0.49115541943207136,0.6536253560546937,0.255206814246154,-0.42459021600528346,1.2130578304416977,-2.0601273943909253,-0.10917327833006507,-0.27850327215570814,2.317809479989367,0.12742993868574004,1.1411554622196904,True
187,Oak,71,18,0.0825825498586275,-0.3890709630083384,1.0274330883356397,0.6246927928155964,0.04017578059868333,0.18949277291058142,0.30562733795488595,0.12361371290077547,0.0023913561541681477,0.16277374356308683,-0.7673001207652772,-0.01084180525139955,0.4173983685591749,1.6374678081121046,0.37795878919356407,0.8714267964376288,True
187,Pine,365,91,1.7943806238059952,-0.20471032076788706,-0.13447122230786662,0.6385964118355797,0.325797303078754,0.1513601048043644,0.1824863442019478,0.08024542566594965,1.1536816290130167,2.435079618598974,-0.5023686073267367,0.09294796579096262,-0.493341035497729,0.22439859088199576,0.4807892014165276,0.7964036222546318,True
187,Spruce,6,1,8.50049551322564,-0.2611721795205474,-0.8031514829718724,1.1039864491509177,55.041541861596166,2.116215656034537,2.273507097458942,3.3108297152342963,-228.32414482425557,245.32513585070686,-9.36651324858326,8.844168889542164,-10.585263001837141,8.978960035893397,-13.141364062661026,15.349336960962862,True
188,Alder,92,23,1.8747023654362498,0.15937287275803086,-1.1375659903399225,0.9730365588322363,1.0149648897594925,0.26712490607590944,0.44541651470740523,0.12907462425318217,-0.14232707314227433,3.891731804014774,-0.37148174573060194,0.6902274912466637,-2.022737715646372,-0.25239426503347273,0.7165278662469959,1.2295452514174765,True
188,Aspen,53,13,0.9509747021362656,0.3882157967262154,-0.7586571200605018,0.7775402585772259,0.5007477551700316,0.2970091328116593,0.43556064191935845,0.14921694663642582,-0.055315586701485175,1.9572649909740163,-0.20864640177332472,0.9850779952257556,-1.6339490003297605,0.11663476020875685,0.4776775776566293,1.0774029394978224,True
188,Birch,96,24,0.3427239256181156,-0.8787496626499828,0.8050886179100634,0.6986771224106281,0.4257640852902254,0.5558481481337073,0.7256359322630949,0.2896538629611699,-0.502880298426015,1.1883281496622462,-1.9827120639609634,0.225212738660998,-0.6360869782457463,2.246264214065873,0.12339954853141077,1.2739546962898454,True
188,Oak,71,18,0.09146586272452355,-0.36683366236083736,0.9979950035310565,0.606163249849135,0.04059383937898717,0.18538492483687039,0.317312636657063,0.105137412512808,0.010440220202104125,0.17249150524694296,-0.7368635210455823,0.003196196323907552,0.36463632992576533,1.6313536771363477,0.3963080961529666,0.8160184035453035,True
188,Pine,365,91,1.8928793794305052,-0.08871924279715508,-0.29400779636831076,0.6517055596500501,0.32517287966378583,0.15373600977705404,0.1845958491486419,0.07833021849667053,1.2534083489285588,2.5323504099324516,-0.391049882114425,0.2136113965201148,-0.6570260714579055,0.06901047872128391,0.49766471345986585,0.8057464058402343,True
188,Spruce,6,1,8474.873517899923,2.894345410932733,-3.395624548957381,-1.2876020782015822,69697.32472905498,3.928912501757622,4.133821243519397,3.3446737212459827,-291408.51098008687,308358.25801588676,-14.010400689491998,19.799091511357464,-21.182021806462014,14.390772708547251,-15.678571594863563,13.103367438460399,True
189,Alder,92,23,1.7999987248807197,0.06400018254848065,-1.031798973420557,0.9680576474546208,1.0524183271237098,0.3135724142531418,0.5115824322932271,0.1270222541953871,-0.29146155017480235,3.8914589999362414,-0.5591590981874289,0.6871594632843901,-2.048461556142565,-0.015136390698549107,0.7156276090841196,1.220487685825122,True
189,Aspen,53,13,1.3425144183908726,0.5506094783945603,-0.9309422374024865,0.6965074690520143,0.8471186685871439,0.3337921265324531,0.4993227403103491,0.1489295439901459,-0.35983428091174297,3.044863117693488,-0.12017091343376729,1.2213898702228878,-1.934368851665678,0.07248437686070508,0.3972223453724673,0.9957925927315614,True
189,Birch,96,24,0.4006028561039178,-0.8458799656488276,0.868395941352643,0.5818580741139331,0.47532553064877275,0.5401978125300155,0.7416561185779168,0.26303045816007475,-0.5434346764151448,1.3446403886229803,-1.9187594495616231,0.22699951826396791,-0.6045971276380424,2.3413890103433284,0.05945688022082196,1.1042592680070442,True
189,Oak,71,18,0.07149529925246817,-0.35046211141212313,0.9595634519159615,0.6886948362809859,0.03603339556881025,0.19563575134175046,0.329003016183469,0.13268447205272887,-0.00042765932677518714,0.14341825783171153,-0.7409527054362726,0.04002848261202635,0.3028706831142376,1.6162562207176854,0.4238555216143032,0.9535341509476687,True
189,Pine,365,91,1.9248734224372503,-0.06625477754375646,-0.2841933826118338,0.6238631607474266,0.3206973442044495,0.1475750972327162,0.18016364488563713,0.07660283251458029,1.294203787904085,2.5555430569704156,-0.3564696306440651,0.22396007555655217,-0.6384954750038145,0.07010870978014694,0.47321931769964465,0.7745070037952086,True
189,Spruce,6,1,8.500495513224921,-0.261172179520565,-0.8031514829718809,1.103986449150966,55.041541862096636,2.116215656047081,2.2735070974585656,3.3108297152626505,-228.32414482640962,245.3251358528595,-9.36651324863725,8.84416888959612,-10.58526300183553,8.978960035891768,-13.141364062782976,15.349336961084909,True
190,Alder,92,23,1.8693769413658305,0.11502878578719539,-1.1679867616943826,1.032487314101356,0.9893651641821567,0.2734374710096966,0.4531992025079832,0.12972031396861228,-0.09677842203039488,3.835532304762056,-0.4283707290154413,0.6584283005898321,-2.068624943588066,-0.26734857980069915,0.7746954488888157,1.2902791793138961,True
190,Aspen,53,13,0.9637819389275737,0.5285865998100837,-0.9793488713481349,0.8525844575786828,0.5385832128866841,0.30021093923402536,0.4231505941066441,0.16877244837660896,-0.11854154882301238,2.0461054266781598,-0.07470986958992454,1.131883069210092,-1.8297018268413727,-0.1289959158548969,0.5134235246113765,1.1917453905459892,True
190,Birch,96,24,0.3298471660964963,-0.9621851051304802,0.9796080297493946,0.6235148177218477,0.3881915696066717,0.5301379240036864,0.7078599578803229,0.27333741317375576,-0.4411347986550966,1.100829130848089,-2.0150847820910798,0.09071457183011944,-0.4262629469143179,2.385479006413107,0.08064312150663377,1.1663865139370615,True
190,Oak,71,18,0.0504831006340708,-0.36589042655726745,1.0390261298795218,0.7339025750306286,0.02194974874783807,0.16208787866348842,0.26323672186135405,0.1029244361377136,0.006671218764629727,0.09429498250351187,-0.6894191864558289,-0.042361666658706,0.5136034339580258,1.5644488258010179,0.5284645406664092,0.939340609394848,True
190,Pine,365,91,1.7104418639012287,-0.13123529814256837,-0.23484778139363938,0.6761989829324263,0.31633392923703496,0.153034966995489,0.18470998626908144,0.08296436989858955,1.0883531339890307,2.3325305938134266,-0.4321872968105416,0.16971670052540486,-0.5980905136461483,0.12839495085886954,0.5130448134677081,0.8393531523971445,True
190,Spruce,6,1,169.93139850273167,-1.521959061764813,4.339799258049152,-3.352670956186696,742.5213538300819,1.8377743759269445,2.9094975466215027,2.5921754216426804,-3024.880131411945,3364.742928417408,-9.429263996912505,6.385345873382878,-8.178758302966084,16.85835681906439,-14.505901609968822,7.80055969759543,True
191,Alder,92,23,1.706392005703401,0.1938205942295121,-1.257910458648471,1.0796372126700797,0.8926049740194836,0.266377571605533,0.44391312685384354,0.12913471719180034,-0.06747281246340764,3.4802568238702096,-0.33554885404050255,0.7231900424995268,-2.1400945165106275,-0.3757264007863148,0.8230090979969755,1.336265327343184,True
191,Aspen,53,13,1.1331198589249463,0.5004480173460174,-0.9272394423122325,0.7876419389549849,0.6000426927383261,0.30769484939176905,0.44083122835658595,0.15497043445304773,-0.07271107762234297,2.3389507954722353,-0.11788793258389263,1.1187839672759274,-1.8131229625708927,-0.0413559220535723,0.47621719139098023,1.0990666865189895,True
191,Birch,96,24,0.5177426027188949,-0.3731798151586304,0.14848570041705936,0.7200226453775956,0.4973597201355401,0.4463441808105723,0.5852814197155839,0.22340001311794333,-0.4700567320449447,1.5055419374827346,-1.259657885317269,0.5132982550000084,-1.013933718845793,1.310905119679912,0.27633093611734544,1.163714354637846,True
191,Oak,71,18,0.07237090783124035,-0.39667479001176315,1.0996909602724703,0.6050361862045416,0.0332306165187652,0.1826597735120201,0.29157591739370814,0.10985243557491085,0.006042319650374009,0.13869949601210668,-0.7612652238861237,-0.032084356137402514,0.5177029933220392,1.6816789272229014,0.3857698070869939,0.8243025653220892,True
191,Pine,365,91,1.7411367336144474,-0.08286277808878353,-0.30399822290205203,0.6820011285930455,0.3091305416007171,0.14916976913612268,0.18115750004795614,0.08008875873457356,1.1332138766977584,2.3490595905311364,-0.3762136445197187,0.21048808834215163,-0.6602547882054113,0.05225834240130722,0.5245020126379482,0.8395002445481429,True
191,Spruce,6,1,8474.873517899328,2.894345410932699,-3.39562454895735,-1.2876020782015598,69697.32331019061,3.9289124449293915,4.133821220680369,3.3446736555520333,-291408.50487520685,308358.2519110055,-14.010400444979892,19.799091266845288,-21.182021708193577,14.390772610278876,-15.67857131220529,13.10336715580217,True
192,Alder,92,23,2.1674706155037056,0.15744837704566916,-1.1634561911164614,0.9526934666557072,1.1582714970364747,0.2662712429655829,0.43566006536659785,0.12031523370339318,-0.13435059127970606,4.469291822287117,-0.37170976539583145,0.6866065194871698,-2.029239023531186,-0.29767335870173683,0.7135922221321604,1.191794711179254,True
192,Aspen,53,13,0.7424917571912196,0.394585779695874,-0.7595132757842917,0.8608803390346186,0.44858535460520327,0.2920715126429591,0.42294721559026305,0.17185586834399985,-0.15897426316223584,1.6439577775446752,-0.19235389958229626,0.9815254589740443,-1.6094575268472462,0.09043097527866284,0.5155230416551737,1.2062376364140635,True
192,Birch,96,24,0.5705125847775979,-0.2991508179130938,0.059197514571135784,0.7177176097074852,0.5591270756666638,0.4456052634938159,0.6143245731489173,0.21471798528746067,-0.539962049640862,1.6809872191960578,-1.1841613344995645,0.5858596986733768,-1.1609041143267724,1.2792991434690442,0.29126915712474555,1.1441660622902248,True
192,Oak,71,18,0.05409311765489551,-0.4346961427388011,1.0122076448051154,0.8089116860431003,0.02304268298592622,0.16028054712845577,0.2613165081930013,0.11526795385568633,0.008099729915830217,0.1000865053939608,-0.7546174537949439,-0.11477483168265817,0.49061771140716504,1.5337975782030657,0.578835887195748,1.0389874848904526,True
192,Pine,365,91,1.785835615049874,-0.1847482026951204,-0.1435326063084796,0.6280851102162147,0.3085316373696882,0.14822420418154286,0.18153480208205264,0.07886436174117231,1.1790905374922265,2.3925806926075213,-0.4762395616648649,0.10674315627462408,-0.5005311576003495,0.21346594498339025,0.4729938408439054,0.783176379588524,True
192,Spruce,6,1,86.10236162101626,0.13661530863517032,-0.508907432331691,-0.19814073888207395,838.7583406937782,2.9926301848047365,2.635018946976487,4.61178010213378,-3522.783502520475,3694.9882257625077,-12.739633124986,13.01286374225634,-11.846478897341127,10.828664032677745,-20.041028984086335,19.644747506322187,True
193,Alder,92,23,2.514688262093805,0.2605853765292181,-1.384594312352185,1.0036440898173649,1.4347110471752602,0.29124045379571656,0.48147524785724694,0.13230316910578163,-0.3364984609189028,5.365874985106513,-0.3181938255278398,0.839364578586276,-2.341425192585967,-0.4277634321184033,0.7407193427684008,1.266568836866329,True
193,Aspen,53,13,1.8652684352014213,0.9041637076982643,-1.3642492560885893,0.6764733821301099,0.7630007044367059,0.21669122265980945,0.31529471628051825,0.10728861136941764,0.3319611136532512,3.398575756749591,0.46870639253785285,1.3396210228586756,-1.9978577103236081,-0.7306408018535705,0.4608688454961456,0.8920779187640742,True
193,Birch,96,24,0.39712888894504594,-0.7273685892139918,0.6617123289313841,0.6663734503864038,0.45117523579919183,0.5221371831628063,0.7068351958255075,0.25885518434031496,-0.49894407342292857,1.2932018513130203,-1.7643781042650475,0.3096409258370638,-0.7421233818371288,2.065548039699897,0.1522647106962418,1.1804821900765659,True
193,Oak,71,18,0.08092909533912175,-0.3133207627999176,0.9126807168277282,0.6626522404340436,0.038876382327254023,0.18238267041782397,0.3049979101809874,0.108561909539816,0.0033315114396413326,0.15852667923860217,-0.6773580965833366,0.0507165709835013,0.30390234014622053,1.521459093509236,0.44596176206363236,0.8793427188044548,True
193,Pine,365,91,1.7494240796768572,-0.08158220374789313,-0.28153856889829937,0.668260291080987,0.3025510566572172,0.14783015271663208,0.17870034715201832,0.07812266916317047,1.1544401554944792,2.344408003859235,-0.3722986380172818,0.20913423052149552,-0.6329630027640958,0.0698858649674971,0.5146276025031795,0.8218929796587944,True
193,Spruce,6,1,3758.450588656281,1.0210175846987595,-0.572971915234979,-2.091489612333168,24014.51899193944,2.0081880215178836,1.8925154541806335,3.184579783867539,-99567.68510435178,107084.58628166435,-7.619518087828258,9.661553257225776,-8.715808700157416,7.569864869687458,-15.793630512325985,11.610651287659648,True
194,Alder,92,23,2.00827436339903,0.1855947700496231,-1.2202546129200356,1.0052858440966879,1.1283867105952994,0.2708158303141579,0.4467914997722392,0.12423661436678311,-0.23415711017718976,4.25070583697525,-0.35259478476954054,0.7237843248687867,-2.1081588321101243,-0.332350393729947,0.7583916795246414,1.2521800086687342,True
194,Aspen,53,13,0.9966407819555811,0.4100375535969151,-0.7710827633263093,0.7614725241160581,0.578024661635596,0.31382540334619796,0.4513840358119958,0.1588179773287825,-0.1649432645173201,2.1582248284284824,-0.22061820574969998,1.0406933129435303,-1.678172944129554,0.13600741747693545,0.44231584966518384,1.0806291985669325,True
194,Birch,96,24,0.5738019507805772,-0.6495633142522594,0.5489833800619662,0.5625936211296148,0.6689326417800363,0.5163696396363588,0.6978521511248335,0.31478222734258765,-0.7547560160207247,1.902359917581879,-1.6751179900230175,0.37599136151849866,-0.8370112285419776,1.93497798866591,-0.06259105341489846,1.187778295674128,True
194,Oak,71,18,0.0804943008348864,-0.35622314533730154,0.9974199361737094,0.6327579479941534,0.037447647309607576,0.1746065191459788,0.2892619800841679,0.10619092081457536,0.005748483966316775,0.15524011770345603,-0.7047392162199531,-0.00770707445465002,0.4200506074238114,1.5747892649236075,0.4207999829266223,0.8447159130616846,True
194,Pine,365,91,1.9310244913202583,-0.06722988400134966,-0.33276984050287706,0.6645938295896708,0.3455560857074969,0.15867398313983297,0.19011519129474716,0.07860378047076691,1.25146872254868,2.6105802600918366,-0.3792713298230006,0.24481156182030128,-0.7066422169969678,0.04110253599121372,0.5100150081610152,0.8191726510183265,True
194,Spruce,6,1,8474.87351789959,2.894345410932707,-3.395624548957349,-1.2876020782015771,69697.32340305392,3.928912433345259,4.133821198813899,3.3446736749731807,-291408.50527476514,308358.25231056433,-14.010400395137381,19.799091217002797,-21.18202161410975,14.390772516195051,-15.678571395767758,13.103367239364605,True
195,Alder,92,23,2.3223684230325463,0.22143590776473043,-1.30028913979624,0.9990786905777527,1.2399653286103485,0.2591925377171633,0.42939089007909437,0.12230256665836273,-0.14180210725684894,4.786538953321942,-0.2936547954804586,0.7365266110099195,-2.153613303701259,-0.4469649758912212,0.7560280394147499,1.2421293417407553,True
195,Aspen,53,13,1.0444953366686232,0.49615079973830695,-0.856128532922955,0.7533314290469103,0.6771256044780157,0.3431219773640393,0.5014569674615593,0.15874105478845216,-0.3162395105165652,2.4052301838538117,-0.19337862928728594,1.1856802287639,-1.8638440372196277,0.15158697137371757,0.4343293362282609,1.0723335218655596,True
195,Birch,96,24,0.3657387276851433,-0.9371008315073237,0.8919457057623854,0.6417128403832972,0.42673946532290485,0.5307040316528824,0.6910491927735236,0.27785710973533434,-0.4818026852957193,1.2132801406660059,-1.991124847123913,0.1169231841092655,-0.4805376403452335,2.264429051870004,0.08986463667036104,1.1935610440962334,True
195,Oak,71,18,0.078476198720593,-0.3240622046494487,0.9792749623071322,0.6214547352032581,0.03765929241009614,0.1806119931927215,0.29349603317492956,0.10932345057443213,0.0033079364633596675,0.15364446097782633,-0.6845652518992807,0.03644084260038338,0.3934544282166873,1.5650954963975772,0.40324421456582005,0.8396652558406962,True
195,Pine,365,91,1.97597280069032,-0.13238901576278692,-0.25679757756148297,0.6459757315768224,0.34496952610783554,0.1524517625281774,0.18694886351191772,0.07949404950615473,1.2975705348554998,2.6543750665251404,-0.4321941095532972,0.16741607802772332,-0.6244431897193646,0.11084803459639869,0.48964614526866007,0.8023053178849848,True
195,Spruce,6,1,86.10236162100928,0.13661530863514706,-0.5089074323316831,-0.19814073888203626,838.758340740511,2.9926301849613797,2.6350189470143905,4.61178010234703,-3522.7835027215574,3694.9882259635756,-12.739633125660003,13.012863742930296,-11.846478897504205,10.828664032840837,-20.041028985003837,19.644747507239767,True
196,Alder,92,23,2.5429415121279657,0.16246302223743941,-1.1896813163432796,0.9249734284288553,1.4313462502297203,0.25488566121247086,0.42228469259894996,0.11934838019055169,-0.3015583840176559,5.387441408273587,-0.3440686689808949,0.6689947134557737,-2.028883406018519,-0.35047922666804054,0.6877936020921549,1.1621532547655558,True
196,Aspen,53,13,0.7695013205375008,0.3926919061579991,-0.9289985521579269,0.9909807809581003,0.5442369299014415,0.3334349527123602,0.46773312740779244,0.18712367633711363,-0.32418373692367797,1.8631863779986795,-0.2773707180061189,1.062754530322117,-1.8689434625816423,0.010946358265788492,0.61494167471045,1.3670198872057506,True
196,Birch,96,24,0.4451076327112746,-0.9349944139903404,0.8603357337877119,0.5959062505815015,0.4796428897340186,0.5003341645049917,0.6554261145660172,0.2563168873465291,-0.5075045476123593,1.3977198130349087,-1.92870125201688,0.05871242403619925,-0.44139710412429867,2.1620685716997223,0.08683878781905585,1.1049737133439472,True
196,Oak,71,18,0.04547637921495244,-0.4862882418589327,1.228068169302655,0.7087005414584876,0.021831132530680534,0.1950528537108623,0.33073497125525153,0.11225529759084778,0.0019012563058806928,0.08905150212402418,-0.875615367342288,-0.09696111637557753,0.5679184037088567,1.8882179348964532,0.48463802968355973,0.9327630532334155,True
196,Pine,365,91,1.7360264571100998,-0.09096184979959113,-0.28795150450227774,0.6788722136669888,0.3085777434763288,0.1464726923872295,0.1785454433365841,0.07953172142551655,1.1291907092617552,2.342862204958444,-0.3790087608399635,0.19708506124078126,-0.6390713111722675,0.06316830216771191,0.5224685433788826,0.835275883955095,True
196,Spruce,6,1,86.1023616210042,0.13661530863512086,-0.5089074323316543,-0.1981407388820222,838.7583407460932,2.9926301849759933,2.635018947015428,4.611780102376808,-3522.7835027455803,3694.9882259875885,-12.739633125722907,13.012863742993147,-11.846478897508637,10.82866403284533,-20.041028985131945,19.644747507367903,True
197,Alder,92,23,3.1789577352782423,0.48909786300979086,-1.7845339981493713,1.0858712889560092,1.7296000425865563,0.25975459402358914,0.43906827632055156,0.1345178338323623,-0.25825889956557946,6.616174370122064,-0.027109809036622745,1.0053055350562046,-2.6570899336500946,-0.911978062648648,0.8185453611419122,1.353197216770106,True
197,Aspen,53,13,1.1992215730511337,0.6985449177103928,-0.9710814262255024,0.636393369596569,0.445675738917331,0.20106502744075078,0.2890731995235617,0.10360052436930457,0.3036026443335892,2.094840501768678,0.294489617512749,1.1026002179080368,-1.5519957697057718,-0.39016708274523293,0.4282003212704102,0.8445864179227278,True
197,Birch,96,24,0.4633340189483806,-0.5541471405074602,0.36872495558880436,0.7111954137368697,0.45012972107628013,0.4323539438312047,0.5681772082756761,0.2231143948062691,-0.43066246093424804,1.3573304988310093,-1.4128393924304732,0.30454511141555285,-0.7597240233710083,1.497173934548617,0.2680709670973063,1.154319860376433,True
197,Oak,71,18,0.1090733151324047,-0.24560250814590165,0.9026563580010654,0.5175622810221905,0.056581753563569454,0.2239808569633332,0.3492261337472214,0.11928372348880835,-0.003864337665880499,0.22201096793068992,-0.6926701697864597,0.20146515349465635,0.20559807759765603,1.5997146384044747,0.27947097243928554,0.7556535896050954,True
197,Pine,365,91,1.7842172061840622,-0.023213248175788796,-0.35481402412877644,0.6662702013163367,0.30635475508549204,0.14577068105694202,0.1779520607834909,0.07933458798242199,1.1817530919066108,2.3866813204615136,-0.30987961386051177,0.2634531175089342,-0.7047669101345929,-0.004861138122959963,0.5102542051975291,0.8222861974351444,True
197,Spruce,6,1,7.700199476928845,-0.3948532177669478,-0.47674278085650895,0.983330131071051,66.24713200165637,2.600185199641949,2.4155679096415237,4.252262476218323,-277.33820386453857,292.73860281839626,-11.582547164721886,10.792840729187992,-10.870092641042014,9.916607079328998,-17.312678619614196,19.279338881756296,True
198,Alder,92,23,1.9674551587100315,0.21886368809662035,-1.299121288687862,1.0421219679354863,1.0965837638032003,0.2774845656637661,0.4612551155065021,0.13852318102626837,-0.21177464103448518,4.146684958454548,-0.332578576894061,0.7703059530873018,-2.215768904835464,-0.3824736725402602,0.7668362542378099,1.3174076816331626,True
198,Aspen,53,13,1.9603819296348564,0.824180975556506,-1.2273352488983622,0.6069716769789719,0.7457779428389981,0.2027624112258445,0.2952868702948718,0.10204559410509008,0.4616850433084201,3.4590788159612926,0.41671465493643317,1.231647296176579,-1.8207364312923302,-0.6339340665043942,0.4019033780072414,0.8120399759507024,True
198,Birch,96,24,0.4608306558886936,-0.8830885355469116,0.822625533157633,0.5876970461239078,0.5053206208886379,0.5048834981901833,0.6692288897300859,0.2689444434816107,-0.5427797149314795,1.4644410267088668,-1.8858307429568553,0.11965367186303211,-0.5065208076436872,2.1517718739589533,0.05355016690504433,1.1218439253427714,True
198,Oak,71,18,0.07356574020412274,-0.3474019043089932,0.9088264376453928,0.7320000890395605,0.032668491792798626,0.1619846567087708,0.27158949393543214,0.11307406494723718,0.008359157672289855,0.13877232273595563,-0.6707246323236195,-0.024079176294366955,0.3667315388847677,1.4509213364060178,0.5063033107812762,0.9576968672978448,True
198,Pine,365,91,1.8200324247776345,-0.13681839301431994,-0.2453470793760795,0.6731148790117968,0.3049250091170913,0.147722976244085,0.17898087889680073,0.07508016651854031,1.220379987564748,2.419684861990521,-0.42732405863222667,0.15368727260358675,-0.597323194932274,0.10662903618011502,0.5254654455673148,0.8207643124562788,True
198,Spruce,6,1,3758.4505886563375,1.0210175846987686,-0.5729719152349916,-2.091489612333169,24014.51890041885,2.0081880160161183,1.8925154540057618,3.1845797721715,-99567.68471057042,107084.5858878831,-7.619518064156063,9.6615532335536,-8.715808699405015,7.569864868935032,-15.793630462001992,11.610651237335652,True
199,Alder,92,23,2.2758830818755977,0.3468944209131572,-1.5487195053313638,1.0998156709629128,1.2234021399127453,0.26333989526054213,0.43544119629683736,0.12632952718858706,-0.1553715913857645,4.70713775513696,-0.17643828394381983,0.8702271257701342,-2.4140673814620284,-0.6833716292006994,0.8487622819521201,1.3508690599737054,True
199,Aspen,53,13,0.7818461000628589,0.4555938107519775,-0.8821437627839601,0.8976625743675567,0.46042655809752214,0.2857861160776823,0.41472277358278686,0.1737885935285601,-0.1434157096065688,1.7071079097322865,-0.11871489123307527,1.0299025127370303,-1.715560378849485,-0.048727146718435255,0.5484213203170435,1.2469038284180698,True
199,Birch,96,24,0.3906386654613044,-0.9016119980788386,0.8766670344452646,0.609084450547315,0.43309593272267893,0.5174500780904941,0.6786290183697998,0.2648448633215059,-0.46952724044639543,1.2508045713690041,-1.9293125178796628,0.1260885217219856,-0.47114877322497184,2.224482842115501,0.08307969138967986,1.13508920970495,True
199,Oak,71,18,0.0629871462587158,-0.3182518115764385,0.9834465781944663,0.671170136022331,0.03027038084506782,0.17849978987234438,0.2995790620186818,0.12642047019288347,0.0025672132124331323,0.12340707930499847,-0.6745388833533978,0.03803526020052084,0.38548426771411515,1.5814088886748174,0.41883382139752967,0.9235064506471323,True
199,Pine,365,91,1.806159296842204,-0.08105168540707106,-0.22676632377765238,0.6124221054144383,0.3079933456613912,0.1492676702516786,0.17828467570078768,0.07517991507367895,1.2004728006575518,2.411845793026856,-0.37459507997047714,0.212491709156335,-0.5773733160058082,0.12384066845050345,0.4645765107420841,0.7602677000867926,True
199,Spruce,6,1,169.931398502731,-1.521959061764825,4.3397992580491795,-3.352670956186709,742.5213538509491,1.8377743762032066,2.9094975467815014,2.5921754213276227,-3024.88013150173,3364.742928507192,-9.429263998101177,6.385345874571526,-8.178758303654476,16.858356819752835,-14.50590160861325,7.800559696239833,True
200,Alder,92,23,2.4289371458273026,0.17592685256276872,-1.2253553641904833,0.9577365419058421,1.318768030889561,0.28306367216809203,0.4649131780791675,0.12239267385338214,-0.19183719602288019,5.049711487677485,-0.38660271423877324,0.7384564193643107,-2.1492726110136613,-0.3014381173673053,0.714506821627429,1.2009662621842552,True
200,Aspen,53,13,1.6230726946731253,0.5621716518768732,-0.9854266968343723,0.6784539186112903,0.9741908937237176,0.3252315442177623,0.4731299756187842,0.15453546983060598,-0.3346372015908603,3.580782590937111,-0.09140560571644518,1.2157489094701917,-1.9362169797814421,-0.03463641388730265,0.36790326518157185,0.9890045720410088,True
200,Birch,96,24,0.42730982927682376,-0.6849464884832468,0.6187843028128643,0.6432086365588806,0.46828294792785546,0.5098281509282991,0.6826360578550896,0.25843911722067225,-0.5027405260642286,1.357360184617876,-1.6975092030384373,0.32761622607194374,-0.7369898311505891,1.9745584367763178,0.12992624208197434,1.1564910310357868,True
200,Oak,71,18,0.041728533936310444,-0.4125178442498904,1.177790550368657,0.7069454735321684,0.02073567575449035,0.17524076373581543,0.2907524606464434,0.11215934023245804,0.0003399519039879173,0.08311711596863297,-0.7622998726323511,-0.06273581586742966,0.5974462099649448,1.7581348907723693,0.48307449344621667,0.9308164536181202,True
200,Pine,365,91,1.8060196777592914,-0.07150438238581407,-0.3262622149848444,0.6892891633787422,0.3004555903528745,0.148185909026108,0.18140508221395324,0.07628482912131575,1.2151566076850595,2.3968827478335233,-0.3629204317462994,0.21991166697467124,-0.6830056647509786,0.030481234781289723,0.5392706921571846,0.8393076346002999,True
200,Spruce,6,1,169.93139850273823,-1.5219590617648069,4.3397992580491636,-3.3526709561867234,742.5213537065044,1.8377743759189276,2.909497546708514,2.592175421137217,-3024.8801308802276,3364.7429278857044,-9.429263996878005,6.38534587334839,-8.178758303340452,16.85835681943878,-14.505901607794016,7.80055969542057,True
