iter,Species,n_train,n_test,a0,a_DBH_cm,a_H_m,a_BA_sq_m_sq_m,SE_a0,SE_a_DBH_cm,SE_a_H_m,SE_a_BA_sq_m_sq_m,CI95_lo_a0,CI95_hi_a0,CI95_lo_a_DBH_cm,CI95_hi_a_DBH_cm,CI95_lo_a_H_m,CI95_hi_a_H_m,CI95_lo_a_BA_sq_m_sq_m,CI95_hi_a_BA_sq_m_sq_m,success
1,Alder,92,23,0.1606979918750488,-0.1466883665281349,1.2168458846022112,1.0326832487111155,0.034557450377761714,0.07283457901328468,0.13089839123070365,0.04093883332962557,0.09202232098491689,0.2293736627651807,-0.2914317872104805,-0.0019449458457893032,0.9567128383867287,1.4769789308176937,0.9513259201571381,1.1140405772650928,True
1,Aspen,53,13,0.3460104534951081,0.07759812696905176,0.693332689548069,1.0671145607756953,0.20549053648731494,0.2798976233939566,0.4424635488820562,0.078463741194336,-0.06693824009420246,0.7589591470844187,-0.48487720593476913,0.6400734598728727,-0.19583110161763395,1.582496480713772,0.9094357694590403,1.2247933520923504,True
1,Birch,96,24,0.8366680490834647,0.05848979431968068,0.6752157295199989,0.8471046250993216,0.1941581988261033,0.08850346603409961,0.1289903387776031,0.059613925015333274,0.451053107071064,1.2222829910958655,-0.11728572857339364,0.234265317212755,0.4190297826549106,0.9314016763850872,0.7287062243266175,0.9655030258720257,True
1,Oak,71,18,0.28515401417430014,-0.09178439025031349,1.1138587018637618,0.9783905205362263,0.060858548348411166,0.06221924844914029,0.11128790597953059,0.055683119472627655,0.16367984325701906,0.4066281850915812,-0.21597452993597296,0.03240574943534599,0.891727111826637,1.3359902919008866,0.8672465488906729,1.0895344921817798,True
1,Pine,366,91,0.4287565391583608,-0.5552104623471303,1.6337978206240302,0.7097583525183873,0.04425101017026732,0.055187652410878814,0.07371857220014429,0.03095521936857649,0.34173521016576275,0.5157778681509588,-0.6637391227844254,-0.44668180190983525,1.488827387189638,1.7787682540584224,0.6488837121803255,0.770632992856449,True
1,Spruce,6,1,4.705933955981816,0.12289480397195476,1.2079429935114374,-0.18884410305220353,6.094381184996208,0.24024654317230226,0.8344436968321322,1.1296978318083357,-21.516071885450927,30.92793979741456,-0.9108026408084137,1.1565922487523232,-2.382378456441076,4.7982644434639505,-5.049541562814152,4.671853356709745,True
2,Alder,92,23,0.17110528280478748,-0.1561861331222722,1.2214055451996424,1.0157697407187807,0.04074248396199634,0.07907649770870388,0.14204755978209763,0.04824039779696578,0.0901381573590657,0.25207240825050925,-0.3133340555651246,0.000961789320580192,0.9391158693206803,1.5036952210786045,0.9199020871014467,1.1116373943361146,True
2,Aspen,53,13,0.42755368226444906,0.144369814311532,0.5770889389674921,1.0509541945840284,0.23022351657525708,0.24615095518298757,0.385821731552409,0.08134106698746328,-0.03509779565000065,0.8902051601788987,-0.3502890498199091,0.6390286784429731,-0.19824885870655407,1.3524267366415383,0.8874932006043514,1.2144151885637053,True
2,Birch,96,24,1.0917469426325028,0.1316134173417544,0.620227340312072,0.7490144809897449,0.23489404762911065,0.08357603238912609,0.12055604204018168,0.05569265270637238,0.6252270887030591,1.5582667965619466,-0.034375797011353376,0.29760263169486223,0.380792634790282,0.8596620458338621,0.6384040654949074,0.8596248964845824,True
2,Oak,71,18,0.26481881762281917,-0.1026699604794197,1.0865493963316364,1.0357991897746146,0.052386470457463,0.06346764335826786,0.11855500532921744,0.052003889756525375,0.16025498495182364,0.3693826502938147,-0.22935190683282047,0.024011985873981068,0.8499126152830049,1.323186177380268,0.9319989913787794,1.1395993881704498,True
2,Pine,366,91,0.4140898585998556,-0.48208340029705654,1.5957514623622036,0.6913522549686577,0.04735523903886302,0.05912378507457418,0.07976485004432808,0.034391021388596475,0.3209639430542506,0.5072157741454606,-0.5983526183886962,-0.36581418220541684,1.4388907888760056,1.7526121358484015,0.6237209766061269,0.7589835333311885,True
2,Spruce,6,1,1.3357045592739438,0.10250233263305536,0.39701705989438874,0.9411255805007466,1.054358268096429,0.24479046169794139,0.17748645566844,0.3596224320743631,-3.200832921028853,5.87224203957674,-0.950746015595171,1.1557506808612819,-0.366645523071518,1.1606796428602955,-0.6062048585239772,2.4884560195254704,True
3,Alder,92,23,0.22632055659858197,-0.08524526336683484,1.0620444576783998,1.0107682387005514,0.053940083509025905,0.08363643475479726,0.14686767387080132,0.05132073494802894,0.11912597533294791,0.33351513786421605,-0.2514551024856568,0.08096457575198708,0.7701758179236269,1.3539130974331728,0.9087790622826467,1.112757415118456,True
3,Aspen,53,13,0.28888368978167733,-0.03872154799326435,0.8753882495649556,1.0581278723506646,0.14507256406156965,0.23057390871171457,0.3661171330618731,0.08676031750607958,-0.0026505425432983287,0.580417922106653,-0.5020771652684238,0.4246340692818951,0.13964832507506464,1.6111281740548467,0.8837764867249767,1.2324792579763526,True
3,Birch,96,24,0.8991134424728676,0.03411862523044265,0.8211444596126243,0.7067305459694142,0.2178380232033806,0.09784421993732613,0.13770273017397258,0.056606092972098246,0.46646832527695065,1.3317585596687846,-0.16020844117983774,0.22844569164072304,0.5476549514072838,1.0946339678179648,0.5943059592614663,0.8191551326773621,True
3,Oak,71,18,0.2941258756230624,-0.10074658389874801,1.071135050036162,1.018364521419045,0.05595998809923076,0.056083243026277575,0.10031257296655566,0.04657113740426114,0.18242927188584168,0.40582247936028315,-0.21268920550002898,0.011196037702532968,0.8709103163811449,1.2713597836911792,0.9254081421036799,1.1113209007344103,True
3,Pine,366,91,0.4467474962314161,-0.49556541910546886,1.596810185832676,0.6805852363071323,0.048683721323095,0.05653190374913525,0.07570481224296778,0.03309281315704125,0.35100906871213716,0.5424859237506949,-0.6067376019732135,-0.3843932362377242,1.4479337342631102,1.7456866374022417,0.6155069348186746,0.74566353779559,True
3,Spruce,6,1,4.705933955981605,0.12289480397195014,1.207942993511414,-0.18884410305216479,6.094381184909851,0.24024654317166289,0.8344436968226744,1.1296978317920532,-21.516071885079576,30.927939797042782,-0.9108026408056671,1.1565922487495675,-2.3823784564004056,4.798264443423234,-5.049541562744055,4.671853356639726,True
4,Alder,92,23,0.2064231926476649,-0.10577196239789645,1.089452184498455,1.0333256374077078,0.04299601000012203,0.07146556142851658,0.12407100549165159,0.04222528620093517,0.1209776577462428,0.291868727549087,-0.24779474830925674,0.036250823513463856,0.8428871327654835,1.3360172362314267,0.9494117541009939,1.1172395207144217,True
4,Aspen,53,13,0.4928806120726238,0.10906952472980642,0.5344195484180064,1.0683428763523166,0.24717447840457815,0.22726705316908088,0.3541225972423698,0.07677208932486733,-0.003835098979552476,0.9895963231248001,-0.34764071753411285,0.5657797669937257,-0.1772164539081511,1.246055550744164,0.9140635867423892,1.222622165962244,True
4,Birch,96,24,0.9168121633990394,0.08769277052283532,0.7550279595824702,0.7126766593115895,0.24071443561433176,0.10878291267352679,0.15490090852754704,0.061230524432073344,0.43873251653280126,1.3948918102652774,-0.12835948385614587,0.30374502490181654,0.44738138467261035,1.0626745344923298,0.5910675525573068,0.8342857660658722,True
4,Oak,71,18,0.2560391598385773,-0.09614290276376913,1.0966471479075,1.0276786876786341,0.05532248348858156,0.06200095089720204,0.110289633971833,0.05067421034362944,0.14561502062994197,0.3664632990472126,-0.21989731871209658,0.027611513184558317,0.8765081171373292,1.3167861786776707,0.9265325404991147,1.1288248348581535,True
4,Pine,366,91,0.40786949855363297,-0.44667066369749076,1.5013521619431947,0.745208460378173,0.04575544441298665,0.05772817601226152,0.07552735804110855,0.034728117766216274,0.3178896412318585,0.49784935587540746,-0.5601953624010022,-0.3331459649939793,1.352824680949028,1.6498796429373612,0.6769142689054964,0.8135026518508496,True
4,Spruce,6,1,1.9813560727246977,0.12514672044812702,0.396131986203502,0.807251668332957,1.6552323142559395,0.2570579632398375,0.18591826286173696,0.3796021015585789,-5.140533762489882,9.103245907939279,-0.9808844267758902,1.231177867672144,-0.40380973499891537,1.1960737074059193,-0.8260443501364544,2.4405476868023683,True
5,Alder,92,23,0.29322413154074634,0.017394523171962786,0.889923481182335,0.9977854317101857,0.058336625736614266,0.0680218805296733,0.11750885631937148,0.03877253650824343,0.17729234646592368,0.409155916615569,-0.11778467059141358,0.15257371693533917,0.656399321990946,1.123447640373724,0.9207331628735571,1.0748377005468144,True
5,Aspen,53,13,0.22124331913469167,-0.07015672990901228,0.9564437261752655,1.098213638216732,0.10438919657853152,0.21042278552533636,0.33469714550605395,0.07337967568920035,0.011465374666658368,0.43102126360272497,-0.49301714902848526,0.3527036892104607,0.28384463062845755,1.6290428217220736,0.9507516590431405,1.2456756173903236,True
5,Birch,96,24,1.0081967613434575,0.09757017667319563,0.7395164702018091,0.6893268229992316,0.2503813659834175,0.0950810467250085,0.14076205755167184,0.059893664048000096,0.5109177563442588,1.5054757663426561,-0.09126898922873479,0.28640934257512607,0.4599508737525462,1.019082066651072,0.5703728363614309,0.8082808096370324,True
5,Oak,71,18,0.24559253584443308,-0.13162376786301486,1.0946578649742649,1.0809838431111112,0.04279261211427964,0.053316546017044504,0.09362384945754015,0.04534896913180623,0.16017812457376682,0.33100694711509937,-0.23804403912080982,-0.025203496605219894,0.907783879321008,1.2815318506275217,0.9904669218775907,1.1715007643446316,True
5,Pine,366,91,0.4580271692033407,-0.4809445037557559,1.602504429544687,0.6568475922780911,0.05043610282025389,0.05869552224338165,0.0782506798862499,0.033310738501325814,0.3588426154555747,0.5572117229511067,-0.5963715263679003,-0.36551748114361166,1.448621430443094,1.7563874286462802,0.5913407321418682,0.722354452414314,True
5,Spruce,6,1,0.5247190316999304,-0.14829385272845194,0.4282789268562,1.421003496153063,0.7128407466748437,0.350020150900686,0.17499543256031344,0.6476992394234016,-2.5423871528192215,3.5918252162190822,-1.654309010449944,1.3577213049930403,-0.3246656487337897,1.1812235024461897,-1.3658214043741508,4.207828396680277,True
6,Alder,92,23,0.16588864422424693,-0.17324146523167494,1.2264938949587567,1.0349575339627188,0.040603578636334105,0.08345821653191114,0.14980925216314606,0.04646234250646914,0.08519756392438478,0.2465797245241091,-0.33909713308242706,-0.0073857973809228206,0.9287794864769997,1.5242083034405138,0.9426233916032983,1.1272916763221394,True
6,Aspen,53,13,0.24202711642932678,-0.09906210084217082,0.9516479586015641,1.0969509062309666,0.11529623229440306,0.21937715391999293,0.33999067081637563,0.07467953635102606,0.010330663076193847,0.4737235697824597,-0.5399169969516784,0.3417927952673367,0.2684111256740168,1.6348847915291116,0.9468767592596516,1.2470250532022815,True
6,Birch,96,24,0.9140561517851045,0.07217298688407482,0.6690306905957354,0.8132517838912676,0.1985294632389464,0.08718785208706058,0.12512302420267543,0.057068861567493294,0.5197595013345806,1.3083528022356283,-0.10098961315039522,0.24533558691854485,0.42052556429125665,0.9175358169002141,0.699908098808091,0.9265954689744442,True
6,Oak,71,18,0.27323300786464505,-0.15214570040050573,1.2081493211524266,0.9690464079138817,0.048091153928561,0.07307689604985113,0.12694947844114926,0.045919235856232525,0.17724266286852086,0.36922335286076924,-0.29800779540224676,-0.006283605398764713,0.9547571016447385,1.4615415406601147,0.8773912295343838,1.0607015862933797,True
6,Pine,366,91,0.42661175414062813,-0.4489646051223035,1.528208526671371,0.7131638245807672,0.04830932611555485,0.06061029029422688,0.08070397975086578,0.03404846515223035,0.3316095893281946,0.5216139189530616,-0.5681570934233887,-0.32977211682121826,1.3695010181672858,1.6869160351754562,0.6462061963525176,0.7801214528090168,True
6,Spruce,6,1,1.6257037355997128,0.04986525363659426,0.42454181778798317,0.9070462615226371,1.1808512246411922,0.2424540774213458,0.17266774498747095,0.33947861818060815,-3.4550890094677444,6.70649648066717,-0.9933304444063191,1.0930609516795076,-0.3183875265128361,1.1674711620888023,-0.5536123416656309,2.3677048647109054,True
7,Alder,92,23,0.2565466576364078,-0.13733786061301095,1.083977926401785,0.9997130364339851,0.05659925035194811,0.07977698622057994,0.13916460782432877,0.04746965006719033,0.14406754105493935,0.3690257742178763,-0.29587785677594525,0.021202135549923368,0.8074175117292921,1.360538341074278,0.9053770819683755,1.0940489908995947,True
7,Aspen,53,13,0.22623278415217896,-0.1634418046811393,1.060977901328771,1.075728923068788,0.09378414252413289,0.189928999480565,0.3030663346991209,0.06682212218215156,0.03776649370028218,0.41469907460407573,-0.545118418850015,0.21823480948773635,0.45194329990989557,1.6700125027476465,0.9414448410391119,1.2100130050984643,True
7,Birch,96,24,0.8953173266285951,0.12957639845529959,0.6924001917465223,0.740357764645178,0.22394964292185437,0.10010437417949085,0.1398437588403504,0.0620505257918459,0.45053400513540864,1.3401006481217816,-0.0692395293695432,0.32839232628014237,0.41465841580268875,0.970141967690356,0.6171200644103697,0.8635954648799863,True
7,Oak,71,18,0.283370060624303,-0.08964334961647734,1.0145744233204868,1.0709661574992666,0.0438482497560753,0.04500117059271328,0.08130749366704358,0.039211388476247354,0.19584858780178904,0.3708915334468169,-0.17946606206045054,0.00017936282749586585,0.8522839867162089,1.1768648599247646,0.9926998985277456,1.1492324164707877,True
7,Pine,366,91,0.4110853644245557,-0.4527919239135034,1.5574254633829059,0.7006599123844812,0.04653316346010562,0.05822770409392556,0.07752479910698981,0.03457821094652162,0.31957609241139356,0.5025946364377177,-0.5672989639775458,-0.3382848838494611,1.4049699370069828,1.709880989758829,0.632660518490994,0.7686593062779684,True
7,Spruce,6,1,1.6257037355997086,0.049865253636594456,0.42454181778798245,0.9070462615226385,1.1808512246396086,0.24245407742107358,0.17266774498739001,0.339478618180251,-3.4550890094609352,6.706496480660353,-0.9933304444051476,1.0930609516783365,-0.31838752651248853,1.1674711620884535,-0.5536123416640928,2.3677048647093697,True
8,Alder,92,23,0.2662345971424514,-0.10160946252878673,1.05800257811815,0.980757464417805,0.06029331022191053,0.07886857840979991,0.14046504332458357,0.04511137248024959,0.1464143128213271,0.3860548814635757,-0.25834418905622447,0.05512526399865099,0.7788578211561339,1.337147335080166,0.8911080910991813,1.0704068377364286,True
8,Aspen,53,13,0.28833385796851413,-0.02424598496960419,0.8356439056940372,1.0842789014120553,0.13251179843445118,0.20960273909992244,0.327250179710636,0.07687402415159383,0.022041429207179886,0.5546262867298484,-0.44545845909926896,0.3969664891600606,0.1780100482014495,1.493277763186625,0.9297947660985373,1.2387630367255733,True
8,Birch,96,24,0.8924047102785162,0.13437263111630166,0.7443438664344502,0.6898698586756195,0.2191676840007926,0.0943218368854819,0.1364209409762047,0.05934895262701452,0.45711877196667294,1.3276906485903595,-0.05295867851165034,0.3217039407442537,0.4734001022160123,1.015287630652888,0.5719977159377251,0.8077420014135138,True
8,Oak,71,18,0.2698496746697654,-0.13056170500194356,1.0817634160139895,1.0662023423124722,0.03709421978630713,0.04064730878355173,0.07211417167493982,0.03620955519578499,0.19580930209024594,0.34389004724928485,-0.2116940729025586,-0.049429337101328505,0.9378229269071953,1.2257039051207839,0.9939277676461453,1.1384769169787992,True
8,Pine,366,91,0.4097554708811137,-0.4666095665896591,1.5768998255093882,0.6971281379804515,0.04718444726979241,0.05834508174825325,0.07954206388266659,0.03424208676479217,0.31696542397824323,0.5025455177839842,-0.5813474343666583,-0.35187169881265995,1.4204772696569878,1.7333223813617886,0.6297897453361584,0.7644665306247446,True
8,Spruce,6,1,3.823100995016096,0.48873763093359374,0.1173810139914797,0.5503304410851506,13.05794219558358,1.4998734557970843,1.1222430324239663,1.316291336052195,-52.36068963702603,60.00689162705822,-5.964696987850517,6.9421722497177045,-4.7112410328499745,4.946003060832934,-5.113214069055208,6.213874951225509,True
9,Alder,92,23,0.24557341342652572,-0.10018554448568723,1.0831128812116422,0.9832274983789435,0.05447950440799858,0.08170894458140304,0.13999800462751522,0.04716031999134548,0.13730684647548513,0.3538399803775663,-0.2625649019183611,0.0621938129469867,0.8048962655187941,1.3613294969044902,0.8895062724379479,1.0769487243199392,True
9,Aspen,53,13,0.3823092287731638,0.21637712661751105,0.45412423753111997,1.1306852026472993,0.1722453966344061,0.21689519985367275,0.3381865957055822,0.06993202246892659,0.03616914498715723,0.7284493125591704,-0.21949009606062722,0.6522443492956493,-0.22548717072785562,1.1337356457900956,0.9901515420113789,1.2712188632832198,True
9,Birch,96,24,1.2059701056460044,0.16803352620705017,0.6603528177818518,0.638736209825258,0.2985755941124324,0.1002052943707891,0.14146994701218327,0.05993988371416965,0.612973203603748,1.798967007688261,-0.030982837828834153,0.3670498902429345,0.37938129176115326,0.9413243438025505,0.5196904269409038,0.7577819927096122,True
9,Oak,71,18,0.2100993091073229,-0.1708872894117278,1.2338926712959042,1.0348709048162636,0.04622664338569945,0.06940870549715886,0.12953184664343353,0.05211963452620099,0.11783054273091861,0.30236807548372724,-0.3094276454261384,-0.0323469333973172,0.9753460232832873,1.492439319308521,0.9308396788932212,1.1389021307393061,True
9,Pine,366,91,0.41593907434253674,-0.4924418342820156,1.6177296041471652,0.6805833031321645,0.04554714572917383,0.054541656276458676,0.0733830203342244,0.03271640165551759,0.3263688444670749,0.5055093042179986,-0.5997001182482422,-0.38518355031578905,1.4734190464807144,1.762040161813616,0.6162452294709282,0.7449213767934009,True
9,Spruce,6,1,4.7059339559816555,0.12289480397194956,1.2079429935114248,-0.18884410305217716,6.094381184938501,0.2402465431707587,0.8344436968310207,1.1296978318014255,-21.516071885202795,30.927939797166108,-0.9108026408017773,1.1565922487456763,-2.382378456436306,4.798264443459155,-5.049541562784393,4.671853356680039,True
10,Alder,92,23,0.23150267389594587,-0.10149152756138556,1.0675044136795424,1.0151741592701407,0.04540043294233304,0.06668283122468538,0.11575579160149825,0.04198372247937151,0.14127885365070028,0.3217264941411915,-0.23400964221245024,0.031026587089679106,0.837464102234376,1.2975447251247088,0.9317403330990012,1.0986079854412802,True
10,Aspen,53,13,0.29333143747393114,-0.05506681015097333,0.8529746719709713,1.0855941851014206,0.14653565632043627,0.23442434939069112,0.3606409682130064,0.08318004848537205,-0.0011429888240983566,0.5878058637719606,-0.5261601776666391,0.4160265573646925,0.12823951275580037,1.5777098311861422,0.9184376194420074,1.2527507507608338,True
10,Birch,96,24,1.0162004403681582,0.10276547886685103,0.6367524964167517,0.7810980553910664,0.2310722703688301,0.09011280673535671,0.131988803544949,0.05532185360049239,0.5572709659617927,1.4751299147745236,-0.07620633357230255,0.2817372913060046,0.3746113397053777,0.8988936531281257,0.6712240789267548,0.8909720318553779,True
10,Oak,71,18,0.27508812103561836,-0.12329057724310882,1.1194218935136688,1.0142903384367965,0.05437829710166595,0.059450440488053355,0.10419114614339263,0.04750882336276199,0.16654858574302356,0.38362765632821316,-0.24195415310774704,-0.0046270013784706215,0.9114554953959866,1.327388291631351,0.9194623301148114,1.1091183467587815,True
10,Pine,366,91,0.4191970778382303,-0.392510777388209,1.4695607949456355,0.717484136416248,0.049892742488605576,0.0578762729714441,0.0775474773129147,0.036637711567697843,0.32108106327182895,0.5173130924046316,-0.5063267145099677,-0.2786948402664503,1.317060670997563,1.622060918893708,0.6454346546168297,0.7895336182156663,True
10,Spruce,6,1,2.072070429411427,0.2101017151746273,0.38023606704226864,0.7289473018853564,1.423271762904568,0.22680209952715874,0.15456612740649037,0.32694263895239023,-4.051773706349353,8.195914565172206,-0.7657489574567183,1.185952387805973,-0.2848083029618288,1.0452804370463662,-0.6777733360572057,2.1356679398279184,True
11,Alder,92,23,0.2303738041326729,-0.11751999415782573,1.0558610205379684,1.039783990373749,0.05212438695327872,0.07928941620442596,0.13519256445830924,0.0477287016607015,0.1267875382298841,0.3339600700354617,-0.2750910473692617,0.04005105905361024,0.7871942073894359,1.324527833686501,0.9449332253018863,1.1346347554456115,True
11,Aspen,53,13,0.31785644241842953,0.040118649143695874,0.7537225497130211,1.0707065112927112,0.17473184945731907,0.2595778822631078,0.4088429403155783,0.08478708783154419,-0.03328035538879304,0.6689932402256521,-0.48152263515869487,0.5617599334460867,-0.06787809902027264,1.575323198446315,0.9003204791581381,1.2410925434272844,True
11,Birch,96,24,0.48017917517698483,-0.1278498425205103,1.0969122131849354,0.8012424326157594,0.11691505279653641,0.0933301339150392,0.14001475829059248,0.052225740407904314,0.2479757885721649,0.7123825617818047,-0.3132115444483863,0.05751185940736567,0.8188308175727699,1.3749936087971009,0.697517604198979,0.9049672610325399,True
11,Oak,71,18,0.24513885469883606,-0.12151616983823418,1.099613119992985,1.0648738064379593,0.0392164488876876,0.04629242019460676,0.08192386497415007,0.04035204350531333,0.16686249510380557,0.32341521429386655,-0.2139162272747186,-0.029116112401749758,0.9360924011105412,1.263133838875429,0.9843307904993617,1.1454168223765568,True
11,Pine,366,91,0.4126461447964598,-0.5133634960348752,1.6355223974396247,0.6859100216541244,0.046924646193040834,0.05837924600844819,0.0784043547118343,0.03359654782200287,0.32036700679455316,0.5049252827983663,-0.6281685491555483,-0.39855844291420206,1.4813371908290143,1.789707604050235,0.619841106395813,0.7519789369124358,True
11,Spruce,6,1,1.3357045592739407,0.10250233263305406,0.39701705989439046,0.9411255805007468,1.0543582680922379,0.24479046169715163,0.17748645566821983,0.3596224320730634,-3.2008329210108233,5.872242039558705,-0.9507460155917742,1.1557506808578824,-0.3666455230705689,1.1606796428593498,-0.6062048585183848,2.4884560195198784,True
12,Alder,92,23,0.23913332099761003,-0.0539418559301893,1.0339406084866936,0.9937297797025203,0.046231324570335304,0.06493526121967358,0.1145429991978253,0.03833259323911987,0.14725827824126247,0.3310083637539576,-0.18298704242221106,0.07510333056183247,0.8063104670934906,1.2615707498798965,0.9175518056657216,1.069907753739319,True
12,Aspen,53,13,0.5386271850352834,0.2106838985163047,0.4671339202288423,1.0286446615469043,0.31436836207169777,0.27733171445394195,0.43482648462560997,0.07722006271876508,-0.09311969072087933,1.1703740607914461,-0.34663504732093425,0.7680028443535436,-0.4066826157227415,1.3409504561804262,0.8734651356977072,1.1838241873961013,True
12,Birch,96,24,0.9585166672615868,0.13301183032304148,0.5930331594283009,0.8116884138173931,0.21768652210102277,0.0913158612476582,0.13239992364748115,0.058711961862585205,0.5261724443320657,1.390860890191108,-0.04834935222154041,0.31437301286762337,0.33007548270666426,0.8559908361499375,0.6950813897207561,0.9282954379140301,True
12,Oak,71,18,0.22659320754075316,-0.1410312633971606,1.1233181509594365,1.0851776791264014,0.0471793783852033,0.06158959419679711,0.10843731608331203,0.05959438972011999,0.13242277414616688,0.32076364093533943,-0.26396460793499554,-0.01809791885932567,0.9068763621690641,1.339759939749809,0.9662267793920026,1.2041285788608,True
12,Pine,366,91,0.46263619261118666,-0.43945648384687375,1.5257764410209815,0.6817478962741169,0.05003888482068067,0.055264954797549386,0.07410640404076826,0.033493360087601225,0.3642327834766089,0.5610396017457644,-0.5481371624278562,-0.33077580526589134,1.380043321219275,1.671509560822688,0.6158819037004813,0.7476138888477525,True
12,Spruce,6,1,4.705933955981746,0.12289480397195338,1.2079429935114283,-0.1888441030521895,6.094381185023892,0.2402465431710466,0.8344436968405832,1.1296978318181787,-21.51607188557011,30.9279397975336,-0.9108026408030122,1.156592248746919,-2.3823784564774466,4.798264443500303,-5.049541562856489,4.67185335675211,True
13,Alder,92,23,0.24953084475982473,-0.0746164466336444,1.016390328777762,1.0131773951598158,0.060729640759494906,0.07996269914067067,0.14214382393586825,0.048537239110285936,0.12884344518364266,0.3702182443360068,-0.23352550820044327,0.08429261493315444,0.733909348121665,1.298871309433859,0.9167198318090575,1.109634958510574,True
13,Aspen,53,13,0.382202688903804,0.016703906632174238,0.7890603671369124,1.0061940856750387,0.18346484099301996,0.2216248221824545,0.3536587459340361,0.07370135058781858,0.013516287560377649,0.7508890902472303,-0.4286678479588573,0.4620756612232058,0.07835650891369228,1.4997642253601327,0.8580856765907778,1.1543024947592995,True
13,Birch,96,24,0.8162624031793465,0.07709825971202425,0.7793062901789841,0.7383020701479819,0.20616507138860676,0.0974143598030836,0.1428939013379328,0.05918122034673406,0.4068007758611817,1.2257240304975112,-0.11637506736743428,0.27057158679148274,0.495506667955951,1.0631059124020172,0.6207630581968635,0.8558410820991003,True
13,Oak,71,18,0.2536968987070071,-0.11615780211755089,1.1331936356977321,1.0182581421856272,0.055304631774896335,0.07035386987759237,0.13142436464703594,0.055230769191779515,0.1433083916680212,0.364085405745993,-0.2565847141312339,0.024269109896132124,0.8708695059397815,1.3955177654556827,0.9080170654795923,1.128499218891662,True
13,Pine,366,91,0.4336203273271931,-0.47427902048160014,1.581788792650325,0.6823300648558779,0.048240356586781566,0.059161905855023754,0.07851790060689781,0.03329884535372493,0.3387537937699727,0.5284868608844134,-0.5906232045675571,-0.35793483639564316,1.427380293630071,1.7361972916705788,0.6168465930560151,0.7478135366557407,True
13,Spruce,6,1,1.335704559273939,0.10250233263305444,0.3970170598943894,0.9411255805007479,1.054358268097224,0.24479046169814253,0.17748645566846913,0.3596224320746801,-3.200832921032279,5.872242039580157,-0.9507460155960373,1.1557506808621463,-0.36664552307164255,1.1606796428604214,-0.6062048585253397,2.4884560195268355,True
14,Alder,92,23,0.24662195871884726,-0.10395696084508449,1.0645782783040265,0.9985472736105072,0.05780512120393451,0.09121977261395561,0.15333747538237025,0.048421159360242085,0.1317464272149309,0.3614974902227636,-0.28523709043300227,0.07732316874283332,0.7598522675778432,1.3693042890302098,0.9023203943705232,1.0947741528504913,True
14,Aspen,53,13,0.35034083653272285,0.024078192267826464,0.7722281408757369,1.0420302263474746,0.1912514720237831,0.24931255607063724,0.38681962819930077,0.08113799092466244,-0.033993385710787194,0.734675058776233,-0.4769341467171212,0.5250905312527742,-0.005115005189117339,1.549571286940591,0.8789773289948559,1.2050831237000932,True
14,Birch,96,24,0.9616460852753245,0.08764146955799312,0.7594860923492569,0.6963304937851389,0.2376093014592929,0.09660087179800089,0.14066171830691035,0.05880723464224903,0.48973350286670664,1.4335586676839422,-0.10421620012556676,0.279499139241553,0.480119778301068,1.0388524063974458,0.5795342497244336,0.8131267378458442,True
14,Oak,71,18,0.23700446722284477,-0.11153077468547035,1.1112972556074985,1.0527883932870594,0.05011066448102881,0.06046338565652006,0.10716749296955615,0.05373017032780688,0.13698316229295257,0.337025772152737,-0.23221619756853767,0.009154648197596968,0.8973900443603172,1.3252044668546796,0.9455425244495548,1.160034262124564,True
14,Pine,366,91,0.46129703761908136,-0.5046640662236753,1.602600273172635,0.6732660273460619,0.05053275281487359,0.05725989039039026,0.07738313570095898,0.03345320686392949,0.36192241790566687,0.5606716573324958,-0.6172678630764367,-0.392060269370914,1.4504233333829837,1.7547772129622863,0.6074789976452242,0.7390530570468996,True
14,Spruce,6,1,1.9813560727247042,0.12514672044812863,0.39613198620350093,0.8072516683329557,1.6552323142623697,0.25705796324060776,0.18591826286190377,0.37960210155998225,-5.140533762517543,9.10324590796695,-0.9808844267792027,1.2311778676754601,-0.4038097349996342,1.196073707406636,-0.826044350142494,2.4405476868084053,True
15,Alder,92,23,0.30538380271720844,-0.0009635385182487923,0.8733511522459588,1.0139595991200125,0.06612014391359172,0.07538366181896557,0.1316168406820905,0.04600987678373104,0.1739839108565493,0.4367836945778676,-0.15077272562493943,0.14884564858844185,0.6117903387173417,1.134911965774576,0.922524637305573,1.1053945609344522,True
15,Aspen,53,13,0.36217491292539694,0.0867264036729484,0.6381810178944446,1.0939607019909436,0.19319282724505535,0.2501356845713348,0.39172260256524793,0.07790251935087814,-0.026060608697253407,0.7504104345480473,-0.4159400739639765,0.5893928813098732,-0.1490150240444964,1.4253770598333855,0.9374097281934375,1.2505116757884498,True
15,Birch,96,24,1.025030836294324,0.02867293489512674,0.72486012170094,0.7609493716992318,0.21215201500484307,0.08168432921322168,0.12023323242589974,0.05229309016033331,0.6036786221795942,1.4463830504090536,-0.1335591936645843,0.19090506345483776,0.4860665439370556,0.9636536994648245,0.657090780860702,0.8648079625377616,True
15,Oak,71,18,0.255724909359567,-0.10054696171449468,1.0812074691369131,1.0479232738126993,0.055136786222021374,0.06112121918661018,0.10707861638087321,0.05399772543736241,0.14567142344630546,0.3657783952728285,-0.22254542581917983,0.021451502390190474,0.8674776563032203,1.294937281970606,0.9401433627413598,1.155703184884039,True
15,Pine,366,91,0.4366620467121545,-0.5100220900790121,1.6285629858165145,0.6712221422842677,0.04917040906522749,0.05561950408041254,0.07489422115467075,0.03424354258366639,0.33996652885839923,0.5333575645659097,-0.6194000035856925,-0.40064417657233176,1.4812805930831594,1.7758453785498696,0.6038808867156544,0.7385633978528809,True
15,Spruce,6,1,4.705933955981563,0.12289480397195215,1.2079429935114023,-0.1888441030521532,6.094381185058376,0.24024654317227015,0.8344436968393409,1.129697831821111,-21.516071885718667,30.927939797681795,-0.9108026408082779,1.1565922487521823,-2.3823784564721278,4.798264443494933,-5.049541562869069,4.671853356764763,True
16,Alder,92,23,0.23082762831930123,-0.1242638545844935,1.0913469176174055,1.0173939622440298,0.05039868248677289,0.08149533289338053,0.1402238682285813,0.045168559122591226,0.13067083741249333,0.3309844192261091,-0.2862187036745508,0.037690994505563805,0.8126814454793245,1.3700123897554866,0.9276309424906768,1.1071569819973828,True
16,Aspen,53,13,0.23813720318091822,-0.09539767131831951,0.9732960389627451,1.0799103039251923,0.11903705301925442,0.22573271070163142,0.35331650427179995,0.07608436858791333,-0.0010767108674158699,0.4773511172292523,-0.5490245369543766,0.35822919431773753,0.2632799411090687,1.6833121368164214,0.9270130408783079,1.2328075669720766,True
16,Birch,96,24,0.899766708554832,0.05310442200097178,0.8047240432414313,0.7019956441200136,0.20653239021573827,0.09538312519346127,0.1358665511643392,0.05383812860118507,0.48957555434014277,1.3099578627695212,-0.13633469781379826,0.24254354181574184,0.5348813450425967,1.074566741440266,0.5950684735749446,0.8089228146650825,True
16,Oak,71,18,0.2969904719754248,-0.09843533259854384,1.1090054537774507,0.9791891817070993,0.05636336121263454,0.05623260682772199,0.10100804394197666,0.05061884293573492,0.18448873213406086,0.4094922118167887,-0.21067608559529685,0.013805420398209173,0.9073925542455111,1.3106183533093905,0.8781535483362781,1.0802248150779206,True
16,Pine,366,91,0.4173660354013777,-0.47153430832144755,1.58308706514349,0.6915231407549102,0.04834305136114175,0.0608563397552774,0.08057426713329295,0.03402375136830059,0.3222975485845361,0.5124345222182193,-0.5912106624374858,-0.35185795420540933,1.424634641536334,1.7415394887506461,0.6246141131419625,0.7584321683678579,True
16,Spruce,6,1,1.6257037355997102,0.049865253636594414,0.42454181778798317,0.9070462615226375,1.180851224640401,0.24245407742120498,0.17266774498739823,0.3394786181804466,-3.4550890094643436,6.706496480663764,-0.9933304444057129,1.0930609516789018,-0.3183875265125231,1.1674711620884894,-0.5536123416649356,2.3677048647102104,True
17,Alder,92,23,0.2179036274426968,-0.1312199007181552,1.1186206901714912,1.0121059271298396,0.05258352534398482,0.08670906402820926,0.1515933825844435,0.048758742838872396,0.11340492046950287,0.3224023344158907,-0.30353594485041235,0.04109614341410195,0.8173606973859529,1.4198806829570296,0.9152081716642392,1.1090036825954401,True
17,Aspen,53,13,0.32378674325488366,0.014807202615701101,0.7574130160723899,1.0825748244361337,0.1689877263983542,0.23611086737509632,0.3732598166960591,0.0857502224913671,-0.015806807094020048,0.6633802936037874,-0.4596753496783985,0.48928975490980076,0.007319331424590292,1.5075067007201894,0.9102533007391597,1.254896348133108,True
17,Birch,96,24,0.9041977191229932,0.04800145137362001,0.8045587772365957,0.7059320894862721,0.2103277676344642,0.09673417144742699,0.13774900802436388,0.05606774204485535,0.4864686177493071,1.3219268204966792,-0.14412096291971943,0.24012386566695942,0.5309773572258152,1.0781401972473763,0.5945767141886393,0.8172874647839048,True
17,Oak,71,18,0.23732570643263567,-0.12581898407503872,1.1205902146939022,1.0586308227502896,0.04895424717110889,0.059276748184341706,0.1078439301627962,0.055652253820826364,0.1396126201140831,0.33503879275118825,-0.24413586865043857,-0.00750209949963887,0.9053328291580404,1.335847600229764,0.947548459203584,1.1697131862969952,True
17,Pine,366,91,0.436582425788981,-0.44883556669134733,1.538196849359732,0.6954590176836681,0.05098560725604303,0.06243358290113526,0.08113868678845546,0.03544675500203926,0.33631725024058934,0.5368476013373726,-0.5716136306704801,-0.32605750271221456,1.3786344725941555,1.6977592261253085,0.6257515981946309,0.7651664371727054,True
17,Spruce,6,1,1.6257037355997128,0.04986525363659454,0.4245418177879829,0.9070462615226371,1.1808512246424034,0.24245407742165367,0.17266774498754747,0.3394786181810176,-3.4550890094729563,6.7064964806723815,-0.9933304444076433,1.0930609516808323,-0.31838752651316554,1.1674711620891314,-0.5536123416673926,2.3677048647126666,True
18,Alder,92,23,0.27426202478360295,0.010537327130785345,0.8746385187873779,1.0350979779815865,0.06296798934481132,0.08294890081857209,0.1446957491468485,0.04909890071215068,0.14912637774986237,0.39939767181734354,-0.15430618276484884,0.17538083702641952,0.5870861230236926,1.1621909145510632,0.9375242302219776,1.1326717257411953,True
18,Aspen,53,13,0.3089123143572554,0.016927330417647754,0.7390511691922708,1.1117695564333132,0.18507547157520088,0.2739636043456963,0.409193546194116,0.12047049168035905,-0.06301077032028474,0.6808353990347955,-0.5336231447501361,0.5674778055854315,-0.08325404843252449,1.561356386817066,0.8696750395476796,1.3538640733189469,True
18,Birch,96,24,0.8828070102370018,0.12082675991786572,0.7182662853282888,0.7276889245660867,0.22169207197147814,0.09890061038169641,0.14276320631721148,0.05893128598784344,0.44250741951790395,1.3231066009560997,-0.0755983890993364,0.31725190893506783,0.43472623469760396,1.0018063359589737,0.6106463038252969,0.8447315453068764,True
18,Oak,71,18,0.2965404561695632,-0.08154177760408635,1.0258182163906713,1.0389324500416603,0.05009818661434532,0.049478391090317556,0.08883808545215734,0.04094185060227625,0.1965440571658117,0.3965368551733147,-0.18030105956409098,0.017217504355918276,0.8484966556725522,1.2031397771087904,0.9572121742102614,1.1206527258730594,True
18,Pine,366,91,0.4490610459664255,-0.4422082208051361,1.5436065020399883,0.6784465023789392,0.04997858331919491,0.05779097026573772,0.07567269458976802,0.033760596430874326,0.35077622207497217,0.5473458698578788,-0.5558564068453111,-0.32856003476496115,1.3947932110820065,1.69241979299797,0.6120549791641439,0.7448380255937346,True
18,Spruce,6,1,1.3357045592739447,0.10250233263305618,0.39701705989438785,0.9411255805007465,1.0543582680991508,0.24479046169838603,0.17748645566847743,0.35962243207525746,-3.2008329210405626,5.872242039588452,-0.9507460155970834,1.1557506808631957,-0.36664552307167986,1.1606796428604556,-0.6062048585278254,2.4884560195293184,True
19,Alder,92,23,0.22812173483108067,-0.08401634093183197,1.0349427202566834,1.0336195854524086,0.051140146380477446,0.0803139538987528,0.1359793147447827,0.04643366789484541,0.12649144024317543,0.3297520294189859,-0.24362344751934117,0.07559076565567724,0.7647124062376893,1.3051730342756775,0.9413424278580459,1.1258967430467712,True
19,Aspen,53,13,0.3766475160195319,0.1649185406103855,0.5520072859529825,1.0951587283352795,0.2038161051215365,0.2511504714273064,0.3911748011998313,0.08286446139782595,-0.03293628176083785,0.7862313137999016,-0.33978722756326407,0.669624308784035,-0.23408790792715162,1.3381024798331167,0.9286363586721567,1.2616810979984023,True
19,Birch,96,24,0.8067914591251428,0.04051663149778162,0.818348970257517,0.7386224625655556,0.19569553347731758,0.09446607349126378,0.13466219680090352,0.057353995122777474,0.4181232377973906,1.195459680452895,-0.14710114447931724,0.22813440747488048,0.5508982237806622,1.0857997167343716,0.6247124776297255,0.8525324475013858,True
19,Oak,71,18,0.36650601566529595,0.017744613051257727,0.9124761544087214,0.9830264020700209,0.07639969551377664,0.07731849131703405,0.12184217289239575,0.0458955103709165,0.21401158517480884,0.5190004461557831,-0.1365837415381746,0.17207296764069002,0.669278159442905,1.155674149374538,0.8914185799574169,1.0746342241826248,True
19,Pine,366,91,0.47537780672104885,-0.4324213611148509,1.5069075939272998,0.6832392184589838,0.05524773111653162,0.0575845745308549,0.07765601570291589,0.034050889924079335,0.36673099917728214,0.5840246142648156,-0.5456636619316423,-0.3191790602980595,1.3541940250226425,1.659621162831957,0.6162768218227818,0.7502016150951859,True
19,Spruce,6,1,1.9813560727247066,0.12514672044812744,0.3961319862035031,0.8072516683329544,1.6552323142557277,0.2570579632398291,0.18591826286177332,0.3796021015585042,-5.140533762488962,9.103245907938376,-0.9808844267758537,1.2311778676721086,-0.4038097349990707,1.196073707406077,-0.8260443501361358,2.4405476868020446,True
20,Alder,92,23,0.30376866517805273,-0.043524540335851514,0.9536793554752658,0.9822391709109572,0.07238776536427481,0.081178115252628,0.14316642178192932,0.04690168264581188,0.15991319273185267,0.4476241376242528,-0.20484898602349566,0.11779990535179263,0.6691661764838934,1.2381925344666382,0.8890319323454073,1.075446409476507,True
20,Aspen,53,13,0.20690664476623774,-0.0954922017611414,0.982775556213023,1.1152702144775333,0.09532906245921315,0.20200012003707699,0.32094746083630993,0.0727453548141186,0.015335721469456387,0.3984775680630191,-0.5014266408847853,0.3104422373625024,0.3378074864968681,1.627743625929178,0.9690829508269002,1.2614574781281664,True
20,Birch,96,24,0.7472409441438655,0.036874582021264785,0.8291700388391366,0.7553483202677825,0.1822106964196702,0.09446236587535328,0.13764755011358318,0.05786837520195938,0.38535477318262235,1.1091271151051088,-0.15073583031060572,0.2244849943531353,0.5557901229967042,1.1025499546815691,0.640416732094977,0.8702799084405881,True
20,Oak,71,18,0.24149877379526155,-0.1648840606970456,1.204872733664384,1.0167629761281014,0.044454373306818507,0.062475214982159175,0.11522254111405054,0.04598138077208066,0.15276747330189266,0.33023007428863044,-0.28958511172096163,-0.04018300967312953,0.974887579028716,1.4348578883000522,0.9249837559774103,1.1085421962787925,True
20,Pine,366,91,0.4674404032465965,-0.4710857523512925,1.5824994136299244,0.6581168806500196,0.053189434085784255,0.05593866676142454,0.0759846327718002,0.03459505835432945,0.3628413167014683,0.5720394897917248,-0.5810913116576877,-0.3610801930448974,1.4330726841298727,1.7319261431299762,0.5900843556751881,0.7261494056248511,True
20,Spruce,6,1,1.9813560727247064,0.12514672044812872,0.39613198620350126,0.807251668332955,1.6552323142578904,0.25705796323986946,0.18591826286163837,0.3796021015591031,-5.1405337624982685,9.10324590794768,-0.9808844267760262,1.2311778676722835,-0.4038097349984919,1.1960737074054943,-0.8260443501387121,2.440547686804622,True
21,Alder,92,23,0.2930998882357279,-0.0026306225753221393,0.8837331421914127,1.0201855393431682,0.0684367408791542,0.08297910320292623,0.14206181632973458,0.044406576323495546,0.1570962467045078,0.429103529766948,-0.16753415336327704,0.16227290821263274,0.6014151344198242,1.1660511499630013,0.9319368002836338,1.1084342784027026,True
21,Aspen,53,13,0.2996358892644962,-0.0340918771292664,0.8451000002784116,1.0691650415726244,0.14036197582780943,0.21988472635449155,0.34118603784685614,0.07909012664431066,0.01756793840639742,0.5817038401225949,-0.47596677823419176,0.4077830239756589,0.15946098736712988,1.5307390131896934,0.9102274815668022,1.2281026015784466,True
21,Birch,96,24,0.9667895513679224,0.07639906495420894,0.7599645261187256,0.7036731683065005,0.24558260720940614,0.0974031320965567,0.14292723757297338,0.05881271073996938,0.47904129550813696,1.454537807227708,-0.11705196293094576,0.2698500928393636,0.4760986952554197,1.0438303569820313,0.5868660482430426,0.8204802883699585,True
21,Oak,71,18,0.2670524499124602,-0.038085994934476376,1.0091909676271222,1.038484896994117,0.06485620581448924,0.09125729101827507,0.15744166584469182,0.055618934391514566,0.13759892129635568,0.39650597852856473,-0.22023631017267103,0.1440643203037183,0.6949360873294582,1.3234458479247864,0.927469039306669,1.149500754681565,True
21,Pine,366,91,0.40547569269646616,-0.4884389322614338,1.5856896663901476,0.7113290392440795,0.046414660981665246,0.057555903561707575,0.0784233759662444,0.0345577490045308,0.3141994604065357,0.49675192498639664,-0.6016248505046047,-0.3752530140182629,1.4314670537444771,1.7399122790358181,0.6433698845536966,0.7792881939344625,True
21,Spruce,6,1,4.7059339559816475,0.1228948039719505,1.2079429935114196,-0.18884410305217295,6.094381185262043,0.24024654317373378,0.834443696861203,1.1296978318598754,-21.516071886594894,30.927939798558185,-0.9108026408145772,1.156592248758478,-2.382378456566175,4.798264443589015,-5.049541563035879,4.671853356931534,True
22,Alder,92,23,0.225155623006596,-0.09039707051116797,1.0659771284548465,1.0150911449872846,0.052745851287968874,0.08136687304984928,0.1431189979428246,0.048973747157990195,0.12033432733012339,0.3299769186830686,-0.2520966326561378,0.0713024916338019,0.7815581943782782,1.3503960625314146,0.9177661136174065,1.1124161763571627,True
22,Aspen,53,13,0.40064044966858914,0.10674114406034203,0.6152176276882094,1.0679965432897525,0.22065276756364244,0.2516299780682233,0.39416588862771745,0.08053915847803217,-0.04277788803134064,0.8440587873685189,-0.3989282287849332,0.6124105169056173,-0.17688838141909335,1.4073236367955122,0.9061470447930715,1.2298460417864334,True
22,Birch,96,24,0.8875326016876319,0.08807851760014183,0.7610045843528744,0.7215270194282907,0.22758328753386567,0.09657024650606373,0.13910184593852845,0.058688061576724834,0.43553254834986666,1.3395326550253972,-0.10371832761014903,0.2798753628104327,0.484736311471719,1.03727285723403,0.6049674633623721,0.8380865754942093,True
22,Oak,71,18,0.3038633176088591,-0.020991995908300306,0.955621218323708,1.0354956139811342,0.06112137807531846,0.06889125589060457,0.11245236270865674,0.04576750469751685,0.18186453636098487,0.4258620988567333,-0.15849951818524144,0.11651552636864082,0.7311653629273465,1.1800770737200696,0.9441432922619986,1.1268479357002699,True
22,Pine,366,91,0.4445222611060888,-0.5269925864396594,1.6422212458963175,0.6715931227356751,0.04948940709639064,0.058156160427403486,0.0776708869828484,0.03312955425361811,0.347199421242937,0.5418451009692405,-0.6413589331066969,-0.41262623977262197,1.4894784320424812,1.7949640597501537,0.6064425684547848,0.7367436770165653,True
22,Spruce,6,1,3.823100995016919,0.48873763093368816,0.11738101399140942,0.5503304410850689,13.05794219362397,1.499873455577331,1.1222430322680061,1.3162913358546338,-52.36068962859369,60.00689161862752,-5.9646969869049,6.942172248772276,-4.711241032179002,4.9460030601618215,-5.113214068205252,6.21387495037539,True
23,Alder,92,23,0.23091140561705223,-0.09368427190780772,1.0410067692423985,1.0322470598974107,0.05439437083892163,0.08436176385493797,0.1433816943800998,0.047613406839961306,0.12281402374499518,0.3390087874891093,-0.2613355501960064,0.07396700638039096,0.7560657811985061,1.325947757286291,0.9376254190542725,1.126868700740549,True
23,Aspen,53,13,0.2707573834693932,-0.09019959031183507,0.8784271072107388,1.120058617960068,0.15748255307530135,0.2646193809403883,0.38856582946947127,0.12293366448220644,-0.04571565547062356,0.58723042240941,-0.6219721455141085,0.44157296489043835,0.09757483831430636,1.6592793761071714,0.8730141700070716,1.3671030659130645,True
23,Birch,96,24,0.9821925350431641,0.06477567764918815,0.8101590398527135,0.660678299298368,0.2341498960516322,0.09469551424827177,0.13926879945047063,0.05964236700210936,0.5171506303794879,1.4472344397068402,-0.12329778747595518,0.25284914277433146,0.5335591828859227,1.0867588968195043,0.542223410284901,0.779133188311835,True
23,Oak,71,18,0.26603933582449335,-0.0956554981121621,1.089759379358241,1.0227101794684936,0.060012082507014106,0.062340529410606624,0.11261213839228269,0.05171441270880266,0.14625471779803784,0.38582395385094886,-0.2200877156100926,0.028776719385768396,0.8649846103625919,1.31453414835389,0.9194877796782116,1.1259325792587758,True
23,Pine,366,91,0.4586890608399666,-0.5092582053928202,1.6268486180825936,0.6595228263460363,0.04953657734833682,0.056776381834424315,0.07519023914745596,0.032271313621893,0.3612734588455667,0.5561046628343664,-0.6209111639040938,-0.3976052468815465,1.4789840944772252,1.774713141687962,0.5960600355779064,0.7229856171141662,True
23,Spruce,6,1,1.335704559273943,0.10250233263305585,0.39701705989438785,0.9411255805007471,1.0543582680996555,0.24479046169839538,0.1774864556684218,0.35962243207551425,-3.200832921042736,5.872242039590622,-0.9507460155971239,1.1557506808632356,-0.3666455230714405,1.1606796428602162,-0.6062048585289296,2.4884560195304237,True
24,Alder,92,23,0.2426295370824705,-0.11506778889865506,1.0921495084991628,0.9925171930869897,0.04710342316535577,0.07150057127578477,0.12466198577366865,0.04009518240365709,0.1490213816271053,0.33623769253783575,-0.2571601495246607,0.027024571727350608,0.8444100076414237,1.3398890093569018,0.9128364434676449,1.0721979427063344,True
24,Aspen,53,13,0.2510610814264429,-0.07838964694361228,0.8727642482611718,1.1349468906591795,0.14527326398382573,0.24593244906940426,0.3713786210801462,0.11520974244326665,-0.040876472492392346,0.5429986353452781,-0.572609406600035,0.41583011271281045,0.12645096773930697,1.6190775287830368,0.9034242451691533,1.3664695361492059,True
24,Birch,96,24,0.9344255850746036,0.0730964276524832,0.7683604062902468,0.707134404054839,0.23162829999484807,0.09935663121081019,0.14429310270655094,0.05774848973739748,0.47439178783618435,1.394459382313023,-0.1242344180936665,0.27042727339863293,0.48178184937434193,1.0549389632061517,0.592440918762801,0.8218278893468769,True
24,Oak,71,18,0.2520740409129832,-0.08421786061911887,1.0776066693134205,1.0388943470377145,0.05303746031718648,0.05766971150174796,0.10402783278864959,0.04925838594668178,0.14621082704359384,0.35793725478237254,-0.19932708655083653,0.03089136531259877,0.8699662460161293,1.2852470926107118,0.9405741971823355,1.1372144968930937,True
24,Pine,366,91,0.40930850574889577,-0.469527057368439,1.5463075525694643,0.7261855029856767,0.0453626733608341,0.0574080657633619,0.07661295238562875,0.03403889110400299,0.3201010479456096,0.4985159635521819,-0.5824222468432072,-0.35663186789367085,1.3956452081621575,1.696969896976771,0.6592467024948592,0.7931243034764943,True
24,Spruce,6,1,4.70593395598185,0.1228948039719535,1.2079429935114459,-0.18884410305221216,6.0943811852971805,0.24024654317378633,0.8344436968649228,1.1296978318665991,-21.51607188674587,30.927939798709573,-0.9108026408148002,1.1565922487587073,-2.3823784565821544,4.798264443605046,-5.049541563064849,4.6718533569604235,True
25,Alder,92,23,0.19847128095428793,-0.19577136782573673,1.1864111897515706,1.0362710761949385,0.042883299686026194,0.08686018656034734,0.14559363831454478,0.046488887306339356,0.11324973411773041,0.2836928277908454,-0.36838773623445953,-0.023154999417013933,0.8970744279451808,1.4757479515579603,0.943884181623772,1.128657970766105,True
25,Aspen,53,13,0.16430697284287385,-0.19222789232304688,1.1665194346912346,1.1049683624418842,0.07233377875827317,0.19126680466492157,0.3050767756771852,0.06860779875076084,0.018946802242263083,0.3096671434434846,-0.5765929266625086,0.19213714201641485,0.5534447008671313,1.779594168515338,0.9670958289984088,1.2428408958853596,True
25,Birch,96,24,0.7225134082667488,0.09203030070575018,0.7802476866242224,0.7662406866015463,0.17823922354338143,0.09436287324086828,0.13511979121923529,0.05854547955832576,0.36851492524324525,1.0765118912902523,-0.09538251066613225,0.2794431120776326,0.5118881181344057,1.048607255114039,0.6499643107314135,0.8825170624716792,True
25,Oak,71,18,0.28525048652904406,-0.08180000562967298,1.0634774241733878,1.0150223545695105,0.05679019677752126,0.05658063332605152,0.10135637640669486,0.05015224479781207,0.17189677933437117,0.3986041937237169,-0.1947354224245139,0.031135411165167937,0.8611692501318924,1.2657855982148831,0.9149180549799559,1.1151266541590652,True
25,Pine,366,91,0.4250962717263747,-0.4635118604782638,1.5636961673093643,0.6934143742471448,0.0470471014512441,0.05663484311928724,0.0761823707645168,0.03278385883254627,0.33257632070641546,0.5176162227463339,-0.5748864776127477,-0.35213724334377994,1.4138805783719275,1.7135117562468012,0.6289436434290993,0.7578851050651904,True
25,Spruce,6,1,4.70593395598154,0.12289480397194846,1.2079429935114077,-0.1888441030521534,6.09438118508264,0.24024654317289432,0.8344436968410076,1.129697831824992,-21.51607188582309,30.92793979778617,-0.9108026408109673,1.156592248754864,-2.3823784564792936,4.798264443502109,-5.049541562885768,4.671853356781462,True
26,Alder,92,23,0.24131280042846362,-0.059188937527241234,1.027993137186486,1.0023465219646444,0.0538010117324796,0.06646228972791514,0.12279743639542089,0.03864315004629645,0.13439459509484408,0.34823100576208316,-0.19126877229699968,0.07289089724251722,0.783959036410616,1.272027237962356,0.9255513815324893,1.0791416623967993,True
26,Aspen,53,13,0.4287363000918333,0.12462542914641446,0.6307268263374769,1.0228152912752029,0.23805127355281855,0.2527496385571134,0.3934354194735709,0.08470134071203997,-0.04964564440698954,0.907118244590656,-0.3832939856913264,0.6325448439841553,-0.15991125004616624,1.4213649027211201,0.8526015744286406,1.1930290081217652,True
26,Birch,96,24,0.9236568512827463,0.1278248488295938,0.7440747436562063,0.6891105019348501,0.226603426117236,0.10613296848837103,0.14713286637685605,0.05762309477347037,0.4736028872970576,1.373710815268435,-0.08296438766256536,0.33861408532175297,0.4518561709713335,1.036293316341079,0.5746660618648824,0.8035549420048178,True
26,Oak,71,18,0.2615430804770329,-0.10145309318606027,1.068255238307844,1.0545091175310206,0.05527009535506837,0.06128263151312198,0.11201908260871958,0.0546233102577084,0.15122350842054172,0.3718626525335241,-0.22377373764290562,0.020867551270785073,0.84466421361059,1.2918462630050982,0.945480533932119,1.1635377011299222,True
26,Pine,366,91,0.442815852913165,-0.45691156693856694,1.5592250496160793,0.6826101734194411,0.04928282218817995,0.05726630354552897,0.0767972951463608,0.03412359162498073,0.3458992702900883,0.5397324355362416,-0.5695279755098192,-0.3442951583673147,1.4082001880149877,1.710249911217171,0.615504806066681,0.7497155407722011,True
26,Spruce,6,1,2.072070429411439,0.21010171517462953,0.3802360670422676,0.7289473018853537,1.4232717629010514,0.22680209952660688,0.1545661274063364,0.32694263895160247,-4.05177370633421,8.195914565157087,-0.7657489574543416,1.1859523878036007,-0.2848083029611674,1.0452804370457025,-0.6777733360538188,2.1356679398245264,True
27,Alder,92,23,0.22458795532400325,-0.09728872372876154,1.0465930487603707,1.037306831370679,0.05295469839578692,0.08167265786007016,0.1424626037273043,0.048969419678540516,0.11935161990686453,0.32982429074114195,-0.2595959689279027,0.06501852147037959,0.7634785602556398,1.3297075372651017,0.9399903999568515,1.1346232627845065,True
27,Aspen,53,13,0.3725559348161631,0.018130197582777393,0.7418178354557707,1.0534483356796907,0.180583186156272,0.21543671272707335,0.3353530507345868,0.07911058362831441,0.009660435674619161,0.7354514339577071,-0.4148060854820749,0.4510664806476297,0.06790064900379944,1.415735021907742,0.8944696658253881,1.2124270055339932,True
27,Birch,96,24,0.8928911596073363,0.13353748137224467,0.7055098583926794,0.7262209812136237,0.22616576253152948,0.10223222181212926,0.14600305316028514,0.05919611883099825,0.4437064332806471,1.3420758859340256,-0.06950453552033814,0.33657949826482747,0.41553519227794866,0.9954845245074102,0.6086523795867649,0.8437895828404824,True
27,Oak,71,18,0.29085257809749787,-0.08696957611996414,1.0668792057323206,1.010866087050559,0.05972115778568921,0.06588246831440536,0.12268192372696714,0.05115340982259262,0.17164864824519935,0.4100565079497964,-0.2184715332593241,0.04453238101939583,0.8220050610854001,1.3117533503792413,0.9087634537077846,1.1129687203933336,True
27,Pine,366,91,0.42173963498881656,-0.46688347755809734,1.5785833430623935,0.6871619137478989,0.04830323841379242,0.05946890374823472,0.08010538859089239,0.03384612541536028,0.32674944187817784,0.5167298280994553,-0.5838313849164124,-0.3499355701997822,1.421052987307221,1.7361136988175658,0.6206021944655175,0.7537216330302804,True
27,Spruce,6,1,1.3357045592739543,0.1025023326330577,0.3970170598943882,0.9411255805007428,1.0543582680967596,0.24479046169801158,0.1774864556683914,0.3596224320745483,-3.2008329210302655,5.872242039578174,-0.9507460155954707,1.155750680861586,-0.3666455230713094,1.1606796428600856,-0.6062048585247779,2.4884560195262635,True
28,Alder,92,23,0.2358692426190526,-0.06768246583225727,0.9897581120212339,1.047871513471375,0.042872649704880236,0.06373639542198808,0.10964456550023158,0.03845634851521506,0.1506688603820871,0.3210696248560181,-0.19434515847524592,0.058980226810731354,0.7718625782688064,1.2076536457736613,0.971447601828673,1.124295425114077,True
28,Aspen,53,13,0.36470965691392776,0.06856383103092262,0.6414982643199117,1.1010268781961685,0.14956469358955782,0.19087440796085045,0.29593020455205193,0.07087561806236865,0.06414815232753002,0.6652711615003255,-0.31501265260890665,0.4521403146707519,0.046804253333517565,1.236192275306306,0.9585969912218026,1.2434567651705344,True
28,Birch,96,24,0.7740014195994065,0.05452452412389289,0.6649199875145262,0.8857277396907702,0.17204958890988617,0.08062339068962569,0.11793880684975606,0.05522852797463613,0.4322960852284147,1.1157067539703984,-0.10560048895097784,0.21464953719876362,0.43068333699268346,0.8991566380363689,0.7760391159749928,0.9954163634065477,True
28,Oak,71,18,0.2666954326491129,-0.10878617615196798,1.1025281856133469,1.0236221935729686,0.05726505474101058,0.06441697485946267,0.1140234720447769,0.05067896566532548,0.15239390499233987,0.3809969603058859,-0.23736299611249295,0.019790643808556996,0.8749363828570024,1.3301199883696915,0.9224665547316178,1.1247778324143194,True
28,Pine,366,91,0.42833355986401334,-0.4618260388110118,1.5605429057059845,0.6947052313197882,0.0499698542610409,0.058199988008319506,0.07853207438468515,0.03536894406473862,0.3300659020042165,0.5266012177238102,-0.576278574116979,-0.3473735035050446,1.4061065334015919,1.7149792780103772,0.6251508300589904,0.764259632580586,True
28,Spruce,6,1,1.9813560727247046,0.12514672044812855,0.39613198620350093,0.8072516683329557,1.6552323142702303,0.2570579632416251,0.18591826286214613,0.3796021015616587,-5.140533762551364,9.103245908000773,-0.9808844267835802,1.2311778676798373,-0.403809735000677,1.1960737074076788,-0.8260443501497071,2.4405476868156186,True
29,Alder,92,23,0.2535566505162171,-0.05122492593095521,0.9566227212368965,1.0406940902233457,0.0553841623863743,0.07796522870961692,0.13631095997654097,0.046667551492294686,0.1434922659336118,0.36362103509882243,-0.206164434754821,0.10371458289291058,0.6857333320101096,1.2275121104636835,0.9479521381262218,1.1334360423204697,True
29,Aspen,53,13,0.33547525351965624,0.05851999409819742,0.6986379519719983,1.0920412576912815,0.17781901036736916,0.2463270253016756,0.38428410249924083,0.08159455807478151,-0.021865426405436372,0.6928159334447488,-0.4364926961837576,0.5535326843801525,-0.07360986443291062,1.4708857683769072,0.9280708542996969,1.256011661082866,True
29,Birch,96,24,0.8048889353928202,0.09100780039751988,0.74376257069838,0.7653111723003978,0.2093993989072977,0.10160339044168668,0.14831399386257554,0.05958047616844039,0.3890036544452449,1.2207742163403956,-0.11078530311455725,0.292800903909597,0.44919817687554486,1.0383269645212152,0.6469792038248254,0.8836431407759702,True
29,Oak,71,18,0.24787575953003133,-0.11596109941263241,1.1197225033800489,1.0362962742200066,0.05128116423091674,0.06253494008759118,0.1109594595317799,0.04962907259926676,0.1455181273209783,0.35023339173908435,-0.2407813622459358,0.008859163420670974,0.8982464951964844,1.3411985115636134,0.9372362307093423,1.135356317730671,True
29,Pine,366,91,0.41435429316667477,-0.44020678996439655,1.5542311986103683,0.6905575810729816,0.04869544038898023,0.057265438617499796,0.07704356581336368,0.035596427722070986,0.31859281964948616,0.5101157666838634,-0.5528214976211094,-0.3275920823076837,1.4027220361842327,1.7057403610365038,0.620555824370828,0.7605593377751352,True
29,Spruce,6,1,2.0720704294114167,0.21010171517462553,0.38023606704226953,0.7289473018853587,1.4232717629109242,0.2268020995278898,0.15456612740654074,0.32694263895388953,-4.051773706376711,8.195914565199544,-0.7657489574598656,1.1859523878091167,-0.2848083029620446,1.0452804370465838,-0.6777733360636542,2.135667939834372,True
30,Alder,92,23,0.2522672741229394,-0.1385212634283556,1.083076057606469,1.005906896784377,0.057819538694843256,0.07895908000549454,0.13653042502645396,0.04583819857810352,0.13736309088546383,0.367171457360415,-0.2954358428596683,0.0183933160029571,0.8117505277103053,1.354401587502633,0.9148131093279933,1.0970006842407605,True
30,Aspen,53,13,0.38063761364085774,0.07944492596195457,0.6515868070715161,1.0742679442833352,0.21251613937463018,0.2516979359813282,0.3921161047925131,0.08439230634370468,-0.046429557536705246,0.8077047848184207,-0.42636101342266325,0.5852508653465724,-0.13640000719909218,1.4395736213421242,0.9046752552508014,1.2438606333158688,True
30,Birch,96,24,0.6118929352036436,-0.10574746727514317,1.041406410851922,0.7528813691909074,0.15934129668082705,0.10765783470481925,0.15879038263985762,0.05772345584437827,0.2954273661406025,0.9283585042666848,-0.3195652196949712,0.10807028514468484,0.7260350046274666,1.3567778170763776,0.638237603371255,0.8675251350105598,True
30,Oak,71,18,0.2976728239560308,-0.09853905222884865,1.0670778896860627,1.0177975584463812,0.05353749938574027,0.05318326072313742,0.09709763327471793,0.05322508962225828,0.19081152792846906,0.4045341199835925,-0.20469328492653638,0.007615180468839064,0.8732702025136411,1.2608855768584841,0.9115598349166085,1.1240352819761539,True
30,Pine,366,91,0.4322509348464205,-0.4472818794652277,1.5470260530650966,0.6907015121699064,0.05036042329669094,0.058538543352114385,0.07925720787436236,0.03378678225118223,0.33321520781905334,0.5312866618737877,-0.5624001969949501,-0.3321635619355052,1.3911636776090028,1.7028884285211903,0.6242584935231381,0.7571445308166747,True
30,Spruce,6,1,1.6257037355997201,0.04986525363659596,0.42454181778798245,0.907046261522635,1.1808512246388703,0.24245407742099087,0.1726677449873999,0.3394786181799849,-3.4550890094577467,6.706496480657187,-0.9933304444047901,1.0930609516779821,-0.31838752651253105,1.1674711620884959,-0.5536123416629514,2.3677048647082213,True
31,Alder,92,23,0.19811222771511972,-0.12539236095078476,1.102297423674162,1.0511009324115304,0.038696963550112325,0.06699303303184326,0.11663900632435768,0.042519423993694315,0.12121014425224032,0.2750143111779991,-0.2585269365092666,0.007742214607697057,0.8705019085617874,1.3340929387865368,0.9666025120504024,1.1355993527726582,True
31,Aspen,53,13,0.3365407798202918,-0.03320051681938128,0.8423931196055636,1.036205446495461,0.17763762465249916,0.23410328108141606,0.34253074799127675,0.11433763854537357,-0.02043539186382909,0.6935169515044126,-0.503648673411301,0.43724763977253844,0.15405181048693783,1.5307344287241893,0.8064353594028447,1.2659755335880776,True
31,Birch,96,24,0.8163007364305783,0.09619990159849744,0.7579773203167736,0.7407606771475199,0.1992611097741858,0.09797851707303659,0.13964046525896812,0.05728637609378733,0.42055097280757087,1.2120505000535857,-0.09839389051542323,0.2907936937124181,0.48063930297324736,1.0353153376602997,0.6269849894399325,0.8545363648551073,True
31,Oak,71,18,0.2708697174790885,-0.10990866523859859,1.1038365278275228,1.0214345605280049,0.06560723576152863,0.09880151388984067,0.16316324247219546,0.05632011252828206,0.1399171268145702,0.4018223081436068,-0.3071173123530669,0.08729998187586972,0.7781613327831657,1.4295117228718799,0.9090191454219091,1.1338499756341005,True
31,Pine,366,91,0.4669605812013148,-0.45749733138845605,1.5704697653250486,0.6585846146663562,0.05407916504194371,0.061293275965946324,0.08188018447818736,0.03654289384962065,0.3606118041982075,0.5733093582044221,-0.5780329375213656,-0.33696172525554646,1.4094492045732279,1.7314903260768693,0.5867215955896503,0.7304476337430621,True
31,Spruce,6,1,4.705933955981615,0.12289480397195097,1.2079429935114137,-0.1888441030521657,6.0943811850087455,0.24024654317278,0.834443696831365,1.1296978318092805,-21.516071885505074,30.9279397974683,-0.9108026408104729,1.156592248754375,-2.3823784564377988,4.798264443460626,-5.049541562818179,4.671853356713848,True
32,Alder,92,23,0.26756178117378016,0.023013733922964866,0.8693388749806136,1.0382041183423067,0.06265122947267802,0.07793131687326095,0.13510422853917048,0.043083250683479846,0.14305562782351527,0.39206793452404504,-0.1318583822522129,0.17788585009814262,0.600847610908886,1.137830139052341,0.9525852109150468,1.1238230257695667,True
32,Aspen,53,13,0.23523578540796272,-0.036018666910319665,0.8612859450752386,1.130922379953173,0.09462030518978437,0.18156058659695373,0.2861619779193084,0.06689494939510117,0.04508916316896078,0.42538240764696467,-0.40087832577421684,0.32884099195357747,0.2862219204406721,1.4363499697098052,0.996491946159764,1.2653528137465817,True
32,Birch,96,24,0.5790254380171391,-0.1159193124349944,0.9400183111800253,0.874894052255729,0.13709956803471363,0.09690888530222243,0.14514853899157484,0.05379846520513753,0.30673386188348384,0.8513170141507944,-0.30838872352472485,0.07655009865473605,0.651740783963411,1.2282958383966398,0.768045656638834,0.9817424478726241,True
32,Oak,71,18,0.2433822795269819,-0.1394818596986736,1.1361329229352057,1.0530822599238985,0.03804250445865142,0.04712448700542294,0.08285048289081277,0.038413810616755036,0.1674491228194691,0.3193154362344947,-0.2335427294406543,-0.0454209899566929,0.9707626669501136,1.301503178920298,0.9764079730229098,1.1297565468248871,True
32,Pine,366,91,0.3930685882514745,-0.4429656823054486,1.5236556316110927,0.7327782897711189,0.045177483055153574,0.057486633286372345,0.07786169994097082,0.035495581462916564,0.30422531437200967,0.48191186213093934,-0.5560153778636195,-0.3299159867472776,1.370537576669179,1.6767736865530065,0.6629748511516889,0.802581728390549,True
32,Spruce,6,1,1.6257037355997128,0.049865253636594845,0.42454181778798283,0.907046261522637,1.18085122463748,0.24245407742081063,0.17266774498734871,0.3394786181797121,-3.4550890094517723,6.706496480651198,-0.9933304444040156,1.0930609516772054,-0.3183875265123104,1.167471162088276,-0.5536123416617754,2.3677048647070493,True
33,Alder,92,23,0.21810212195388654,-0.08780566958252377,1.0784359664901553,1.0131655338777337,0.04598767797264157,0.0694713896206523,0.12200347819641433,0.0437453423482512,0.12671127561173634,0.30949296829603673,-0.22586545807138336,0.05025411890633581,0.8359796907962705,1.3208922421840399,0.9262308583954844,1.100100209359983,True
33,Aspen,53,13,0.30451824517382,0.008317662470748355,0.7733591039798949,1.095853420855632,0.16009969945063654,0.23645735679495344,0.37048086038696276,0.08095362857364938,-0.017214146314012968,0.6262506366616529,-0.4668611863814235,0.48349651132292015,0.028849941115919542,1.5178682668438703,0.9331710135182683,1.258535828192996,True
33,Birch,96,24,0.7795457284987454,0.07775816449966656,0.7668950829227537,0.7649002581157079,0.18960887658935088,0.09131708530133484,0.13132254754617406,0.0594595986911571,0.4029661331321601,1.1561253238653306,-0.10360544912117371,0.25912177812050685,0.5060771681341332,1.0277129977113741,0.6468083627437955,0.8829921534876204,True
33,Oak,71,18,0.2874550996074608,-0.10106396591829175,1.101494366841709,0.9967570229420804,0.058609009222154645,0.06803390274761462,0.1271621659529243,0.05160573520848078,0.17047102757889449,0.4044391716360271,-0.2368602041594751,0.03473227232289158,0.847677621283721,1.355311112399697,0.8937515443503353,1.0997625015338253,True
33,Pine,366,91,0.42971735586581244,-0.4376535984780094,1.532862066351132,0.695473711390335,0.05041465282014052,0.05868898593344916,0.07909544986851,0.03457109121636105,0.33057498437579774,0.5288597273558271,-0.5530677671829808,-0.32223942977303793,1.3773177942917814,1.6884063384104828,0.6274883187225432,0.7634591040581268,True
33,Spruce,6,1,4.705933955981624,0.12289480397195102,1.207942993511414,-0.18884410305216676,6.094381184901563,0.240246543171309,0.8344436968240436,1.129697831791942,-21.516071885043893,30.92793979700714,-0.9108026408041436,1.1565922487480458,-2.382378456406297,4.798264443429125,-5.0495415627435785,4.671853356639246,True
34,Alder,92,23,0.17950469141585274,-0.11204677920378442,1.1273252420832143,1.0486526420513853,0.04250281250951319,0.0787506455094281,0.1403677789448417,0.04742635698932137,0.09503928288887775,0.2639700999428277,-0.2685471388735831,0.044453580466014275,0.8483737776372684,1.4062767065291601,0.954402723480642,1.1429025606221286,True
34,Aspen,53,13,0.3562621205367281,-0.002926849684116211,0.77512245144951,1.0491540563669288,0.18387340143220385,0.2250872122023979,0.3329859796357469,0.10538646115799112,-0.013245313748152798,0.725769554821609,-0.4552565375205095,0.44940283815227705,0.10596207246229172,1.4442828304367281,0.8373720336951473,1.2609360790387103,True
34,Birch,96,24,0.566265528183359,-0.06051211679921556,1.0177715889388776,0.7624641657247526,0.14266839278908278,0.10213666223810595,0.15081660187517157,0.05234877263851001,0.2829137854035524,0.8496172709631655,-0.263364344129377,0.14234011053094586,0.7182367995855332,1.317306378292222,0.6584949846782222,0.866433346771283,True
34,Oak,71,18,0.3652461627029436,-0.009223927789683088,0.9552944498520878,0.9728881941321511,0.07047569620919177,0.07010230704103426,0.11152146686544932,0.04366159501802331,0.22457608431364792,0.5059162410922392,-0.14914871828003382,0.13070086270066764,0.7326966703354957,1.17789222936868,0.8857392857261073,1.060037102538195,True
34,Pine,366,91,0.4332605441431707,-0.4571101353489792,1.5517864709972395,0.6941307056987843,0.04942625382327157,0.058750772701721535,0.0789091191141039,0.034866849429492884,0.33606189764274463,0.5304591906435968,-0.5726458101318579,-0.3415744605661006,1.3966086255983927,1.7069643163960864,0.6255636930257502,0.7626977183718184,True
34,Spruce,6,1,1.981356072724687,0.12514672044812555,0.39613198620350276,0.8072516683329594,1.6552323142537086,0.25705796323951435,0.18591826286162788,0.37960210155815366,-5.140533762480295,9.103245907929669,-0.9808844267745014,1.2311778676707525,-0.4038097349984453,1.1960737074054508,-0.8260443501346226,2.4405476868005413,True
35,Alder,92,23,0.22224122792100257,-0.09121292129096961,1.0290151528235443,1.0510132541527761,0.05213197971208656,0.08174275307196684,0.1416474883935791,0.04740222950831682,0.11863987300558883,0.3258425828364163,-0.25365946599428624,0.07123362341234699,0.7475205347601939,1.3105097708868947,0.9568112838804972,1.145215224425055,True
35,Aspen,53,13,0.3173414798021635,-0.019367878318211195,0.8204983554324795,1.0635667906661623,0.1523841696538305,0.22611217031209058,0.3536016049411467,0.07703688849302134,0.011114025935324734,0.6235689336690022,-0.4737572965909376,0.43502153995451526,0.10990932633359496,1.531087384531364,0.9087553672051002,1.2183782141272246,True
35,Birch,96,24,0.9446941476210494,0.05310918765236981,0.7849594035559354,0.7073844557171091,0.236015724416413,0.10293419832147495,0.14587273630601663,0.05911411661962842,0.47594654677230286,1.413441748469796,-0.15132701518024555,0.2575453904849852,0.49524355796233543,1.0746752491495353,0.5899787175602117,0.8247901938740064,True
35,Oak,71,18,0.27966647744248757,-0.09059159819430296,1.0695877167582992,1.0233915095693757,0.055695234786607685,0.060146284485557075,0.10708915218464894,0.050455863416705146,0.16849832352901833,0.3908346313559568,-0.21064408449105693,0.029460888102451024,0.8558368743722536,1.2833385591443447,0.922681184680073,1.1241018344586786,True
35,Pine,366,91,0.4131183404764136,-0.5295323655435696,1.6716068201978325,0.6696407051606877,0.048131792305967355,0.06028691197870013,0.08082646415727253,0.033543187189055745,0.3184653027910666,0.5077713781617605,-0.6480889178360475,-0.4109758132510918,1.5126584413546211,1.8305551990410438,0.603676725658127,0.7356046846632485,True
35,Spruce,6,1,2.072070429411437,0.21010171517462872,0.3802360670422682,0.7289473018853542,1.4232717629114393,0.22680209952787905,0.1545661274065007,0.3269426389539815,-4.051773706378907,8.195914565201782,-0.7657489574598161,1.1859523878090736,-0.28480830296187365,1.0452804370464102,-0.6777733360640547,2.135667939834763,True
36,Alder,92,23,0.2667444855733438,-0.05222693777492116,0.9920485626084163,0.9954552348174365,0.06506745933940482,0.08315056280208658,0.1428332844054369,0.04962629770664756,0.1374365830978304,0.3960523880488572,-0.2174712084865154,0.1130173329366731,0.7081974241489437,1.275899701067889,0.8968333963559215,1.0940770732789515,True
36,Aspen,53,13,0.4357013157097511,0.1463057897115848,0.5880424325046079,1.0362166120390606,0.23956120507268397,0.2581901627892175,0.400152549002257,0.0848139667407546,-0.0457149497811542,0.9171175812006565,-0.37254676789999397,0.6651583473231636,-0.2160942210444724,1.3921790860536882,0.8657765647141372,1.206656659363984,True
36,Birch,96,24,0.5950566460491009,-0.10997911362840644,1.0669463306624256,0.7402967913965974,0.16321775673439473,0.11468315414884805,0.16655728848905724,0.06003164282065724,0.2708920927154614,0.9192211993827404,-0.3377497568682308,0.11779152961141791,0.7361491790058271,1.397743482319024,0.6210687670063926,0.8595248157868023,True
36,Oak,71,18,0.25114638777153386,-0.12599659799927657,1.1308471952484989,1.0331055114597367,0.052118190086787,0.06529606722053943,0.1228567783575744,0.05241338615629757,0.1471180449616286,0.3551747305814391,-0.2563280936564706,0.004334897657917447,0.8856240392981461,1.3760703511988517,0.9284879548290129,1.1377230680904604,True
36,Pine,366,91,0.39427676161253006,-0.46540554655724814,1.577981779934334,0.7068527112437286,0.04640023781849658,0.059965093312995314,0.07992962629808816,0.03419775909856508,0.3030288930327699,0.4855246301922902,-0.5833292299530273,-0.34748186316146895,1.420797067549737,1.7351664923189312,0.6396014906755391,0.7741039318119182,True
36,Spruce,6,1,0.5247190316999287,-0.1482938527284528,0.42827892685620056,1.4210034961530644,0.7128407466744018,0.3500201509005395,0.17499543256031871,0.6476992394229829,-2.542387152817322,3.5918252162171793,-1.6543090104493146,1.357721304992409,-0.3246656487338118,1.181223502446213,-1.3658214043723478,4.207828396678477,True
37,Alder,92,23,0.24517733232508296,-0.08447032852837655,1.0565778625520332,0.994756032473427,0.051676098984878474,0.07502932180834371,0.12800351912042102,0.04182583732103369,0.14248194455842172,0.3478727200917442,-0.2335753393232542,0.0646346822665011,0.8021977663412978,1.3109579587627687,0.9116359698772596,1.0778760950695945,True
37,Aspen,53,13,0.3208970524066207,0.059479835406567906,0.7047122400624797,1.0975162402683432,0.15574196449449085,0.21941792192120613,0.3443630415594442,0.07149595338755275,0.007921857176630631,0.6338722476366108,-0.3814569870686449,0.5004166578817807,0.012688799162113407,1.396735680962846,0.9538397427857708,1.2411927377509155,True
37,Birch,96,24,0.7452947693393113,-0.045350361412070335,0.9657739960768441,0.7035444029686527,0.2019442998312816,0.11088133742280133,0.16145915911648107,0.06061157952940496,0.3442159586581265,1.1463735800204962,-0.26557026847273735,0.17486954564859666,0.6451021694091658,1.2864458227445223,0.5831645742165064,0.8239242317207991,True
37,Oak,71,18,0.27794791078089687,-0.12061382396890731,1.1367369837144086,0.9950905429185046,0.05304710249876682,0.054700244658489994,0.10104191019977342,0.06128993654516273,0.17206545103652213,0.3838303705252716,-0.22979596927448093,-0.011431678663333694,0.935056486848987,1.3384174805798301,0.8727553175566796,1.1174257682803297,True
37,Pine,366,91,0.4315060309174598,-0.522201423662845,1.6304365335651443,0.6847903699362545,0.049487888436885126,0.05892368402104157,0.0794306040799949,0.03294353965101412,0.3341861775571686,0.528825884277751,-0.6380771352662888,-0.4063257120594013,1.4742331677407323,1.7866398993895563,0.6200056205910786,0.7495751192814305,True
37,Spruce,6,1,2.072070429411431,0.21010171517462767,0.3802360670422688,0.7289473018853554,1.4232717629041596,0.22680209952707367,0.15456612740646256,0.3269426389522724,-4.051773706347591,8.195914565170453,-0.7657489574563519,1.1859523878056073,-0.28480830296170895,1.0452804370462465,-0.6777733360566995,2.1356679398274103,True
38,Alder,92,23,0.24040046017319663,-0.07072187805594059,1.006953085579012,1.0313836042207682,0.05420530719228277,0.07608534307473969,0.13258989634304874,0.04719542618613413,0.13267880256991302,0.3481221177764803,-0.22192550921057314,0.08048175309869197,0.743458528397456,1.2704476427605682,0.9375926120946764,1.1251745963468602,True
38,Aspen,53,13,0.2608613824888307,0.046380453122964814,0.7307778722494516,1.1409795920879138,0.11619158080182317,0.21061075774899202,0.3282036465164754,0.07555014321919908,0.027365658946585658,0.4943571060310757,-0.3768577103224347,0.4696186165683643,0.0712279514744244,1.3903277930244786,0.9891558951130438,1.2928032890627839,True
38,Birch,96,24,0.5805888715966403,-0.061341760613511806,1.0376219586904536,0.7367618976506577,0.14814791682190792,0.10069715819457517,0.1504062421704048,0.055324431705118776,0.28635432111183484,0.8748234220814457,-0.2613350086596209,0.1386514874325973,0.7389021791317746,1.3363417382491325,0.6268828008480241,0.8466409944532913,True
38,Oak,71,18,0.2799789806535836,-0.08781632230055705,1.042990804031302,1.0451833019513403,0.05583890971189317,0.055995928098133765,0.10121512879961085,0.05311517417412236,0.1685240503889806,0.39143391091818663,-0.19958466257583185,0.023952017974717757,0.8409645613935325,1.2450170466690718,0.9391649705742835,1.1512016333283972,True
38,Pine,366,91,0.44791774162740305,-0.4460428472162034,1.5530061118351424,0.6721048465355877,0.04917196124129759,0.05849082506152594,0.07684025231923747,0.03323926790505471,0.35121917135916214,0.544616311895644,-0.561067324875417,-0.33101836955698977,1.401896773286313,1.7041154503839717,0.6067385361008851,0.7374711569702902,True
38,Spruce,6,1,1.6257037355997555,0.049865253636603164,0.4245418177879791,0.9070462615226251,1.18085122464604,0.24245407742212813,0.17266774498757212,0.33947861818203234,-3.4550890094885607,6.706496480688072,-0.9933304444096761,1.0930609516828824,-0.31838752651327534,1.1674711620892335,-0.5536123416717706,2.367704864717021,True
39,Alder,92,23,0.2623086656224221,-0.04031841123898125,0.965414212933622,1.0149184990898292,0.06372967998048328,0.08191821380836832,0.14237608391144413,0.0480419558004164,0.13565931850827384,0.3889580127365704,-0.20311364728542433,0.12247682480746183,0.682471664382057,1.248356761485187,0.9194452072409948,1.1103917909386638,True
39,Aspen,53,13,0.3947100486738833,0.1729292461535109,0.5308315583183155,1.093391736377343,0.2117035726864881,0.24709046371849008,0.3884283386663774,0.07909666705106627,-0.030724208608673254,0.82014430595644,-0.3236176310659476,0.6694761233729694,-0.24974441246488643,1.3114075291015175,0.934441032932064,1.2523424398226222,True
39,Birch,96,24,0.9019663866036973,0.0873632438667968,0.7405821591787769,0.7317484714979337,0.21725979922811406,0.09442663342255121,0.13417553913981825,0.05779228652408467,0.4704696721331903,1.3334631010742044,-0.10017620072949242,0.274902688463086,0.4740979568236431,1.0070663615339108,0.6169680020071299,0.8465289409887374,True
39,Oak,71,18,0.2578639689226615,-0.13238711458424549,1.1281939974309776,1.0352765626479283,0.05150114458273147,0.060111709583282616,0.10466155288810988,0.04908729331019829,0.15506725409366484,0.36066068375165816,-0.25237058908722004,-0.012403640081270928,0.9192886635210499,1.3370993313409052,0.9372979151242825,1.133255210171574,True
39,Pine,366,91,0.4263654658953199,-0.49022075731549664,1.6064691151485015,0.680816944469181,0.05055476024107394,0.060417114143950026,0.08180958025482397,0.03523139193857404,0.326947567724119,0.5257833640665208,-0.6090333572194112,-0.37140815741158206,1.445587400342252,1.7673508299547511,0.611533044803229,0.7501008441351329,True
39,Spruce,6,1,1.3357045592739443,0.1025023326330559,0.397017059894389,0.9411255805007457,1.0543582680962724,0.24479046169789928,0.17748645566841303,0.3596224320743261,-3.200832921028179,5.872242039576068,-0.9507460155949894,1.155750680861101,-0.3666455230714016,1.1606796428601796,-0.6062048585238189,2.4884560195253105,True
40,Alder,92,23,0.23072352462055531,-0.0667340197897825,1.0335088926329472,1.0157794472625505,0.05514653743088816,0.08118724758019136,0.14242390255789092,0.050000174799183617,0.12113136970361858,0.34031567953749203,-0.22807661405943563,0.09460857447987064,0.7504713145699486,1.3165464706959458,0.9164146066443462,1.115144287880755,True
40,Aspen,53,13,0.3529860037552791,-0.04742706899902063,0.8381032409014201,1.0375115329632092,0.1719084289427501,0.21874739188411432,0.34478596346666723,0.0777823618748929,0.007523081898136996,0.6984489256124212,-0.4870164109159424,0.3921622729179012,0.14522990660905888,1.5309765751937814,0.881202024653999,1.1938210412724195,True
40,Birch,96,24,0.8345385342495554,0.0989138586225028,0.7558223817154105,0.7337607267130624,0.20422204265103644,0.09745322772230777,0.14005732359470519,0.05786969648332244,0.4289359297205218,1.240141138778589,-0.09463666349949519,0.2924643807445008,0.47765644773516985,1.033988315695651,0.6188265143614208,0.848694939064704,True
40,Oak,71,18,0.2787646002990861,-0.044038090208518815,1.0112001025544541,1.030761204671505,0.06817097710564193,0.08568315063047102,0.13496025237322692,0.05764796281446535,0.1426947604941576,0.4148344401040146,-0.2150623746661468,0.12698619424910917,0.741818311356131,1.2805818937527773,0.9156953893012925,1.1458270200417173,True
40,Pine,366,91,0.4489023862186767,-0.48021015205117745,1.5951168331682426,0.6676500061953188,0.05147348208649478,0.05951739260424157,0.079867050624661,0.034563519034671975,0.34767778588055503,0.5501269865567984,-0.5972534146268043,-0.36316688947555065,1.438055178274159,1.7521784880623261,0.5996795045167139,0.7356205078739236,True
40,Spruce,6,1,3.8231009950160586,0.48873763093359013,0.11738101399148146,0.550330441085155,13.057942194917043,1.4998734557231495,1.1222430323724084,1.3162913359843798,-52.36068963415819,60.0068916241903,-5.964696987532404,6.942172249399585,-4.711241032628137,4.9460030606111,-5.113214068763418,6.213874950933728,True
41,Alder,92,23,0.18245849775850487,-0.19056931987732043,1.2123691061362465,1.0330436740262825,0.04360237486318669,0.07718441932128223,0.13794545533260835,0.046489532009431955,0.09580794011032463,0.2691090554066851,-0.34395713411738366,-0.037181505637257195,0.9382315008542332,1.4865067114182597,0.9406554982431942,1.1254318498093707,True
41,Aspen,53,13,0.4165923999755727,0.04394968158248389,0.6544774670927893,1.0682131027421329,0.17969682269233345,0.19807676904125615,0.30976946354404605,0.06632990620267498,0.05547811490225574,0.7777066850488896,-0.35410048853339204,0.44199985169835987,0.031972423935865635,1.276982510249713,0.9349181657561321,1.2015080397281337,True
41,Birch,96,24,1.1102840847627138,0.1139640921553514,0.720945528163482,0.6550536902786288,0.2542537767394469,0.09515639270542227,0.13351489345330622,0.054734972536274976,0.6053141377473509,1.6152540317780768,-0.0750247173673161,0.3029529016780189,0.4557734251666825,0.9861176311602815,0.5463453102656372,0.7637620702916205,True
41,Oak,71,18,0.2617183537479015,-0.10007363857018509,1.0806073988936786,1.0398337965196889,0.055660040247384954,0.061767369050439704,0.11037261231561787,0.053209149747774,0.1506204484287369,0.37281625906706606,-0.22336182320102627,0.023214546060656094,0.8603027426561101,1.3009120551312472,0.933627889112549,1.1460397039268289,True
41,Pine,366,91,0.477180501627956,-0.4352762732164407,1.539444151734209,0.6577337621407492,0.054420306400164146,0.05493755116512865,0.0747048055165816,0.034823820201307566,0.3701608569033559,0.5842001463525561,-0.543313099846911,-0.3272394465859704,1.3925342522048525,1.6863540512635655,0.5892513681150139,0.7262161561664845,True
41,Spruce,6,1,2.0720704294114376,0.210101715174629,0.380236067042268,0.7289473018853541,1.4232717629069582,0.22680209952739075,0.15456612740648712,0.3269426389529148,-4.051773706359626,8.195914565182502,-0.7657489574577148,1.1859523878069729,-0.2848083029618155,1.0452804370463515,-0.6777733360594651,2.1356679398301734,True
42,Alder,92,23,0.21346569214060399,-0.10984891254313227,1.1021632350791837,1.0185588403588195,0.04256698356724428,0.06939429487167183,0.12025134558275805,0.042129641304529335,0.1288727571209845,0.29805862716022347,-0.24775549141871128,0.028057666332446732,0.8631889547702583,1.341137515388109,0.9348350311853557,1.1022826495322833,True
42,Aspen,53,13,0.3313994414762779,0.06664543232787776,0.7377091082985451,1.0502167730353438,0.15412894680604283,0.20358879655760453,0.3201658500869953,0.07486463932889238,0.021665726650044403,0.6411331563025114,-0.34248157179122696,0.4757724364469824,0.0943117441892869,1.3811064724078033,0.8997706477033899,1.2006628983672978,True
42,Birch,96,24,0.8778652214899161,0.03933734544871208,0.8235985589199742,0.7087609409041858,0.2209079207700577,0.10535772778613246,0.14754664480352708,0.059976663632170774,0.4391230227423802,1.316607420237452,-0.1699121960923875,0.24858688698981163,0.5305581865636406,1.1166389312763079,0.589642109927951,0.8278797718804207,True
42,Oak,71,18,0.2509884656237141,-0.09716260903979297,1.0798010964515186,1.0518927284314195,0.04655590927701185,0.05259320783741726,0.0938195053302846,0.04345513735979267,0.15806248177755464,0.3439144494698735,-0.2021390912482665,0.007813873168680568,0.8925365800417497,1.2670656128612874,0.9651559112359566,1.1386295456268825,True
42,Pine,366,91,0.43547825757302366,-0.4817339157366686,1.5930105537792794,0.6789980967775624,0.05098094612145548,0.05850281510338873,0.07807571664759286,0.03561795455092292,0.33522224832670877,0.5357342668193386,-0.5967819722785691,-0.3666858591947682,1.4394716266772678,1.746549480881291,0.6089540067309612,0.7490421868241636,True
42,Spruce,6,1,3.823100995016919,0.48873763093368816,0.11738101399140942,0.5503304410850689,13.05794219362397,1.499873455577331,1.1222430322680061,1.3162913358546338,-52.36068962859369,60.00689161862752,-5.9646969869049,6.942172248772276,-4.711241032179002,4.9460030601618215,-5.113214068205252,6.21387495037539,True
43,Alder,92,23,0.25516876558817647,-0.0750641290724517,0.9937016451385572,1.0257866874506822,0.05593946230411649,0.08219095589219413,0.1441630810823195,0.04563148702407671,0.14400083910710054,0.3663366920692524,-0.23840138269779476,0.08827312455289134,0.7072078152208296,1.2801954750562847,0.9351036957705596,1.1164696791308049,True
43,Aspen,53,13,0.27872435899441655,-0.05700279236694441,0.8831436084571543,1.0777931470985336,0.15587606599018336,0.2586327599757508,0.40457551203121067,0.07794601210857752,-0.03452032328057919,0.5919690412694123,-0.5767447823246036,0.4627391975907148,0.07011867793035054,1.696168538983958,0.9211547713321604,1.2344315228649068,True
43,Birch,96,24,0.8713849320022353,0.06481385138973242,0.6725914368109065,0.828253366603597,0.19152194850130372,0.08391735135162279,0.12256554643279736,0.05645678000903559,0.49100581068797705,1.2517640533164935,-0.10185325188450603,0.23148095466397087,0.4291656821110893,0.9160171915107237,0.7161253283285314,0.9403814048786627,True
43,Oak,71,18,0.25991450444569264,-0.1430157886948203,1.1881520128972982,0.9885035578783931,0.052474213185207674,0.06581183110831451,0.12108184602543569,0.050278955428501866,0.15517553655711377,0.3646534723342715,-0.27437675338071793,-0.011654824008922648,0.946471636709724,1.4298323890848725,0.8881463428114378,1.0888607729453483,True
43,Pine,366,91,0.42741745769186335,-0.421007180561408,1.5181451731306501,0.6943386585391415,0.04880252341407784,0.060650942580441125,0.08141305711677314,0.03491081405064764,0.3314454012496594,0.5233895141340673,-0.5402796131611508,-0.3017347479616652,1.3580432364654358,1.6782471097958644,0.6256851877322293,0.7629921293460536,True
43,Spruce,6,1,1.981356072724705,0.12514672044812758,0.3961319862035022,0.8072516683329553,1.6552323142507948,0.25705796323928803,0.1859182628617155,0.37960210155735075,-5.140533762467739,9.103245907917149,-0.9808844267735255,1.2311778676697807,-0.4038097349988229,1.1960737074058274,-0.826044350131172,2.4405476867970823,True
44,Alder,92,23,0.19644889520476116,-0.12480829674357106,1.1358264997490037,1.0249460103356078,0.039397323818900584,0.0671820260329156,0.11721066221759,0.041531596952071544,0.11815499287798843,0.2747427975315339,-0.258318456177608,0.00870186269046587,0.9028949386738375,1.3687580608241698,0.942410688642503,1.1074813320287127,True
44,Aspen,53,13,0.2962874516814718,-0.03539678473120888,0.8599929316180936,1.0619389298115869,0.15124841217766466,0.23440931976773827,0.36688119539254244,0.08297999993096329,-0.007657612085879617,0.6002325154488233,-0.5064599490887652,0.4356663796263475,0.12271756638886622,1.597268296847321,0.8951843767733371,1.2286934828498368,True
44,Birch,96,24,0.83820688446539,0.08828738715053308,0.6544697237333668,0.841757242927053,0.19614643218901268,0.09027340289102868,0.13209488764372082,0.059012098534104364,0.4486431393760093,1.2277706295547708,-0.09100338311595557,0.26757815741702173,0.39211787484497596,0.9168215726217576,0.7245541214938965,0.9589603643602095,True
44,Oak,71,18,0.26072480594447345,-0.10226128793673599,1.0834733514575867,1.04201484043687,0.05342252477591941,0.05993176375836775,0.10692051318580809,0.050219624342137156,0.15409300019861494,0.36735661169033196,-0.22188558906990852,0.01736301319643653,0.8700591139220419,1.2968875889931315,0.9417760507139522,1.142253630159788,True
44,Pine,366,91,0.47601474980308095,-0.47847067237248814,1.5637221254395837,0.6751736419003693,0.054419606403677497,0.05962772845320926,0.08093979167939012,0.03430190337026137,0.36899648164874044,0.5830330179574215,-0.5957309146775212,-0.3612104300674552,1.4045508836256024,1.722893367253565,0.6077176175797885,0.7426296662209502,True
44,Spruce,6,1,1.3357045592739458,0.10250233263305676,0.397017059894387,0.9411255805007465,1.054358268092314,0.24479046169721078,0.17748645566828453,0.3596224320730085,-3.2008329210111457,5.872242039559038,-0.950746015592026,1.1557506808581395,-0.3666455230708507,1.1606796428596247,-0.6062048585181489,2.4884560195196417,True
45,Alder,92,23,0.2846006533686949,-0.07825709706899443,0.9896649928658473,0.9972063449502241,0.061608534046647005,0.07796406069438304,0.13630814819158915,0.04334858064711111,0.1621666380706873,0.40703466866670246,-0.23319428470802395,0.0766800905700351,0.7187811914707971,1.2605487942608975,0.9110601499754036,1.0833525399250445,True
45,Aspen,53,13,0.6267108308042847,0.34796761189484837,0.2565393568987707,1.050951166563428,0.39357586668004163,0.3049524314739527,0.4726207906753303,0.08211349995146681,-0.164209484807606,1.4176311464161753,-0.2648572428975583,0.960792466687255,-0.6932276805948149,1.2063063943923562,0.8859379104269471,1.2159644226999087,True
45,Birch,96,24,0.9684105128081689,0.10641517028395743,0.7320819596032075,0.6986080186342533,0.24756309079360048,0.10460600764585305,0.14350092943829776,0.06131015519210922,0.47672884560086876,1.4600921800154691,-0.10134139017235662,0.3141717307402715,0.44707672717603475,1.0170871920303803,0.5768407583170548,0.8203752789514517,True
45,Oak,71,18,0.35564363068917354,-0.05242557759089783,1.0638646418417246,0.9249079698164683,0.07471925322024,0.08374144816325242,0.14553329626313335,0.052264317955633945,0.20650337705504299,0.5047838843233041,-0.21957420770292596,0.1147230525211303,0.773378966711672,1.3543503169717772,0.8205879545595887,1.029227985073348,True
45,Pine,366,91,0.41388115851188306,-0.5160132432019874,1.6239783982788512,0.6982002672003672,0.048201375988559066,0.06026219124456075,0.0804129376334739,0.034125241538889656,0.3190912818140021,0.508671035209764,-0.6345211812113064,-0.39750530519266836,1.4658432353946922,1.7821135611630101,0.6310916552278679,0.7653088791728665,True
45,Spruce,6,1,3.823100995016007,0.4887376309335849,0.1173810139914846,0.5503304410851607,13.057942195195984,1.499873455754729,1.1222430323954773,1.3162913360118977,-52.360689635358426,60.00689162539044,-5.964696987668286,6.942172249535456,-4.711241032727392,4.94600306071036,-5.113214068881812,6.2138749510521345,True
46,Alder,92,23,0.2559196020316361,-0.08711344722612824,1.0277893411034023,1.0049983578521242,0.05774714785164506,0.0857285200994199,0.14694103702081568,0.04761581167572965,0.14115928038315487,0.3706799236801174,-0.25748086634668055,0.0832539718944241,0.7357749075041536,1.3198037747026508,0.910371937903237,1.0996247778010113,True
46,Aspen,53,13,0.22736884520738135,-0.17734128584302847,1.0138569117730962,1.1257616444911165,0.12895928901253756,0.24871044882939572,0.3638977844035111,0.1242104231718687,-0.031784548590006984,0.48652223900476965,-0.677143645025881,0.3224610733398241,0.2825769353896055,1.745136888156587,0.8761514538915852,1.3753718350906476,True
46,Birch,96,24,1.177275211527911,0.20071771656253282,0.6292113897986076,0.6490820387868027,0.28820448947990535,0.09981647846997044,0.14010752085237724,0.05840011586621509,0.6048762184879851,1.749674204567837,0.002473574467077466,0.39896185865798817,0.350945759731756,0.9074770198654591,0.5330943677565523,0.7650697098170531,True
46,Oak,71,18,0.27197021921480447,-0.04499553524881168,1.0182810539448812,1.0335494640861,0.05390140719661778,0.06634806703125933,0.10727350141742158,0.04955718841807415,0.16438256015663616,0.37955787827297277,-0.1774268313166356,0.08743576081901226,0.8041622489501633,1.232399858939599,0.9346329020016184,1.1324660261705817,True
46,Pine,366,91,0.45310432150187685,-0.4332501622518485,1.5145879546848078,0.6916561386445695,0.052886498578532865,0.06119783781177955,0.0818287797361723,0.035182446079553426,0.3491009693894458,0.5571076736143079,-0.5535980855503948,-0.3129022389533021,1.3536684833533068,1.6755074260163088,0.6224684929100933,0.7608437843790458,True
46,Spruce,6,1,3.8231009950164445,0.48873763093363326,0.11738101399145015,0.5503304410851162,13.057942193978237,1.4998734556169964,1.122243032296672,1.31629133588993,-52.36068963011844,60.006891620151336,-5.964696987075621,6.942172248942887,-4.711241032302302,4.946003060285202,-5.113214068357072,6.213874950527305,True
47,Alder,92,23,0.21898681247768084,-0.12973527569056967,1.1112832993658088,1.0161715551189787,0.04998862800785547,0.0823099408106476,0.14463112284651447,0.048676722564255766,0.11964491868085415,0.31832870627450754,-0.2933089868384231,0.03383843545728374,0.8238593347937788,1.3987072639378388,0.9194367977138346,1.112906312524123,True
47,Aspen,53,13,0.26361252327327844,-0.07306384906187958,0.9138074887557117,1.0808616139204144,0.12894156395154988,0.22808224902082502,0.3563902323948905,0.08078407554678993,0.004494749319527591,0.5227302972270294,-0.5314122887228744,0.3852845905991152,0.1976145029802049,1.6300004745312187,0.9185199361472076,1.243203291693621,True
47,Birch,96,24,0.8147673201854199,0.06468212026197344,0.790692541961483,0.7373863528422847,0.20722253865929477,0.09877451284685261,0.1430170457337689,0.061559936241819005,0.40320547159031794,1.2263291687805218,-0.13149258816667414,0.260856828690621,0.5066483443388706,1.0747367395840954,0.615123005800024,0.8596496998845454,True
47,Oak,71,18,0.28844535696208423,-0.11762829302856173,1.089926113426304,1.0249436956226954,0.05553141363852642,0.05703924227721063,0.09990119717331955,0.04646462122558423,0.17760419142875122,0.39928652249541724,-0.231479097121147,-0.0037774889359764446,0.89052248929123,1.2893297375613781,0.9321999234898082,1.1176874677555826,True
47,Pine,366,91,0.4424755476253494,-0.4640439991772499,1.5467358827519588,0.6996745356509531,0.05027094328107259,0.05908981314199323,0.0799151904244863,0.03389321492057486,0.3436157865216397,0.5413353087290591,-0.5802464101449333,-0.34784158820956657,1.3895795590730924,1.7038922064308253,0.6330222130289052,0.766326858273001,True
47,Spruce,6,1,1.335704559273936,0.1025023326330537,0.39701705989438973,0.9411255805007489,1.0543582680942356,0.24479046169760973,0.17748645566838336,0.35962243207365385,-3.2008329210194235,5.872242039567296,-0.9507460155937457,1.155750680859853,-0.3666455230712732,1.1606796428600528,-0.6062048585209233,2.4884560195224212,True
48,Alder,92,23,0.28181425062963134,-0.001243034589624668,0.877420253295315,1.0349457564505318,0.0655850171372848,0.07991861422876446,0.1443222229112486,0.04603070653937486,0.15147781078792671,0.41215069047133596,-0.16006448665780032,0.157578417478551,0.590610162433886,1.164230344156744,0.9434693998738143,1.1264221130272492,True
48,Aspen,53,13,0.2790269440865806,-0.07066221528855623,0.9131354075122146,1.0620332331943254,0.14036860445984703,0.22200612420184793,0.3495407498279194,0.07748572271040893,-0.003054327506316956,0.5611082156794781,-0.5168002249756283,0.37547579439851575,0.21070697229044122,1.6155638427339878,0.9063198436044249,1.217746622784226,True
48,Birch,96,24,0.9648351179947947,0.1256957190360783,0.7044233431214701,0.712479847806561,0.24191905894598223,0.10301281630680353,0.14639095174674424,0.05856187318861232,0.48436298521248555,1.4453072507771039,-0.07889662590146446,0.33028806397362104,0.4136782769318083,0.9951684093111319,0.5961709127716308,0.8287887828414913,True
48,Oak,71,18,0.26074079573363984,-0.10564174970303807,1.0797135027947469,1.0505363270375796,0.04678429835986343,0.05158126095348711,0.0923084705475982,0.049235707952238264,0.16735894537014046,0.3541226460971392,-0.20859837747735716,-0.0026851219287189754,0.8954650244344429,1.2639619811550509,0.9522614426485623,1.148811211426597,True
48,Pine,366,91,0.40181296286635165,-0.4632256338198976,1.5666136473250583,0.7094121308716814,0.047557259873712086,0.058511395061435365,0.07833644195309139,0.03478189192426195,0.3082897655080803,0.495336160224623,-0.5782905631823064,-0.34816070445748876,1.4125619937903804,1.7206653008597361,0.6410121904300979,0.7778120713132649,True
48,Spruce,6,1,1.3357045592739323,0.10250233263305354,0.3970170598943891,0.9411255805007503,1.054358268095762,0.24479046169793878,0.17748645566847399,0.3596224320741499,-3.2008329210259947,5.872242039573859,-0.9507460155951616,1.1557506808612688,-0.3666455230716637,1.160679642860442,-0.6062048585230562,2.488456019524557,True
49,Alder,92,23,0.2667905622619692,-0.0805862912719882,1.0206349576651697,0.9979317496636827,0.06305628229030116,0.0806031095957096,0.14724093691991746,0.04873706716463896,0.14147945155252054,0.39210167297141785,-0.24076803404541786,0.07959545150144144,0.7280245360359722,1.3132453792943672,0.9010770700457997,1.0947864292815657,True
49,Aspen,53,13,0.26217018748363735,-0.06648635629673381,0.9230416301170332,1.072513820884449,0.12161142102233967,0.20885795135878454,0.32717186348220717,0.07260064687186105,0.017782887245045315,0.5065574877222294,-0.4862021234248905,0.35322941083142284,0.26556515497776156,1.5805181052563049,0.9266173587311926,1.2184102830377053,True
49,Birch,96,24,1.02298288564877,0.131958773400582,0.7195903722663701,0.6691816362340921,0.2524182043833874,0.10104785292930842,0.14548628229078456,0.0597939739636693,0.5216585437735505,1.5243072275239893,-0.06873098465960759,0.3326485314607716,0.43064205770455344,1.008538686828187,0.5504256427087164,0.7879376297594678,True
49,Oak,71,18,0.253770649322527,-0.11755061990631584,1.119140442824366,1.0317312157976293,0.050601825911338195,0.058966453320417486,0.10384748242954618,0.048252136849899686,0.1527689820745623,0.35477231657049174,-0.23524815334111182,0.00014691352848013317,0.9118600003504967,1.3264208852982353,0.9354195475456577,1.1280428840496008,True
49,Pine,366,91,0.45503237294303334,-0.4885485808089562,1.5952291145166524,0.669981492661669,0.05114035981600196,0.05649097984954218,0.07621200196090237,0.0336371195922667,0.3544628704791472,0.5556018754069194,-0.5996402852397918,-0.37745687637812053,1.4453552546814623,1.7451029743518425,0.6038327914424415,0.7361301938808964,True
49,Spruce,6,1,4.705933955981792,0.1228948039719545,1.2079429935114332,-0.18884410305219784,6.0943811850140746,0.24024654317056207,0.8344436968413327,1.1296978318176907,-21.516071885527825,30.92793979749141,-0.9108026408009263,1.1565922487448352,-2.3823784564806667,4.798264443503533,-5.049541562854397,4.6718533567500025,True
50,Alder,92,23,0.24301511944656257,-0.09059495256601197,1.0292225217964057,1.02558069839776,0.05833193698794935,0.08667714545971639,0.1462255126110506,0.0486203975010618,0.12709265227444044,0.3589375866186847,-0.2628475652506033,0.08165766011857939,0.7386300426047225,1.319815000988089,0.9289578752198372,1.122203521575683,True
50,Aspen,53,13,0.3277761962217979,-0.039348398045205096,0.7775775164180745,1.103170239918205,0.17656518190804657,0.24085916086583226,0.35687210630016686,0.1141484918607173,-0.027044821079832138,0.682597213523428,-0.5233730033569096,0.4446762072664995,0.06041616877510547,1.4947388640610435,0.873780257319259,1.3325602225171511,True
50,Birch,96,24,0.9318734256414568,0.07823448295094805,0.7875120416268087,0.6824347460834844,0.22661296722929566,0.0955760188069459,0.13516043120716562,0.05988815473339642,0.4818005121836579,1.3819463390992557,-0.11158774023019107,0.26805670613208715,0.5190717586130424,1.0559523246405749,0.5634917014200338,0.801377790746935,True
50,Oak,71,18,0.2495572325053407,-0.11332220633521681,1.1129741028830549,1.0383017239415127,0.05397491875349744,0.06417126132512292,0.11597545808666167,0.056747614216424845,0.14182284376552318,0.35729162124515823,-0.24140858002850255,0.01476416735806893,0.8814861196801675,1.3444620860859422,0.925033011894524,1.1515704359885013,True
50,Pine,366,91,0.44154475880946176,-0.4850267631323775,1.5636528183290554,0.705513036633436,0.04972106933432966,0.060266608661711706,0.07970356976398421,0.03402910763068309,0.34376634616401003,0.5393231714549135,-0.6035433881639749,-0.36651013810078015,1.4069126548925952,1.7203929817655157,0.6385934757226231,0.7724325975442489,True
50,Spruce,6,1,1.3357045592739252,0.10250233263305206,0.3970170598943901,0.9411255805007523,1.054358268097912,0.2447904616983947,0.17748645566858173,0.3596224320748542,-3.200832921035252,5.872242039583103,-0.9507460155971248,1.155750680863229,-0.36664552307212633,1.1606796428609065,-0.6062048585260846,2.4884560195275895,True
51,Alder,92,23,0.17686161863726374,-0.1895627816513241,1.2511595529783124,1.0114703124407232,0.037113579734565506,0.06797883578484856,0.12244627734441235,0.03735760913214641,0.10310617778315824,0.25061705949136925,-0.32465643302957603,-0.05446913027307215,1.0078233070254554,1.4944957989311694,0.9372299144380842,1.085710710443362,True
51,Aspen,53,13,0.34662409986777126,-0.028749821503270337,0.7708871966381614,1.083857655336679,0.16700935276203654,0.22224840132037582,0.3461880767136786,0.08110581236300551,0.011006240188200844,0.6822419595473417,-0.475374705288259,0.41787506228171833,0.07519621028495527,1.4665781829913676,0.9208694232247325,1.2468458874486255,True
51,Birch,96,24,1.0038047518788669,0.1021716507954059,0.7198550765014643,0.7037283361612117,0.25229789222697774,0.09900633834588031,0.14420818071789665,0.06066179322893349,0.5027193603312555,1.5048901434264783,-0.09446348308478096,0.29880678467559274,0.43344518198523396,1.0062649710176945,0.5832487786675081,0.8242078936549152,True
51,Oak,71,18,0.24225136113809187,-0.16277626189376987,1.2082256210969542,1.0104533756224732,0.04858343766406818,0.06644053233574625,0.12354265496284841,0.05248976234015952,0.14527841369334454,0.3392243085828392,-0.2953921194818072,-0.030160404305732524,0.961633449712644,1.4548177924812644,0.9056833714907124,1.115223379754234,True
51,Pine,366,91,0.43642983280965725,-0.46830648950322423,1.5642384457215297,0.6917540650942628,0.051936902511265176,0.06121005443202684,0.08042387447329497,0.035164231141474024,0.33429389821971484,0.5385657673995997,-0.5886784372596445,-0.3479345417468039,1.4060817751173762,1.7223951163256832,0.6226022397424872,0.7609058904460385,True
51,Spruce,6,1,3.8231009950161803,0.4887376309336043,0.1173810139914709,0.550330441085143,13.057942192862154,1.4998734554903916,1.122243032205566,1.3162913357784978,-52.36068962531659,60.006891615348955,-5.964696986530914,6.942172248398123,-4.7112410319102835,4.946003059893226,-5.113214067877591,6.213874950047877,True
52,Alder,92,23,0.2714741849388378,-0.019203390130249662,0.9131352911528082,1.0315688199481161,0.05824725860789483,0.07448638992732771,0.1316714018133831,0.04487208946985382,0.15571999825316835,0.38722837162450724,-0.1672294379006905,0.12882265764019118,0.6514660488409596,1.1748045334646569,0.9423949713308782,1.120742668565354,True
52,Aspen,53,13,0.3621361087745945,0.05845074938877005,0.6707321671445268,1.091179149304865,0.24349114020268758,0.29946579628107495,0.43310193151071286,0.13003487018599852,-0.12717765703709033,0.8514498745862793,-0.5433482991848677,0.6602497979624078,-0.1996187495722458,1.5410830838612992,0.8298642942157672,1.3524940043939628,True
52,Birch,96,24,1.2118611380562754,0.16119571783200257,0.6632756373829453,0.6400028093340004,0.27741406224230436,0.09097637815750449,0.13147610429789286,0.054804450712668255,0.6608928649070056,1.7628294112055451,-0.019491221992388758,0.3418826576563939,0.4021527456308606,0.9243985291350298,0.5311564396655474,0.7488491790024535,True
52,Oak,71,18,0.23740104930213068,-0.10611225939900996,1.0521244726660322,1.102571300125946,0.04333830014532315,0.051004607664855005,0.09327474909617016,0.04986348323796125,0.15089744016280998,0.3239046584414514,-0.20791788239184322,-0.00430663640617672,0.8659472942504631,1.2383016510816012,1.0030433710221751,1.202099229229717,True
52,Pine,366,91,0.4404290862449484,-0.4314561968349133,1.4976789238242094,0.7140012247834899,0.04938366342702813,0.05958800942090743,0.0790060966375933,0.03552771743401706,0.3433141954117752,0.5375439770781216,-0.5486383301213295,-0.31427406354849724,1.3423103683614794,1.6530474792869394,0.6441345895296131,0.7838678600373667,True
52,Spruce,6,1,0.5247190316999347,-0.14829385272844967,0.4282789268561999,1.4210034961530587,0.7128407466752024,0.350020150900804,0.17499543256028297,0.6476992394237766,-2.5423871528207607,3.5918252162206303,-1.6543090104504494,1.3577213049935501,-0.3246656487336587,1.1812235024460584,-1.3658214043757686,4.207828396681886,True
53,Alder,92,23,0.22749431019102806,-0.01339568377840433,0.950258960832856,1.045205705351617,0.05314854760158027,0.07844815321796024,0.1390057308721834,0.0430451226877251,0.12187274021191066,0.3331158801701455,-0.16929490358317936,0.1425035360263707,0.6740142807171168,1.2265036409485952,0.9596625693038867,1.1307488413993474,True
53,Aspen,53,13,0.3889927458949268,0.0559496371098524,0.7140246955584147,1.0350878323731036,0.200352235882679,0.23251126002068756,0.36683299912285733,0.07637587151631513,-0.013630146038381252,0.7916156378282349,-0.4112992333814391,0.5231985076011438,-0.02315381564073149,1.4512032067575609,0.8816047722597523,1.1885708924864549,True
53,Birch,96,24,0.8798970292217676,0.08110044797043817,0.7566537851424606,0.7353699813847364,0.21321832741273156,0.09355520725917353,0.134222706583157,0.05905238683925927,0.4564270266241354,1.3033670318193997,-0.10470826904653341,0.26690916498740974,0.49007590417350616,1.0232316661114151,0.6180868438999786,0.8526531188694942,True
53,Oak,71,18,0.3503202435563853,-0.05764041876878136,0.9825227311208942,1.0083578657484227,0.05167422765359677,0.04157877686531127,0.07568153231920156,0.03473579090173418,0.24717805347200117,0.45346243364076944,-0.14063200474209636,0.02535116720453366,0.8314617603663323,1.133583701875456,0.9390249369248853,1.07769079457196,True
53,Pine,366,91,0.4500138405510239,-0.5210805082251064,1.610792009869509,0.6870820331632934,0.05168014860103082,0.061152106346733015,0.07985779049868276,0.03500949747773696,0.348382822490821,0.5516448586112268,-0.6413384988226858,-0.400822517627527,1.4537485653725704,1.7678354543664476,0.6182344975668586,0.7559295687597283,True
53,Spruce,6,1,0.5247190316999244,-0.14829385272845427,0.4282789268562006,1.421003496153068,0.7128407466732585,0.3500201509000795,0.17499543256029612,0.6476992394219717,-2.542387152812407,3.591825216212256,-1.6543090104473368,1.3577213049904282,-0.3246656487337146,1.181223502446116,-1.3658214043679935,4.207828396674129,True
54,Alder,92,23,0.24405395786314155,-0.07745008206755682,1.041137314139842,1.0000973399153543,0.054665284990892814,0.07470027214283335,0.13608008602348737,0.04297249400007251,0.13541819104263284,0.35268972468365023,-0.22590117579713967,0.07100101166202602,0.7707067383800119,1.3115678898996719,0.914698538122492,1.0854961417082167,True
54,Aspen,53,13,0.2890274325579008,0.011356854406875144,0.8094934846918358,1.0757525075841388,0.12936216522641422,0.20511602231130616,0.32237651319469274,0.07507337437259329,0.02906442869747755,0.548990436418324,-0.4008392247683743,0.42355293358212465,0.16165362674371364,1.457333342639958,0.9248869134772424,1.2266181016910351,True
54,Birch,96,24,0.5996660564322605,-0.08682770398529491,1.071466367733373,0.7132983997587276,0.1539248922579766,0.10598916008699487,0.15824027610637514,0.05721268413941167,0.29395793408051624,0.9053741787840046,-0.2973313245792183,0.12367591660862845,0.7571875205679324,1.3857452148988134,0.5996690706333951,0.82692772888406,True
54,Oak,71,18,0.3020215632262924,-0.03487745995860953,1.0006511705543388,1.01003850583011,0.05486304291959906,0.06539138669010754,0.10563339596949649,0.04010359065177576,0.19251447123152432,0.4115286552210605,-0.16539921407336272,0.09564429415614367,0.7898060297351618,1.2114963113735158,0.9299914038627548,1.0900856077974652,True
54,Pine,366,91,0.41957103854859745,-0.44778014211695366,1.5473091772474683,0.7003698816115755,0.049510250170581235,0.059907971998855454,0.08030227122299437,0.03598519520741271,0.3222072099710778,0.516934867126117,-0.5655914942314553,-0.32996879000245205,1.3893916441547582,1.7052267103401784,0.6296035985604556,0.7711361646626955,True
54,Spruce,6,1,1.625703735599714,0.049865253636595025,0.42454181778798317,0.9070462615226362,1.180851224638206,0.24245407742079955,0.1726677449872924,0.3394786181799003,-3.4550890094548947,6.706496480654323,-0.993330444403968,1.093060951677158,-0.3183875265120678,1.167471162088034,-0.5536123416625862,2.367704864707859,True
55,Alder,92,23,0.2299467896605951,-0.11135676598717573,1.0364741994805833,1.0534631430113115,0.05192076088916636,0.07739496512507298,0.13314604493723756,0.04788882845936668,0.12676518777123225,0.33312839154995794,-0.265162995769195,0.04244946379484357,0.7718744138344558,1.3010739851267108,0.9582941595753737,1.1486321264472494,True
55,Aspen,53,13,0.22081223875129138,-0.13305432910898443,1.005180722625489,1.104368024267757,0.10823263709187128,0.21577915983044815,0.34620347737253027,0.0772827069757463,0.0033106114022712074,0.43831386610031153,-0.5666787853928054,0.30057012717483655,0.3094587874896191,1.7009026577613588,0.949062610070982,1.2596734384645318,True
55,Birch,96,24,0.5949212080673769,-0.1179260600301223,1.0841673701919636,0.7305508350502181,0.1579930022496877,0.10922034350771033,0.16776067890185475,0.055465004166362714,0.28113346812524304,0.9087089480095107,-0.334847089803488,0.09899496974324336,0.7509801813025578,1.4173545590813694,0.6203925492057677,0.8407091208946685,True
55,Oak,71,18,0.2255985219589945,-0.11353922194404116,1.123239148468323,1.056578046222266,0.048775360028987226,0.06100786669370893,0.10805399385290916,0.05163206806879452,0.12824249587054448,0.3229545480474445,-0.2353114335259458,0.008232989637863494,0.9075624740521184,1.3389158228845277,0.9535200070213494,1.1596360854231826,True
55,Pine,366,91,0.5329153914438483,-0.46974562584019874,1.5654298358129632,0.6349347889597821,0.05446633942159282,0.05222818579786306,0.06877058064999973,0.03174952678852246,0.4258052209959516,0.640025561891745,-0.5724543803186714,-0.36703687136172614,1.430189819805901,1.7006698518200254,0.572498112251332,0.6973714656682322,True
55,Spruce,6,1,4.705933955981825,0.12289480397195376,1.2079429935114405,-0.18884410305220603,6.094381185126739,0.24024654317400118,0.834443696841445,1.1296978318299777,-21.516071886012547,30.927939797976194,-0.9108026408157244,1.1565922487596318,-2.3823784564811428,4.798264443504024,-5.049541562907273,4.671853356802861,True
56,Alder,92,23,0.19374953338506762,-0.12885682462748344,1.1276911087581685,1.0409213604466414,0.0477575364770148,0.0769658403145317,0.13893040062169776,0.04746075671124519,0.09884146517499126,0.288657601595144,-0.28181025902276646,0.024096609767799593,0.8515961316857346,1.4037860858306024,0.946603079657166,1.1352396412361168,True
56,Aspen,53,13,0.2819315417622088,0.023316528425022263,0.8161151209938657,1.0666984392574659,0.12405036797727959,0.19828166756753998,0.3116403380874901,0.07427972298327365,0.03264299411829774,0.5312200894061199,-0.375145400695398,0.42177845754544246,0.1898504146826614,1.44237982730507,0.9174277473294595,1.2159691311854723,True
56,Birch,96,24,0.9033680079260623,0.09694292103645191,0.7270859275649403,0.7332891357356015,0.23437344031675264,0.10196565116902392,0.1499474776217783,0.0592661721473424,0.43788212505619756,1.3688538907959271,-0.10556966354935851,0.2994555056222623,0.42927729399899067,1.02489456113089,0.6155814021756946,0.8509968692955084,True
56,Oak,71,18,0.27997881509368094,-0.131589541532706,1.112293846320067,1.0267792200763537,0.04795112857984017,0.05205342081970576,0.090283507895373,0.043815433769014686,0.18426796186337882,0.3756896683239831,-0.23548860434443297,-0.027690478720979017,0.9320872103301936,1.2925004823099402,0.9393232482381583,1.114235191914549,True
56,Pine,366,91,0.47632715257536096,-0.5314496336060147,1.6505757157932108,0.6479806600946159,0.052262406081584334,0.05601845999313975,0.07575285107135446,0.03381779334237156,0.3735511025807754,0.5791032025699465,-0.6416121093995534,-0.42128715781247605,1.5016047940031152,1.7995466375833065,0.5814766569334056,0.7144846632558262,True
56,Spruce,6,1,3.8231009950163037,0.48873763093361894,0.11738101399145959,0.550330441085131,13.057942193413748,1.4998734555516342,1.1222430322485304,1.316291335834372,-52.36068962768979,60.006891617722395,-5.964696986794405,6.942172248661643,-4.711241032095155,4.946003060078074,-5.113214068118011,6.213874950288273,True
57,Alder,92,23,0.26673001816379444,-0.013356089187607518,0.91558269214231,1.0283994019774951,0.06308210364396236,0.08085957154958145,0.13986707041305535,0.04687987045328345,0.14136759293991868,0.3920924433876702,-0.1740474962026815,0.14733531782746645,0.6376262806868176,1.1935391035978025,0.9352355105610868,1.1215632933939035,True
57,Aspen,53,13,0.4536874715487628,0.10540584033369532,0.6315653703964462,1.021968743004529,0.24396873547098202,0.25277533255525547,0.3939438188975979,0.08597757868210794,-0.03658605788745661,0.9439610009849823,-0.40256520852645467,0.6133768891938454,-0.16009437288029227,1.4232251136731846,0.8491903299366341,1.1947471560724239,True
57,Birch,96,24,0.9465714700823658,0.032689085269677176,0.8316526436574261,0.6777378189911918,0.225747650405757,0.09283610821229828,0.1379175973283345,0.055244962776448865,0.49821715052762455,1.394925789637107,-0.15169143896976287,0.21706960950911722,0.5577363907368452,1.1055688965780068,0.5680165543404122,0.7874590836419714,True
57,Oak,71,18,0.2859764994317872,-0.11233444276860474,1.1003485316974186,1.0117467181752715,0.056897591745244676,0.05782583621763813,0.10401433262088414,0.0516174493734227,0.1724084309843581,0.39954456787921633,-0.22775529493750898,0.0030864094002995,0.892735054847768,1.3079620085470693,0.908717858012442,1.114775578338101,True
57,Pine,366,91,0.4131057291589158,-0.4483917515461976,1.5495987068319235,0.7030638037033521,0.04737763171423027,0.059745739879116584,0.07907639224940757,0.03443541316194702,0.31993577754808517,0.5062756807697464,-0.565884067900597,-0.33089943519179826,1.3940919123202118,1.7051055013436351,0.6353452271955713,0.7707823802111329,True
57,Spruce,6,1,1.6257037355997137,0.04986525363659493,0.42454181778798283,0.9070462615226367,1.180851224641651,0.24245407742136857,0.17266774498743262,0.3394786181807983,-3.455089009469718,6.706496480669145,-0.9933304444064164,1.0930609516796062,-0.31838752651267144,1.167471162088637,-0.5536123416664493,2.3677048647117225,True
58,Alder,92,23,0.284515188360903,-0.05279727143672754,0.9663918709619143,0.9995126822162733,0.06493774740753212,0.07953540042392244,0.14078893932441666,0.04800373498584596,0.1554650610929479,0.4135653156288581,-0.21085716659447729,0.10526262372102219,0.6866034387621707,1.2461803031616578,0.9041153462048602,1.0949100182276863,True
58,Aspen,53,13,0.23330489650879085,-0.1104391785893156,1.0029103736574352,1.0733401291308402,0.11433003172448523,0.22102368386458776,0.3508738399848749,0.08339220592361932,0.003550095895064942,0.46305969712251677,-0.5546029005026727,0.33372454332404144,0.29780299346738326,1.708017753847487,0.9057572171371525,1.2409230411245278,True
58,Birch,96,24,1.1302469867324312,0.16177017342997727,0.5553371265252839,0.7709871984214541,0.26041254834984184,0.08789316158312158,0.12949833358681012,0.060031357893616064,0.6130451876924358,1.6474487857724265,-0.01279323214383521,0.33633357900378974,0.29814225812054734,0.8125319949300205,0.651759739920947,0.8902146569219612,True
58,Oak,71,18,0.26400859982050806,-0.10791090140503992,1.1052359285407571,1.0243139951600064,0.05245818008922387,0.05762805891475234,0.10229061943370947,0.04871995417990325,0.15930163412545376,0.3687155655155624,-0.22293698842514753,0.007115185615067687,0.9010629976126507,1.3094088594688635,0.9270685596091899,1.121559430710823,True
58,Pine,366,91,0.4431238974152333,-0.3946419859738277,1.4492230120840859,0.7206835053739173,0.049912332508489664,0.05781698024801334,0.07795504483895374,0.03572038363173709,0.344969358314392,0.5412784365160745,-0.5083413216536604,-0.280942650293995,1.295921390777339,1.6025246333908327,0.6504379845643654,0.7909290261834693,True
58,Spruce,6,1,1.9813560727247215,0.1251467204481305,0.3961319862035006,0.8072516683329517,1.6552323142505367,0.25705796323926694,0.18591826286169028,0.37960210155736,-5.140533762466613,9.103245907916056,-0.980884426773432,1.231177867669693,-0.4038097349987159,1.196073707405717,-0.8260443501312155,2.4405476867971188,True
59,Alder,92,23,0.3003730200451714,-0.009347639602003802,0.8898984427307074,1.0136241363909673,0.05926803980611941,0.06659258378960788,0.11826447270872215,0.03794393559599097,0.18259024523006,0.4181557948602828,-0.14168640644001193,0.12299112723600433,0.6548726547470615,1.1249242307143532,0.9382185377492478,1.0890297350326867,True
59,Aspen,53,13,0.31646566278636384,-0.010436339086132396,0.7885736076194992,1.082359062946593,0.1739564381162328,0.25230109134410295,0.39519501279850694,0.08333197491452907,-0.033112887591222606,0.6660442131639503,-0.5174543645519241,0.49658168637965927,-0.0056005039373532295,1.5827477191763517,0.9148971896972803,1.2498209361959054,True
59,Birch,96,24,0.8853775358146728,0.08506330743520567,0.7684214950878832,0.7159943457990074,0.21733198701009,0.0966103151929135,0.13902654898320194,0.059427797058286935,0.4537374501781324,1.3170176214512133,-0.10681311764577571,0.27693973251618703,0.49230276845940973,1.0445402217163566,0.5979656112149951,0.8340230803830198,True
59,Oak,71,18,0.27623737347914207,-0.1067590302084077,1.1053105332625115,1.0127729662858433,0.06407599712964211,0.09393398406987986,0.1560457174528758,0.04729797934257748,0.14834114791587552,0.40413359904240864,-0.294252047138767,0.0807339867219516,0.7938419776167005,1.4167790889083225,0.9183658043895429,1.1071801281821438,True
59,Pine,366,91,0.4612460684950066,-0.4281917389371784,1.529707232692635,0.6712896417640556,0.0529610161881639,0.059973289292071214,0.07937112286983704,0.034886185235286055,0.35709617461102067,0.5653959623789925,-0.5461315400439168,-0.3102519378304399,1.3736208389766136,1.6857936264086566,0.6026846044784581,0.7398946790496531,True
59,Spruce,6,1,3.8231009950167874,0.48873763093367173,0.11738101399142248,0.5503304410850814,13.057942193474721,1.499873455558617,1.1222430322536066,1.316291335840308,-52.36068962795165,60.006891617985225,-5.964696986824396,6.94217224869174,-4.711241032117034,4.946003060099878,-5.113214068143602,6.213874950313764,True
60,Alder,92,23,0.3241324382916837,-0.04310316620817301,0.9569051354218505,0.9614751573899246,0.07049254559732024,0.07770083032383901,0.13733990565620074,0.044741778296376454,0.18404331687998016,0.46422155970338724,-0.19751723879970462,0.11131090638335861,0.6839709328744139,1.2298393379692871,0.8725602748470125,1.0503900399328367,True
60,Aspen,53,13,0.23167525907606445,-0.10189249750523813,0.9544696841728262,1.1091627092116134,0.10890538983421949,0.2093649556196564,0.3334634667582386,0.0751300308673034,0.01282168447531054,0.4505288336768184,-0.5226271278411618,0.31884213283068563,0.28434975888820047,1.624589609457452,0.9581832596159251,1.2601421588073016,True
60,Birch,96,24,0.9702335380214023,0.0405454075750438,0.7175678762871657,0.7729209122283583,0.21213262293186788,0.08980169507135735,0.13298068126323617,0.05456304746950512,0.548919838237466,1.3915472378053386,-0.13780851024519677,0.21889932539528437,0.4534567648114128,0.9816789877629186,0.6645539902380193,0.8812878342186974,True
60,Oak,71,18,0.2564506428679982,-0.09867108249842879,1.084142627080645,1.0435815966322197,0.046836749730174945,0.05172553313245788,0.09607946255987232,0.049575132282988765,0.16296409913117693,0.34993718660481943,-0.201915678747227,0.004573513750369393,0.8923672171608791,1.2759180370004106,0.944629218443465,1.1425339748209744,True
60,Pine,366,91,0.39473921306581544,-0.44154664377398606,1.5387798189968724,0.718916691222311,0.04802663093573637,0.06232456346874313,0.08164162947035601,0.035749443138400644,0.30029297929660437,0.4891854468350265,-0.5641103168080019,-0.3189829707399702,1.3782283859268707,1.6993312520668742,0.6486140237650329,0.7892193586795893,True
60,Spruce,6,1,4.70593395598167,0.12289480397195277,1.2079429935114174,-0.18884410305217417,6.094381184956357,0.2402465431708085,0.8344436968325188,1.129697831804625,-21.516071885279608,30.92793979724295,-0.9108026408019886,1.1565922487458942,-2.3823784564427593,4.7982644434655946,-5.049541562798157,4.671853356693808,True
61,Alder,92,23,0.2323963397710337,-0.09267591900189893,1.0530959871673917,1.0191487350470207,0.05799922961360296,0.08585710137530726,0.15037982689462154,0.0491894918839635,0.11713505859190473,0.3476576209501626,-0.26329886638882927,0.07794702838503141,0.7542476813046447,1.3519442930301389,0.921394956369825,1.1169025137242166,True
61,Aspen,53,13,0.3417309947802588,0.027789346720295486,0.7431240834352321,1.0694286047402681,0.17864930695404518,0.23568202853073067,0.3700577940239033,0.08759520080729001,-0.017278228604890866,0.7007402181654085,-0.44583142165144785,0.5014101150920388,-0.0005348957418768174,1.486783062612341,0.893399458306575,1.2454577511739613,True
61,Birch,96,24,0.5120237085454735,-0.13807677197297138,1.0888901952765007,0.7969223182555861,0.131889513877131,0.10481481134121723,0.15406041710229038,0.05391716088355914,0.2500797496847675,0.7739676674061795,-0.34624803459157705,0.07009449064563428,0.782912908885858,1.3948674816671434,0.6898381827758966,0.9040064537352757,True
61,Oak,71,18,0.24273182114356115,-0.1179490638096348,1.1446116963483206,1.0209680599513926,0.05143143573770722,0.062280810243191036,0.11219357584255481,0.05713968214435356,0.14007424575158237,0.3453893965355399,-0.24226208135050836,0.006363953731238756,0.9206723816986105,1.3685510109980306,0.9069167770449129,1.1350193428578723,True
61,Pine,366,91,0.4122450000272655,-0.44749600589320043,1.5173964680931713,0.7301896533258578,0.04861921432017591,0.058969168126185294,0.07922032695643177,0.035997185436550526,0.3166334280329057,0.5078565720216254,-0.5634611637547616,-0.33153084803163924,1.3616066203936292,1.6731863157927134,0.6593997910237674,0.8009795156279482,True
61,Spruce,6,1,1.3357045592739387,0.10250233263305492,0.3970170598943882,0.9411255805007487,1.0543582680943269,0.2447904616975114,0.17748645566827317,0.35962243207376543,-3.2008329210198134,5.872242039567691,-0.9507460155933214,1.1557506808594313,-0.36664552307080067,1.1606796428595771,-0.6062048585214036,2.488456019522901,True
62,Alder,92,23,0.2095612705883913,-0.1311602812543943,1.1443547661535947,1.0038554352478968,0.04306011873896477,0.0726434641600239,0.12610638688974496,0.045426852206420294,0.12398833304001991,0.2951342081367627,-0.27552390132583604,0.013203338817047466,0.8937448215971263,1.3949647107100631,0.9135791122668943,1.0941317582288992,True
62,Aspen,53,13,0.27456869330221867,-0.061079113744218726,0.9169768946998819,1.061393688214866,0.11594509181052792,0.18871893487210256,0.29885627300694984,0.06434021966103105,0.041568307933105564,0.5075690786713318,-0.44032401204060173,0.3181657845521643,0.3164027290043798,1.517551060395384,0.9320971760326022,1.1906902003971298,True
62,Birch,96,24,0.8690991553443561,0.14108435084770687,0.7187821362015459,0.7180788035412609,0.21649561059675498,0.0998408924064027,0.13903458511436395,0.05986534143019595,0.43912018545816095,1.2990781252305512,-0.057208279432839515,0.33937698112825326,0.44264744912293036,0.9949168232801613,0.5991810680671411,0.8369765390153806,True
62,Oak,71,18,0.2435258831061327,-0.14033524670723754,1.1253494774322919,1.061032108568938,0.04982362441077321,0.06104951683394876,0.10555201482874188,0.0523233819024127,0.1440775125544107,0.3429742536578547,-0.26219059231700725,-0.01847990109746786,0.9146667740499211,1.3360321808146627,0.9565942011808662,1.1654700159570097,True
62,Pine,366,91,0.45902389722991654,-0.4482372759039779,1.5454106585114116,0.6758976857375308,0.05108222017044901,0.05707467752418238,0.07533126862699531,0.033452000446465485,0.3585687286355559,0.5594790658242772,-0.5604768444667652,-0.33599770734119055,1.397268794960821,1.6935525220620022,0.6101130285034602,0.7416823429716015,True
62,Spruce,6,1,1.6257037355997175,0.04986525363659545,0.4245418177879822,0.9070462615226361,1.1808512246470937,0.24245407742222583,0.17266774498762935,0.3394786181822611,-3.4550890094931317,6.706496480692567,-0.9933304444101042,1.0930609516832952,-0.3183875265135185,1.1674711620894829,-0.553612341672744,2.367704864718016,True
63,Alder,92,23,0.22753079013654595,-0.14379418162644242,1.1483794742659155,0.9861354650297652,0.05265796928123325,0.08091196908634027,0.14191514422334667,0.04775000757772963,0.12288414148136008,0.33217743879173184,-0.30458971773525934,0.01700135448237447,0.866352946484805,1.430406002047026,0.8912423589249316,1.0810285711345988,True
63,Aspen,53,13,0.24851222039826706,-0.061342330129185794,0.9070819189337058,1.0981163829339555,0.12347812043264049,0.21930889579104865,0.34439465636729416,0.08049216649706029,0.0003736472495707299,0.4966507935469634,-0.5020600563930341,0.37937539613466253,0.21499494569835764,1.599168892169054,0.9363613183585794,1.2598714475093318,True
63,Birch,96,24,0.9151837965559009,0.11714936626674774,0.587599902610783,0.8478036736323308,0.2035833040332259,0.08664446309083589,0.12586892629459134,0.056795741151150575,0.5108497820558091,1.3195178110559926,-0.054934016317538636,0.2892327488510341,0.33761335036776485,0.8375864548538011,0.7350024292709324,0.9606049179937292,True
63,Oak,71,18,0.2910531893966194,-0.14711960817486192,1.1877992426869801,0.9641600919757676,0.04142165120652975,0.04710056749366938,0.09151814161689831,0.04160301246184654,0.20837522755086402,0.37373115124237477,-0.2411327343715583,-0.05310648197816553,1.005128267474781,1.3704702178991792,0.8811201315493034,1.0472000524022318,True
63,Pine,366,91,0.4522606828438715,-0.49199633646641666,1.5810312049911077,0.6868319946573849,0.05091786044430563,0.05994755384757369,0.07954731444790787,0.03368706965553514,0.3521287340301853,0.5523926316575577,-0.6098855278226936,-0.37410714511013976,1.4245983236983726,1.7374640862838429,0.6205850647000527,0.753078924614717,True
63,Spruce,6,1,2.0720704294114043,0.21010171517462403,0.38023606704227003,0.7289473018853613,1.4232717629044493,0.22680209952716893,0.15456612740649092,0.32694263895235787,-4.051773706348865,8.195914565171673,-0.7657489574567654,1.1859523878060134,-0.28480830296182974,1.0452804370463697,-0.6777733360570614,2.135667939827784,True
64,Alder,92,23,0.3118274910472166,-0.010762467208862956,0.8907866883917333,1.006530284733129,0.06275073870338657,0.07374922360254804,0.1257691909454195,0.04151010117980993,0.18712358401130746,0.4365313980831257,-0.15732355181337432,0.1357986173956484,0.6408468499178851,1.1407265268655815,0.9240376813703763,1.0890228880958817,True
64,Aspen,53,13,0.29466751744255254,-0.03177421196997501,0.8357209583903532,1.0799706666251607,0.1367387182927154,0.22240830184684177,0.3475686597812328,0.07751018398081756,0.019880775204720702,0.5694542596803844,-0.47872042789335356,0.4151720039534036,0.13725558649179026,1.5341863302889163,0.9242081202719783,1.2357332129783432,True
64,Birch,96,24,0.8791806872647354,0.05104785404250091,0.7970128833175382,0.7190666137871865,0.21963808434509222,0.09762974166659129,0.141137983943517,0.06079974208447983,0.44296049326558956,1.3154008812638813,-0.14285324000898963,0.24494894809399148,0.5167006646052508,1.0773251020298256,0.5983130779590433,0.8398201496153297,True
64,Oak,71,18,0.28099974880802,-0.11315634379768381,1.1039675174144787,1.0138350071336786,0.05450720431413865,0.057790502504703696,0.10066137640339509,0.0488499567412546,0.17220291364243556,0.3897965839736044,-0.2285066695803922,0.0021939819850245734,0.9030465691856173,1.3048884656433402,0.9163300853843601,1.111339928882997,True
64,Pine,366,91,0.4386322949154623,-0.48517243696039863,1.6088826656338828,0.6649992233353166,0.04785846470758419,0.05776310682168543,0.07672007696094932,0.03333288419947617,0.3445167665608659,0.5327478232700587,-0.5987658284563946,-0.3715790454644027,1.4580096565914344,1.7597556746763312,0.5994488128241509,0.7305496338464823,True
64,Spruce,6,1,0.5247190316999308,-0.1482938527284517,0.4282789268562005,1.4210034961530622,0.7128407466739647,0.3500201509004352,0.17499543256035516,0.647699239422577,-2.542387152815439,3.591825216215301,-1.6543090104488647,1.3577213049919614,-0.32466564873396875,1.1812235024463698,-1.3658214043706038,4.207828396676728,True
65,Alder,92,23,0.194981586978572,-0.0778476367136226,1.0323558105639588,1.0738586363244425,0.04428137242839007,0.07113965491007784,0.12588054213373545,0.0435476484059363,0.10698166435081806,0.28298150960632595,-0.2192227519040072,0.06352747847676199,0.7821946850021333,1.2825169361257842,0.987316836010094,1.1604004366387908,True
65,Aspen,53,13,0.29040452469275263,-0.05841982939268547,0.8923041704773323,1.059059045458575,0.1429740892541638,0.23140208616497523,0.3626433890906708,0.08753068235290205,0.0030873353764793166,0.5777217140090259,-0.5234397315698663,0.4066000727844954,0.16354499585209648,1.6210633451025682,0.8831595537131578,1.2349585372039924,True
65,Birch,96,24,0.954819446805935,0.13782838852254145,0.7129751236737241,0.6947633494207445,0.23090615391170222,0.09648657348463284,0.13517565344721094,0.05767052981171465,0.4962198940220916,1.4134189995897783,-0.053802274844787557,0.32945905188987046,0.4445046079772906,0.9814456393701576,0.5802246992703758,0.8093019995711132,True
65,Oak,71,18,0.2794632087992621,-0.09895075921191228,1.099248524739165,1.0061731687091344,0.051657784805620124,0.05776868723006326,0.10899028026782022,0.045324178875072986,0.17635383877680333,0.3825725788217209,-0.214257541524193,0.016356023100368433,0.8817030148170375,1.3167940346612925,0.9157057290351519,1.096640608383117,True
65,Pine,366,91,0.42639412471095406,-0.4706932691246459,1.5740919486489588,0.6907636444540732,0.04823504849813984,0.05989437167570792,0.0797846298003698,0.034135532384806475,0.3315380297160679,0.5212502197058402,-0.5884778756758151,-0.3529086625734766,1.417192377504803,1.7309915197931147,0.6236347951336649,0.7578924937744815,True
65,Spruce,6,1,2.0720704294114265,0.21010171517462709,0.38023606704226925,0.7289473018853562,1.423271762908486,0.22680209952756827,0.15456612740649908,0.3269426389532874,-4.051773706366211,8.195914565189064,-0.7657489574584806,1.1859523878077347,-0.2848083029618657,1.0452804370464042,-0.6777733360610659,2.1356679398317784,True
66,Alder,92,23,0.1664584431081667,-0.15027609284873683,1.2038422851523374,1.0374260434095626,0.035771444696097214,0.07013676906437549,0.12381074816810929,0.04101804284917305,0.09537021361324403,0.23754667260308937,-0.2896581831623745,-0.010894002535099145,0.9577944401606896,1.4498901301439853,0.9559113025801904,1.1189407842389347,True
66,Aspen,53,13,0.23319782227820943,-0.1028275487009625,0.9362754091690471,1.1263901786421229,0.13661568971435134,0.25484713272470877,0.3780644293438778,0.11377794658450834,-0.04134168477508279,0.5077373293315016,-0.614962035877926,0.4093069384760009,0.17652649392019315,1.696024324417901,0.8977448346544816,1.3550355226297641,True
66,Birch,96,24,0.959641572194,0.05598477834064871,0.7819846935865121,0.7016551413894334,0.24749317099491347,0.10649355685026576,0.15274152390966664,0.05935038479684715,0.4680987717421561,1.451184372645844,-0.1555206177631214,0.2674901744444188,0.47862684291925933,1.085342544253765,0.5837801542386309,0.8195301285402359,True
66,Oak,71,18,0.2862021044702687,-0.12894670357819527,1.1030498741298602,1.027639733895389,0.04795866226471069,0.04945287742355777,0.08839377685037855,0.045471870922871145,0.19047621394202846,0.381927994998509,-0.22765506004620556,-0.030238347110184985,0.9266151570926568,1.2794845911670636,0.9368774996601783,1.1184019681305999,True
66,Pine,366,91,0.4285471590117984,-0.4812954629747838,1.593913840232805,0.6825300950639621,0.049915766229901834,0.05869252096912722,0.07848130689869649,0.034435422787047164,0.3303858673645288,0.526708450659068,-0.5967165834646198,-0.3658743424849479,1.4395773041600226,1.7482503763055874,0.6148114996280483,0.750248690499876,True
66,Spruce,6,1,1.3357045592739334,0.10250233263305347,0.3970170598943894,0.9411255805007499,1.0543582680950332,0.24479046169772378,0.17748645566836863,0.35962243207393335,-3.200832921022857,5.872242039570724,-0.9507460155942367,1.1557506808603435,-0.3666455230712101,1.1606796428599888,-0.6062048585221247,2.4884560195236247,True
67,Alder,92,23,0.24791853123619445,-0.09168070860832227,1.0125065820601855,1.034259391862374,0.05694381214465641,0.08040040998993536,0.14267590936832775,0.04823332743546433,0.13475467049626874,0.36108239197612013,-0.25145962850959147,0.06809821129294695,0.7289681934169374,1.2960449707034336,0.9384057891027925,1.1301129946219552,True
67,Aspen,53,13,0.2901536510982818,-0.019919380355842856,0.832315960945731,1.0839871421718734,0.15393730143442247,0.23803042412685188,0.3744262833676607,0.07951144841312473,-0.019194937934833012,0.5995022401313965,-0.4982594263645347,0.458420665652849,0.07987817375974438,1.5847537481317175,0.924202904372579,1.2437713799711678,True
67,Birch,96,24,0.7353529534232693,0.0735414940712609,0.6493145119835588,0.8994460611977622,0.16841784075029853,0.08531163215950412,0.12743954651422532,0.05778705682996747,0.40086058437864697,1.0698453224678917,-0.0958947712374982,0.24297775938002,0.39620857241319885,0.9024204515539188,0.7846759783308864,1.014216144064638,True
67,Oak,71,18,0.24340191671027883,-0.07151536897288238,1.070047665481657,1.0417620547272732,0.05949637671596994,0.0844601388904188,0.13644777726719504,0.05354820008820101,0.12464665175096672,0.36215718166959093,-0.24009851178029512,0.09706777383453036,0.7976967621681529,1.3423985687951614,0.9348794000082059,1.1486447094463406,True
67,Pine,366,91,0.42310714828943424,-0.5192178427531395,1.6169600564633488,0.6988913002723768,0.05171558042461633,0.06184085963968565,0.08220678116213993,0.03688538986068213,0.32140645217295244,0.5248078444059161,-0.6408302934335542,-0.39760539207272483,1.4552972306564984,1.7786228822701993,0.6263547494967887,0.7714278510479649,True
67,Spruce,6,1,1.625703735599725,0.04986525363659609,0.42454181778798306,0.9070462615226335,1.1808512246455385,0.24245407742193273,0.1726677449875208,0.33947861818188235,-3.455089009486433,6.706496480685883,-0.9933304444088425,1.0930609516820347,-0.3183875265130506,1.1674711620890168,-0.5536123416711168,2.3677048647163836,True
68,Alder,92,23,0.22378412252258978,-0.0939911378294111,1.0570051605627604,1.0260133931476842,0.052220504771023586,0.08006517934523606,0.13780942759087295,0.048127154796228214,0.1200068426547669,0.32756140239041265,-0.2531038572680886,0.06512158160926637,0.7831378818332337,1.330872439292287,0.9303707861979791,1.1216560000973894,True
68,Aspen,53,13,0.2657960461844037,-0.06909449097793391,0.8743545040705676,1.113172142984746,0.15433691971302782,0.2717502666965057,0.38809086313353064,0.12041030362826755,-0.044355605845700585,0.575947698214508,-0.6151970976144985,0.4770081156586307,0.09445671576131143,1.6542522923798237,0.8711985785181666,1.3551457074513256,True
68,Birch,96,24,0.7538373232799351,0.0587187086261649,0.685761626597934,0.8716889597239599,0.15808699804610402,0.08208835428022888,0.12101916518870498,0.05334746214278273,0.4398628995726879,1.0678117469871824,-0.1043158485908344,0.2217532658431642,0.4454071185277986,0.9261161346680695,0.7657362951181107,0.9776416243298091,True
68,Oak,71,18,0.2603987626459104,-0.10261295128079011,1.0969740303961644,1.0298366631757494,0.05638766145919357,0.06290569276281775,0.11080876735604517,0.0520868284446986,0.1478485193094098,0.372949005982411,-0.22817323955112295,0.022947336989542752,0.8757988050542527,1.318149255738076,0.9258709184654486,1.1338024078860502,True
68,Pine,366,91,0.46230648000698593,-0.39425903755338626,1.505937244905341,0.6601350036363882,0.05341629886580031,0.05901174596618091,0.07640879815543326,0.03533383615209182,0.35726125506676465,0.5673517049472072,-0.5103079263898517,-0.27821014871692085,1.3556763777154517,1.6561981120952303,0.5906496434484365,0.7296203638243399,True
68,Spruce,6,1,0.524719031699949,-0.14829385272844292,0.4282789268561987,1.4210034961530456,0.712840746676172,0.3500201509012797,0.17499543256034747,0.6476992394246097,-2.5423871528249187,3.5918252162248168,-1.6543090104524896,1.3577213049956036,-0.32466564873393744,1.181223502446335,-1.3658214043793664,4.207828396685457,True
69,Alder,92,23,0.2111817473484562,-0.16607350483602884,1.1896763411742375,0.9885714971255017,0.049107298655382194,0.08099866020666521,0.1459821743750437,0.05060929546395819,0.11359131044137788,0.30877218425553454,-0.32704132132963837,-0.00510568834241934,0.8995674455926967,1.4797852367557782,0.8879961571837316,1.089146837067272,True
69,Aspen,53,13,0.3591926269296335,0.09928542909603588,0.6820128272551584,1.048293517890992,0.1854854014714459,0.23826279552092614,0.37252332345900485,0.08104435799329197,-0.013554242716359632,0.7319394965756266,-0.3795215847120048,0.5780924429040766,-0.06660081882114366,1.4306264733314604,0.8854287829586354,1.2111582528233487,True
69,Birch,96,24,0.9249539962307302,0.0806604452852371,0.7622972470332229,0.7110776064849607,0.22244558296015884,0.09360347959527641,0.14089546777123088,0.05747121784824384,0.48315786764734125,1.3667501248141192,-0.1052441447579557,0.2665650353284299,0.4824666863723523,1.0421278076940934,0.596934807098046,0.8252204058718753,True
69,Oak,71,18,0.2551240616957448,-0.12118813501059106,1.1340912898530258,1.0206735719650755,0.0515499922209887,0.05782806831539759,0.10218870369176324,0.048513458660867106,0.15222984657271232,0.3580182768187773,-0.2366134424652702,-0.005762827555911926,0.9301217835972507,1.3380607961088007,0.9238403031953238,1.117506840734827,True
69,Pine,366,91,0.42836693033594614,-0.4771877011677588,1.5736747765918901,0.6952768733599021,0.04992896538075316,0.059046379545420295,0.07927941876120116,0.03466430208039486,0.3301796820462352,0.526554178625657,-0.5933046982820146,-0.36107070405350306,1.4177687225647677,1.7295808306190126,0.6271081779102402,0.7634455688095639,True
69,Spruce,6,1,2.072070429411423,0.21010171517462725,0.38023606704226803,0.7289473018853576,1.423271762903098,0.22680209952686237,0.1545661274063889,0.3269426389520865,-4.051773706343032,8.195914565165879,-0.7657489574554431,1.1859523878046976,-0.28480830296139276,1.0452804370459288,-0.6777733360558975,2.1356679398266127,True
70,Alder,92,23,0.19919497412703313,-0.15679569387307962,1.1820274854622228,1.0031273708543713,0.04535187940998513,0.0824061467279005,0.1444896181012639,0.047552083104845516,0.10906764382452432,0.28932230442954193,-0.3205605940652265,0.00696920631906725,0.8948847318362548,1.4691702390881907,0.9086275980485023,1.0976271436602403,True
70,Aspen,53,13,0.21795239577894687,-0.12365197380996908,0.9946937000589465,1.1096761333899814,0.0929578066030734,0.19101178995380944,0.30173014981268215,0.06870102507940454,0.031146689531561633,0.4047581020263321,-0.5075045369008762,0.26020058928093803,0.3883442627000848,1.6010431374178082,0.9716162546250151,1.2477360121549477,True
70,Birch,96,24,0.7562667633611179,0.04573615483132765,0.8059404252564871,0.7663603249921359,0.1838161493732896,0.09397832183662798,0.1338918171397428,0.05842592354601036,0.3911920242561823,1.1213415024660534,-0.14091290425842878,0.23238521392108408,0.5400197192835212,1.071861131229453,0.6503213976821719,0.8823992523020999,True
70,Oak,71,18,0.27562961038323874,-0.09188732804738355,1.0846043738682902,1.0157331093513267,0.04951508666352872,0.05158775297017861,0.09411728895728837,0.04848064582655973,0.17679708375254888,0.3744621370139286,-0.19485691394125335,0.011082257846486254,0.8967454788513298,1.2724632688852506,0.9189653352729719,1.1125008834296815,True
70,Pine,366,91,0.44451223407650875,-0.5032952533954187,1.5954887672855889,0.69108765250864,0.05312044277088937,0.06144281923101764,0.08048850349599282,0.03596534728699648,0.3400488216298474,0.5489756465231701,-0.6241249421632404,-0.3824655646275969,1.4372050011998856,1.7537725333712921,0.6203604011633662,0.7618149038539138,True
70,Spruce,6,1,3.823100995015795,0.4887376309335598,0.1173810139915036,0.5503304410851817,13.057942192852373,1.499873455488886,1.1222430322044512,1.316291335777577,-52.360689625274894,60.00689161530648,-5.96469698652448,6.9421722483916,-4.711241031905454,4.9460030598884615,-5.1132140678735905,6.213874950043953,True
71,Alder,92,23,0.2199284447134245,-0.13014755227346025,1.125288380143151,1.0030439252296963,0.05229312871579222,0.08590997129619246,0.1500877387699123,0.04848338179512816,0.11600684001621885,0.3238500494106301,-0.3008755675183202,0.04058046297139967,0.8270205380502762,1.4235562222360258,0.9066933919754981,1.0993944584838946,True
71,Aspen,53,13,0.3986974805609806,0.1260071826217638,0.619086227751271,1.0513075143485386,0.22212619725980823,0.2624775793260781,0.40945927721899705,0.08169873380338868,-0.04768182497001483,0.845076786091976,-0.4014612610935485,0.6534756263370761,-0.20375299636086208,1.441925451863404,0.8871277619924351,1.2154872667046421,True
71,Birch,96,24,0.6019309814720536,-0.10473976788725792,1.0768123434246524,0.7265350387102539,0.15236413169173058,0.10161307283406862,0.15061279148681955,0.05716377258307952,0.29932266432496746,0.9045392986191397,-0.3065521014663602,0.09707256569184436,0.7776823390948664,1.3759423477544384,0.6130028521576936,0.8400672252628143,True
71,Oak,71,18,0.2840799688443941,-0.10207574036033946,1.06637688205575,1.0353259982605147,0.04238463885579343,0.04489912355724863,0.07925251998354133,0.03620996601884905,0.19947987560588526,0.368680062082903,-0.1916947660690217,-0.012456714651657222,0.9081881900910448,1.2245655740204553,0.9630506035879199,1.1076013929331094,True
71,Pine,366,91,0.4597935653118312,-0.4478917604112914,1.521586376417642,0.6944569886811852,0.051550027734474736,0.05911898945275848,0.07866109355410195,0.033795391161388015,0.3584184349860282,0.5611686956376342,-0.5641515477265004,-0.3316319730960824,1.3668962829090334,1.6762764699262507,0.6279970402783639,0.7609169370840065,True
71,Spruce,6,1,0.5247190316999353,-0.148293852728449,0.4282789268561987,1.4210034961530589,0.7128407466750535,0.3500201509008275,0.17499543256033182,0.6476992394235552,-2.5423871528201194,3.59182521621999,-1.6543090104505498,1.3577213049936518,-0.32466564873387005,1.1812235024462674,-1.3658214043748158,4.207828396680934,True
72,Alder,92,23,0.23599670623876068,-0.09980584684415071,1.063606088042675,1.0129447308795254,0.04716996536351284,0.06617577787794764,0.11631372317211473,0.039460613801021525,0.14225631214741433,0.32973710033010706,-0.23131629951831473,0.03170460583001332,0.8324570048419531,1.294755171243397,0.9345250530127384,1.0913644087463124,True
72,Aspen,53,13,0.3532278837624374,0.046028043141221275,0.6915335332482779,1.089106998823689,0.181071867278914,0.2367522842374358,0.3733327922550236,0.07678983609487228,-0.010649656862020407,0.7171054243868953,-0.42974348459611295,0.5217995708785554,-0.058706801275732245,1.4417738677722882,0.9347920457442206,1.2434219519031573,True
72,Birch,96,24,0.7981162019861163,0.054492648674050105,0.8175718973012885,0.7319740526005691,0.19722546569465865,0.09920203867028614,0.14358064738507936,0.058946006689620405,0.4064094032156403,1.1898230007565924,-0.14253116294266208,0.2515164602907623,0.5324083381507974,1.1027354564517797,0.6149021952754042,0.849045909925734,True
72,Oak,71,18,0.23031508703731265,-0.10471620717160715,1.1011445186263427,1.0625928912923233,0.049604895734907194,0.05962440868217333,0.10787354314785784,0.05875346606652419,0.1313033007498841,0.3293268733247412,-0.22372702500504352,0.014294610661829216,0.8858280253249102,1.316461011927775,0.9453204821955992,1.1798653003890474,True
72,Pine,366,91,0.44709606267213353,-0.43038780775240226,1.5031239384432007,0.7031228798004161,0.051138503957318865,0.05837165875172108,0.07923005889652739,0.0345703377417661,0.3465302098263783,0.5476619155178888,-0.5451779402382411,-0.31559767526656346,1.3473149525057395,1.6589329243806619,0.6351389688696595,0.7711067907311727,True
72,Spruce,6,1,0.5247190316999278,-0.14829385272845252,0.42827892685619967,1.4210034961530653,0.7128407466770196,0.35002015090168204,0.1749954325604201,0.6476992394253289,-2.5423871528285864,3.591825216228442,-1.6543090104542302,1.3577213049973251,-0.324665648734249,1.1812235024466484,-1.365821404382441,4.207828396688572,True
73,Alder,92,23,0.22800508325797292,-0.05378212402420575,0.9974514110883063,1.0366685852102218,0.05295206109360016,0.07640595434624126,0.13374223583959838,0.04417304516493328,0.12277398892474047,0.3332361775912054,-0.205622902709244,0.09805865466083251,0.7316668213044124,1.2632360008722001,0.9488839402552204,1.1244532301652232,True
73,Aspen,53,13,0.29932507660486424,-0.02292190818740562,0.8099468186670512,1.0878843133593443,0.14935901099135027,0.2276824052078918,0.35909156774647083,0.07930939311014419,-0.0008230933254672057,0.5994732465351957,-0.4804668316232104,0.43462301524839914,0.08832529626182661,1.5315683410722758,0.9285061208934502,1.2472625058252385,True
73,Birch,96,24,0.7690979377771497,0.007821595688183327,0.7964726102458843,0.8052390132666395,0.1966874893070097,0.10092849993743844,0.14592702301896884,0.062366923129274464,0.3784596065490261,1.1597362690052733,-0.19263111702796612,0.20827430840433278,0.5066489465544977,1.086296273937271,0.6813729206092445,0.9291051059240345,True
73,Oak,71,18,0.3480251515804505,0.0023451336551905833,0.9368787804517996,0.9903582246192436,0.07766473582539725,0.07953636095031909,0.12823655988398422,0.04927926021551848,0.19300569005978988,0.5030446131011111,-0.15641010725041765,0.16110037456079884,0.6809175356319019,1.1928400252716973,0.8919964095488823,1.0887200396896048,True
73,Pine,366,91,0.3977294684598892,-0.46351890974004667,1.5665916920278058,0.7118671056709961,0.046601483009237,0.0602298535659804,0.08134169740891782,0.03399447946735575,0.3060858434017071,0.48937309351807134,-0.581963254449331,-0.3450745650307624,1.4066300869977384,1.7265532970578732,0.6450156423873724,0.7787185689546198,True
73,Spruce,6,1,1.9813560727247042,0.12514672044812855,0.39613198620350093,0.8072516683329557,1.655232314259151,0.2570579632401187,0.18591826286178217,0.3796021015592599,-5.1405337625036935,9.103245907953102,-0.9808844267770988,1.2311778676733558,-0.40380973499911094,1.1960737074061127,-0.8260443501393858,2.440547686805297,True
74,Alder,92,23,0.23957104234171286,-0.0682934015193994,1.0145065404647564,1.0231857699087217,0.05338983940667809,0.07526330593746547,0.13197680411496301,0.04574854847769973,0.13346995560385774,0.345672129079568,-0.21786340660261205,0.08127660356381326,0.7522303752542818,1.276782705675231,0.9322701431882516,1.1141013966291917,True
74,Aspen,53,13,0.36051140382901026,0.09552084142855977,0.600341090091921,1.1177842098536461,0.17925520494401428,0.2238953127793518,0.3530812952388894,0.0757097288869851,0.0002845828469922873,0.7207382248110282,-0.3544136348421314,0.5454553176992509,-0.10920233751366926,1.3098845176975114,0.9656398134725925,1.2699286062346997,True
74,Birch,96,24,1.1746694578638879,0.1545581126526643,0.6745728554127677,0.6482994713887968,0.29924140225189855,0.10269088719825195,0.14622901482841008,0.05987948030479984,0.5803502033861231,1.7689887123416526,-0.04939485328735585,0.3585110785926845,0.38414940992081853,0.9649963009047169,0.5293736548892892,0.7672252878883045,True
74,Oak,71,18,0.2848886402873808,-0.0748027060714818,1.0533210544690803,1.0162949168476367,0.056537388330592256,0.05944575275636375,0.10623412654236347,0.04890597950127668,0.17203954086474638,0.39773773971001525,-0.19345692518450613,0.043851513041542514,0.8412768504079424,1.2653652585302182,0.9186781732012986,1.113911660493975,True
74,Pine,366,91,0.43978387762798077,-0.40817666602278657,1.4939846455870494,0.6989321487849297,0.050760722822039035,0.060341943183638565,0.08025942114946497,0.036189899478720484,0.3399609460473873,0.5396068092085742,-0.5268414393156751,-0.28951189272989813,1.3361513788270538,1.651817912347045,0.6277633068391965,0.770100990730663,True
74,Spruce,6,1,1.6257037355997106,0.049865253636594574,0.424541817787982,0.9070462615226383,1.180851224641203,0.24245407742142736,0.17266774498750279,0.3394786181806371,-3.4550890094677937,6.706496480667215,-0.9933304444066696,1.0930609516798588,-0.31838752651297414,1.1674711620889382,-0.5536123416657542,2.367704864711031,True
75,Alder,92,23,0.2785325522463137,-0.09226708069544043,1.0352149909669164,0.9798369226476279,0.06331557362398497,0.07791970523027135,0.1365577077766119,0.047633781520804074,0.15270615449739666,0.4043589499952307,-0.2471161211701909,0.06258195977931005,0.7638352423378791,1.3065947395959536,0.8851747914077517,1.074499053887504,True
75,Aspen,53,13,0.27259449309974454,0.01106538280717659,0.8125678297516015,1.0958502274114643,0.13562818662585394,0.22819095549726154,0.364453006381617,0.07185995032010169,3.944779968534373e-05,0.5451495383998037,-0.4475015106969805,0.46963227631133375,0.08017209302979922,1.5449635664734038,0.9514422507068506,1.2402582041160781,True
75,Birch,96,24,1.0277402829261368,0.1226940283436442,0.7185352221544592,0.6773937021999447,0.2552407227902388,0.09963915127950518,0.14141889009315126,0.0604404874378891,0.5208101758637271,1.5346703899885465,-0.07519792664520471,0.3205859833324931,0.43766509958203575,0.9994053447268827,0.5573536771096964,0.7974337272901929,True
75,Oak,71,18,0.2745315484649056,-0.09113244999340886,1.0662271616779342,1.0326130761598513,0.0496229446704522,0.0525596042469742,0.09382750310974523,0.043697532625819546,0.17548373635134792,0.3735793605784632,-0.1960418591546328,0.013776959167815087,0.8789466816335483,1.25350764172232,0.9453924359884226,1.1198337163312801,True
75,Pine,366,91,0.43808723598820554,-0.4744366703838,1.604242271053639,0.6611104392465614,0.05073893436287991,0.05720368578717882,0.07666765770896754,0.03432316263665541,0.3383071522582133,0.5378673197181978,-0.5869299387029043,-0.3619434020646957,1.4534723465047357,1.7550121956025424,0.5936126077534912,0.7286082707396316,True
75,Spruce,6,1,1.3357045592739256,0.10250233263305195,0.3970170598943903,0.9411255805007521,1.0543582680914267,0.24479046169708835,0.17748645566827886,0.3596224320727552,-3.200832921007348,5.872242039555199,-0.9507460155915041,1.155750680857608,-0.366645523070823,1.1606796428596036,-0.6062048585170534,2.4884560195185577,True
76,Alder,92,23,0.2636264294662615,-0.04023313569314134,0.9760921231390414,1.0017616672087317,0.05688842185522308,0.08293425796994688,0.14578884335737985,0.04525486996755178,0.1505726452871367,0.37668021364538634,-0.2050475460041104,0.12458127461782771,0.6863674323294615,1.2658168139486212,0.9118271227879636,1.0916962116295,True
76,Aspen,53,13,0.2606974808260329,-0.09611445858679288,0.959272542476636,1.063254246718979,0.12806088712856986,0.21813665972027343,0.3442721064862961,0.07788070344705722,0.0033494932076563178,0.5180454684444095,-0.5344764882707417,0.34224757109715587,0.26743184244745466,1.6511132425058173,0.9067471136215669,1.2197613798163909,True
76,Birch,96,24,0.8780231568717143,0.07389713677106567,0.6911118668434574,0.8063325237374492,0.1913126220559009,0.08489217440970523,0.1210709813678454,0.05465424800230137,0.4980597759464465,1.257986537796982,-0.09470604924027877,0.24250032278241013,0.45065444736893445,0.9315692863179803,0.6977844696168248,0.9148805778580736,True
76,Oak,71,18,0.3581299154938351,0.01592502708196939,0.9230289850877733,0.981955909825907,0.07484119020243743,0.07442127711595281,0.11936962459770586,0.04855193690576148,0.20874627462457385,0.5075135563630964,-0.13262046375870404,0.1644705179226428,0.6847662171738889,1.1612917530016578,0.885045838157898,1.0788659814939159,True
76,Pine,366,91,0.4437105386870499,-0.43948937218635464,1.5472341461893455,0.6748067657218237,0.049307955153610646,0.05776020509326944,0.07734017153454208,0.033709732255115074,0.3467445311119803,0.5406765462621195,-0.5530770573207971,-0.3259016870519121,1.3951416971005002,1.6993265952781909,0.6085152688828253,0.7410982625608222,True
76,Spruce,6,1,1.3357045592739434,0.10250233263305522,0.397017059894389,0.9411255805007466,1.0543582680973702,0.2447904616980625,0.17748645566841653,0.35962243207471817,-3.2008329210329034,5.87224203958079,-0.9507460155956924,1.1557506808618028,-0.3666455230714167,1.1606796428601946,-0.6062048585255049,2.488456019526998,True
77,Alder,92,23,0.14371193075875516,-0.2241553145674024,1.3146037463483,1.0471012383295273,0.02902192067291969,0.06997185592615943,0.1210526986613972,0.03972335601510761,0.08603696194752769,0.20138689956998262,-0.3632096746728858,-0.08510095446191901,1.0740369451880438,1.5551705475085562,0.9681594155236237,1.1260430611354308,True
77,Aspen,53,13,0.27460249577343737,-0.015936917978587813,0.8195883297552568,1.0984304363867021,0.12944734060481583,0.21704038947183035,0.3418118180039852,0.0701632139532821,0.01446832558176514,0.5347366659651096,-0.4520959101180638,0.4202220741608882,0.1326917645363217,1.5064848949741918,0.9574321790687856,1.2394286937046186,True
77,Birch,96,24,0.8225097875835851,0.06756471419478417,0.7591217970779182,0.7627065818544567,0.19741379804873158,0.09627299384462232,0.1367653056042136,0.0577039993997472,0.4304289445016456,1.2145906306655245,-0.12364176157194058,0.25877118996150894,0.48749409498374985,1.0307494991720865,0.6481014582132626,0.8773117054956509,True
77,Oak,71,18,0.31575752480534885,-0.07728749976676819,1.0418716051791737,1.0025450356900931,0.061429950984926915,0.06446544290670908,0.12318540249840665,0.050291777528639836,0.19314282945207026,0.4383722201586274,-0.2059610623545003,0.05138606282096392,0.7959925126983853,1.287750697659962,0.9021622276041463,1.10292784377604,True
77,Pine,366,91,0.40588528943572477,-0.48684883354858766,1.5950644699221956,0.7018510998467995,0.047714133999570654,0.06108484395045268,0.08159953647733376,0.03543563460146851,0.312053593020274,0.4997169858511755,-0.6069745500332594,-0.3667231170639159,1.4345958143567068,1.7555331254876845,0.6321655490570952,0.7715366506365038,True
77,Spruce,6,1,4.7059339559817985,0.12289480397195383,1.2079429935114363,-0.1888441030522006,6.094381185009473,0.2402465431726762,0.8344436968324892,1.1296978318101036,-21.51607188550802,30.927939797471616,-0.9108026408100235,1.156592248753931,-2.382378456442613,4.798264443465486,-5.049541562821757,4.671853356717355,True
78,Alder,92,23,0.24378135799279718,-0.07644164071258511,0.9950637115127042,1.0392691311493596,0.058375252960421356,0.07786250062035821,0.13594444965836047,0.04780265719383527,0.1277728094275961,0.35978990655799825,-0.23117699904583358,0.07829371762066337,0.7249026845265933,1.2652247384988151,0.944271394996052,1.1342668673026672,True
78,Aspen,53,13,0.18963842166252703,-0.07513104695038489,1.030245296798085,1.082070040135996,0.0795618075571059,0.18552312826936623,0.29305391352129717,0.06652688535004675,0.029752983374525005,0.34952385995052904,-0.44795373143525485,0.29769163753448513,0.4413314090418726,1.6191591845542974,0.948379258733206,1.2157608215387858,True
78,Birch,96,24,0.9336205511154679,0.12461170270212597,0.747538820498087,0.6791659639763498,0.2083737932839663,0.08578191221175549,0.11892521806181795,0.05764220038573201,0.5197722114629793,1.3474688907679566,-0.04575857938354465,0.2949819847877966,0.5113430721650809,0.983734568831093,0.5646835785112923,0.7936483494414073,True
78,Oak,71,18,0.24375947465926098,-0.12005121923959063,1.1462251664627967,1.0211742456537565,0.05478814414101119,0.07032989848395384,0.13127848750537513,0.05371869397951748,0.13440188125226055,0.3531170680662614,-0.2604302841513135,0.020327845672132236,0.8841922086982625,1.4082581242273309,0.9139512837033112,1.1283972076042017,True
78,Pine,366,91,0.4176177146437118,-0.39524054611664705,1.4719691357027762,0.7183744786519343,0.04775977748559164,0.05796558432161568,0.07820116088427938,0.0347720553889295,0.3236962585414625,0.5115391707459611,-0.5092321174749158,-0.2812489747583783,1.318183517640515,1.6257547537650374,0.6499938821388627,0.7867550751650059,True
78,Spruce,6,1,1.625703735599716,0.04986525363659493,0.42454181778798394,0.9070462615226352,1.1808512246407588,0.24245407742134362,0.17266774498751358,0.3394786181804851,-3.455089009465877,6.706496480665309,-0.9933304444063089,1.0930609516794987,-0.3183875265130187,1.1674711620889866,-0.5536123416651032,2.367704864710374,True
79,Alder,92,23,0.23615218269224242,-0.07016326892250282,1.0382054270175116,1.0080002730884756,0.0500436677625466,0.0773917953741586,0.13416658292991956,0.04655350551957404,0.13670090894875525,0.3356034564357296,-0.22396319949065596,0.08363666164565031,0.771577536561852,1.3048333174731712,0.9154849633970642,1.100515582779887,True
79,Aspen,53,13,0.35204949645993067,0.009428369374504877,0.7687824776834475,1.0551151846827633,0.1839600851130158,0.23884014155877323,0.37130908969357157,0.0887586864022391,-0.017632135203373145,0.7217311281232345,-0.470538864734448,0.48939560348345773,0.02260892571424633,1.5149560296526488,0.8767479264087039,1.2334824429568227,True
79,Birch,96,24,0.7630320566959594,-0.05598736841757168,0.9909730240964841,0.6796310930113503,0.19248310176588165,0.10318955697569894,0.15100713231490467,0.055994583514869314,0.38074400203443,1.145320111357489,-0.2609307355792564,0.14895599874411303,0.6910598248438231,1.2908862233491452,0.5684210168690911,0.7908411691536095,True
79,Oak,71,18,0.2683044616014317,-0.12338552127374612,1.1508288548874979,0.9954179346611509,0.05026676260519525,0.059161864889537924,0.11626466133623577,0.050977615175475756,0.1679715835116556,0.36863733969120777,-0.24147309783297966,-0.005297944714512573,0.9187636195824495,1.3828940901925464,0.8936661889026146,1.0971696804196873,True
79,Pine,366,91,0.43455514785503097,-0.42507875376146553,1.5058292749122035,0.706258404696938,0.04773526682429798,0.05847798623279205,0.07796397211074799,0.03316977000956785,0.34068189291953593,0.5284284027905259,-0.5400779833656668,-0.31007952415726425,1.3525100977789835,1.6591484520454236,0.6410287645710981,0.7714880448227779,True
79,Spruce,6,1,1.9813560727247017,0.12514672044812766,0.396131986203502,0.8072516683329559,1.6552323142579366,0.25705796324025404,0.1859182628619155,0.37960210155893054,-5.140533762498471,9.103245907947874,-0.9808844267776818,1.231177867673937,-0.40380973499968364,1.1960737074066876,-0.8260443501379687,2.4405476868038805,True
80,Alder,92,23,0.18137205073527404,-0.16151001358667802,1.2387219755759729,0.9905973439880766,0.038209595964781996,0.06904475118904714,0.12152200226178746,0.04024581196091426,0.10543850793516885,0.25730559353537924,-0.2987219478444612,-0.024298079328894828,0.9972225321271322,1.4802214190248135,0.9106172497762507,1.0705774381999025,True
80,Aspen,53,13,0.20412261235745835,-0.13212021884688754,0.9154781399409733,1.2073974419050941,0.10837588126531125,0.24044870593470025,0.35166527814910287,0.11870097241967176,-0.013666874935369833,0.42191209965028653,-0.6153199840930316,0.35107954639925654,0.20878030521436985,1.6221759746675768,0.9688589071073609,1.4459359767028273,True
80,Birch,96,24,0.8959339621929263,0.1256587608485725,0.5940127563846825,0.8392596930102607,0.210716848608035,0.0912240747095194,0.13183097869365126,0.05937502768544127,0.47743211242144523,1.3144358119644073,-0.055520125708531626,0.30683764740567665,0.3321850534509458,0.8558404593184192,0.7213357629556113,0.9571836230649101,True
80,Oak,71,18,0.23647031638574156,-0.1706554509132031,1.246190988225577,0.991045814048788,0.04990766922938084,0.0701061134273561,0.1387679003371822,0.0694689821803921,0.13685419167396617,0.33608644109751695,-0.3105878389824509,-0.030723062843955345,0.9692090998820116,1.5231728765691424,0.8523851452710909,1.1297064828264851,True
80,Pine,366,91,0.4400278017830357,-0.5284746422705051,1.6698122722683575,0.6508279281081106,0.04705663432675815,0.054253596181646345,0.07312026439427843,0.03203313652308429,0.34748910399338323,0.5325664995726881,-0.635166444879948,-0.4217828396610622,1.5260184343560281,1.8136061101806868,0.587833521849039,0.7138223343671822,True
80,Spruce,6,1,4.705933955981743,0.12289480397195326,1.207942993511429,-0.18884410305218993,6.09438118509259,0.2402465431723228,0.8344436968435721,1.1296978318282327,-21.5160718858657,30.927939797829183,-0.9108026408085035,1.15659224875241,-2.382378456490306,4.7982644435131645,-5.049541562899749,4.671853356795368,True
81,Alder,92,23,0.2693682278040331,-0.021410187186042852,0.9286012323744023,1.020719989559623,0.0611532792547271,0.07651961950652077,0.1347098051440588,0.045664557123933004,0.14783893573992374,0.3908975198681424,-0.17347685149208897,0.13065647712000328,0.6608938019182325,1.196308662830572,0.929971278005227,1.1114687011140192,True
81,Aspen,53,13,0.3531406852506445,0.011900100542762963,0.7338381877245022,1.07662025103437,0.15360196940487103,0.19888875817751703,0.31368009461827967,0.07232418657451736,0.044465971160332574,0.6618153993409565,-0.3877818228341608,0.41158202391968673,0.10347443719925042,1.3642019382497539,0.931279356648705,1.2219611454200352,True
81,Birch,96,24,0.6688017224247716,-0.08140831929269847,1.0369909983776895,0.7047253184027813,0.17043313023305304,0.10681715980104539,0.15564973229241177,0.05508842665252941,0.33030681451375504,1.0072966303357882,-0.293556418789137,0.13073978020374005,0.727857194834624,1.346124801920755,0.5953149480058267,0.8141356887997359,True
81,Oak,71,18,0.2905293411827472,-0.09484202124323556,1.068295577868771,1.0181541562390375,0.0552648873393132,0.05627919285048185,0.10026189383553256,0.044940557979973886,0.18022016436921123,0.4008385179962832,-0.20717576033059804,0.01749171784412694,0.8681720001826507,1.2684191555548914,0.9284524270764514,1.1078558854016236,True
81,Pine,366,91,0.446756178846392,-0.5056612637892417,1.6357201042878153,0.654979039359795,0.05177115147122352,0.060785378316924446,0.08103423298492819,0.03514081800773551,0.3449462001099054,0.5485661575828786,-0.6251980694825673,-0.3861244580959161,1.4763631399809896,1.7950770685946411,0.5858732568442386,0.7240848218753513,True
81,Spruce,6,1,1.3357045592739505,0.10250233263305672,0.3970170598943889,0.9411255805007438,1.0543582680948838,0.24479046169774218,0.17748645566839724,0.35962243207388395,-3.2008329210221973,5.872242039570098,-0.9507460155943126,1.155750680860426,-0.36664552307133375,1.1606796428601116,-0.6062048585219183,2.488456019523406,True
82,Alder,92,23,0.26647574850317607,-0.021625916170429024,0.9109999053157174,1.0405119894823558,0.05839768752955714,0.07430615626416752,0.1328284593939975,0.04448013288417557,0.15042261594610962,0.3825288810602425,-0.1692937874087702,0.12604195506791216,0.6470312542008876,1.1749685564305472,0.9521170722152901,1.1289069067494215,True
82,Aspen,53,13,0.34999443046571393,-0.029766673473745238,0.8213551997098502,1.0380239695865596,0.16585087238717258,0.2148921815410477,0.3376740917289907,0.07931923368608781,0.01670462426017033,0.6832842366712575,-0.4616086801513158,0.4020753332038253,0.14277370675116297,1.4999366926685374,0.8786260017429302,1.197421937430189,True
82,Birch,96,24,0.6838225546147083,-0.050347608447521376,0.9932881430511104,0.7086582157865744,0.18367820225268824,0.10891733858274208,0.15881689623024225,0.05807915806072507,0.31902179039846196,1.0486233188309546,-0.2666668442854388,0.16597162739039606,0.6778640785475787,1.308712207554642,0.5933079946621265,0.8240084369110223,True
82,Oak,71,18,0.2811059802800059,-0.09045878973318391,1.038936131684154,1.0510334705511346,0.0449509765864159,0.0484763873048717,0.08523298888379961,0.039646294342988046,0.19138345549192426,0.3708285050680875,-0.18721806376667366,0.006300484300305817,0.8688103738335449,1.2090618895347633,0.9718991358363847,1.1301678052658846,True
82,Pine,366,91,0.4695808138841891,-0.49010244554988164,1.5850752555284162,0.6719421009017723,0.05343125400528565,0.05778644535690938,0.07715908355812186,0.033980912543728155,0.36450617908172334,0.5746554486866549,-0.6037417331812226,-0.3764631579185407,1.4333389229736802,1.7368115880831523,0.6051173175000286,0.738766884303516,True
82,Spruce,6,1,3.8231009950165853,0.4887376309336504,0.11738101399143679,0.5503304410851027,13.05794219370663,1.4998734555850128,1.122243032273207,1.316291335862947,-52.36068962894967,60.00689161898285,-5.96469698693799,6.942172248805291,-4.711241032201354,4.946003060184227,-5.113214068240988,6.213874950411193,True
83,Alder,92,23,0.20753209001193035,-0.10925561205087402,1.1216151367302665,1.0078088174921658,0.04372675632116747,0.07201689033150202,0.12948750632428455,0.04275153588664948,0.12063435035293198,0.29442982967092873,-0.25237404830332577,0.033862824201577754,0.8642859277897539,1.378944345670779,0.9228491235186612,1.0927685114656702,True
83,Aspen,53,13,0.2690446832617457,-0.003565774525137976,0.8313862014813878,1.0900291612411495,0.12786417279619938,0.2265708345515953,0.3578382112576702,0.08059644991330231,0.01209200789448922,0.5259973586290021,-0.4588769130957298,0.4517453640454539,0.11228339323935221,1.5504890097234232,0.9280645312948501,1.2519937911874488,True
83,Birch,96,24,0.945722902117946,0.14388581743761508,0.7221225294710006,0.6849763898584855,0.22969044840075653,0.09764755052020373,0.14179433745242423,0.05825856787814507,0.48953784541483386,1.4019079588210581,-0.05005064653435573,0.3378222814095859,0.4405067360355897,1.0037383229064116,0.5692698453505329,0.8006829343664381,True
83,Oak,71,18,0.2667697474709447,-0.09621223970201576,1.0919367327522371,1.0226747322832415,0.05544394558736781,0.08018539377097175,0.12435380984239702,0.047779909496728674,0.15610316889843456,0.3774363260434548,-0.2562629555396833,0.0638384761356518,0.8437254894519396,1.3401479760525348,0.9273056337731984,1.1180438307932845,True
83,Pine,366,91,0.363030265306426,-0.4731900437406846,1.5478711921664454,0.7597243596089802,0.04244288556380402,0.05876230381910077,0.07781982073500668,0.035964586575515434,0.27956468353029207,0.44649584708255996,-0.5887483949134411,-0.3576316925679281,1.3948354943084973,1.7009068900243935,0.688998604232359,0.8304501149856014,True
83,Spruce,6,1,1.6257037355997108,0.04986525363659425,0.4245418177879824,0.9070462615226382,1.1808512246386063,0.2424540774209339,0.17266774498737938,0.3394786181799219,-3.4550890094566205,6.706496480656042,-0.9933304444045468,1.0930609516777352,-0.31838752651244284,1.1674711620884075,-0.553612341662677,2.3677048647079535,True
84,Alder,92,23,0.20804849573214834,-0.1421178816161441,1.1191780360901893,1.0375874928829358,0.04387631344017296,0.07349176531251117,0.12524918204202243,0.04341408687952252,0.12085354272633701,0.29524344873795966,-0.2881673219702484,0.003931558737960195,0.870271606039684,1.3680844661406946,0.9513111180363609,1.1238638677295107,True
84,Aspen,53,13,0.33544340284045593,0.06919629907700763,0.7214840839412614,1.0639912425126707,0.172354452195691,0.23506367410698542,0.3683955323758779,0.08009197547790241,-0.01091583630098003,0.6818026419818919,-0.4031818395570079,0.5415744377110232,-0.018834455390345894,1.4618026232728687,0.9030403918995158,1.2249420931258257,True
84,Birch,96,24,0.8294848048086949,0.08005763557760669,0.7697376563765345,0.7400251004965563,0.21397822052928572,0.10431530770951106,0.14347243031186901,0.06267848366852287,0.40450558888992916,1.2544640207274607,-0.12712156971279998,0.2872368408680133,0.48478902567440685,1.054686287078662,0.6155402217152582,0.8645099792778544,True
84,Oak,71,18,0.31998474502776364,-0.009255994486970159,0.9735395328345794,0.9921405756601211,0.07818262996998576,0.09289761070094482,0.15889121383484764,0.049757987723810904,0.16393156246800356,0.4760379275875237,-0.19468040151504576,0.17616841254110546,0.6563913426390038,1.290687723030155,0.8928232164839065,1.0914579348363358,True
84,Pine,366,91,0.4616534665993866,-0.4702331381838676,1.5836213716174012,0.6617407430686046,0.054098529188874124,0.0610419694002879,0.08139830803726679,0.03541281181580893,0.3552666092497695,0.5680403239490037,-0.5902745402015713,-0.35019173616616384,1.423548439589485,1.7436943036453174,0.5921000741727096,0.7313814119644997,True
84,Spruce,6,1,3.8231009950159556,0.4887376309335779,0.1173810139914912,0.5503304410851648,13.05794219306401,1.4998734555121862,1.1222430322200296,1.316291335799686,-52.360689626185334,60.006891616217246,-5.964696986624715,6.942172248491871,-4.711241031972494,4.946003059955477,-5.113214067968735,6.213874950139064,True
85,Alder,92,23,0.19413122827316115,-0.15516282446309312,1.1806373031101138,1.017693510383205,0.04215791037607877,0.07278593141627998,0.1278849946042653,0.04121872266446399,0.11035124026031903,0.27791121628600324,-0.2998095682689629,-0.010516080657223342,0.9264927494690687,1.434781856751159,0.9357799605908289,1.0996070601755812,True
85,Aspen,53,13,0.25070831778989305,-0.0692759293877848,0.8910171104242648,1.1110102785768967,0.09675867338793746,0.1682527268441069,0.26678309174345366,0.06236950708112916,0.05626448377201798,0.4451521518077681,-0.4073924428331721,0.26884058405760247,0.35489641557184215,1.4271378052766874,0.9856740615947028,1.2363464955590906,True
85,Birch,96,24,0.8577436457026524,-0.04567808131469544,0.8849518793103254,0.7328795498501482,0.1998995601846343,0.09587262352920531,0.13598477255872168,0.05598090983351213,0.46072586445540126,1.2547614269499034,-0.23608938707625707,0.14473322444686618,0.6148743832177368,1.155029375402914,0.6216966308193348,0.8440624688809617,True
85,Oak,71,18,0.27527207642465923,-0.06869724771717528,1.0139571651042458,1.0567688924944674,0.05731492318662948,0.061070510044865606,0.10911638716808086,0.05574331832277209,0.16087101093382863,0.38967314191548985,-0.19059449595131278,0.053200000516962234,0.7961599447556977,1.231754385452794,0.9455047634411229,1.1680330215478119,True
85,Pine,366,91,0.4510827636729916,-0.46347505998109034,1.5468998267254126,0.6933214375520805,0.05108786303452747,0.058749666720471674,0.0787417625374005,0.035152604115858785,0.3506164981674069,0.5515490291785763,-0.5790085598089152,-0.3479415601532655,1.3920510945301816,1.7017485589206436,0.6241924771974513,0.7624503979067098,True
85,Spruce,6,1,4.705933955981953,0.12289480397195351,1.2079429935114636,-0.1888441030522349,6.094381185038906,0.24024654317260483,0.8344436968360572,1.1296978318163085,-21.516071885634503,30.927939797598412,-0.9108026408097167,1.1565922487536238,-2.382378456457938,4.798264443480865,-5.049541562848487,4.671853356744018,True
86,Alder,92,23,0.2102670761407395,-0.09067459246405178,1.0773654977136697,1.028611710093982,0.052233738202986005,0.08375850307364519,0.14457809374923694,0.04642272001993495,0.10646349760770077,0.31407065467377826,-0.2571270167157372,0.0757778317876336,0.7900469173292006,1.3646840780981389,0.9363563091004703,1.1208671110874937,True
86,Aspen,53,13,0.3322799494033862,-0.026858316842096105,0.8257013927252359,1.0520138694725212,0.16124182259964742,0.21472768067002146,0.336182864259292,0.07912114837379895,0.008252375517548927,0.6563075232892235,-0.45836974664276614,0.4046531129585739,0.1501166335625822,1.5012861518878897,0.8930139689673064,1.211013769977736,True
86,Birch,96,24,0.7376544175795504,0.056779375296669723,0.7881925574217218,0.7815574990128714,0.1873272980441961,0.09658095156366818,0.13755746942491415,0.05926045648206395,0.3656062341425464,1.1097026010165545,-0.1350387310820515,0.24859748167539092,0.5149915496024764,1.0613935652409672,0.6638611172575664,0.8992538807681765,True
86,Oak,71,18,0.28392507936317607,-0.10501318288529451,1.1101881448957662,0.9960974911841107,0.059536476675841964,0.06760189553448348,0.12713466713668678,0.04925186676447004,0.16508977454896331,0.4027603841773888,-0.2399471311200689,0.029920765349479878,0.8564262872047141,1.3639500025868183,0.8977903536708877,1.0944046286973337,True
86,Pine,366,91,0.43315500245811833,-0.48657520002068955,1.5988544250548984,0.6795019012892214,0.05015596576021559,0.06421881686804036,0.0847030992587751,0.035144056832219696,0.3345213491117401,0.5317886558044966,-0.6128639958851521,-0.360286404156227,1.4322824928226443,1.7654263572871525,0.61038974949961,0.7486140530788328,True
86,Spruce,6,1,4.705933955981784,0.12289480397195322,1.207942993511436,-0.1888441030521988,6.094381185146204,0.24024654317156513,0.8344436968541056,1.1296978318419328,-21.51607188609634,30.92793979805991,-0.9108026408052435,1.15659224874915,-2.382378456535621,4.798264443558494,-5.049541562958705,4.671853356854307,True
87,Alder,92,23,0.2331611538948747,-0.07025064941026431,1.0381046558105123,1.011916177111728,0.05675120390065646,0.0791177879531584,0.1398579922892648,0.04738421789849096,0.12038006156613303,0.3459422462236164,-0.22748062753743753,0.08697932871690893,0.7601662852184206,1.316043026402604,0.9177500011291052,1.1060823530943507,True
87,Aspen,53,13,0.24176010606116677,-0.09092406681425913,0.9569245543238326,1.0874080332413583,0.12515109725086246,0.2403475244952125,0.37952861418646383,0.07384869201374644,-0.009740439873719697,0.49326065199605323,-0.5739205003451515,0.39207236671663326,0.1942332494727378,1.7196158591749273,0.9390035304761496,1.235812536006567,True
87,Birch,96,24,0.8961334834847073,0.09975274327953981,0.7551062068135761,0.7090264878883623,0.22752466380147804,0.10033030065467977,0.14561569305686664,0.05921966690854279,0.44424986193968574,1.348017105029729,-0.09951189402631266,0.2990173805853923,0.4659008712999776,1.0443115423271747,0.5914111177469019,0.8266418580298227,True
87,Oak,71,18,0.25571202484825734,-0.18092031566125455,1.25678925486195,0.96946356635385,0.05306589517255554,0.07102002997018501,0.13337090570452736,0.05598744466064135,0.14979205477000584,0.3616319949265088,-0.3226768887848708,-0.03916374253763835,0.9905798128917933,1.5229986968321065,0.8577121590906809,1.0812149736170191,True
87,Pine,366,91,0.4348559782051239,-0.4747823665460332,1.5234643133786498,0.7318256770607613,0.05236508381713297,0.062380994469127087,0.0808346587674204,0.0374384667117348,0.3318780084584013,0.5378339479518465,-0.5974570133325329,-0.3521077197595335,1.3644998195165292,1.6824288072407705,0.6582014791912774,0.8054498749302452,True
87,Spruce,6,1,3.8231009950161883,0.4887376309336046,0.11738101399147131,0.5503304410851416,13.057942193334966,1.4998734555448814,1.1222430322456571,1.3162913358250419,-52.36068962735093,60.00689161738331,-5.9646969867653645,6.942172248632573,-4.711241032082781,4.946003060065723,-5.1132140680778555,6.2138749502481385,True
88,Alder,92,23,0.21942753689832267,-0.13390313618693828,1.148335490820429,0.9855457412464022,0.05214709773227912,0.0839610164291245,0.14704766126567437,0.04932182267266699,0.11579613809460394,0.3230589357020414,-0.30075801317746065,0.032951740803584095,0.8561091639400276,1.4405618177008306,0.8875289829340108,1.0835624995587934,True
88,Aspen,53,13,0.3151221776331849,-0.005510640675617487,0.7849407332638755,1.0835994094803802,0.16568609529883058,0.24241342749500722,0.3792535259782674,0.08458565280124326,-0.017836496615980357,0.6480808518823502,-0.49265866171720835,0.4816373803659734,0.02280223886399857,1.5470792276637524,0.9136181761945903,1.2535806427661702,True
88,Birch,96,24,0.8645265529786282,0.10333032203486521,0.7542878234375177,0.7182684933922031,0.2138969365796041,0.09757652728400211,0.14060373149792751,0.05822228182122786,0.4397087740001129,1.2893443319571436,-0.0904650836595,0.2971257277292304,0.4750366761972132,1.0335389706778222,0.6026340161253899,0.8339029706590163,True
88,Oak,71,18,0.2725221211061362,-0.09662073459434936,1.091970507598563,1.016408429848509,0.055475512046340436,0.05629311805794121,0.10597974572377714,0.05873287737818774,0.16179253561780976,0.38325170659446267,-0.20898226851213228,0.015740799323433557,0.8804340497764273,1.303506965420699,0.8991771159457029,1.133639743751315,True
88,Pine,366,91,0.43414951187637035,-0.4729576475910694,1.5776543746127902,0.6846813151534918,0.0500185284148417,0.05995373069678387,0.08122971517373707,0.03431493047978776,0.33578613440395816,0.5325128893487825,-0.5908589859610571,-0.35505630922108167,1.4179129869945173,1.7373957622310632,0.6171996725164125,0.7521629577905712,True
88,Spruce,6,1,0.5247190316999317,-0.14829385272845175,0.4282789268562012,1.421003496153061,0.7128407466755137,0.3500201509010312,0.17499543256034664,0.6476992394240426,-2.542387152822103,3.5918252162219666,-1.654309010451429,1.3577213049945258,-0.3246656487339314,1.1812235024463338,-1.365821404376911,4.207828396683033,True
89,Alder,92,23,0.2441102743176359,-0.13422726402467183,1.0515559132105445,1.0412942034978832,0.05561435173097533,0.07774625899892454,0.13538740410084127,0.04701478036445766,0.13358843678351284,0.35463211185175897,-0.2887316165617736,0.020277088512429958,0.7825018972151409,1.3206099292059483,0.947862206982333,1.1347262000134333,True
89,Aspen,53,13,0.258751350232414,0.0002425156921859634,0.7920793690026082,1.1268200738890248,0.12150029412245429,0.2140760179845762,0.33734144227266555,0.06611458723652458,0.01458736786001058,0.5029153326048175,-0.42995934891285215,0.4304443802972241,0.11416636015399662,1.4699923778512198,0.9939578365654842,1.2596823112125655,True
89,Birch,96,24,0.7961794914286677,0.002940948951160749,0.8509657464845389,0.7429915554040236,0.19973331927206792,0.09521808237402506,0.13908977261642297,0.05834561988118076,0.3994918789831822,1.1928671038741532,-0.18617038157821597,0.1920522794805375,0.5747214522632174,1.1272100407058605,0.6271121181039787,0.8588709927040685,True
89,Oak,71,18,0.2354687556207115,-0.1056864088055119,1.104631415555928,1.054025458855535,0.05106996843927092,0.06325548895568218,0.11229582932384861,0.054788974765364276,0.13353267197611854,0.3374048392653045,-0.2319448931990084,0.020572075587984587,0.8804880021033273,1.3287748290085286,0.9446662075153867,1.1633847101956831,True
89,Pine,366,91,0.44240674001580843,-0.4690791048672615,1.5662298293896881,0.6879426049890118,0.053070634042919604,0.062931865102821,0.08304100736571884,0.03685040907592093,0.33804127836590137,0.5467722016657155,-0.5928370601355921,-0.34532114959893084,1.402926465375087,1.7295331934042892,0.6154748452843487,0.760410364693675,True
89,Spruce,6,1,1.625703735599729,0.04986525363659796,0.42454181778798133,0.9070462615226327,1.1808512246498126,0.24245407742266667,0.1726677449877303,0.33947861818297004,-3.4550890095048192,6.706496480704278,-0.9933304444119986,1.0930609516851946,-0.3183875265139538,1.1674711620899165,-0.5536123416757976,2.367704864721063,True
90,Alder,92,23,0.22030683810774002,-0.0896748377584662,1.0439915997176548,1.0382819500458953,0.05021397103650732,0.08027573906853376,0.1396605472202803,0.04952076480202292,0.12051712239396314,0.3200965538215169,-0.24920600040119484,0.06985632488426245,0.7664456097100169,1.3215375897252928,0.939869836056147,1.1366940640356435,True
90,Aspen,53,13,0.3105127806360052,-0.024428822945594925,0.815641369433194,1.0788701964969536,0.17617749694891505,0.2558988622602068,0.4023231263214314,0.08386861457477085,-0.04352915457194667,0.6645547158439571,-0.5386768397532526,0.48981919386206285,0.007142777453226445,1.6241399614131615,0.9103299054751577,1.2474104875187495,True
90,Birch,96,24,0.6027702670558668,-0.13531888439160877,1.0893885493785025,0.7342842494686113,0.15806011352008573,0.10957573691941491,0.16408007615926748,0.05464353897073172,0.28884923833788223,0.9166912957738513,-0.3529457561570955,0.08230798737387796,0.763511355234282,1.415265743522723,0.6257574644090551,0.8428110345281674,True
90,Oak,71,18,0.2494330799770215,-0.12268488031725593,1.151081072949324,1.0133697392243568,0.0508017890107533,0.05775507849726594,0.10512084874829551,0.055197944414692085,0.14803228471212743,0.35083387524191556,-0.2379644994851855,-0.007405261149326367,0.9412589806654965,1.3609031652331514,0.9031941810476074,1.1235452974011062,True
90,Pine,366,91,0.4070833554446195,-0.4957776867445178,1.5887667442737714,0.7138150336994241,0.0449480021144179,0.05469416940228032,0.07297683397633786,0.03364492505861263,0.3186913647418426,0.49547534614739636,-0.6033358936920898,-0.38821947979694577,1.4452549678452167,1.7322785207023261,0.6476509827276777,0.7799790846711705,True
90,Spruce,6,1,1.3357045592739345,0.10250233263305328,0.3970170598943899,0.9411255805007493,1.0543582680933503,0.244790461697463,0.17748645566836777,0.3596224320733359,-3.200832921015616,5.872242039563485,-0.9507460155931148,1.1557506808592213,-0.36664552307120596,1.1606796428599857,-0.6062048585195546,2.4884560195210534,True
91,Alder,92,23,0.2406967601739598,-0.055114792921913194,1.0264416341661406,1.0016946327340972,0.05127745057544639,0.07273367216633922,0.12320024822861178,0.04338524929570522,0.138793602350994,0.3425999179969256,-0.19965768245003201,0.08942809660620564,0.7816070295167363,1.271276238815545,0.9154755665255686,1.087913698942626,True
91,Aspen,53,13,0.27332964991044884,-0.1044269752491788,0.8514079287509967,1.1548269256483534,0.16280320826761108,0.2622782924771512,0.3782129407139538,0.12595135260564125,-0.05383564594933671,0.6004949457702344,-0.6314949370478019,0.4226409865494444,0.09136056873040599,1.6114552887715874,0.9017182063691234,1.4079356449275835,True
91,Birch,96,24,1.0182785317236664,0.11102598983856046,0.5533146735256339,0.8517482116562552,0.23290332791993518,0.08696526287122862,0.13155042922502289,0.058209910045409395,0.5557124189695011,1.4808446444778318,-0.061694528800044834,0.28374650847716576,0.2920441660527679,0.8145851809984999,0.7361383058041115,0.967358117508399,True
91,Oak,71,18,0.2898216464531541,-0.08078976171571185,1.0573724210448783,1.013940561701135,0.06481353691228667,0.06205102449757409,0.1113430563918314,0.05704504817358043,0.16045328532230302,0.4191900075840052,-0.20464412498869805,0.04306460155727433,0.8351307503240731,1.2796140917656833,0.900078168990893,1.127802954411377,True
91,Pine,366,91,0.4926445557240497,-0.4915981398241711,1.6069648756900483,0.6395237085157974,0.05465452796715378,0.05605818566400459,0.07531655012852233,0.03259641902679631,0.3851643051972376,0.6001248062508617,-0.6018387376913185,-0.38135754195702376,1.4588519566379667,1.7550777947421299,0.5754215853507685,0.7036258316808264,True
91,Spruce,6,1,0.5247190316999327,-0.14829385272845041,0.42827892685620006,1.4210034961530604,0.7128407466737483,0.3500201509002653,0.1749954325602989,0.6476992394224257,-2.5423871528145066,3.591825216214372,-1.6543090104481322,1.3577213049912316,-0.32466564873372705,1.181223502446127,-1.3658214043699546,4.207828396676075,True
92,Alder,92,23,0.23036746708036984,-0.08741756397110952,1.0682387355548713,1.003113312679625,0.053768710891410824,0.0810498725524217,0.1457426315998749,0.04788708395346066,0.12351345288083182,0.33722148127990786,-0.24848715424039514,0.07365202629817609,0.7786058809026171,1.3578715902071254,0.9079477960825934,1.0982788292766568,True
92,Aspen,53,13,0.4574491587452236,0.08944092770461554,0.6049148189258478,1.05144618110438,0.24339663403389264,0.24758393408078908,0.3869061647784093,0.08039456496402315,-0.03167468980989496,0.9465730073003422,-0.40809761533517624,0.5869794707444074,-0.1726022289054887,1.3824318667571842,0.8898872541529012,1.2130051080558588,True
92,Birch,96,24,0.9182510016832303,0.09900360180034219,0.7417412809917495,0.717911016003139,0.23548975533700303,0.1025711991162301,0.14874563999438276,0.059195104133896614,0.4505480208262392,1.3859539825402214,-0.10471165327767225,0.30271885687835665,0.44631960069276716,1.0371629612907318,0.6003444296523097,0.8354776023539683,True
92,Oak,71,18,0.4297307227817632,0.06622745694602228,0.8283106083815115,0.96818455929586,0.08589714626890105,0.0763330138116397,0.11937767654810355,0.04436046992411722,0.25827930124210396,0.6011821443214225,-0.08613387630993888,0.21858879020198344,0.5900317687073671,1.066589448055656,0.8796406907388341,1.056728427852886,True
92,Pine,366,91,0.43957310944968997,-0.44753945876605994,1.538032605525422,0.6932335703716077,0.05052710886625956,0.058192655714258544,0.07762473949677082,0.033934283670146434,0.3402095887802808,0.5389366301190991,-0.5619775748311715,-0.3331013427009484,1.3853805424940573,1.690684668556787,0.6265004844595461,0.7599666562836693,True
92,Spruce,6,1,2.0720704294114265,0.2101017151746277,0.3802360670422681,0.7289473018853567,1.42327176291333,0.22680209952819047,0.15456612740656478,0.32694263895441816,-4.051773706387053,8.195914565209906,-0.765748957461157,1.1859523878104123,-0.28480830296214954,1.0452804370466857,-0.6777733360659308,2.1356679398366443,True
93,Alder,92,23,0.22924438005525571,-0.07341796896212596,1.0284222428920051,1.0278092968079304,0.05630629927725001,0.08369994297145976,0.14618647789481645,0.05085704735216102,0.11734744217542618,0.34114131793508523,-0.23975401731625479,0.09291807939200286,0.7379073369962706,1.3189371487877395,0.926741602049742,1.1288769915661188,True
93,Aspen,53,13,0.3619966520041441,0.12721869687722803,0.6130685568709151,1.085183481756384,0.22018433235046178,0.2788443720903508,0.44255151685056954,0.07624881196528777,-0.08048032989117843,0.8044736338994667,-0.43314004828839264,0.6875774420428487,-0.2762720125459729,1.502409126287803,0.9319557573704179,1.2384112061423498,True
93,Birch,96,24,0.8715892867125596,0.057580262517325544,0.7935801697531242,0.7196184943286847,0.217829657351381,0.0990250213714196,0.14466425854762652,0.05977168727942434,0.43896078482082873,1.3042177886042905,-0.13909197746424415,0.25425250249889525,0.5062644652998025,1.0808958742064458,0.6009067640819381,0.8383302245754314,True
93,Oak,71,18,0.3048590978101001,-0.017651420649036235,0.9914717622322946,0.9967050914263414,0.0721776704799713,0.08379991200668312,0.13306498141293827,0.05311023319586138,0.1607918645579924,0.4489263310622078,-0.18491674508096045,0.14961390378288797,0.725872947703849,1.2570705767607402,0.8906966222831705,1.1027135605695124,True
93,Pine,366,91,0.4462812394458517,-0.4340215755822442,1.521963038658817,0.6909032554853616,0.052382177481528305,0.06113276797798415,0.0829631557341681,0.03517132385335328,0.3432696543446476,0.5492928245470557,-0.5542415365271083,-0.31380161463738004,1.3588127728992776,1.6851133044183564,0.6217374820403894,0.7600690289303338,True
93,Spruce,6,1,4.705933955981665,0.1228948039719512,1.2079429935114212,-0.1888441030521761,6.094381185177106,0.24024654317346977,0.8344436968512273,1.1296978318429303,-21.51607188622942,30.927939798192746,-0.9108026408134405,1.156592248757343,-2.3823784565232518,4.798264443546094,-5.049541562962973,4.6718533568586205,True
94,Alder,92,23,0.25548403518526774,-0.04526423575894949,0.9619029429861637,1.0319672758888778,0.057455705505873464,0.07866707715004033,0.138880496553865,0.04663092967703482,0.14130289395672102,0.36966517641381447,-0.2015985208751163,0.11107004935721729,0.6859071397619477,1.2378987462103797,0.9392981019540516,1.124636449823704,True
94,Aspen,53,13,0.42506153306743066,0.10481288125559748,0.5751540663002092,1.0855288048555116,0.24299955733204273,0.27378890714198373,0.431617186713445,0.07579549668134339,-0.06326435998040936,0.9133874261152707,-0.4453865267376098,0.6550122892488048,-0.2922131440385174,1.4425212766389357,0.9332120516387725,1.2378455580722507,True
94,Birch,96,24,0.9849290324376125,0.09418980532008739,0.7463048634071666,0.6899601398038943,0.22769850500088773,0.09168943456075292,0.13464815922806966,0.05392694591881224,0.5327001472651209,1.4371579176101041,-0.08791332607001001,0.2762929367101848,0.47888199676164045,1.0137277300526928,0.5828565703995777,0.7970637092082108,True
94,Oak,71,18,0.3012175626146775,-0.04818046247135659,1.0125341353600392,1.0131683863662355,0.0651811985765645,0.07881446643916853,0.1244815855604312,0.04951841571086913,0.17111534573047305,0.431319779498882,-0.20549479590198333,0.10913387095927013,0.7640678506591039,1.2610004200609746,0.9143292149292432,1.1120075578032278,True
94,Pine,366,91,0.4369635294860988,-0.4597231045828629,1.5492746411075875,0.6965209862244813,0.04782992705405989,0.056022675042647865,0.07489143560665436,0.033006337932408404,0.3429041215347759,0.5310229374374217,-0.569893869434856,-0.34955233973086985,1.4019977262625207,1.6965515559526543,0.6316127416215847,0.761429230827378,True
94,Spruce,6,1,0.5247190316999315,-0.1482938527284509,0.42827892685620017,1.4210034961530613,0.7128407466767441,0.35002015090159366,0.1749954325604,0.6476992394250866,-2.5423871528273976,3.591825216227261,-1.6543090104538485,1.3577213049969465,-0.32466564873416204,1.1812235024465623,-1.3658214043814023,4.207828396687525,True
95,Alder,92,23,0.22780809493562207,-0.1851893062564033,1.20349955080988,0.9715791093781829,0.051616548251231395,0.08275225593301881,0.14782331318433037,0.047155154294694156,0.12523105173838092,0.3303851381328632,-0.3496420257640066,-0.02073658674880005,0.9097317787328966,1.4972673228868634,0.8778681491737873,1.0652900695825787,True
95,Aspen,53,13,0.4602544785313772,0.12555872254107392,0.5898135114931489,1.030521532583525,0.23620147236343148,0.2319386817117688,0.36693390265995757,0.07853836063904913,-0.01441015130364115,0.9349191083663955,-0.3405395087592971,0.5916569538414449,-0.14756777295549273,1.3271947959417905,0.8726927878785662,1.188350277288484,True
95,Birch,96,24,1.184322453931588,0.10386459556318195,0.7372127464434449,0.6292756138384008,0.2784039591982985,0.09210535721967014,0.1363538908400868,0.057194466874139566,0.6313881599828266,1.7372567478803493,-0.0790645941287009,0.2867937852550648,0.4664021495829005,1.0080233433039893,0.5156824657743575,0.7428687619024441,True
95,Oak,71,18,0.24799888961428124,-0.10606053319752998,1.0869237029502195,1.0560649579926367,0.05258874492481278,0.061354788042956215,0.11009273967768538,0.0567583903861361,0.14303131541664954,0.35296646381191293,-0.22852520269072193,0.01640413629566198,0.8671776748360273,1.3066697310644115,0.94277473662088,1.1693551793643935,True
95,Pine,366,91,0.4251686956728657,-0.45021039798368534,1.5477716917393607,0.6969111181744628,0.04989297156029952,0.06151643967678584,0.08276585546253569,0.03497785537919851,0.32705223062808736,0.5232851607176441,-0.5711848642155046,-0.3292359317518661,1.3850094246217053,1.710533958857016,0.6281258079929131,0.7656964283560126,True
95,Spruce,6,1,1.625703735599726,0.049865253636596614,0.4245418177879831,0.9070462615226327,1.1808512246427199,0.24245407742155176,0.1726677449874682,0.33947861818109887,-3.455089009474305,6.706496480673756,-0.9933304444072026,1.093060951680396,-0.31838752651282426,1.1674711620887905,-0.5536123416677468,2.367704864713012,True
96,Alder,92,23,0.27628707784274426,-0.08788351127946986,1.0297967687513743,0.9815645290784418,0.060500557398329775,0.09023594225293764,0.15905192871588975,0.04680216967480753,0.15605493330840708,0.3965192223770814,-0.2672084847622235,0.09144146220328375,0.713714482832437,1.3458790546703114,0.8885550516315881,1.0745740065252956,True
96,Aspen,53,13,0.29964565080231637,-0.006624105489523785,0.8300257134405671,1.0621404357152366,0.15041273690306503,0.2287551772491242,0.3610995002610819,0.08510617774338326,-0.0026200606269184967,0.6019113622315513,-0.4663248450544738,0.4530766340754262,0.10436909957615348,1.5556823273049807,0.891113168395414,1.2331677030350594,True
96,Birch,96,24,0.8450544530323882,-0.017887540529078746,0.9355870078520995,0.669240357295138,0.23323880119088214,0.11128110338039292,0.1647296987351403,0.05711577059182819,0.3818220614050923,1.3082868446596843,-0.23890141728810127,0.20312633622994375,0.6084196071987555,1.2627544085054434,0.5558035068405882,0.7826772077496877,True
96,Oak,71,18,0.29982579919440167,-0.021022901143317254,0.994319525166942,1.0025179894061045,0.07610113749257248,0.09859832137471841,0.16766761464829444,0.05629001231061479,0.1479272930083993,0.45172430538040403,-0.21782597430012612,0.1757801720134916,0.6596535656294522,1.3289854847044318,0.8901626545859306,1.1148733242262783,True
96,Pine,366,91,0.419548318605652,-0.45499346602760476,1.5296220762924901,0.7210590798451173,0.047534567311212354,0.05567890853303909,0.07547131987579668,0.03311131498180313,0.3260697470522917,0.5130268901590123,-0.5644882006960111,-0.3454987313591984,1.381204796525391,1.6780393560595892,0.6559443938001631,0.7861737658900715,True
96,Spruce,6,1,4.705933955981913,0.12289480397195449,1.207942993511454,-0.1888441030522246,6.094381185062371,0.24024654317162664,0.8344436968432335,1.1296978318241944,-21.516071885735506,30.92793979769933,-0.9108026408055069,1.1565922487494158,-2.3823784564888246,4.798264443511733,-5.049541562882408,4.671853356777958,True
97,Alder,92,23,0.23090893829508216,-0.07749711462253343,1.056934157455451,1.0034564694407568,0.045105320943414136,0.07298226053787917,0.12895778294224852,0.040350113093052496,0.14127159113427817,0.32054628545588615,-0.22253402130192845,0.0675397920568616,0.8006576624232227,1.3132106524876792,0.9232690986461422,1.0836438402353714,True
97,Aspen,53,13,0.22475730789023504,-0.127036604725769,0.8896528725529417,1.1890425254049415,0.10820136156129037,0.21623176436038752,0.31834391801896195,0.10341853657515358,0.007318531072998347,0.44219608470747174,-0.5615706038651687,0.3074973944136306,0.24991681801133503,1.5293889270945482,0.9812151952433683,1.3968698555665147,True
97,Birch,96,24,0.9293582449229711,0.09318203298122685,0.655666654940053,0.8006546370923661,0.2141786370735742,0.09056197121537624,0.13401281116884586,0.05746862098867643,0.5039809844479034,1.3547355053980388,-0.086681858885754,0.27304592484820767,0.3895056443814527,0.9218276654986535,0.6865169952927053,0.9147922788920269,True
97,Oak,71,18,0.3139542466967641,-0.04176547459183887,1.0147003304176585,0.992219610617457,0.07037104003237996,0.07875558931193166,0.1270565047903602,0.049394318861089026,0.17349306291068514,0.45441543048284305,-0.1989622887846398,0.11543133960096205,0.7610944854228445,1.2683061754124725,0.893628137529334,1.09081108370558,True
97,Pine,366,91,0.41766086267874974,-0.4449308202111381,1.559701936099718,0.6884705965068485,0.05020687952843691,0.05852064066257597,0.07780224947845124,0.03666267156918083,0.3189270854310732,0.5163946399264263,-0.5600139314070349,-0.3298477090152413,1.4067007927997706,1.7127030793996654,0.6163720298957536,0.7605691631179434,True
97,Spruce,6,1,2.072070429411437,0.2101017151746286,0.38023606704226853,0.7289473018853538,1.4232717629074754,0.22680209952758962,0.15456612740661516,0.3269426389529478,-4.0517737063618515,8.195914565184726,-0.7657489574585709,1.185952387807828,-0.2848083029623658,1.0452804370469029,-0.6777733360596072,2.1356679398303147,True
98,Alder,92,23,0.21725980770925085,-0.07704068376845286,1.0847316955767563,0.9987182392893356,0.044288487539641326,0.07165832566819821,0.12274421960780908,0.041353792140065154,0.12924574529302013,0.3052738701254816,-0.21944654809963438,0.06536518056272866,0.840803351983546,1.3286600391699666,0.9165362672970492,1.080900211281622,True
98,Aspen,53,13,0.3208325671285444,-0.033053436012297564,0.8337044808057791,1.0586756158668884,0.16755243231641362,0.23379422495765603,0.3655367278425381,0.08412027812584522,-0.01587665177529335,0.6575417860323822,-0.502880521071026,0.4367736490464309,0.09913092427216419,1.568278037339394,0.8896295880047654,1.2277216437290115,True
98,Birch,96,24,0.770912782553433,0.12938930908773025,0.752584548560863,0.73678789093657,0.1877074745099537,0.09630745722723187,0.1379506713880681,0.05618765094861844,0.3981095358397609,1.1437160292671051,-0.061885613931631195,0.3206642321070917,0.47860260770279917,1.0265664894189268,0.6251943662058927,0.8483814156672473,True
98,Oak,71,18,0.2760991639807332,-0.0961746684117359,1.045065724279511,1.0550239301498974,0.055200005142228205,0.059653459926189804,0.10844426873023248,0.05588012119586771,0.1659194925746064,0.38627883538686003,-0.21524347277092398,0.022894135947452182,0.8286100579478027,1.2615213906112193,0.9434867414189994,1.1665611188807954,True
98,Pine,366,91,0.4230562581296471,-0.4138455225924649,1.4811363512830902,0.7236231290659013,0.04869993525353952,0.05862780708886691,0.07832213576327496,0.034098761406635494,0.3272859452868457,0.5188265709724484,-0.5291393807250608,-0.2985516644598689,1.3271128314259455,1.6351598711402349,0.6565665913012402,0.7906796668305625,True
98,Spruce,6,1,3.8231009950170938,0.4887376309337089,0.11738101399139306,0.5503304410850522,13.057942194129216,1.499873455632465,1.122243032307021,1.3162913359052606,-52.36068963076741,60.006891620801596,-5.964696987142102,6.942172249009521,-4.711241032346886,4.946003060329672,-5.113214068423099,6.213874950593203,True
99,Alder,92,23,0.23555946812038214,-0.1025485221708519,1.0524052279444263,1.0229210509325823,0.052876624074823006,0.08220246141445142,0.14505977081429963,0.04833862035392081,0.13047828900999858,0.3406406472307657,-0.26590864060396646,0.06081159626226264,0.7641294156104363,1.3406810402784162,0.9268582006233139,1.1189839012418508,True
99,Aspen,53,13,0.2527961223981447,-0.04318541062488918,0.8277552904294524,1.1447060422970872,0.13448819460879063,0.23587595071801554,0.3510621760007939,0.11017949738066792,-0.01746802317389906,0.5230602679701885,-0.5171958802221301,0.43082505897235174,0.12226943484555008,1.5332411460133546,0.923292052721551,1.3661200318726234,True
99,Birch,96,24,0.9069819685400089,0.02663210539051279,0.771059207300175,0.7594167809602893,0.18238197200827888,0.0813498177389123,0.11958620523939013,0.05548911994384958,0.5447556294758022,1.2692083076042155,-0.13493565450720926,0.18819986528823482,0.5335506813781127,1.0085677332222374,0.6492105991001496,0.8696229628204291,True
99,Oak,71,18,0.2437082520748654,-0.15756583970751953,1.1507275543831537,1.0588437764616336,0.04089494527675577,0.055475390694256055,0.1049686559767113,0.04662529586706785,0.16208159966505356,0.3253349044846773,-0.2682951829760718,-0.04683649643896727,0.9412092401428306,1.3602458686234769,0.9657792964020651,1.1519082565212022,True
99,Pine,366,91,0.4302473352713085,-0.48489476296587325,1.5662089944559536,0.7077734284020313,0.04697361725536508,0.055079588468444594,0.07448373866931898,0.03350873721360169,0.33787189377465143,0.5226227767679655,-0.5932109114661386,-0.37657861446560786,1.4197338314618984,1.712684157450009,0.641877196113291,0.7736696606907716,True
99,Spruce,6,1,1.6257037355997228,0.049865253636597384,0.42454181778798084,0.9070462615226347,1.1808512246439469,0.24245407742174033,0.1726677449875059,0.33947861818144764,-3.455089009479587,6.706496480679033,-0.9933304444080133,1.093060951681208,-0.31838752651298874,1.1674711620889504,-0.5536123416692453,2.367704864714515,True
100,Alder,92,23,0.26746459007055884,-0.05817829884707851,1.0277376118347414,0.97049015602543,0.05555650775393388,0.07487128333859742,0.12852258216401594,0.042370895465131495,0.1570577052857518,0.3778714748553659,-0.20696924139277595,0.09061264369861893,0.7723259868982614,1.2831492367712216,0.8862869049037532,1.0546934071471068,True
100,Aspen,53,13,0.25487704503974745,-0.0569479059386081,0.8872823136522702,1.104227581943163,0.11933828200959717,0.22003201301575898,0.3416974919639714,0.07494867950937951,0.015057788671715144,0.49469630140777976,-0.4991187906707759,0.3852229787935597,0.20061549521230582,1.5739491320922345,0.9536125715455783,1.2548425923407478,True
100,Birch,96,24,0.9406687630182979,0.035307843516340046,0.8345592206844661,0.6785410806697705,0.2221553318734183,0.09020517414602887,0.13197090724416793,0.0577421977298745,0.49944909814676464,1.3818884278898311,-0.1438474185732817,0.21446310560596182,0.5724536075711975,1.0966648337977347,0.5638600918477801,0.7932220694917609,True
100,Oak,71,18,0.26285724112120473,-0.10166654359251481,1.071047421482854,1.0515265792306523,0.0433605646003638,0.04758494260267966,0.08542962204417434,0.03966078414578225,0.17630919194362504,0.3494052902987844,-0.19664648655327766,-0.006686600631751985,0.9005291822014585,1.2415656607642496,0.9723633227484769,1.1306898357128277,True
100,Pine,366,91,0.4294220761951565,-0.4651604060360013,1.5637200243684184,0.6939720861379193,0.049037513771229425,0.05728833146655551,0.07613593970368694,0.03464283452349691,0.33298790209504836,0.5258562502952646,-0.5778201333689111,-0.3525006787030915,1.4139957439142097,1.713444304822627,0.625845607472107,0.7620985648037315,True
100,Spruce,6,1,1.9813560727247088,0.12514672044812902,0.3961319862035015,0.8072516683329541,1.655232314253664,0.2570579632397235,0.1859182628618325,0.37960210155798163,-5.14053376248008,9.103245907929498,-0.9808844267753979,1.231177867671656,-0.403809734999327,1.19607370740633,-0.8260443501338876,2.4405476867997957,True
101,Alder,92,23,0.18480059319792408,-0.09823974231930808,1.1603430386659777,1.0010514609285588,0.04053384762756157,0.07202377591556407,0.12646910668325584,0.039980493172104024,0.10424808862506005,0.2653530977707881,-0.2413718622231798,0.044892377584563645,0.9090122647400914,1.411673812591864,0.9215986320566847,1.080504289800433,True
101,Aspen,53,13,0.36479774185055613,0.02450259886756218,0.7560188986847564,1.0437188499974817,0.18990464061400925,0.22857316224183968,0.35880913917759794,0.08578978774631336,-0.016829921343284537,0.7464254050443968,-0.43483236784596296,0.4838375655810873,0.03496493773779663,1.4770728596317162,0.8713178169439169,1.2161198830510465,True
101,Birch,96,24,0.6630437605613274,-0.11075472722222349,0.9528145776649328,0.8115894118205512,0.14410019614577158,0.08877519041132764,0.12910103078484786,0.05018038248469638,0.3768483327262365,0.9492391883964183,-0.2870699181828925,0.06556046373844551,0.6964087869188599,1.2092203684110059,0.7119268407883216,0.9112519828527809,True
101,Oak,71,18,0.33035050628549606,-0.011951778011358697,0.9527317524624802,1.0050346817904958,0.07491643065237727,0.07750885894082678,0.12288741954709265,0.05606883242286535,0.18081668484959426,0.4798843277213979,-0.1666601079682172,0.14275655194549983,0.7074474364418718,1.1980160684830885,0.8931208238740121,1.1169485397069794,True
101,Pine,366,91,0.4367195743143832,-0.49329672167694527,1.588965610360925,0.6915203373662154,0.05053446539592297,0.0590602389997229,0.07853553963490222,0.033563561068741275,0.33734158674386555,0.5360975618849009,-0.6094409739460074,-0.3771524694078832,1.4345224235074856,1.7434087972143646,0.6255162918384917,0.7575243828939392,True
101,Spruce,6,1,3.8231009950162282,0.4887376309336086,0.11738101399146818,0.550330441085138,13.057942191869376,1.499873455376662,1.12224303212223,1.3162913356805568,-52.36068962104497,60.00689161107742,-5.96469698604157,6.942172247908788,-4.71124103155172,4.9460030595346565,-5.11321406745619,6.213874949626466,True
102,Alder,92,23,0.25290842244545825,-0.0587529690418505,0.9894907422243707,1.0184380556003763,0.058083432117985404,0.08131535566374462,0.14143210881733764,0.04706446573638635,0.13747980648277666,0.3683370384081398,-0.22035015120755197,0.10284421312385099,0.7084241458099766,1.2705573386387647,0.9249073198487618,1.1119687913519907,True
102,Aspen,53,13,0.359509187616824,0.006536401580518868,0.7237723438145724,1.0876985622335646,0.19964838277926442,0.25057415057813753,0.3596834997659664,0.12256231303599568,-0.04169925854928552,0.7607176337829336,-0.49701120648599967,0.5100840096470374,0.0009612894809056804,1.4465833981482392,0.8414003729511454,1.3339967515159838,True
102,Birch,96,24,0.5994193397757002,-0.11167784336688018,1.0717588194746683,0.734024859256641,0.16624617292954802,0.10805446112316901,0.16563910322855951,0.058962761698012456,0.2692400904748335,0.9295985890765668,-0.32628333008913396,0.10292764335537362,0.7427852630003705,1.4007323759489663,0.6169197250385683,0.8511299934747136,True
102,Oak,71,18,0.2688259696441997,-0.08869172998545168,1.0792441080134354,1.0236310423648716,0.055010002164498376,0.058845941298371014,0.1052169396547348,0.04765400792343867,0.15902554576891131,0.37862639351948807,-0.2061487204174824,0.028765260446579052,0.8692302174776092,1.2892579985492616,0.9285132444469003,1.1187488402828427,True
102,Pine,366,91,0.4351601568798913,-0.4776847186385239,1.5342614815561229,0.7263284903099486,0.04958649479717473,0.05747640317196703,0.07529913920054153,0.03583075614462259,0.33764639028493026,0.5326739234748523,-0.5907142962796604,-0.3646551409973874,1.3861828017696771,1.6823401613425686,0.655865917669973,0.7967910629499242,True
102,Spruce,6,1,1.625703735599721,0.04986525363659607,0.4245418177879829,0.9070462615226343,1.1808512246403162,0.24245407742112512,0.17266774498737444,0.3394786181804502,-3.4550890094639675,6.70649648066341,-0.9933304444053676,1.0930609516785597,-0.318387526512421,1.1674711620883869,-0.553612341664954,2.367704864710223,True
103,Alder,92,23,0.24219408195171424,-0.08651198155681816,1.050495612558066,1.0031848243982189,0.05768445918150793,0.08135548797029284,0.14012595308431317,0.048757461658247236,0.12755834086203627,0.3568298230413922,-0.2481889182485752,0.07516495513493887,0.7720247261938026,1.3289664989223295,0.9062896150098898,1.100080033786548,True
103,Aspen,53,13,0.2941925027791936,-0.01176433357296877,0.8384886490344655,1.0629350211918254,0.14548895710109544,0.2247725378769386,0.3526677664747491,0.08274932110712652,0.001821497313073961,0.5865635082453133,-0.46346165967715863,0.43993299253122115,0.12977623859313225,1.5472010594757988,0.896644034605688,1.2292260077779626,True
103,Birch,96,24,1.0410327044260117,0.1113068118301219,0.7386132145787061,0.6672532066353325,0.25600052126383466,0.10652285213662896,0.14682245238778024,0.05821426878298957,0.5325935720115529,1.5494718368404705,-0.10025676724104532,0.3228703909012891,0.447011150870127,1.0302152782872853,0.5516346439541215,0.7828717693165435,True
103,Oak,71,18,0.24751046365610366,-0.1221991715674527,1.12053974093731,1.0433026434313661,0.05140175838313611,0.061874438544586165,0.11084173356414437,0.05708442398018041,0.14491212451177418,0.3501088028004331,-0.2457010678030715,0.0013027246681660692,0.8992987147686317,1.341780767105988,0.9293616562822041,1.1572436305805283,True
103,Pine,366,91,0.44443420575266956,-0.4827923145970988,1.5651887606269916,0.6987628368546516,0.05195734376111063,0.05977007243862549,0.07852575629423762,0.03540952027062643,0.34225807265152985,0.5466103388538093,-0.6003324818741801,-0.3652521473200175,1.410764813092685,1.7196127081612982,0.629128640910111,0.7683970327991921,True
103,Spruce,6,1,1.6257037355997146,0.04986525363659533,0.42454181778798283,0.9070462615226361,1.180851224639867,0.2424540774210606,0.1726677449873588,0.3394786181803276,-3.4550890094620414,6.706496480661471,-0.9933304444050908,1.0930609516782814,-0.3183875265123538,1.1674711620883196,-0.5536123416644246,2.367704864709697,True
104,Alder,92,23,0.2419361707092992,-0.17359741669298026,1.15527166026472,0.9879270592347342,0.04554373606248593,0.06655091425834361,0.11789219713427895,0.04017450435360262,0.1514275656257751,0.3324447757928233,-0.3058533740938346,-0.041341459292125876,0.9209856917570892,1.3895576287723508,0.908088673908204,1.0677654445612643,True
104,Aspen,53,13,0.2475255666749513,-0.09387407298128976,0.9360384394089136,1.1000088206744583,0.11878882753474246,0.22131873111705797,0.34600361272398783,0.07787727843804461,0.008810480413516869,0.48624065293638574,-0.538630714546994,0.35088256858441447,0.24071814732153218,1.6313587314962952,0.943508570390345,1.2565090709585716,True
104,Birch,96,24,0.579734861909963,-0.14261622126584508,1.0975983993029599,0.7492763051617888,0.1510356718841136,0.10326227454929994,0.15546646797389096,0.05739236122675668,0.2797649806094045,0.8797047432105216,-0.3477040118054606,0.062471569273770455,0.788828574515294,1.4063682240906257,0.6352901218318108,0.8632624884917668,True
104,Oak,71,18,0.3873450643461841,0.019272636969760868,0.9071502747076484,0.9712108211975202,0.08581088995382083,0.08989271605154034,0.1498305132960807,0.05153821027783114,0.21606581113201237,0.5586243175603558,-0.1601539752351375,0.19869924917465923,0.6080873184807731,1.2062132309345237,0.8683401229314569,1.0740815194635835,True
104,Pine,366,91,0.42064787694153305,-0.5058741289674791,1.6033193356092028,0.6993398947921677,0.046170030849183155,0.0566738568458306,0.07563211826523933,0.033419915705827495,0.329852719301838,0.5114430345812281,-0.6173254681094311,-0.39442278982552703,1.4545858395682758,1.7520528316501298,0.633618333445851,0.7650614561384845,True
104,Spruce,6,1,3.8231009950159947,0.48873763093358175,0.11738101399148852,0.5503304410851608,13.057942194045049,1.4998734556248612,1.1222430323021164,1.316291335896995,-52.36068963040637,60.00689162043835,-5.964696987109512,6.942172248976675,-4.711241032325688,4.946003060308666,-5.113214068387426,6.213874950557748,True
105,Alder,92,23,0.28240724032965325,-0.053379285080293715,0.9596873490628102,1.0082192519785116,0.06569170865822321,0.07653541014826108,0.13360008738244494,0.04530735174861887,0.15185877350972432,0.4129557071495822,-0.20547732996862955,0.09871875980804212,0.6941852494671188,1.2251894486585015,0.9181804110461406,1.0982580929108825,True
105,Aspen,53,13,0.24261447110698706,-0.14204769128878147,1.0090961895770807,1.0771748236567509,0.10790021318532453,0.19712016497262122,0.3111225287709998,0.06998564106878184,0.025780874608792997,0.4594480676051811,-0.5381754935565917,0.25408011097902866,0.38387206004585017,1.634320319108311,0.9365334124103117,1.21781623490319,True
105,Birch,96,24,0.8263127650858882,0.08414584612455456,0.7526073532959336,0.7524257904280558,0.20986336516489426,0.09771778745543656,0.14177069905742634,0.061697186907720504,0.40950600710257334,1.2431195230692031,-0.10993011446342679,0.27822180671253594,0.47103850775338274,1.0341761988384846,0.6298898517162557,0.8749617291398559,True
105,Oak,71,18,0.30669212296012055,-0.06428563823356212,0.9976330260186352,1.0383141463056462,0.04626016023009659,0.044111575000506,0.07925569512498964,0.03571897836649595,0.214356456682299,0.39902778923794213,-0.1523327104437855,0.023761433976661264,0.839437996445074,1.1558280555921965,0.9670187670888715,1.109609525522421,True
105,Pine,366,91,0.49300491485297676,-0.5196704544784904,1.6141443879424133,0.6565803658028471,0.052175318112428655,0.055892449981093696,0.0731960796449891,0.03190305909309135,0.3904001267298385,0.595609702976115,-0.6295851266925756,-0.40975578226440507,1.4702014563969812,1.7580873194878455,0.5938417618584881,0.719318969747206,True
105,Spruce,6,1,1.9813560727247028,0.12514672044812836,0.3961319862035004,0.8072516683329567,1.6552323142521026,0.25705796323924535,0.1859182628616078,0.3796021015576958,-5.1405337624733685,9.103245907922775,-0.9808844267733411,1.2311778676695977,-0.4038097349983613,1.196073707405362,-0.8260443501326553,2.4405476867985687,True
106,Alder,92,23,0.30336443706478194,-0.005342237858525981,0.8763446777889561,1.0177837057634105,0.07135820930786194,0.08102589117475334,0.14268200516465446,0.04590662325507032,0.16155499093476675,0.4451738831947971,-0.16636417017902655,0.1556796944619746,0.5927941750314498,1.1598951805464623,0.9265539386399864,1.1090134728868346,True
106,Aspen,53,13,0.2953852398221559,0.03449861339343745,0.7460725349170002,1.103863547190958,0.13738312629521968,0.21600421459548486,0.34040327525552916,0.0682988296349063,0.01930351121988355,0.5714669684244282,-0.3995781073731992,0.46857533416007413,0.062006542325800384,1.4301385275082001,0.9666119104317416,1.2411151839501744,True
106,Birch,96,24,0.9458456974371171,0.14910250540403877,0.5994804976659296,0.7974526940989201,0.20866176980123458,0.09281725027308092,0.13229442097123797,0.0578695743386091,0.5314254115640786,1.3602659833101556,-0.0352405653403558,0.33344557614843334,0.3367323583659812,0.862228636965878,0.6825187243372223,0.9123866638606178,True
106,Oak,71,18,0.2854672067199477,-0.0869355919872688,1.054444459124546,1.0291310059113674,0.05330222534546076,0.05407139281719662,0.09611455460271176,0.04420910585249296,0.17907551964226914,0.39185889379762623,-0.19486254376417667,0.02099135978963905,0.8625990051941129,1.2462899130549792,0.9408892613058029,1.117372750516932,True
106,Pine,366,91,0.4422243724313512,-0.5556786703724925,1.6373415397744449,0.7018805151042548,0.04862512964003314,0.059454117225853,0.07859461002698506,0.033905899360607526,0.3466011677309037,0.5378475771317988,-0.672597499460642,-0.4387598412843431,1.4827821887023043,1.7919008908465854,0.6352032480385676,0.7685577821699419,True
106,Spruce,6,1,1.6257037355997166,0.04986525363659549,0.42454181778798206,0.9070462615226365,1.1808512246385872,0.24245407742088812,0.17266774498733226,0.33947861817995006,-3.4550890094565325,6.706496480655966,-0.9933304444043486,1.0930609516775396,-0.31838752651224034,1.1674711620882046,-0.5536123416628,2.367704864708073,True
107,Alder,92,23,0.21415605168537233,-0.12798364549842123,1.0840163959274192,1.0462873282374268,0.05034896971129859,0.07924906117055658,0.13585128478950434,0.049456196870155886,0.11409805447341713,0.3142140488973275,-0.28547450156005366,0.029507210563211206,0.8140405145409444,1.353992277313894,0.948003529444271,1.1445711270305825,True
107,Aspen,53,13,0.27794091938163296,-0.009703921431073834,0.8368996274026783,1.0814749516284914,0.13269191118909385,0.22242163912867044,0.3464473589678325,0.07824059489959409,0.011286540488677665,0.5445952982745883,-0.4566769396257459,0.4372690967635982,0.1406875938520975,1.5331116609532591,0.9242445895800069,1.238705313676976,True
107,Birch,96,24,0.7817314361197003,0.0217848927989743,0.8259332474073825,0.7577293587883402,0.19148418413770124,0.09331948676759753,0.1362883692765574,0.05638231144268872,0.40142731809126125,1.1620355541481393,-0.1635556629750532,0.2071254485730018,0.5552527820276291,1.096613712787136,0.6457492215139391,0.8697094960627414,True
107,Oak,71,18,0.2763474329681409,-0.11188201759156521,1.08890418360672,1.0316604797338333,0.045254789081946696,0.0492376187525844,0.08741040958163306,0.04079480075987587,0.18601849590092254,0.36667637003535924,-0.21016071595403626,-0.013603319229094163,0.9144322758530076,1.2633760913604324,0.9502337166163236,1.1130872428513432,True
107,Pine,366,91,0.41419833873903866,-0.4930149530296653,1.6069011582727608,0.6911024322876514,0.04572535503047481,0.0556330740822674,0.07524821067373676,0.03297296656090418,0.32427765335581815,0.5041190241222592,-0.602419552471679,-0.38361035358765155,1.4589226314109407,1.754879685134581,0.6262598137820445,0.7559450507932584,True
107,Spruce,6,1,1.981356072724718,0.12514672044813013,0.3961319862035009,0.8072516683329524,1.655232314259193,0.25705796324050173,0.18591826286202304,0.3796021015591882,-5.1405337625038605,9.103245907953296,-0.9808844267787452,1.2311778676750054,-0.4038097350001474,1.196073707407149,-0.826044350139081,2.440547686804986,True
108,Alder,92,23,0.30249744809472695,0.033234753294716396,0.8344651781836299,1.0206614458924128,0.06613166608402145,0.07729078112466355,0.13330885301507156,0.04336055995348533,0.17107465834155197,0.4339202378479019,-0.12036443267921168,0.18683393926864447,0.56954184569451,1.0993885106727497,0.9344914445634471,1.1068314472213785,True
108,Aspen,53,13,0.3293700008622853,0.009749318325691193,0.7551206752496437,1.0863484516555988,0.18258713454451345,0.23814616471748185,0.35065053947962366,0.11696457781555723,-0.03755258333675371,0.6962925850613243,-0.46882331710786135,0.48832195375924375,0.05046203422538309,1.4597793162739041,0.851299332456179,1.3213975708550185,True
108,Birch,96,24,0.8432048389862266,0.043981442929062524,0.8332986065916431,0.7066327614898216,0.19478202152342414,0.08846591775154157,0.12921759938689484,0.05555652595241339,0.4563509312504734,1.2300587467219797,-0.13171950583379827,0.21968239169192333,0.5766613005400585,1.0899359126432278,0.596292705478393,0.8169728175012502,True
108,Oak,71,18,0.2416409766148221,-0.13774461675239058,1.1438452936419914,1.0447074316779779,0.050539637540124215,0.06111933512802159,0.108751074662907,0.054527375530132934,0.1407634378753237,0.3425185153543205,-0.2597393202603934,-0.015749913244387737,0.9267772401056003,1.3609133471783825,0.9358703345967581,1.1535445287591977,True
108,Pine,366,91,0.4757485073702401,-0.44120805714306455,1.5420732172740004,0.6612360619544434,0.05461128527609769,0.059797629622572936,0.07790659895080586,0.033935453075138795,0.36835329527374716,0.583143719466733,-0.558802416691942,-0.3236136975941871,1.3888668666866026,1.695279567861398,0.5945006763620768,0.72797144754681,True
108,Spruce,6,1,3.823100995015894,0.4887376309335703,0.11738101399149699,0.5503304410851709,13.05794219416778,1.4998734556380449,1.1222430323116939,1.3162913359090274,-52.36068963093453,60.006891620966314,-5.964696987166248,6.94217224903339,-4.711241032366888,4.946003060349882,-5.113214068439187,6.2138749506095285,True
109,Alder,92,23,0.2177153218851123,-0.14060810554120423,1.1105646515399032,1.0268835387261839,0.05092747392079673,0.08587713703087733,0.15269394345804213,0.05149241259555681,0.11650766912085929,0.3189229746493653,-0.31127086958338424,0.030054658500975773,0.8071175252846325,1.414011777795174,0.924553189059329,1.1292138883930387,True
109,Aspen,53,13,0.2556587899562682,-0.11371320672996978,0.9970491377569562,1.0560653841997236,0.12918570515902963,0.2303430598849261,0.36665484966103856,0.0758752137368341,-0.003949604122396866,0.5152671840349332,-0.5766049159192949,0.3491785024593553,0.2602286313047889,1.7338696442091237,0.9035884335622935,1.2085423348371538,True
109,Birch,96,24,1.2541353511578706,0.09569927219727598,0.7244370100234186,0.6286284103407295,0.28073183941653745,0.08668495073046771,0.12565678892296117,0.053500562284731726,0.6965776861601636,1.8116930161555775,-0.07646452233408882,0.2678630667286408,0.47487178091150917,0.9740022391353281,0.522371675637832,0.7348851450436269,True
109,Oak,71,18,0.3247841091720842,-0.04029681366115759,0.9973854884287412,0.9975427833878322,0.07381137453628993,0.08130558875441614,0.1292448464883816,0.05298038382789025,0.1774559889755595,0.47211222936860897,-0.20258344804391737,0.1219898207216022,0.7394116951232146,1.2553592817342678,0.8917934946678966,1.103292072107768,True
109,Pine,366,91,0.431669053761188,-0.5060844268651765,1.5954657347244938,0.7003625950864512,0.05124537946277098,0.06018806658402238,0.08037511180022,0.036274717300068926,0.3308930260858546,0.5324450814365215,-0.6244465958525827,-0.38772225787777037,1.437404957809544,1.7535265116394436,0.6290269556030437,0.7716982345698586,True
109,Spruce,6,1,3.823100995015969,0.48873763093357897,0.11738101399149033,0.5503304410851636,13.057942192479127,1.4998734554459734,1.1222430321726116,1.316291335741062,-52.36068962366877,60.00689161370071,-5.964696986339823,6.9421722482069805,-4.711241031768472,4.946003059751453,-5.1132140677164974,6.213874949886825,True
110,Alder,92,23,0.17738774746916283,-0.16895334875928925,1.1895392326601373,1.0473039394710715,0.04211654448699418,0.07969505013672849,0.13639340204105588,0.04649728867615704,0.09368996546844825,0.2610855294698774,-0.3273305141732217,-0.010576183345356843,0.9184860071541041,1.4605924581661704,0.9549003489428155,1.1397075299993273,True
110,Aspen,53,13,0.2220090492978798,-0.14509577810686133,1.0760863474109803,1.056441829555282,0.10071133462656845,0.21261849877941555,0.3353471455546532,0.07737837298817765,0.019622045134091298,0.4243960534616683,-0.5723686482095683,0.2821770919958456,0.4021810278623744,1.7499916669595863,0.9009441673088902,1.211939491801674,True
110,Birch,96,24,0.9616095973348098,0.13512068769155994,0.7422418583443222,0.6723985833620855,0.24436572796757255,0.10202815762379709,0.1438789527334097,0.059811174711529844,0.4762781686866118,1.4469410259830078,-0.06751604010879658,0.33775741549191646,0.4564858390232388,1.0279978776654057,0.5536084276667426,0.7911887390574284,True
110,Oak,71,18,0.271623981541568,-0.11330191209754843,1.1043142543225786,1.0233809017984985,0.05307416182723899,0.05806185853761286,0.10402519968185754,0.04810533276855197,0.16568751115150854,0.3775604519316275,-0.22919386678885867,0.0025900425937618043,0.8966790867284413,1.3119494219167158,0.927362255719302,1.119399547877695,True
110,Pine,366,91,0.46240412429936056,-0.4798582404048383,1.5845732447847072,0.6675569242092552,0.05375190796297431,0.059738349034529924,0.07990954042730657,0.03436253524283198,0.3566989110437152,0.5681093375550059,-0.5973360223765007,-0.3623804584331759,1.4274280320445851,1.7417184575248292,0.599981664957989,0.7351321834605213,True
110,Spruce,6,1,1.3357045592739452,0.10250233263305557,0.3970170598943891,0.9411255805007458,1.054358268098577,0.24479046169834048,0.17748645566849522,0.35962243207508454,-3.200832921038094,5.872242039585984,-0.950746015596888,1.1557506808629991,-0.3666455230717551,1.1606796428605333,-0.6062048585270822,2.4884560195285736,True
111,Alder,92,23,0.22329577403969336,-0.09114970867005286,1.0546332947147468,1.026370599849489,0.05475985214396988,0.08326168022432731,0.14627562119063203,0.050461987479046545,0.11447207487432866,0.3321194732050581,-0.2566148019086723,0.07431538456856658,0.7639412352507203,1.3453253541787733,0.9260880035731425,1.1266531961258355,True
111,Aspen,53,13,0.1571246856642074,-0.1830073032722287,1.0167819008407895,1.240832135568114,0.0804523209940321,0.2216115491586092,0.3198492080469408,0.11628508787290794,-0.004550306374972363,0.31879967770338713,-0.6283523847232189,0.2623377781787615,0.3740208527342589,1.65954294894732,1.0071485025313205,1.4745157686049075,True
111,Birch,96,24,0.8933420326083562,0.09739978979501508,0.6394494994014971,0.8237463088896088,0.21066515996595747,0.09193772238315816,0.13243019849082954,0.05722682018356615,0.47494284094164707,1.3117412242750652,-0.08519646264182697,0.27999604223185715,0.37643169422773837,0.9024673045752558,0.7100889043604053,0.9374037134188122,True
111,Oak,71,18,0.26275404622468257,-0.10675948681592218,1.086148765310093,1.0437854075691373,0.04647634338557573,0.05058628032830251,0.0931592996853694,0.048413338495238926,0.1699868765625251,0.35552121588684005,-0.20773012495027948,-0.005788848681564873,0.9002020248829495,1.2720955057372365,0.947151979486386,1.1404188356518887,True
111,Pine,366,91,0.4294126809797469,-0.4936582834529192,1.6122387081275567,0.6783838984216687,0.04881973401363421,0.05903749880166626,0.07868824963454918,0.03366846575309091,0.33340677922552875,0.525418582733965,-0.6097578162398987,-0.3775587506659397,1.457495211132753,1.7669822051223603,0.6121735537605573,0.7445942430827801,True
111,Spruce,6,1,2.072070429411448,0.21010171517463092,0.3802360670422664,0.7289473018853523,1.4232717629092329,0.22680209952765212,0.154566127406535,0.326942638953402,-4.051773706369403,8.195914565192298,-0.7657489574588375,1.1859523878080993,-0.2848083029620231,1.0452804370465558,-0.677773336061563,2.1356679398322678,True
112,Alder,92,23,0.2038052530867851,-0.10630646696464115,1.0635265314186462,1.0600171063734734,0.046417561911564334,0.0799750889530585,0.1360981846905434,0.04765191602947414,0.11156010274976,0.29605040342381017,-0.2652401506800255,0.05262721675074321,0.7930599883612086,1.3339930744760837,0.9653189366083135,1.1547152761386332,True
112,Aspen,53,13,0.4780279782775422,0.27782719628234886,0.3720653025822659,1.0892751357249952,0.24744013559503034,0.2422939646501267,0.382116261155165,0.06989428515789363,-0.019221590886132123,0.9752775474412165,-0.2090807551844131,0.7647351477491109,-0.39582607353956334,1.1399566787040951,0.9488173110548425,1.2297329603951481,True
112,Birch,96,24,1.0692803541184446,0.15101559059054823,0.7169479849461856,0.6428971045010251,0.27451210690127,0.09454677392906023,0.13705594373760274,0.060551425635354955,0.5240756147644064,1.6144850934724828,-0.03676246342183012,0.3387936446029266,0.4447430504321089,0.9891529194602624,0.5226367465747628,0.7631574624272874,True
112,Oak,71,18,0.26643573757468525,-0.0805635222491957,1.0616771847297053,1.033560952832711,0.05498265862944971,0.060312814180901404,0.10744184919376487,0.049837934296770074,0.15668989162378258,0.37618158352558795,-0.20094840320905027,0.03982135871065885,0.8472223561670246,1.276132013292386,0.9340840196289941,1.1330378860364279,True
112,Pine,366,91,0.43294014946372933,-0.46226549826505825,1.5315641226423384,0.7153251528482781,0.05014716931322824,0.05982699718478735,0.07866097430873026,0.03525215038441019,0.3343237946717639,0.5315565042556948,-0.5799176102648591,-0.3446133862652574,1.3768742636343814,1.6862539816502955,0.646000430892902,0.7846498748036542,True
112,Spruce,6,1,3.823100995016504,0.4887376309336406,0.11738101399144503,0.5503304410851099,13.057942193935189,1.4998734556143942,1.1222430322960812,1.3162913358848312,-52.36068962993316,60.00689161996617,-5.964696987064418,6.9421722489316995,-4.711241032299764,4.946003060282655,-5.11321406833514,6.213874950505359,True
113,Alder,92,23,0.23518955611192038,-0.09767907472563572,1.071639950898864,1.0045205216740536,0.05082970081746915,0.07005018771870515,0.12447921130844866,0.043624773473625214,0.13417620684496334,0.3362029053788774,-0.2368891028085393,0.041530953357267864,0.8242636758834067,1.3190162259143217,0.9178254514943626,1.0912155918537445,True
113,Aspen,53,13,0.25439059083458043,-0.11758394520079071,0.9523372721347309,1.094587883548112,0.12568918624292166,0.2217763234739193,0.3504856548333696,0.07979502406607122,0.0018087145858799447,0.5069724670832809,-0.563260153035543,0.32809226263396163,0.2480099792125653,1.6566645650568965,0.9342337791388036,1.2549419879574204,True
113,Birch,96,24,0.906107105112005,0.06479176869697492,0.7717807953018028,0.7256935056989233,0.23365709726332412,0.10269740917405255,0.15119507113725283,0.06155181897849616,0.4420439413787976,1.3701702688452124,-0.1391741504499423,0.26875768784389215,0.47149433332565216,1.0720672572779533,0.6034462802422792,0.8479407311555675,True
113,Oak,71,18,0.338391564320786,-0.017437946338156974,0.9629287663932875,0.9948551375191955,0.06775188609150658,0.07370731366078075,0.11853507431852905,0.046769222915925814,0.2031582336811686,0.4736248949604034,-0.1645583601578382,0.12968246748152423,0.7263317678084942,1.1995257649780808,0.9015033778677363,1.0882068971706547,True
113,Pine,366,91,0.49088243287154476,-0.5033615750060864,1.599924007058172,0.657513723828543,0.0567116195833181,0.06007138230446082,0.08012327926421736,0.03563033288359017,0.37935683184065694,0.6024080339024326,-0.621494279828925,-0.38522887018324775,1.442358468599524,1.7574895455168198,0.5874452913103175,0.7275821563467685,True
113,Spruce,6,1,1.6257037355997201,0.049865253636596274,0.4245418177879821,0.9070462615226349,1.1808512246408511,0.24245407742134628,0.1726677449874417,0.3394786181806014,-3.4550890094662696,6.70649648066571,-0.9933304444063191,1.0930609516795116,-0.31838752651271124,1.1674711620886755,-0.5536123416656038,2.3677048647108734,True
114,Alder,92,23,0.23221362230143017,-0.13535772308419455,1.0901232591747696,1.0254383215697673,0.05528274173501845,0.07988184834775328,0.13935817736034187,0.04992940114023448,0.12235078995134892,0.34207645465151143,-0.2941061106896651,0.023390664521276,0.8131781657252177,1.3670683526243215,0.9262141287266895,1.124662514412845,True
114,Aspen,53,13,0.22980793626179608,-0.14271751352489373,0.9750353293780643,1.1234546327460475,0.11129734451029961,0.23107328176286296,0.3588736888996487,0.07945583587508083,0.006147548775656042,0.4534683237479361,-0.6070766585177306,0.3216416314679432,0.2538516509081077,1.6962190078480208,0.96378215252608,1.2831271129660151,True
114,Birch,96,24,0.8454358372797759,0.08919547932596997,0.6547076859428669,0.8371714682186894,0.19391703080122624,0.09220877177607045,0.13409408650668167,0.058623708211122,0.46029987578166964,1.2305717987778821,-0.0939391006013531,0.272330059253293,0.3883852555478853,0.9210301163378485,0.7207397234916444,0.9536032129457344,True
114,Oak,71,18,0.2731894346617749,-0.0820198173205372,1.0362248720501055,1.0516579691349215,0.054445517481324174,0.05849144196071747,0.10557421312022947,0.054450872721254956,0.16451572692982158,0.38186314239372826,-0.19876922411311504,0.03472958947204062,0.8254978606924804,1.2469518834077304,0.9429735722993284,1.1603423659705145,True
114,Pine,366,91,0.3831790901657782,-0.40115091928169533,1.4598901817061265,0.7580808076094799,0.04355088715456944,0.06071354097232412,0.08157998449505198,0.03522298613021686,0.29753458025708146,0.468823600074475,-0.5205464540486767,-0.28175538451471394,1.2994599758726564,1.6203203875395966,0.6888134382919129,0.827348176927047,True
114,Spruce,6,1,3.8231009950161967,0.48873763093360517,0.11738101399147143,0.5503304410851404,13.057942194224028,1.4998734556465139,1.1222430323195174,1.3162913359133055,-52.36068963117624,60.00689162120864,-5.964696987202653,6.942172249069864,-4.711241032400576,4.946003060383518,-5.113214068457625,6.213874950627906,True
115,Alder,92,23,0.22310960180131534,-0.12026333859189879,1.0956801296875762,1.0193352783514282,0.04173351470269424,0.06661448568716476,0.11615068365400512,0.04099602196988524,0.14017301100886848,0.3060461925937622,-0.25264563084894226,0.012118953665144691,0.8648550532687606,1.326505206106392,0.9378642993922793,1.100806257310577,True
115,Aspen,53,13,0.23871003363485438,-0.01779178417709562,0.8614093452201589,1.1152907672060401,0.11823030992025708,0.22126775600110238,0.3499642440765544,0.07169834994215445,0.0011173305409902523,0.4763027367287185,-0.46244598741206566,0.4268624190578745,0.158129866443262,1.5646888239970558,0.9712075386192599,1.2593739957928203,True
115,Birch,96,24,0.5637629838044628,-0.1610746070712968,1.1514016503340947,0.7268863451807461,0.14891022552132976,0.11180258368407746,0.16323755696641534,0.05713990736287702,0.2680144224424428,0.8595115451664828,-0.3831241887260267,0.060974974583433095,0.8271977720305665,1.4756055286376228,0.6134015570154809,0.8403711333460113,True
115,Oak,71,18,0.2621995547535506,-0.11558773507957015,1.1046109356337301,1.0356874851724016,0.05154205477108002,0.06270839436275381,0.12274731964910952,0.05526799726884698,0.15932118284684552,0.36507792666025574,-0.24075421409513956,0.009578743935999251,0.8596062601798942,1.3496156110875661,0.9253721009135358,1.1460028694312674,True
115,Pine,366,91,0.44447883319307757,-0.449502444497859,1.5530697245548621,0.6779460640552675,0.052953853904779344,0.05862197488299776,0.07921944820297046,0.03705230678597711,0.3403430242173536,0.5486146421688016,-0.5647848333712507,-0.33422005562446727,1.3972816049581083,1.708857844151616,0.605081264667622,0.7508108634429129,True
115,Spruce,6,1,4.705933955981744,0.12289480397195414,1.207942993511427,-0.1888441030521888,6.09438118507902,0.24024654317145444,0.8344436968471689,1.1296978318289688,-21.516071885807307,30.927939797770797,-0.9108026408047663,1.1565922487486746,-2.3823784565057844,4.798264443528638,-5.049541562902914,4.671853356798537,True
116,Alder,92,23,0.24584401572807205,-0.05073357280301515,0.9955270499631427,1.0170167969625716,0.06066005739058275,0.08626384193833579,0.15151661765432545,0.04969119965198048,0.12529489847568992,0.3663931329804542,-0.2221648315884678,0.12069768598243749,0.6944196113452024,1.296634488581083,0.9182659795228887,1.1157676144022546,True
116,Aspen,53,13,0.2595918317728835,-0.1146476633910561,0.9710738259810596,1.0712813476182865,0.12164354755764303,0.20597068054966963,0.3247214591442123,0.07554716098851522,0.015139970844491035,0.5040436927012759,-0.5285612425983294,0.29926591581621714,0.31852162272037643,1.6236260292417428,0.9194636436603503,1.2230990515762228,True
116,Birch,96,24,0.9140978100849003,0.08960506448920241,0.7357007506985074,0.7274195008988081,0.23442588798085376,0.09630549242692994,0.13654142255136476,0.06317523471740762,0.4485077616270083,1.3796878585427923,-0.10166595626716382,0.2808760852455686,0.46451769967219936,1.0068838017248154,0.6019480316563889,0.8528909701412274,True
116,Oak,71,18,0.2661028947541113,-0.1002849916247616,1.0768024706442758,1.0391166918650423,0.057560026967440184,0.06307463568856142,0.1140636087799771,0.05633653653447938,0.15121260006917936,0.38099318943904326,-0.22618249138623228,0.025612508136709095,0.8491305546291684,1.304474386659383,0.9266684943053701,1.1515648894247144,True
116,Pine,366,91,0.457877339371949,-0.42459855492462806,1.5010085986479471,0.6938937187543897,0.0534264847310737,0.060529852496075606,0.08164525818963651,0.03614147562439426,0.35281208353232857,0.5629425952115694,-0.543632859173656,-0.3055642506756001,1.3404500295606405,1.6615671677352537,0.6228201041976402,0.7649673333111391,True
116,Spruce,6,1,2.0720704294114127,0.21010171517462517,0.38023606704227,0.7289473018853592,1.4232717629069391,0.22680209952736205,0.15456612740645273,0.32694263895297015,-4.051773706359569,8.195914565182395,-0.7657489574575952,1.1859523878068456,-0.2848083029616655,1.0452804370462054,-0.677773336059698,2.1356679398304164,True
117,Alder,92,23,0.2478710576797428,-0.08547371461473321,1.0605537902465887,0.987229488790246,0.050885468429367586,0.06958838828702522,0.12234574180801126,0.04068068746872695,0.14674688200287417,0.3489952333566114,-0.22376601336747448,0.05281858413800805,0.8174173375462769,1.3036902429469004,0.9063851708892805,1.0680738066912114,True
117,Aspen,53,13,0.2995863951599197,-0.03309476620441723,0.8136236544141986,1.0964985438541126,0.15439629827770107,0.23009583914791923,0.36171321910521975,0.08406365982246233,-0.010684582563368239,0.6098573728832076,-0.49548966672254846,0.42930013431371394,0.08673372635804599,1.5405135824703513,0.9275662947324361,1.265430792975789,True
117,Birch,96,24,1.0053523037942722,0.11597466200747006,0.7293789004817751,0.6843968689483567,0.2612558203026102,0.09466373745210636,0.14023477093687142,0.061485545464245166,0.48647569386741485,1.5242289137211296,-0.07203569165761262,0.30398501567255276,0.4508605407632788,1.0078972602002714,0.5622812684115428,0.8065124694851706,True
117,Oak,71,18,0.2879714049798072,-0.11086366343814265,1.1065780474264832,1.002307382167465,0.05571511841246098,0.05626371905718954,0.10020685230649942,0.047984330146257616,0.1767635631830265,0.39917924677658795,-0.22316651670482524,0.0014391898285399385,0.9065643330921314,1.3065917617608351,0.906530258333227,1.098084506001703,True
117,Pine,366,91,0.48675083034011846,-0.42740194414856747,1.5343534970081503,0.6489392304955256,0.05682913311657314,0.05702632500550792,0.0773960130621467,0.03587871424945744,0.37499413438508944,0.5985075262951475,-0.5395464256066989,-0.3152574626904361,1.3821512333879207,1.6865557606283799,0.5783823463810179,0.7194961146100333,True
117,Spruce,6,1,2.0720704294114314,0.21010171517462778,0.3802360670422689,0.7289473018853552,1.4232717629055642,0.2268020995271583,0.15456612740636264,0.32694263895274384,-4.051773706353634,8.195914565176498,-0.765748957456716,1.1859523878059715,-0.28480830296127896,1.0452804370458169,-0.6777733360587284,2.135667939829439,True
118,Alder,92,23,0.21877714242248283,-0.11577028545351208,1.0656923635155662,1.0445353487001978,0.05147575014047707,0.08280472496656378,0.14489817656349951,0.0493294515431345,0.11647990588373114,0.32107437896123453,-0.28032727613969677,0.0487867052326726,0.7777376857984064,1.353647041232726,0.9465034296108463,1.1425672677895493,True
118,Aspen,53,13,0.22001286471044296,-0.15953837384441122,0.9700644724028421,1.1584371295389888,0.12224624584808413,0.2566185451549442,0.3813458326445824,0.11220536386242982,-0.025650163777880042,0.46567589319876596,-0.6752326475759187,0.35615589988709623,0.2037213303378581,1.7364076144678262,0.9329520088479738,1.383922250230004,True
118,Birch,96,24,0.8987595994789902,0.10696317766848235,0.7580871182663602,0.7039155872156797,0.2277507345088528,0.0961828848654968,0.14090003653197408,0.062248666774582476,0.4464269819953881,1.3510922169625923,-0.08406433388776677,0.2979906892247315,0.47824748365229214,1.0379267528804283,0.580284361886231,0.8275468125451284,True
118,Oak,71,18,0.25718171446364657,-0.1022229027738043,1.0833927124800327,1.0448374646009206,0.05534651792581,0.06215616227008206,0.11000361155597216,0.053127915333316074,0.146709602317519,0.36765382660977414,-0.22628712191904002,0.021841316371431413,0.8638245848413586,1.3029608401187067,0.9387937017636732,1.1508812274381681,True
118,Pine,366,91,0.5125297392537367,-0.46904950188817557,1.5643108070233545,0.6469820709798735,0.05704260728077728,0.0561908765593022,0.07459993667533107,0.03396473351984497,0.40035323806933215,0.6247062404381413,-0.5795510415509924,-0.3585479622253588,1.41760713614054,1.711014477906169,0.5801891042565446,0.7137750377032024,True
118,Spruce,6,1,3.8231009950169694,0.4887376309336937,0.11738101399140559,0.5503304410850636,13.057942193120466,1.4998734555199325,1.1222430322271117,1.316291335803864,-52.360689626427224,60.00689161646117,-5.964696986657929,6.942172248525315,-4.711241032003052,4.946003059985863,-5.113214067986813,6.2138749501569395,True
119,Alder,92,23,0.2560950036500549,-0.05284426334861402,0.9365606464882574,1.0549975888991767,0.047067805062030815,0.06424230790671707,0.11270605474560977,0.038862362492795365,0.16255763169043186,0.3496323756096779,-0.18051235074499614,0.07482382404776808,0.7125810461872002,1.1605402467893147,0.9777668097938496,1.132228368004504,True
119,Aspen,53,13,0.3278644604742986,0.07157330014056083,0.6767628411804412,1.0993078490548533,0.14996534076773205,0.21011481267800416,0.3261030660918637,0.07724507155975384,0.026497825239816253,0.629231095708781,-0.35066822437120515,0.49381482465232684,0.021434194810312057,1.3320914875505703,0.944078066058096,1.2545376320516108,True
119,Birch,96,24,0.7222118979744118,-0.07057470256699429,0.9473351497649678,0.753516432952978,0.1641390315914347,0.09415450634147812,0.1391788886684922,0.05478983051430103,0.39621761325305405,1.0482061826957696,-0.2575736792910924,0.11642427415710381,0.6709138633720108,1.2237564361579247,0.6446991002604532,0.8623337656455028,True
119,Oak,71,18,0.2300435089333511,-0.14333374872780863,1.1232285846853336,1.084004580231423,0.039266473218222145,0.04979098490992225,0.0874920310407997,0.04145994123318163,0.15166730035666914,0.30841971751003305,-0.2427169705631609,-0.04395052689245635,0.9485937598172569,1.2978634095534103,1.0012501911725948,1.1667589692902514,True
119,Pine,366,91,0.43245418694064436,-0.4536293065071093,1.5258657919237326,0.7120048067195817,0.04845627959067669,0.05824013742746333,0.07857212419129134,0.034226070470513556,0.3371630324157505,0.5277453414655382,-0.5681607972041226,-0.339097815810096,1.3713506601202154,1.6803809237272498,0.64469791073962,0.7793117026995433,True
119,Spruce,6,1,2.0720704294114336,0.21010171517462803,0.38023606704226903,0.7289473018853545,1.4232717629040454,0.22680209952700878,0.15456612740640713,0.3269426389522992,-4.051773706347098,8.195914565169964,-0.7657489574560723,1.1859523878053284,-0.28480830296147025,1.0452804370460083,-0.6777733360568157,2.135667939827525,True
120,Alder,92,23,0.2327577510274596,-0.08635729300632251,1.038926483084365,1.0246733090220403,0.0572489506755454,0.08579512813116169,0.14930188611368544,0.05307301765432151,0.11898749157772873,0.3465280104771905,-0.25685708159327164,0.08414249558062663,0.7422203580104605,1.3356326081582695,0.9192018389416015,1.1301447791024792,True
120,Aspen,53,13,0.2683487106212153,0.05778730441798095,0.8113469919769793,1.0634795026016195,0.11958534824014262,0.20578988953022448,0.32590166121541186,0.07072091996349457,0.02803295607434797,0.5086644651680826,-0.35576296163351995,0.4713375704694819,0.1564230838592049,1.4662709000947538,0.9213604930959819,1.205598512107257,True
120,Birch,96,24,0.96114417278691,0.1078972329948586,0.7555629301067037,0.6788705428589679,0.22363575245404885,0.09156435054711425,0.1284454730031996,0.05759449840354075,0.5169842648568534,1.4053040807169666,-0.07395747074728173,0.28975193673699895,0.5004591337007331,1.0106667265126743,0.5644828976480318,0.7932581880699039,True
120,Oak,71,18,0.2635839331335082,-0.09305028221213696,1.0667893572197018,1.0460095107922003,0.048437909640629544,0.05286897635114282,0.09490197017670277,0.04631132750972628,0.1669014608392892,0.3602664054277272,-0.19857720067778384,0.012476636253509935,0.8773642319335435,1.25621448250586,0.9535717141967851,1.1384473073876156,True
120,Pine,366,91,0.43789766386969176,-0.48016865334637365,1.5845305622689276,0.6851154750917551,0.051329284627275866,0.06025343599651614,0.08024579891303191,0.03495227477000423,0.3369566334317894,0.5388386943075941,-0.5986593738205997,-0.36167793287214756,1.426724084165591,1.7423370403722642,0.6163804701710336,0.7538504800124766,True
120,Spruce,6,1,2.0720704294114265,0.2101017151746277,0.3802360670422681,0.7289473018853567,1.42327176291333,0.22680209952819047,0.15456612740656478,0.32694263895441816,-4.051773706387053,8.195914565209906,-0.765748957461157,1.1859523878104123,-0.28480830296214954,1.0452804370466857,-0.6777733360659308,2.1356679398366443,True
121,Alder,92,23,0.2942157536451099,-0.040642755392910616,0.9507929388896391,0.9954010789594576,0.06202892087831017,0.07353317289953247,0.12635976610319563,0.040361899723083225,0.17094630785722958,0.4174851994329902,-0.1867744846250295,0.10548897383920824,0.6996794563903214,1.2019064213889568,0.9151902847144424,1.0756118732044728,True
121,Aspen,53,13,0.35788001661673036,0.057891464686930134,0.6685550705380328,1.0891865392197422,0.17862124679216917,0.21728646889182238,0.32441223352486603,0.10214789770623754,-0.0010728177619634405,0.7168328509954242,-0.378762042561329,0.49454497193518926,0.016624279424673816,1.3204858616513917,0.8839126534644766,1.2944604249750078,True
121,Birch,96,24,0.8763396928951888,0.06441440402790015,0.7803481280570171,0.7245750027633973,0.22924599846218327,0.09905334916399412,0.1448586652507223,0.06035652493039467,0.4210373521336468,1.3316420336567307,-0.13231409739489125,0.2611429054506915,0.49264631511075346,1.0680499410032809,0.6047017344604206,0.8444482710663739,True
121,Oak,71,18,0.2832800429258798,-0.08376607383487855,1.037848874845118,1.0418602692007433,0.057876942359968625,0.059778127253812555,0.10643682103869644,0.05490070647542108,0.16775718246994192,0.39880290338181773,-0.20308371522147564,0.03555156755171854,0.8254000908759845,1.2502976588142516,0.9322780004339121,1.1514425379675743,True
121,Pine,366,91,0.4393430463283732,-0.475283081743842,1.5799028140437874,0.6825460509591436,0.0507078326503786,0.05835413174616215,0.0795621897906825,0.033678628256828685,0.3396241253231503,0.5390619673335961,-0.5900387466929821,-0.3605274167947019,1.4234406798121366,1.7363649482754382,0.6163157213399996,0.7487763805782875,True
121,Spruce,6,1,4.705933955981914,0.12289480397195296,1.2079429935114576,-0.18884410305222663,6.094381185185732,0.24024654317407662,0.83444369684835,1.129697831841693,-21.516071886266282,30.927939798230113,-0.9108026408160498,1.1565922487599556,-2.382378456510835,4.79826444353375,-5.0495415629577005,4.671853356853247,True
122,Alder,92,23,0.2097978520938297,-0.08711116411972133,1.0536673625725714,1.0426802640611263,0.04785101454750903,0.07494623663357328,0.13364849141453286,0.04390354013021759,0.11470401586167618,0.30489168832598323,-0.23605106058885997,0.0618287323494173,0.7880690701344948,1.319265655010648,0.9554312037301365,1.1299293243921162,True
122,Aspen,53,13,0.5964374245227371,0.2741917964649609,0.42104142504151165,0.9853126396460652,0.3621898618698197,0.2837506674295387,0.4422118289007466,0.08611936607806218,-0.1314103530301125,1.3242852020755866,-0.2960265183203344,0.8444101112502562,-0.46761651588306097,1.3096993659660843,0.8122492941383236,1.158375985153807,True
122,Birch,96,24,0.8816076934760166,0.07379005164117522,0.7915456406774193,0.706580431384055,0.21896025549796244,0.09605710233764819,0.13884467214849341,0.0592892673433414,0.44673372607538997,1.3164816608766432,-0.11698764495760225,0.26456774823995266,0.5157881371417308,1.0673031442131078,0.5888268287713871,0.8243340339967229,True
122,Oak,71,18,0.2867326186948129,-0.11767589097335014,1.1342643862489996,0.9851429675963043,0.05316751471944038,0.05504938293375433,0.10004812676827203,0.051517231926771954,0.18060981515204702,0.39285542223757886,-0.22755491919306137,-0.007796862753638931,0.9345674894149467,1.3339612830830525,0.8823141422942087,1.0879717928983998,True
122,Pine,366,91,0.41823143018318426,-0.48208258518780545,1.5945293520043344,0.6899952823500844,0.04835235757705017,0.059254513383003804,0.07913097570304074,0.03438924975527932,0.32314464233156115,0.5133182180348074,-0.5986088855718658,-0.3655562848037451,1.438915217012532,1.7501434869961368,0.6223674879732334,0.7576230767269355,True
122,Spruce,6,1,4.7059339559817515,0.12289480397195379,1.207942993511429,-0.18884410305219082,6.0943811851044565,0.24024654317198035,0.834443696846788,1.1296978318317559,-21.516071885916745,30.92793979788025,-0.9108026408070296,1.156592248750937,-2.382378456504143,4.798264443527001,-5.049541562914909,4.6718533568105265,True
123,Alder,92,23,0.20801450987895762,-0.1369583986949314,1.1992596531925273,0.9642683841524178,0.0447049399693037,0.08291722293774183,0.14737225726216938,0.04446030006863626,0.11917283577007455,0.2968561839878407,-0.30173895545905227,0.027822158069189473,0.9063882599781263,1.4921310464069282,0.8759128804386644,1.0526238878661711,True
123,Aspen,53,13,0.5786124579422137,0.24236013333805986,0.3946256306864522,1.038271948717135,0.3331401503798118,0.27631402878198524,0.433714276920127,0.07777728493236145,-0.09085773875456715,1.2480826546389947,-0.31291369657363377,0.7976339632497534,-0.4769558402016487,1.266207101574553,0.8819726429059163,1.1945712545283538,True
123,Birch,96,24,0.9841867247277069,0.07476988080241759,0.6917707782406507,0.7642426326145705,0.21403511965269953,0.08875255074879161,0.12675484907473675,0.056520265137046256,0.5590945022384823,1.4092789472169314,-0.1015003458342682,0.2510401074391034,0.44002470688611045,0.9435168495951909,0.6519885073954329,0.8764967578337081,True
123,Oak,71,18,0.24975646675204394,-0.12105294588559837,1.1374713202125726,1.0234071601607428,0.050671044945369524,0.058417316642014494,0.10416444397030641,0.048773994260085135,0.1486166377338951,0.35089629577019277,-0.23765439792280024,-0.004451493848396479,0.9295582198554411,1.345384420569704,0.926053860158431,1.1207604601630545,True
123,Pine,366,91,0.5393404244380899,-0.4264150689361994,1.4871369602587823,0.6583154949049422,0.058006775039696555,0.05568348422542827,0.07449021443494057,0.03317248673631903,0.425267849934,0.6534129989421799,-0.5359188018812832,-0.31691133599111565,1.3406490624202914,1.6336248580972732,0.5930805122305032,0.7235504775793813,True
123,Spruce,6,1,3.823100995015924,0.4887376309335754,0.11738101399149177,0.5503304410851689,13.057942193061622,1.4998734555125746,1.122243032221157,1.3162913357987693,-52.36068962617509,60.00689161620694,-5.964696986626389,6.942172248493539,-4.711241031977345,4.9460030599603275,-5.113214067964787,6.213874950135125,True
124,Alder,92,23,0.2158699833685786,-0.11050013231842609,1.0715812559681066,1.038197770206779,0.049965126493020484,0.0777771349278607,0.1361754687144043,0.050080495377412174,0.11657479389399165,0.31516517284316553,-0.26506584427616997,0.04406557963931779,0.800961127153337,1.3422013847828762,0.9386733093175237,1.1377222310960344,True
124,Aspen,53,13,0.32672779377308364,0.011512298317142637,0.7782454943578746,1.0643850186452797,0.1824545564547599,0.256768063229747,0.4079950653702978,0.08369363639693228,-0.03992836477980072,0.693383952325968,-0.5044824432349918,0.527507039869277,-0.04165128588120126,1.5981422745969505,0.8961963594367062,1.2325736778538532,True
124,Birch,96,24,0.7926252219699186,0.058906064682623195,0.8110971920923989,0.7396771768878521,0.18707340577535028,0.0887921791713054,0.13011098156071263,0.05656161322838482,0.42108129049404885,1.1641691534457883,-0.11744286742177959,0.23525499678702597,0.5526855519295868,1.069508832255211,0.627340930790275,0.8520134229854291,True
124,Oak,71,18,0.2693679602635579,-0.10312657651581796,1.0793216327066621,1.0384458919144854,0.04771665923880962,0.05273151903296545,0.09767581807496838,0.05279597603546003,0.17412510979671558,0.36461081073040025,-0.2083791290260609,0.002125975994424989,0.8843598838427702,1.274283381570554,0.9330646826887878,1.143827101140183,True
124,Pine,366,91,0.4366456405768539,-0.4539353120200609,1.5564635414510837,0.6843807315865157,0.049548606566000804,0.05663496318557693,0.07676826875498398,0.03350771563340535,0.33920638265903374,0.5340848984946741,-0.5653101652695635,-0.3425604587705583,1.4054957613752217,1.7074313215269457,0.6184865082748815,0.7502749548981499,True
124,Spruce,6,1,3.8231009950164094,0.48873763093362893,0.11738101399145395,0.5503304410851192,13.057942192685665,1.4998734554708821,1.1222430321914958,1.316291335760958,-52.36068962455699,60.00689161458981,-5.964696986446946,6.942172248314205,-4.71124103184976,4.946003059832669,-5.113214067802147,6.213874949972386,True
125,Alder,92,23,0.2299164343411921,-0.13418133713454375,1.0799670611506944,1.035379887600763,0.052869977863838145,0.08217458800336255,0.13666635206555214,0.04846212748226376,0.1248484631785383,0.3349844055038459,-0.2974860630203031,0.029123388751215618,0.8083714048273744,1.3515627174740144,0.9390715928271041,1.1316881823744218,True
125,Aspen,53,13,0.3479811795580144,0.031137488898865855,0.721506888964219,1.0773335385583704,0.13409432011129585,0.17651709044481848,0.27543615690255996,0.06619637805637958,0.07850855442267285,0.617453804693356,-0.3235868849891437,0.3858618627868754,0.16799720864279055,1.2750165692856474,0.9443069364286246,1.2103601406881161,True
125,Birch,96,24,0.9600698115946857,0.07309959945605636,0.7770723785496205,0.692552657199308,0.22025424517061495,0.09279419214885834,0.1321798230217896,0.053837145150168506,0.5226258690109279,1.3975137541784437,-0.11119767586332517,0.2573968747754379,0.5145518406690222,1.039592916430219,0.5856274398728465,0.7994778745257696,True
125,Oak,71,18,0.2867444172045973,-0.08857552725273288,1.0610187690651263,1.0211884565592755,0.06018573865326072,0.062059271763071244,0.11010511710024559,0.05362518168741188,0.16661318005950573,0.40687565434968886,-0.21244635213654925,0.035295297631083494,0.8412480355121026,1.28078950261815,0.914152145925077,1.128224767193474,True
125,Pine,366,91,0.43976109068845853,-0.4893602047406345,1.5900286642573138,0.6843580290538483,0.052606511452312946,0.06131911497404905,0.0833288147936459,0.035633960924850806,0.33630834412674204,0.543213837250175,-0.6099466242858549,-0.36877378519541415,1.4261593157651655,1.753898012749462,0.6142824618516705,0.7544335962560262,True
125,Spruce,6,1,4.70593395598186,0.12289480397195411,1.2079429935114459,-0.18884410305221336,6.094381185017314,0.2402465431720115,0.8344436968352453,1.1296978318131874,-21.516071885541695,30.927939797505413,-0.9108026408071631,1.1565922487510714,-2.382378456454462,4.798264443477354,-5.049541562835037,4.67185335673061,True
126,Alder,92,23,0.23227346877910518,-0.08269055265318044,1.0442969777148043,1.0181376071988668,0.05501682877471137,0.0831448664561491,0.14324267546994648,0.04800641903568655,0.12293908255996945,0.3416078549982409,-0.24792350307422661,0.08254239776786572,0.7596322605420793,1.3289616948875294,0.9227349372024088,1.113540277195325,True
126,Aspen,53,13,0.32612558132553204,0.02557926552066902,0.7563134552528249,1.0723474322802606,0.1647341417539352,0.22793417381849324,0.3595224696635951,0.08324558919825426,-0.004920070652914055,0.6571712333039781,-0.43247160588048683,0.4836301369218249,0.03382600302531591,1.4788009074803339,0.9050591576272156,1.2396357069333057,True
126,Birch,96,24,0.8933994192294619,0.10353213524904276,0.6058583190649569,0.852383498629787,0.19978857275570172,0.09548843042998116,0.13798380531724252,0.055919781558290325,0.49660206859616735,1.2901967698627563,-0.08611612985508274,0.2931804003531683,0.3318105713635329,0.879906066766381,0.7413219856299704,0.9634450116296036,True
126,Oak,71,18,0.2851430703127695,-0.09075171763457185,1.0587000812577698,1.0281958595542262,0.05772476866009964,0.059981469506178144,0.10827520908427403,0.05215597600583436,0.169923949833033,0.40036219079250596,-0.21047523185561698,0.02897179658647328,0.8425818593917233,1.2748183031238165,0.9240920957342379,1.1322996233742144,True
126,Pine,366,91,0.3613076137877682,-0.43355100825591847,1.519661037885244,0.7544448045571932,0.04115717681924726,0.06006776661066815,0.08250200919398645,0.03511830886947242,0.28037042815938845,0.44224479941614797,-0.5516766026765797,-0.3154254138352573,1.3574176346952265,1.6819044410752615,0.6853832871356673,0.8235063219787191,True
126,Spruce,6,1,1.6257037355997193,0.04986525363659571,0.4245418177879828,0.907046261522635,1.1808512246422842,0.2424540774216281,0.1726677449875159,0.33947861818100017,-3.4550890094724362,6.706496480671875,-0.9933304444075323,1.0930609516807237,-0.31838752651302976,1.1674711620889953,-0.5536123416673197,2.36770486471259,True
127,Alder,92,23,0.20696284560143677,-0.10017368384007887,1.099642510940002,1.0214405427193267,0.04347908826499866,0.07451934825792908,0.12780133935959972,0.04425585884033126,0.12055729416030511,0.29336839704256845,-0.24826522936688555,0.04791786168672783,0.8456642045188207,1.3536208173611834,0.9334913229865375,1.1093897624521158,True
127,Aspen,53,13,0.33590031850310714,0.034709185498452824,0.7421009305128582,1.068095626502522,0.19937275342847063,0.26533970520146666,0.38433702985904405,0.1228657739729949,-0.06475422974502115,0.7365548667512354,-0.4985109155015871,0.5679292864984927,-0.030253247403677963,1.5144551084293942,0.8211876096356733,1.3150036433693708,True
127,Birch,96,24,0.9133505302448339,0.016884289370600686,0.753521294661879,0.7771860520049919,0.1926238775662852,0.08967268570624483,0.1289062885021561,0.05242604552196257,0.5307828826923651,1.2959181777973028,-0.16121340471483134,0.1949819834560327,0.497502278898792,1.009540310424966,0.673063400341965,0.8813087036680188,True
127,Oak,71,18,0.26340288361566655,-0.10042488576714244,1.0835009774596998,1.036853766973908,0.05550062546020592,0.06149936271631201,0.10843191247688963,0.053796759744758935,0.1526231715434665,0.3741825956878666,-0.22317812751613303,0.022328355981848166,0.8670699743128882,1.2999319806065113,0.9294749851038774,1.1442325488439387,True
127,Pine,366,91,0.44284716801265167,-0.4519364134896664,1.5546790941242525,0.6812806578586369,0.0526958103750983,0.05985128416288318,0.08019014529664749,0.03570165096364314,0.3392188116533625,0.5464755243719408,-0.5696362867745313,-0.3342365402048015,1.3969820610175923,1.7123761272309128,0.6110719755679536,0.7514893401493202,True
127,Spruce,6,1,4.705933955981644,0.1228948039719519,1.2079429935114152,-0.18884410305216992,6.094381185018334,0.24024654317257227,0.8344436968340693,1.129697831812449,-21.516071885546303,30.927939797509588,-0.9108026408095782,1.156592248753482,-2.382378456449433,4.798264443472263,-5.049541562831817,4.671853356727477,True
128,Alder,92,23,0.2680077008461764,-0.05346805085157705,0.957819294803692,1.0253333630170414,0.05774444001380344,0.07312516984809685,0.1261983578441111,0.04497972436368308,0.15325276045639344,0.3827626412359594,-0.19878895975475772,0.09185285805160362,0.707026577301753,1.208612012305631,0.9359456126661944,1.1147211133678883,True
128,Aspen,53,13,0.21344290116907344,-0.10946492588186024,1.0689596049734904,1.0422728320464072,0.10035261609428833,0.20469592366997236,0.3271740538046197,0.07831729062950385,0.011776768884854405,0.4151090334532925,-0.5208167852303337,0.3018869334666132,0.4114787282165371,1.7264404817304437,0.8848883441583024,1.199657319934512,True
128,Birch,96,24,0.9352657421343534,0.032581533825458794,0.8526776571665337,0.6650017019066035,0.21456745396132565,0.09363660999636006,0.13603219815632067,0.05418020542799193,0.5091162577587229,1.361415226509984,-0.15338885605400132,0.21855192370491888,0.5825059697434805,1.1228493445895869,0.5573951372564674,0.7726082665567395,True
128,Oak,71,18,0.24549679642595718,-0.12339964773039065,1.1038567740232441,1.0633812388211386,0.04223768828507346,0.051282046005467416,0.08943975171385198,0.043406502777392234,0.16119001775423417,0.3298035750976802,-0.2257590399688132,-0.021040255491968113,0.9253342824204472,1.2823792656260409,0.9767414966584415,1.1500209809838358,True
128,Pine,366,91,0.4734498269489636,-0.4444088840152357,1.5303392055934228,0.6753990838814273,0.05506071616472412,0.06003529033595053,0.07973640175987401,0.03501024376252425,0.365170791566446,0.5817288623314811,-0.5624706125811789,-0.32634715544929244,1.373534476762753,1.6871439344240926,0.6065500806869931,0.7442480870758615,True
128,Spruce,6,1,3.823100995016274,0.4887376309336137,0.11738101399146396,0.5503304410851338,13.057942195473595,1.4998734557880546,1.1222430324213297,1.3162913360381183,-52.36068963655262,60.00689162658517,-5.964696987811646,6.9421722496788725,-4.711241032838646,4.946003060821574,-5.113214068994658,6.213874951164925,True
129,Alder,92,23,0.2217102770016273,-0.09096116007968408,1.042965419930415,1.0377846036833398,0.05223138655332037,0.0809098945498782,0.14054023291913637,0.04813766836247368,0.1179113718781347,0.32550918212511987,-0.25175257348321567,0.06983025332384749,0.7636712394492036,1.3222596004116265,0.9421211032299919,1.1334481041366877,True
129,Aspen,53,13,0.4258307827476439,0.09090841951842751,0.634640607870218,1.0459652802934911,0.2167661078575056,0.2361539766686736,0.3729565749876025,0.07845829620196129,-0.009777019851685276,0.861438585346973,-0.3836607641445352,0.5654776031813902,-0.11484368974940229,1.3841249054898384,0.8882974310986786,1.2036331294883036,True
129,Birch,96,24,0.9131270868349279,0.07441964330804193,0.7922046786774376,0.6936524632235074,0.24027064740752332,0.09915933972805939,0.14685080598922626,0.06229432339507832,0.43592884165385637,1.3903253320159994,-0.12251936452376541,0.27135865113984925,0.5005463022689902,1.083863055085885,0.5699305599048137,0.8173743665422011,True
129,Oak,71,18,0.2697002684314527,-0.09768223015856248,1.10396280593617,1.0092095042770175,0.055986471794870166,0.06039982796078939,0.11035677616338536,0.05897321654473678,0.15795080301649025,0.38144973384641523,-0.21824079134998875,0.02287633103286381,0.8836897587907531,1.3242358530815868,0.8914984713899801,1.126920537164055,True
129,Pine,366,91,0.4160526445637198,-0.4428751012885655,1.4928820450010283,0.7435438890358519,0.048365312814081504,0.05889276984305024,0.07777724406402975,0.03625657498821328,0.3209403797356493,0.5111649093917903,-0.5586900189611325,-0.32706018361599853,1.3399300758190638,1.6458340141829928,0.6722439271128572,0.8148438509588466,True
129,Spruce,6,1,4.705933955981745,0.12289480397195318,1.2079429935114285,-0.18884410305218954,6.094381184994244,0.24024654317046432,0.8344436968388209,1.1296978318135478,-21.516071885442546,30.927939797406037,-0.9108026408005071,1.1565922487444134,-2.382378456469864,4.798264443492721,-5.049541562836564,4.671853356732185,True
130,Alder,92,23,0.18722508422146558,-0.176421838092115,1.2176658763885242,1.0090920379156776,0.04355905563826835,0.0773845594691465,0.13607396967822896,0.04711644650522189,0.1006606144299179,0.27378955401301325,-0.33020738881957473,-0.022636287364655283,0.947247455579636,1.4880842971974124,0.9154580013089901,1.102726074522365,True
130,Aspen,53,13,0.29807818206997544,0.011905514731613383,0.790634635357604,1.0844690708902718,0.14613054938432266,0.22227355477308877,0.343874830589053,0.08783574420694251,0.00441784863914918,0.5917385155008017,-0.4347699168090755,0.4585809462723023,0.09959229113383072,1.4816769795813773,0.907956534397182,1.2609816073833615,True
130,Birch,96,24,1.0305062322776157,0.10538448342495997,0.7662782612700816,0.6501420685067264,0.23268074382436657,0.0944910123492237,0.13400217777111167,0.05625731225033407,0.5683821907500302,1.4926302738052013,-0.08228282327669349,0.2930517901266134,0.5001383695572238,1.0324181529829395,0.5384101904178907,0.7618739465955621,True
130,Oak,71,18,0.2573799024301285,-0.07333860559198549,1.0533329907543334,1.0434964073358575,0.0609816721162202,0.08457183227489352,0.13503960603856263,0.056407933041585534,0.1356599754437215,0.37909982941653547,-0.24214468932789912,0.09546747814392814,0.7837928089770776,1.3228731725315892,0.9309057017515532,1.1560871129201618,True
130,Pine,366,91,0.4724855943799986,-0.45281452052846466,1.5586745569889287,0.6595189672851126,0.05136388138004675,0.05641153044176222,0.07543591349779341,0.03371742968367077,0.3714765280849855,0.5734946606750118,-0.56374998461527,-0.3418790564416593,1.4103269052383833,1.707022208739474,0.5932123331541028,0.7258256014161224,True
130,Spruce,6,1,1.981356072724703,0.12514672044812808,0.39613198620350143,0.8072516683329559,1.655232314251701,0.2570579632391509,0.18591826286154742,0.3796021015576408,-5.140533762471639,9.103245907921046,-0.9808844267729351,1.2311778676691911,-0.40380973499810036,1.196073707405103,-0.8260443501324194,2.440547686798331,True
131,Alder,92,23,0.2505192200235781,-0.07615471865259395,1.0137534431437978,1.0187392112728404,0.05597759011900291,0.07739995740704042,0.13594200286900285,0.04628055997924437,0.13927552252241027,0.361762917524746,-0.22997086954596951,0.07766143224078163,0.7435972786373788,1.2839096076502168,0.9267663234873771,1.1107120990583037,True
131,Aspen,53,13,0.3593167697835811,0.10495428251652816,0.6487508358968836,1.0709607723919812,0.15953847007525845,0.2057618256575037,0.32717347302365807,0.0687398601667858,0.03871221095085753,0.6799213286163047,-0.3085395870712951,0.5184481521043514,-0.008728873737030907,1.306230545530798,0.9328228515970818,1.2090986931868806,True
131,Birch,96,24,0.7289065581381201,0.04990807202193571,0.8135951374275432,0.7642803777704227,0.18779240794126353,0.09804419577374272,0.13893654257427704,0.06290846958516255,0.3559346262986719,1.1018784899775684,-0.14481616366077255,0.24463230770464395,0.5376551712962734,1.089535103558813,0.639338727106995,0.8892220284338503,True
131,Oak,71,18,0.2617338516377345,-0.11996179131621987,1.1040624366171587,1.041448787970647,0.050429149122184956,0.057118649142472215,0.1034560700446044,0.060093099143945714,0.1610768487034659,0.3623908545720031,-0.23397109217523424,-0.0059524904572055,0.8975632565335021,1.3105616167008154,0.9215024600600611,1.1613951158812332,True
131,Pine,366,91,0.41381356728048346,-0.4703092981348555,1.5646344501666771,0.706302576990228,0.04668699315599906,0.05653979862908597,0.07477445578524104,0.03394865993201897,0.32200178319983036,0.5056253513611366,-0.5814970065904433,-0.35912158967926766,1.4175875806807001,1.7116813196526541,0.6395412196012152,0.7730639343792408,True
131,Spruce,6,1,3.823100995016272,0.4887376309336143,0.11738101399146365,0.5503304410851337,13.057942193839285,1.4998734555997593,1.1222430322829957,1.3162913358770212,-52.36068962952075,60.0068916195533,-5.964696987001475,6.942172248868704,-4.711241032243443,4.946003060226371,-5.113214068301513,6.21387495047178,True
132,Alder,92,23,0.2354373785152967,-0.16753979419354184,1.129285526170404,1.0144065174062658,0.05287132257817728,0.08487139208509852,0.1442281233027939,0.04596717117001691,0.13036673501546564,0.34050802201512775,-0.3362038514983704,0.001124263111286744,0.8426624385071415,1.4159086138336665,0.9230564240251317,1.1057566107874,True
132,Aspen,53,13,0.28937926938908903,-0.03441939216902748,0.8306146485409381,1.0913971186689948,0.15093424343599687,0.23701509780695437,0.3690761908425302,0.08335725903266288,-0.013934448654726761,0.5926929874329048,-0.5107190635476477,0.44188027920959283,0.08892827480980403,1.5723010222720721,0.9238844350819878,1.2589098022560017,True
132,Birch,96,24,0.8885068622701734,0.083623025774586,0.6521393290775894,0.8243269804470877,0.2092467919666062,0.09248026780882267,0.13253961583213442,0.059745980801028956,0.4729246718793772,1.3040890526609696,-0.10005076870849278,0.26729682025766477,0.3889042116194279,0.915374446535751,0.7056663054853393,0.9429876554088362,True
132,Oak,71,18,0.2572987736097977,-0.09757031202621332,1.085777657803965,1.0397331814053274,0.046639984933908016,0.05265154632976771,0.09355467327028846,0.04257073466434755,0.16420497405010334,0.350392573169492,-0.20266323835277958,0.007522614300352948,0.8990417483983622,1.272513567209568,0.9547616393782955,1.1247047234323595,True
132,Pine,366,91,0.4610363181715014,-0.49722572869961307,1.5814945568239671,0.6879354532450351,0.0535939655552034,0.059228003581065114,0.07943744907934853,0.034120322805242805,0.3556417047908788,0.5664309315521241,-0.6136998965292491,-0.3807515608699771,1.4252777300426547,1.7377113836052795,0.6208365141531608,0.7550343923369095,True
132,Spruce,6,1,1.62570373559971,0.04986525363659396,0.42454181778798283,0.9070462615226382,1.1808512246371756,0.242454077420829,0.1726677449874007,0.33947861817953234,-3.4550890094504663,6.706496480649886,-0.9933304444040956,1.0930609516772836,-0.3183875265125341,1.1674711620884999,-0.5536123416610008,2.367704864706277,True
133,Alder,92,23,0.239416471046105,-0.14354443863429547,1.1008961489018663,1.0111951701902357,0.05476531219695785,0.07971523580064561,0.14202821162197662,0.04723149062311426,0.13058192117277587,0.34825102091943416,-0.3019617188135453,0.014872841544954302,0.8186449234254156,1.383147374378317,0.9173325075740524,1.1050578328064191,True
133,Aspen,53,13,0.34805460695083085,0.04215939468635833,0.7338857893806194,1.066131223858593,0.17687742330702497,0.23124683007239186,0.3612522842373043,0.0746293837668371,-0.0073938829341927415,0.7035030968358544,-0.42254850869175353,0.5068672980644702,0.007922144620959082,1.45984943414028,0.9161578622785422,1.2161045854386436,True
133,Birch,96,24,0.9789749214344454,0.10792686792994126,0.7208252328851373,0.7087114557298071,0.25714642436237256,0.10070154287489896,0.14584111655641677,0.06059325092130541,0.4682599265554286,1.4896899163134623,-0.09207508846976313,0.30792882432964563,0.43117218684356307,1.0104782789267115,0.588368029175416,0.8290548822841982,True
133,Oak,71,18,0.27176996230922157,-0.07611381741109804,1.0575470938330442,1.0276339087188955,0.053444048462912064,0.05756748855743209,0.10205325155125705,0.049303193828582656,0.1650951951043163,0.37844472951412683,-0.19101900549198814,0.03879137066979205,0.8538479511812902,1.2612462364847983,0.9292243219569161,1.126043495480875,True
133,Pine,366,91,0.4554934304647338,-0.5035901603808615,1.6086411309447604,0.6720014330764271,0.0531327442407522,0.058830291507972546,0.07900026902560196,0.03521793853437416,0.35100582670013625,0.5599810342293313,-0.6192822119825572,-0.38789810877916575,1.4532840357071957,1.763998226182325,0.6027439900519946,0.7412588761008596,True
133,Spruce,6,1,3.823100995016985,0.48873763093369715,0.11738101399140177,0.5503304410850629,13.057942193769922,1.499873455594633,1.1222430322818238,1.3162913358680146,-52.360689629221596,60.00689161925557,-5.964696986979336,6.942172248846729,-4.711241032238463,4.946003060221266,-5.113214068262831,6.213874950432958,True
134,Alder,92,23,0.28563873033308457,-0.004885728625354141,0.9065128565748412,1.009781796176941,0.07123213826631876,0.08670350228481635,0.14616968098123526,0.04855251798580786,0.14407982390617682,0.42719763675999234,-0.17719071996133579,0.16741926271062751,0.616031331015227,1.1969943821344553,0.9132938692717121,1.10626972308217,True
134,Aspen,53,13,0.34146734819110897,0.034811390492216224,0.7291348491401924,1.074404474404637,0.17279827636138698,0.22745657809478306,0.3598723195648242,0.0864690721270556,-0.005783789003349138,0.688718485385567,-0.4222797163692129,0.49190249735364533,0.005944347214461354,1.4523253510659235,0.900638368280564,1.2481705805287102,True
134,Birch,96,24,0.8647202773635009,0.06470929402292679,0.7993975198991854,0.7124158662731558,0.22148645301392655,0.1027587696862475,0.14606156844624868,0.06260829253542725,0.424829063642502,1.3046114910844997,-0.13937849239766192,0.2687970804435155,0.50930663737567,1.0894884024227007,0.5880703931408702,0.8367613394054414,True
134,Oak,71,18,0.22908033711301778,-0.16572188167367458,1.2142436748470324,1.0234686058540767,0.04868397111465498,0.07048850024294309,0.12884642498317217,0.050624707355476806,0.13190672406104023,0.32625395016499537,-0.3064175170213031,-0.025026246326046053,0.9570651341943271,1.4714222154997376,0.9224212670524592,1.1245159446556943,True
134,Pine,366,91,0.5223765214487036,-0.46856130931340806,1.56365420586894,0.6392509865580289,0.05631404941347615,0.056745152357992934,0.07492605139305637,0.03279821215792631,0.4116327575875061,0.633120285309901,-0.5801528538471851,-0.35696976477963105,1.416309217736388,1.710999194001492,0.5747520293685349,0.703749943747523,True
134,Spruce,6,1,0.5247190316999323,-0.14829385272845166,0.42827892685620167,1.4210034961530602,0.7128407466746282,0.3500201509006265,0.17499543256031125,0.6476992394231865,-2.5423871528182924,3.5918252162181568,-1.6543090104496878,1.3577213049927845,-0.3246656487337786,1.181223502446182,-1.3658214043732282,4.207828396679348,True
135,Alder,92,23,0.2522009400765694,-0.1080420094474666,1.079977565537059,0.9825837287934988,0.06023126629268789,0.08765431462839825,0.15061093947575596,0.04589993700699304,0.13250395502716353,0.3718979251259753,-0.2822365405172049,0.06615252162227171,0.7806699719841885,1.3792851590899293,0.8913672491831124,1.0738002084038851,True
135,Aspen,53,13,0.27894577611595667,-0.06003338160529399,0.8865009042794368,1.0751423978526697,0.1138710761965071,0.18337370054163035,0.2923103722613333,0.06794502743544868,0.050113281166199175,0.5077782710657142,-0.428536629354507,0.308469866143919,0.29908121862703174,1.473920589931842,0.9386017532323252,1.2116830424730143,True
135,Birch,96,24,0.8682658783238092,0.06198671249507462,0.7925789376588813,0.7193300954103485,0.21970742528090076,0.10276616991097341,0.14423730007266722,0.06284482898327368,0.4319079672408494,1.304623789406769,-0.1421157714105846,0.2660891964007338,0.5061112095905826,1.07904666572718,0.5945148404755349,0.8441453503451621,True
135,Oak,71,18,0.29379696432780483,-0.014959759426674473,0.9518854898787781,1.0417996929550049,0.057828062697709355,0.06881747451018476,0.11032208971792412,0.0460701605574841,0.17837166808607835,0.4092222605695313,-0.1523200134519261,0.12240049459857717,0.7316816771682733,1.172089302589283,0.9498432676109799,1.13375611829903,True
135,Pine,366,91,0.41528331783044864,-0.47831720300625086,1.5840943974371644,0.6978620872093265,0.04735326810313182,0.06029063238175746,0.08043870412363534,0.03439025976967496,0.322161278206456,0.5084053574544413,-0.5968810716157391,-0.3597533343967626,1.4259085637500406,1.7422802311242882,0.6302323065999652,0.7654918678186878,True
135,Spruce,6,1,4.705933955981579,0.12289480397195114,1.207942993511406,-0.18884410305215682,6.094381185078507,0.24024654317291944,0.8344436968395027,1.1296978318234805,-21.516071885805268,30.927939797768424,-0.9108026408110727,1.156592248754975,-2.38237845647282,4.798264443495633,-5.049541562879268,4.671853356774955,True
136,Alder,92,23,0.22183647783556576,-0.10661059893101082,1.0877507172355259,1.014136541597604,0.0538447451745195,0.07980260913047997,0.14245080232142016,0.04878324988576994,0.11483136147582616,0.32884159419530534,-0.265201515243097,0.051980317381075336,0.8046596815450993,1.3708417529259525,0.9171900835260871,1.111082999669121,True
136,Aspen,53,13,0.2913550633618892,-0.009386152276446144,0.8093534860555769,1.0934607662736109,0.14712384502782577,0.21901567892092194,0.34806415444273126,0.07948444354366187,-0.0043013723972692985,0.5870114991210478,-0.44951463717897927,0.430742332626087,0.10989238035513693,1.5088145917560167,0.9337307967912709,1.2531907357559509,True
136,Birch,96,24,0.7116993513898509,0.03259164459849871,0.7283103329782732,0.8700320419027265,0.1386964791653585,0.0764278690967364,0.11034321066794885,0.05161610835292719,0.4362361719102349,0.9871625308694668,-0.11920070044826157,0.18438398964525898,0.5091591921022041,0.9474614738543423,0.7675179953687109,0.9725460884367422,True
136,Oak,71,18,0.26580722335816886,-0.10662808479993895,1.095208578783848,1.0298516698308675,0.056838703713925645,0.06192854339168406,0.11224068001998125,0.05631160067158519,0.15235669591320466,0.37925775080313306,-0.23023797476235838,0.01698180516248049,0.8711752438024852,1.3192419137652107,0.917453244461847,1.142250095199888,True
136,Pine,366,91,0.399585456495681,-0.49453476917635436,1.6077994662276816,0.7040901228366504,0.04690971733328885,0.061062121559678044,0.08156274393409993,0.035011913467775914,0.30733567667590317,0.49183523631545883,-0.6146158011976548,-0.374453737155054,1.4474031646264731,1.76819576782889,0.6352378361020333,0.7729424095712675,True
136,Spruce,6,1,1.3357045592739476,0.10250233263305655,0.39701705989438824,0.9411255805007451,1.054358268093712,0.24479046169750263,0.17748645566834462,0.3596224320734653,-3.2008329210171587,5.872242039565054,-0.9507460155932821,1.1557506808593951,-0.36664552307110804,1.1606796428598845,-0.6062048585201155,2.488456019521606,True
137,Alder,92,23,0.22545334453875338,-0.09472420016341362,1.069137643852957,1.0151266880478589,0.05353908240644501,0.08304392079765698,0.14301869090708072,0.04984563409142102,0.11905566870006445,0.3318510203774423,-0.25975654230043965,0.0703081419736124,0.7849180489318938,1.35335723877402,0.9160689646118949,1.1141844114838229,True
137,Aspen,53,13,0.25849318793330095,-0.07006934970334795,0.8225714926458453,1.1629897082000997,0.14140551775281318,0.24298841223678613,0.352248460636976,0.11576148254332443,-0.025671838936191516,0.5426582148027934,-0.5583728458437449,0.418234146437049,0.11470170883288455,1.530441276458806,0.9303582994676662,1.3956211169325332,True
137,Birch,96,24,0.5569532884030142,-0.1260953122726541,0.9638887184294187,0.8712743847260769,0.11435826668590744,0.08586565869107571,0.13066941228969198,0.04857812085134906,0.3298278997078852,0.7840786770981432,-0.29663192209499545,0.04444129754968723,0.7043679866368157,1.2234094502220216,0.7747940436000141,0.9677547258521396,True
137,Oak,71,18,0.27349530071697276,-0.09001704527520452,1.0747660591555008,1.0245272280231084,0.056563845248360944,0.06646902468242098,0.1257776679291489,0.05747981512308988,0.16059339306545026,0.3863972083684952,-0.22268977382523042,0.04265568327482139,0.8237127832191,1.3258193350919016,0.9097970368495913,1.1392574191966254,True
137,Pine,366,91,0.45033821344102803,-0.4360401304336873,1.5252531467843846,0.6887638798101889,0.050755378584039015,0.05510723166129518,0.07320241262054278,0.03485045577979799,0.3505257915118849,0.5501506353701712,-0.544410640345595,-0.32766962052177956,1.3812977611967276,1.6692085323720416,0.6202291058855585,0.7572986537348194,True
137,Spruce,6,1,4.705933955981575,0.12289480397194948,1.207942993511411,-0.18884410305215946,6.0943811849726215,0.2402465431704189,0.8344436968368635,1.12969783180981,-21.51607188534968,30.92793979731283,-0.9108026408003154,1.1565922487442144,-2.3823784564614594,4.798264443484282,-5.049541562820452,4.6718533567161336,True
138,Alder,92,23,0.22868649883014822,-0.09991084850437477,1.0612800617195712,1.0214541502597685,0.05309992862132388,0.07833304245922226,0.13587924187586997,0.04762133191238317,0.12316154885773277,0.33421144880256365,-0.2555813098649768,0.055759612856227256,0.7912486214987119,1.3313115019404305,0.9268167600005283,1.1160915405190086,True
138,Aspen,53,13,0.1922466603954105,-0.19790792391371098,1.040399346867264,1.170420937837162,0.10221296064425418,0.22888275735002128,0.32851387702885854,0.11270263182661064,-0.013157974228948238,0.39765129501976926,-0.6578650452901742,0.26204919746275224,0.38022599453674977,1.7005726991977785,0.9439365197591114,1.3969053559152125,True
138,Birch,96,24,0.826530299372619,0.03349811563328455,0.8158367689533392,0.7365328756477096,0.1970362400593554,0.09374124473505141,0.13376270271823223,0.054665425243802204,0.43519931904723513,1.2178612796980028,-0.1526800878689682,0.2196763191355373,0.5501724953662565,1.0815010425404221,0.6279626225606791,0.8451031287347401,True
138,Oak,71,18,0.24694521468079828,-0.12333791484967159,1.103693945156208,1.06145262282153,0.041159317442821364,0.04881803462182653,0.08648045921775674,0.04122532160954531,0.16479087321894775,0.3290995561426488,-0.22077911978193349,-0.025896709917409694,0.9310782260976216,1.2763096642147944,0.979166536491498,1.143738709151562,True
138,Pine,366,91,0.45110685675099166,-0.43410150508743145,1.5113214940794537,0.6964270656879127,0.049626565579844906,0.05788822330878742,0.07761902509520759,0.03573956515476553,0.3535142894066621,0.5486994240953212,-0.5479409430113984,-0.32026206716346456,1.3586806686405533,1.6639623195183542,0.6261438236688422,0.7667103077069831,True
138,Spruce,6,1,4.7059339559816165,0.12289480397195127,1.207942993511414,-0.18884410305216662,6.094381185048327,0.24024654317126776,0.8344436968436078,1.1296978318230513,-21.516071885675377,30.92793979763861,-0.910802640803966,1.1565922487478686,-2.382378456490475,4.798264443513303,-5.049541562877431,4.671853356773099,True
139,Alder,92,23,0.23001638900618598,-0.1114642202374544,1.1069904841872675,0.9909721554342351,0.05346196486648002,0.08109722934348845,0.14533669582520825,0.050738986844118636,0.1237719680730702,0.33626080993930174,-0.2726279221776579,0.049699481702749085,0.8181643415857807,1.3958166267887544,0.8901390811271161,1.091805229741354,True
139,Aspen,53,13,0.2661693589130282,0.011229893880063046,0.8104544454914288,1.1047102888997467,0.1297719395128756,0.2309216548316126,0.36432665595553143,0.07194382804452205,0.005382882793719845,0.5269558350323365,-0.4528245453864512,0.47528433314657736,0.07831261945708878,1.5425962715257686,0.960133753597191,1.2492868242023023,True
139,Birch,96,24,0.7999382108425293,-0.032059038141778254,0.9700958822511119,0.6644329642698033,0.20052307636692587,0.10295335705718817,0.1514659181904616,0.0544356165684638,0.40168207263723127,1.1981943490478273,-0.23653329187724376,0.17241521559368722,0.6692714946485968,1.2709202698536268,0.556319131048379,0.7725467974912275,True
139,Oak,71,18,0.314240252896883,-0.02593576777656187,0.991633954028468,0.9971388208850746,0.07586494770905657,0.10161104777549823,0.17193320040911245,0.05706990383997686,0.16281318349191384,0.46566732230185215,-0.22875226799771983,0.1768807324445961,0.648453849677574,1.334814058379362,0.8832268160570604,1.1110508257130887,True
139,Pine,366,91,0.4023411550336817,-0.48972987594713013,1.6142783567331522,0.6928311121630003,0.04681686214534261,0.05999593205560547,0.08040356156630687,0.03417456534897642,0.31027397854494304,0.4944083315224203,-0.6077142049271812,-0.37174554696707907,1.4561616322489859,1.7723950812173186,0.6256255030035845,0.7600367213224161,True
139,Spruce,6,1,4.705933955981664,0.12289480397195249,1.207942993511418,-0.1888441030521744,6.094381184998796,0.24024654317102914,0.8344436968374233,1.1296978318130613,-21.516071885462214,30.92793979742554,-0.910802640802938,1.156592248746843,-2.382378456463861,4.798264443486698,-5.049541562834455,4.671853356730106,True
140,Alder,92,23,0.2588992798034152,-0.08595074395260635,1.019851148992953,1.0091912777864542,0.061108095638205226,0.07865682671638,0.14060959421203667,0.04692560976123823,0.1374597806824762,0.3803387789243542,-0.24226465848584983,0.07036317058063712,0.7404191275173491,1.2992831704685568,0.9159364891069229,1.1024460664659856,True
140,Aspen,53,13,0.29326649360179985,-0.09359958330578172,0.9517541039595963,1.031478488209684,0.1280525525381984,0.19742870874380908,0.3115142555035461,0.07110567340858785,0.0359352549698454,0.5505977322337543,-0.49034742749574145,0.303148260884178,0.325742770086919,1.5777654378322734,0.8885862877083868,1.174370688710981,True
140,Birch,96,24,0.7651970912953433,-0.06074807523544348,1.0002020113424384,0.674686634032757,0.18590631129516613,0.09958781065834962,0.14630691187552397,0.05277724792668901,0.39597111019715653,1.13442307239353,-0.25853806331911156,0.13704191284822462,0.7096238555910854,1.2907801670937913,0.5698664640792226,0.7795068039862914,True
140,Oak,71,18,0.2783911445253389,-0.1151222452323623,1.128536137489913,0.996068308531234,0.05401920547787392,0.060088922509674784,0.11376351096458041,0.04591615127036467,0.17056835911369353,0.38621392993698433,-0.23506023654605185,0.004815746081327246,0.9014632192213621,1.355609055758464,0.9044192870108969,1.087717330051571,True
140,Pine,366,91,0.47282056859914956,-0.516754572566036,1.6255708188266138,0.6568853451012048,0.04968145021277062,0.057111092391842366,0.07531454616762744,0.031114842193923554,0.3751200684939612,0.5705210687043379,-0.6290657523794291,-0.40444339275264285,1.4774618406414106,1.773679797011817,0.5956968002817354,0.7180738899206741,True
140,Spruce,6,1,4.705933955981844,0.12289480397195679,1.2079429935114365,-0.1888441030522061,6.094381185239676,0.24024654317538288,0.8344436968511185,1.1296978318494386,-21.51607188649846,30.92793979846215,-0.9108026408216663,1.15659224876558,-2.382378456522768,4.798264443545642,-5.049541562991006,4.671853356886594,True
141,Alder,92,23,0.21571858734704208,-0.15282981510994065,1.146037551067933,1.0107459513631145,0.04965381700293779,0.0836040617698116,0.1444045698383603,0.04790762780080047,0.11704206006692223,0.3143951146271619,-0.3189753197238062,0.013315689503924949,0.859063812992855,1.4330112891430111,0.9155396081864798,1.1059522945397493,True
141,Aspen,53,13,0.2824227636086005,-0.05589841008803162,0.8487657985273642,1.0989776349073204,0.13581453516939668,0.2191051521165854,0.3411111224812364,0.0811594288314322,0.00949323688996273,0.5553522903272383,-0.4962066981089569,0.3844098779328936,0.16327733367971253,1.5342542633750158,0.9358816564681214,1.2620736133465194,True
141,Birch,96,24,0.9233814204075628,0.10639172621440221,0.7209720372671032,0.722599971777817,0.23116231765210102,0.09835213949864283,0.13910692873489103,0.061782534432250465,0.46427310432401425,1.3824897364911113,-0.08894411228672108,0.30172756471552553,0.4446936695136402,0.9972504050205663,0.5998945255153623,0.8453054180402717,True
141,Oak,71,18,0.27418901526549805,-0.12693072481936285,1.124120972077977,1.0178597102122224,0.04184693360624312,0.04775585502922748,0.08997353729338461,0.03635287483483752,0.19066218619709485,0.35771584433390125,-0.22225181041132186,-0.03160963922740384,0.9445330399991748,1.3037089041567793,0.9452990683490508,1.0904203520753941,True
141,Pine,366,91,0.4170331682020509,-0.4806909702816788,1.5835736660083126,0.6993314308366909,0.0472266928977713,0.059509732106174176,0.07982311239089963,0.03381464244309905,0.3241600436321011,0.5099062927720006,-0.5977191681905328,-0.3636627723728247,1.4265984173562738,1.7405489146603514,0.6328336240411943,0.7658292376321876,True
141,Spruce,6,1,1.6257037355997173,0.049865253636595615,0.42454181778798256,0.9070462615226357,1.1808512246411338,0.2424540774213721,0.17266774498750356,0.33947861818058417,-3.4550890094674886,6.706496480666923,-0.9933304444064307,1.093060951679622,-0.3183875265129769,1.167471162088942,-0.5536123416655291,2.3677048647108005,True
142,Alder,92,23,0.24694782671958274,-0.054554500484462115,0.9909615445413494,1.0221570094923507,0.05900599425748063,0.08193083419853239,0.14321263753133393,0.04758812889406751,0.1296858123674053,0.36420984107176013,-0.21737481690436847,0.10826581593544424,0.7063565214595897,1.2755665676231092,0.927585603254891,1.1167284157298103,True
142,Aspen,53,13,0.4618678735300919,0.16511106659965116,0.5019603856884839,1.0778301220292599,0.2546526358367532,0.250706802618782,0.39383291942315596,0.08455997177816413,-0.0498757575171373,0.973611504577321,-0.3387031157229011,0.6689252489222034,-0.2894764967506055,1.2933972681275732,0.9079004966915138,1.247759747367006,True
142,Birch,96,24,0.9666071596244485,0.07357310009011946,0.7773456440155528,0.6868988675802654,0.23342456540334092,0.09638567008238633,0.13847304805607794,0.05669941927474731,0.503005824236609,1.430208495012288,-0.11785716041067391,0.26500336059091284,0.5023262180048602,1.0523650700262455,0.5742889267796146,0.7995088083809162,True
142,Oak,71,18,0.2562458876579625,-0.08263848282533168,1.0692575453738022,1.0400255915341157,0.05348117886663425,0.05796502929842458,0.10469952357610691,0.04903275273942928,0.14949700785703945,0.3629947674588856,-0.1983371655463082,0.033060199895644835,0.8602764216534244,1.27823866909418,0.9421558074453581,1.1378953756228731,True
142,Pine,366,91,0.42472110053738354,-0.4756116870102616,1.586721111222144,0.6865894573848397,0.05003647142764814,0.057236670558345096,0.07791771493539956,0.03437508797649476,0.3263224374338741,0.523119763640893,-0.588169821162086,-0.36305355285843705,1.4334929006196035,1.7399493218246844,0.6189895126956226,0.7541894020740567,True
142,Spruce,6,1,1.3357045592739314,0.10250233263305263,0.3970170598943904,0.9411255805007502,1.054358268096309,0.2447904616979602,0.1774864556684648,0.35962243207432576,-3.2008329210283493,5.8722420395762125,-0.9507460155952546,1.1557506808613598,-0.3666455230716229,1.1606796428604036,-0.6062048585238128,2.488456019525313,True
143,Alder,92,23,0.15813182944101475,-0.1760640595233205,1.271879950517746,1.0129958620236184,0.03741365767258646,0.0790440699003843,0.14331153056662263,0.048373210681956984,0.08378004674202078,0.23248361214000873,-0.3331475385113607,-0.01898058053528029,0.9870783983092546,1.5566815027262375,0.9168642707060224,1.1091274533412143,True
143,Aspen,53,13,0.22660558064031958,-0.12492135199071994,1.014679769645945,1.0841445042254387,0.11024755920082353,0.21577247091133733,0.34468690799383156,0.07473735928623741,0.005054815716404731,0.44815634556423445,-0.5585323663883326,0.3086896624068928,0.3220054947788966,1.7073540445129936,0.933954157715385,1.2343348507354925,True
143,Birch,96,24,0.8246362051902492,0.07752164445826923,0.800817310478896,0.7219057914178749,0.17527940970567146,0.08601634685556246,0.12259669094045739,0.05229571435165939,0.47651616793054397,1.1727562424499545,-0.09331424506568572,0.24835753398222418,0.5573297000985671,1.044304920859225,0.6180419887088594,0.8257695941268904,True
143,Oak,71,18,0.2777684258639819,-0.1383267592161028,1.1604630711995942,0.9904546553736497,0.05560034580989352,0.0676993906199185,0.12380136479625814,0.04813423637917851,0.1667896711407391,0.3887471805872248,-0.2734553084558819,-0.003198209976323696,0.9133545128265298,1.4075716295726588,0.8943783174461811,1.0865309933011185,True
143,Pine,366,91,0.4384104334634262,-0.5023140271558032,1.6468647100775209,0.6496398407843653,0.05085848172903723,0.057110819020836735,0.07768079080155918,0.03497305353118256,0.3383952551979522,0.5384256117289001,-0.6146246693745034,-0.3900033849371029,1.4941024199797979,1.799627000175244,0.5808639736233108,0.7184157079454199,True
143,Spruce,6,1,4.705933955981742,0.12289480397195261,1.20794299351143,-0.18884410305219027,6.094381185156338,0.24024654317221394,0.8344436968521629,1.1296978318414355,-21.516071886139983,30.927939798103466,-0.9108026408080356,1.1565922487519409,-2.3823784565272685,4.798264443550129,-5.049541562956556,4.671853356852175,True
144,Alder,92,23,0.3093998320991005,-0.0008490146892325039,0.9060319173543648,0.9835675970373339,0.06598898505834916,0.07103299156091769,0.12646410955320753,0.0417222602507435,0.17826059090214777,0.44053907329605324,-0.1420121588868822,0.14031412950841718,0.6547110741743769,1.1573527605343528,0.900653372103183,1.0664818219714847,True
144,Aspen,53,13,0.39590480024128827,0.02604477373136979,0.6690945827197142,1.0876921654719274,0.20334796932495441,0.2362724840192707,0.3677902257100572,0.07709951613164874,-0.012738243434656349,0.8045478439172329,-0.44876255936877063,0.5008521068315102,-0.0700075473253906,1.408196712764819,0.9327548870591197,1.242629443884735,True
144,Birch,96,24,0.7759571922719616,0.07804305162869979,0.7924319376623323,0.742828435705956,0.1880775028856335,0.09406014688100607,0.13600043813655596,0.05996387249694785,0.40241903726446826,1.149495347279455,-0.10876851906207988,0.2648546223194794,0.5223233283799599,1.062540546944705,0.6237350090283658,0.8619218623835463,True
144,Oak,71,18,0.2511920125188359,-0.1104501008676868,1.115683910264039,1.0299199549219296,0.05327547732662627,0.06335600442434927,0.11208374532620995,0.05108093466787746,0.14485371471020458,0.3575303103274672,-0.2369092149763516,0.016009013240977976,0.8919638182424803,1.3394040022855978,0.9279619825934258,1.1318779272504333,True
144,Pine,366,91,0.45529787788293175,-0.5238328917836099,1.626646371361177,0.6732665987514842,0.05345596447218225,0.060433549710394135,0.08030637364602188,0.034614829764469376,0.3501746489882386,0.5604211067776249,-0.6426778128668424,-0.4049879707003774,1.4687207706943581,1.7845719720279958,0.6051951925312345,0.7413380049717339,True
144,Spruce,6,1,1.9813560727247004,0.12514672044812758,0.39613198620350176,0.8072516683329565,1.6552323142512146,0.25705796323927826,0.1859182628616771,0.37960210155749863,-5.14053376246955,9.103245907918952,-0.9808844267734835,1.2311778676697387,-0.403809734998658,1.1960737074056615,-0.8260443501318071,2.44054768679772,True
145,Alder,92,23,0.2658205347308649,-0.047701026028669116,0.9777665677994162,1.0065666469851258,0.051392448138297325,0.06452709391865638,0.11590782251679035,0.03918524131164854,0.16368884341676515,0.3679522260449647,-0.1759350657802239,0.08053301372288567,0.7474241268571488,1.2081090087416837,0.928694214075523,1.0844390798947285,True
145,Aspen,53,13,0.31843090856585293,0.011381084332830353,0.7882782915089249,1.0643579629464996,0.16298259857724254,0.23287951546891256,0.36603683943492094,0.08299733478773723,-0.009094885617948911,0.6459567027496548,-0.456607823188152,0.47936999185381274,0.052699723103456275,1.5238568599143936,0.8975685742093378,1.2311473516836615,True
145,Birch,96,24,0.9428877782428752,0.019540094491014508,0.8392024969798543,0.6885218170759703,0.21896157232975216,0.09533122148794099,0.13782626224783656,0.05516002941232137,0.5080111955006492,1.3777643609851011,-0.16979594008442261,0.20887612906645164,0.565467643412908,1.1129373505468005,0.5789692374175369,0.7980743967344036,True
145,Oak,71,18,0.3197312853937735,-0.023266598789384186,0.9862351150190043,0.9935912869294522,0.07601194174760871,0.09100400210988573,0.14031079215033215,0.05391728938496489,0.16801081465986234,0.47145175612768464,-0.2049113472504518,0.1583781496716834,0.7061736017270344,1.2662966283109742,0.8859719268906628,1.1012106469682414,True
145,Pine,366,91,0.4323743613250145,-0.4602021247353028,1.5549417186925814,0.6942958187408912,0.04905708087744961,0.05823552343980288,0.07888927629482115,0.03418781936164952,0.33590170775107586,0.5288470148989531,-0.5747245418465013,-0.34567970762410427,1.3998028949680035,1.7100805424171592,0.6270641450511323,0.7615274924306501,True
145,Spruce,6,1,0.5247190316999405,-0.14829385272844706,0.42827892685619934,1.4210034961530535,0.7128407466756496,0.3500201509011294,0.1749954325603724,0.6476992394240942,-2.542387152822679,3.5918252162225603,-1.654309010451847,1.357721304994953,-0.3246656487340441,1.1812235024464428,-1.3658214043771406,4.207828396683247,True
146,Alder,92,23,0.2536573401460161,-0.04414604025738666,0.9519185353067989,1.0392903128971909,0.055513654500185965,0.07707074551958179,0.1347387863565737,0.045853134226264705,0.14333561719805732,0.3639790630939749,-0.1973079517034338,0.10901587118866046,0.6841535107807278,1.2196835598328701,0.9481668439785919,1.13041378181579,True
146,Aspen,53,13,0.3229164099022884,0.028122687347686866,0.7385049209008503,1.0872829557242976,0.14406435572238951,0.20005637728863462,0.3153782631165694,0.07289526012822208,0.03340824808959636,0.6124245717149805,-0.3739056544813377,0.43015102917671144,0.10472857301296257,1.372281268788738,0.9407944460665281,1.233771465382067,True
146,Birch,96,24,0.8712927968574361,0.07687824706547378,0.7880868930309797,0.709354758512199,0.22099371209364865,0.10275799271650758,0.14974548393911277,0.05954298026748598,0.43238020913600306,1.310205384578869,-0.12720799622614581,0.28096449035709337,0.49067943635428257,1.0854943497076768,0.5910972601324539,0.8276122568919441,True
146,Oak,71,18,0.24744796856624104,-0.1176531964316249,1.1326213316899891,1.0264811306828976,0.054587469999927564,0.07196263018469057,0.13370097228934852,0.054573572770665255,0.1384909224212804,0.3564050147112017,-0.26129120745790024,0.02598481459465042,0.8657530740591448,1.3994895893208334,0.9175518235236423,1.1354104378421528,True
146,Pine,366,91,0.45575980562785867,-0.46083168746849956,1.5410204161988814,0.689628255454955,0.05103571700285567,0.057342666725991365,0.07544804136141785,0.03401080215347766,0.35539608731747496,0.5561235239382424,-0.5735982671979778,-0.34806510773902133,1.392648914533806,1.689391917863957,0.6227446929755481,0.7565118179343618,True
146,Spruce,6,1,0.5247190316999376,-0.14829385272844892,0.4282789268562008,1.4210034961530555,0.7128407466747714,0.3500201509008136,0.17499543256037559,0.6476992394232917,-2.5423871528189035,3.5918252162187785,-1.6543090104504903,1.3577213049935923,-0.3246656487340563,1.181223502446458,-1.3658214043736854,4.207828396679797,True
147,Alder,92,23,0.23967903764716114,-0.09396781193368783,1.034174185028155,1.0254833470587912,0.05676097531978827,0.07755902534079029,0.1384048926276537,0.04861094682305268,0.1268785266762138,0.3524795486181085,-0.24810007691962419,0.06016445305224852,0.7591235446661726,1.3092248253901373,0.9288793051174917,1.1220873890000906,True
147,Aspen,53,13,0.4752019224957925,0.14222674102634086,0.5354787961346428,1.056400218114612,0.2806981904295705,0.2806522033203464,0.4356700389988632,0.07633268321366454,-0.08888221009846009,1.0392860550900451,-0.42176497701198784,0.7062184590646696,-0.3400329257966028,1.4109905180658884,0.9030039481448009,1.209796488084423,True
147,Birch,96,24,0.9230979923630016,0.10300683016355723,0.7386589729941362,0.7123938191653084,0.23954668324876827,0.09633860689877673,0.13796624549310774,0.06121269127049338,0.4473376024915965,1.3988583822344067,-0.08832995879223697,0.2943436191193514,0.4646461006191544,1.012671845369118,0.5908201306092277,0.8339675077213892,True
147,Oak,71,18,0.2539088545053721,-0.12633879994193298,1.1231986231082725,1.0376925928973884,0.05339770419859888,0.06322781958082471,0.10893550336861074,0.05206439150206649,0.1473265908391971,0.3604911181715471,-0.2525420560320633,-0.00013554385180264417,0.9057624483345746,1.3406347978819704,0.93377163251202,1.1416135532827567,True
147,Pine,366,91,0.43199538728935755,-0.45963862787803256,1.5573671352907092,0.6920095243028566,0.0493067631015798,0.05726748623854153,0.07693966385232763,0.03443994505183833,0.3350317239308731,0.528959050647842,-0.5722573622609972,-0.34701989349506784,1.4060623001036472,1.7086719704777713,0.6242820356577105,0.7597370129480027,True
147,Spruce,6,1,1.6257037355997008,0.049865253636592055,0.42454181778798356,0.907046261522641,1.1808512246464893,0.24245407742239025,0.17266774498778215,0.3394786181820377,-3.455089009490548,6.70649648068995,-0.9933304444108151,1.093060951683999,-0.3183875265141746,1.1674711620901417,-0.5536123416717776,2.3677048647170595,True
148,Alder,92,23,0.22620547830775903,-0.12939200448682392,1.0932248468987809,1.0238255450132374,0.052383798819581204,0.08134796209250988,0.14049013790263012,0.04766319092988015,0.12210368583225034,0.3303072707832677,-0.29105398507793895,0.03226997610429111,0.8140302197361508,1.3724194740614108,0.9291049687527737,1.1185461212737011,True
148,Aspen,53,13,0.24676550647276255,-0.133782563406667,1.0230690298149934,1.0592742658097483,0.11168893893974315,0.2082922825846773,0.32763462319158754,0.07706209732350155,0.022318180518215047,0.47121283242731005,-0.5523615765739605,0.2847964497606265,0.3646626042230098,1.6814754554069768,0.9044121833071961,1.2141363483123004,True
148,Birch,96,24,1.1114720501464161,0.1370210493797425,0.5766373241443274,0.7749348852327753,0.2577719931673189,0.09144333163984734,0.13227874782664778,0.061970801163241634,0.5995146216235838,1.6234294786692485,-0.044593300366582656,0.31863539912606764,0.31392031306239326,0.8393543352262616,0.651855524991962,0.8980142454735887,True
148,Oak,71,18,0.2626288813053383,-0.13896769913637969,1.200612076563053,0.9705215107569708,0.054177211150836416,0.07010119802750689,0.13990666419531658,0.06913372491077084,0.15449071525047636,0.3707670473602002,-0.27889027602646504,0.0009548777537056741,0.9213572060453894,1.4798669470807166,0.8325300182901855,1.1085130032237562,True
148,Pine,366,91,0.5035696943307509,-0.46720133500090194,1.5584592422949926,0.6518576228502965,0.05367700421409935,0.05415292462976775,0.07252707687007687,0.031870600264581626,0.39801178220447064,0.6091276064570312,-0.5736951630962599,-0.36070750690554393,1.4158319306721021,1.701086553917883,0.5891828504520105,0.7145323952485825,True
148,Spruce,6,1,1.6257037355997057,0.04986525363659322,0.4245418177879838,0.9070462615226388,1.180851224641708,0.24245407742152,0.17266774498751702,0.3394786181807948,-3.455089009469971,6.706496480669383,-0.9933304444070695,1.0930609516802559,-0.31838752651303365,1.1674711620890013,-0.5536123416664321,2.3677048647117096,True
149,Alder,92,23,0.19474921020332633,-0.1786730510828674,1.1819142653305938,1.030089620642617,0.044150883390685694,0.08243676640361797,0.14391387923911597,0.05006361746996587,0.10700860711767386,0.2824898132889788,-0.342498801446232,-0.014847300719502798,0.895915671710162,1.4679128589510257,0.9305987010477693,1.129580540237465,True
149,Aspen,53,13,0.3849976658616042,0.1080115784092862,0.6212439822812522,1.0736689660068144,0.23101008200945172,0.27230801136421023,0.41024843816403633,0.1131407672721909,-0.07923447447178483,0.8492298061949932,-0.4392118581001383,0.6552350149187107,-0.20318112012414136,1.4456690846866458,0.8463040817868173,1.3010338502268115,True
149,Birch,96,24,0.9020403599709343,0.08336599407587156,0.7657317462832984,0.7134291867471801,0.2235479185488185,0.09636717727191882,0.14076027728312668,0.057321518141743674,0.4580548977582202,1.3460258221836485,-0.10802753810709034,0.2747595262588335,0.4861696856010336,1.0452938069655633,0.5995837038989971,0.8272746695953632,True
149,Oak,71,18,0.28071658354897167,-0.09790834796315664,1.0980750458654855,1.003779425864759,0.057966243948609227,0.06639474470195895,0.1244020814122436,0.051754318802151575,0.16501547637607938,0.39641769072186395,-0.23043281305164348,0.03461611712533019,0.8497674521085123,1.3463826396224587,0.900477373178776,1.107081478550742,True
149,Pine,366,91,0.4308785494913705,-0.45821025531187304,1.5670966743812373,0.6843345202713638,0.04913953548048443,0.05751353575841802,0.07789361431148145,0.03485652160251986,0.3342437457402938,0.5275133532424472,-0.5713128556254743,-0.3451076549982718,1.4139158585910376,1.720277490171437,0.615787817670921,0.7528812228718066,True
149,Spruce,6,1,1.981356072724718,0.12514672044813,0.39613198620350054,0.8072516683329527,1.6552323142492464,0.2570579632390107,0.18591826286157415,0.3796021015571239,-5.1405337624610645,9.1032459079105,-0.9808844267723298,1.2311778676685898,-0.40380973499821626,1.1960737074052172,-0.8260443501301986,2.440547686796104,True
150,Alder,92,23,0.19734229468022352,-0.10723139720623479,1.1081531521752337,1.0302455718182266,0.04504802122540936,0.07526468252066906,0.13558483527175164,0.0441493853587075,0.10781881866826812,0.2868657706921789,-0.256804137959296,0.042341343546826476,0.838706783214878,1.3775995211355894,0.9425079457563416,1.1179831978801116,True
150,Aspen,53,13,0.2857855539335033,-0.06842735600117887,0.8999016506767129,1.0653536799264802,0.14997469367632274,0.23564513324444433,0.37182836227524346,0.08293020054409957,-0.015599876674478041,0.5871709845414846,-0.5419739805192344,0.40511926851687663,0.15268458138606367,1.647118719967362,0.8986992025028959,1.2320081573500645,True
150,Birch,96,24,0.7733459024220507,-0.052565029905425234,0.9086390710740617,0.7479355662196224,0.18898293032469646,0.09857995161222365,0.13846877292517837,0.05856996353602699,0.3980094903668423,1.148682314477259,-0.2483533229281671,0.14322326311731665,0.6336281358423519,1.1836500063057716,0.6316105630563926,0.8642605693828522,True
150,Oak,71,18,0.25667832100366983,-0.10949578938146526,1.0323326428965836,1.101912595624162,0.046178847800885485,0.0520884684611389,0.09467002163747515,0.0518852449132544,0.16450495501383972,0.34885168699349994,-0.21346480757828168,-0.0055267711846488515,0.8433704888324276,1.2212947969607395,0.9983492133266577,1.2054759779216662,True
150,Pine,366,91,0.46860954945379024,-0.5048680570295708,1.6312354475735276,0.6457667028185066,0.052458925508157214,0.05839789495981504,0.07864872961810788,0.03457657682312321,0.36544703637943693,0.5717720625281435,-0.6197097840369195,-0.39002633002222215,1.4765696682249267,1.7859012269221284,0.5777705224921068,0.7137628831449063,True
150,Spruce,6,1,1.9813560727247082,0.12514672044812886,0.396131986203501,0.8072516683329548,1.6552323142469096,0.25705796323873464,0.18591826286152555,0.37960210155662066,-5.14053376245102,9.103245907900437,-0.9808844267711432,1.231177867667401,-0.40380973499800676,1.1960737074050087,-0.8260443501280311,2.440547686793941,True
151,Alder,92,23,0.2052957772673068,-0.14377035614594313,1.138836714095079,1.026661348086696,0.043186655952025366,0.07297774187491579,0.12528449464248406,0.04614421288982498,0.11947137359789611,0.2911201809367175,-0.2887982829322285,0.0012575706403422093,0.8898601076715755,1.3878133205185825,0.934959421490135,1.118363274683257,True
151,Aspen,53,13,0.22942304343342607,-0.16013687447886732,0.9669948221458304,1.1511383293950121,0.14400682594290629,0.28187702655061836,0.42077466752459913,0.11522497728408372,-0.05996950795901895,0.518815594825871,-0.7265899669506113,0.4063162179928766,0.12141646987710719,1.8125731744145537,0.9195850683461384,1.382691590443886,True
151,Birch,96,24,0.6348891037232853,-0.049200666082756694,0.9892995712623409,0.7384778603117611,0.17899099488432238,0.11174013735159127,0.16347752557393458,0.06059676242687919,0.2793975379260629,0.9903806695205077,-0.271126223930992,0.17272489176547862,0.664619094590921,1.3139800479337609,0.618127459604198,0.8588282610193242,True
151,Oak,71,18,0.2616324869200293,-0.10103612357065822,1.0523786027486866,1.0675294545645957,0.05612531674606578,0.07212716816161241,0.13966071240866834,0.06971844376298106,0.14960588582256612,0.3736590880174924,-0.24500255377342395,0.04293030663210751,0.7736146540518603,1.3311425514455129,0.9283708583840427,1.2066880507451487,True
151,Pine,366,91,0.44384569935048546,-0.4125185036679049,1.4887633924194037,0.7012650662850785,0.051136852968063085,0.059927955744866875,0.08063814727644121,0.034268625375591784,0.3432830932391807,0.5444083054617902,-0.5303691545945572,-0.2946678527412525,1.330185346031398,1.6473414388074095,0.6338744844326178,0.7686556481375391,True
151,Spruce,6,1,3.82310099501559,0.48873763093353595,0.11738101399152151,0.5503304410852019,13.057942195983065,1.4998734558437494,1.1222430324590575,1.3162913360910458,-52.360689638745384,60.00689162877656,-5.964696988051358,6.94217224991843,-4.711241033000918,4.946003060983961,-5.113214069222318,6.213874951392722,True
152,Alder,92,23,0.20686704127725342,-0.2326345994731644,1.2768289333950538,0.9779914507612191,0.04556788298031428,0.08353718586834855,0.14766484871564506,0.04876504239028834,0.11631044926866213,0.2974236332858447,-0.39864720228585104,-0.06662199666047777,0.9833760761506245,1.570281790639483,0.8810811762609367,1.0749017252615014,True
152,Aspen,53,13,0.3052420665381627,-0.06461782582323844,0.8728982726020146,1.0668857622223695,0.16130511324779204,0.2516548472731606,0.39450579904429406,0.07986991931165613,-0.018912694666927854,0.6293968277432533,-0.5703371752069228,0.4411015235604459,0.08010918793871713,1.6656873572653121,0.9063811501821549,1.2273903742625842,True
152,Birch,96,24,0.8605835680138441,0.029871983727919608,0.8162502109666452,0.7279452231842427,0.20633935963133002,0.09549470922925123,0.13708738762045033,0.056989853280808404,0.45077578920160116,1.270391346826087,-0.15978875161352304,0.21953271906936225,0.543982826187093,1.0885175957461972,0.6147584553781766,0.8411319909903088,True
152,Oak,71,18,0.2600650959794133,-0.12165061798740588,1.1358467456834047,1.014696545140317,0.052824094011219236,0.05819986355964595,0.10325800656727156,0.048103354182748005,0.1546277630392021,0.3655024289196245,-0.2378180318555916,-0.005483204119220153,0.9297429019551318,1.3419505894116777,0.9186818483349142,1.1107112419457197,True
152,Pine,366,91,0.44634187264633157,-0.522645650305084,1.6447004424868008,0.6644739934700182,0.048496707316501166,0.055388973586221114,0.0742612917129682,0.03188922469422187,0.3509712154295024,0.5417125298631608,-0.6315702166474698,-0.41372108396269824,1.498662730066134,1.7907381549074677,0.6017625954079839,0.7271853915320525,True
152,Spruce,6,1,0.524719031699942,-0.14829385272844658,0.42827892685619967,1.421003496153052,0.7128407466742018,0.35002015090044747,0.17499543256030295,0.6476992394228244,-2.5423871528164486,3.5918252162163324,-1.6543090104489124,1.3577213049920194,-0.32466564873374487,1.1812235024461442,-1.365821404371678,4.207828396677782,True
153,Alder,92,23,0.21964084656325888,-0.08973825445731755,1.0528171993226672,1.0297401842822647,0.050812524980212125,0.0809245716960795,0.1413783301733726,0.05041835852852755,0.11866163066360273,0.320620062462915,-0.2505588356047396,0.07108232669010452,0.7718574766623691,1.3337769219829652,0.9295442913770977,1.1299360771874316,True
153,Aspen,53,13,0.26763706094756695,-0.07772217659071817,0.8969644387731648,1.0948455366978165,0.1520891616963116,0.26142148598917403,0.38338669883934223,0.12194599331880102,-0.03799755223308571,0.5732716741282196,-0.6030683212880907,0.44762396810665445,0.12652002254089723,1.6674088550054322,0.8497858882572262,1.3399051851384067,True
153,Birch,96,24,1.2163767346662975,0.2082159064758172,0.6003654437090801,0.6581833241523419,0.2979203259301797,0.09764854230214079,0.13913983588684,0.05872709566550109,0.6246812517947467,1.8080722175378483,0.014277472739311764,0.40215434021232266,0.32402171951140135,0.8767091679067588,0.5415462430168102,0.7748204052878737,True
153,Oak,71,18,0.24140282142190306,-0.11763556583807967,1.122507913855675,1.0431896017670392,0.052947441323641146,0.06995859497199122,0.13206651627003616,0.0600561023520762,0.13571928621565116,0.34708635662815496,-0.25727350583804626,0.022002374161886898,0.8589020440936652,1.386113783617685,0.9233171197620968,1.1630620837719816,True
153,Pine,366,91,0.4285406185779502,-0.5267142344355504,1.656436235421407,0.6672691174992654,0.048613401190464534,0.05654021865041511,0.07558559817052525,0.03431662188018571,0.33294047832879,0.5241407588271105,-0.6379027688793841,-0.41552569999171673,1.507794222952297,1.8050782478905172,0.5997841486576561,0.7347540863408748,True
153,Spruce,6,1,2.0720704294114487,0.2101017151746307,0.3802360670422676,0.7289473018853513,1.4232717629089084,0.22680209952772465,0.15456612740656692,0.326942638953367,-4.051773706368007,8.195914565190904,-0.7657489574591498,1.1859523878084113,-0.28480830296215925,1.0452804370466944,-0.6777733360614134,2.135667939832116,True
154,Alder,92,23,0.22359067553458759,-0.09981744808800032,1.07720603597916,1.0151410656259203,0.05242374909597146,0.08261608666246158,0.14143947124640371,0.04993641620722387,0.11940949027971134,0.32777186078946385,-0.2639995597843237,0.06436466360832309,0.7961248082841024,1.3582872636742176,0.9159029318113134,1.1143791994405272,True
154,Aspen,53,13,0.33139317477379143,-0.017604811495397707,0.822760890746291,1.048013440137104,0.16013479938352607,0.21113105466128115,0.33164489672307007,0.07713658103272895,0.009590247329998802,0.6531961022175841,-0.44188855073168826,0.4066789277408928,0.1562955187713253,1.4892262627212567,0.8930016770169189,1.203025203257289,True
154,Birch,96,24,0.9040649343729646,0.09084603037322453,0.7458082952150961,0.7250210181821336,0.22118523806417714,0.09336700638124602,0.13639933797056059,0.05835944680426554,0.4647719595421242,1.343357909203805,-0.09458890345525703,0.2762809642017061,0.474907436430573,1.0167091539996191,0.6091141194193445,0.8409279169449227,True
154,Oak,71,18,0.2817548066306386,-0.027419511252831257,1.001940675184911,1.020514700706939,0.0643536899263324,0.0812944795076385,0.1300847883324672,0.04891773360970205,0.1533043039253256,0.4102053093359517,-0.18968397148621596,0.13484494898055344,0.742290350941694,1.2615909994281278,0.9228744957619898,1.1181549056518885,True
154,Pine,366,91,0.3768587282391553,-0.43337240254913656,1.4993537609688212,0.7603744529572041,0.04346396205520258,0.058549334437956735,0.07958270308111344,0.035888246137018784,0.29138515991214475,0.4623322965661658,-0.5485119411679971,-0.318232863930276,1.3428512865553657,1.6558562353822768,0.6897988240158506,0.8309500818985576,True
154,Spruce,6,1,1.3357045592739443,0.10250233263305587,0.3970170598943888,0.941125580500746,1.054358268096305,0.2447904616979599,0.17748645566845783,0.35962243207434474,-3.2008329210283195,5.872242039576208,-0.9507460155952501,1.1557506808613618,-0.36664552307159454,1.160679642860372,-0.6062048585238987,2.488456019525391,True
155,Alder,92,23,0.22612895403658562,-0.10386035740076767,1.066702615079014,1.0245699404979893,0.05359130918771478,0.07841588667765818,0.13883032751408186,0.05029231794834425,0.11962748844480653,0.3326304196283647,-0.2596954542370273,0.051974739435491926,0.7908065122790873,1.3425987178789407,0.9246245267603781,1.1245153542356006,True
155,Aspen,53,13,0.46429655496350974,0.07155397675227049,0.6635301310314186,1.0070502575283509,0.26923413931727824,0.23999901851580735,0.3477631342367708,0.1207705481792767,-0.07674970439829643,1.0053428143253158,-0.4107421077924179,0.5538500612969588,-0.03532605191724769,1.362386313980085,0.7643527545327526,1.249747760523949,True
155,Birch,96,24,0.9119822899030183,0.0626552009485369,0.7991589687058408,0.7004836837320025,0.22825548829802605,0.09629533191123313,0.1373525586674429,0.06031481349243197,0.45864718782531,1.3653173919807267,-0.12859564014663072,0.25390604204370454,0.526364931338205,1.0719530060734765,0.580693257945224,0.8202741095187811,True
155,Oak,71,18,0.2546108977220639,-0.11590969650054597,1.0598825257978342,1.084985801995423,0.044622111195095585,0.05248136983057878,0.09317018641657558,0.04985736578546498,0.16554479100240743,0.3436770044417204,-0.22066294911307235,-0.01115644388801959,0.8739140553642551,1.2458509962314133,0.98547008337794,1.1845015206129061,True
155,Pine,366,91,0.468043178503844,-0.4987205391868167,1.6314900645121633,0.6422803584994354,0.0542098333588538,0.060695169776999305,0.08102853513731663,0.036129953754602435,0.3614374371839677,0.5746489198237203,-0.6180799462851596,-0.3793611320884737,1.4721443052438132,1.7908358237805133,0.5712294021468244,0.7133313148520465,True
155,Spruce,6,1,1.9813560727246955,0.12514672044812644,0.39613198620350243,0.8072516683329576,1.6552323142551066,0.25705796323969465,0.18591826286175023,0.37960210155826796,-5.140533762486301,9.103245907935692,-0.9808844267752763,1.2311778676715293,-0.403809734998972,1.1960737074059768,-0.826044350135116,2.440547686801031,True
156,Alder,92,23,0.2756095121275327,0.0018106063153061577,0.906858458379552,1.0141513823656474,0.07000908161527217,0.08983712821567266,0.15666701052270923,0.05039309116658337,0.1364811737873642,0.4147378504677012,-0.17672180807323837,0.1803430207038507,0.595515696214374,1.2182012205447301,0.9140057030327832,1.1142970616985117,True
156,Aspen,53,13,0.29415525784041574,-0.06900261753986332,0.8931463362850702,1.0641705475403351,0.14780127255820227,0.2348992473181299,0.3652670580171694,0.08485564054900753,-0.0028625195087370048,0.5911730351895685,-0.5410503281706741,0.4030450930909475,0.1591147015547173,1.6271779710154233,0.8936467535623098,1.2346943415183604,True
156,Birch,96,24,0.6927603978801992,-0.024489155123221123,0.8998336865955409,0.7650130289349173,0.16865085774535357,0.09242157076783203,0.13219352835439188,0.05824664558863801,0.35780523697008093,1.0277155587903173,-0.20804637221634284,0.15906806196990061,0.6372859287413919,1.1623814444496898,0.6493301631230215,0.8806958947468131,True
156,Oak,71,18,0.2552494816886709,-0.09400730773623142,1.0695625578679435,1.0523612519342398,0.05399962247729017,0.061600286119598426,0.11108092725175946,0.05825313466280294,0.14746578410978756,0.36303317926755424,-0.21696199344129838,0.028947377968835536,0.8478440991005555,1.2912810166353315,0.9360875084991246,1.1686349953693551,True
156,Pine,366,91,0.39189259925712583,-0.41924971583830334,1.5003581378997142,0.7348256179203846,0.046780370658721634,0.05899082550181442,0.07935080421156604,0.03681022405436079,0.2998971846931535,0.48388801382109814,-0.5352574637696162,-0.3032419679069904,1.3443117016138009,1.6564045741856275,0.662436883620301,0.8072143522204682,True
156,Spruce,6,1,4.705933955981523,0.12289480397195111,1.2079429935113983,-0.18884410305214616,6.0943811849704055,0.24024654317132196,0.8344436968326174,1.1296978318062993,-21.516071885340203,30.927939797303246,-0.9108026408041994,1.1565922487481015,-2.3823784564432033,4.798264443466,-5.049541562805333,4.671853356701041,True
157,Alder,92,23,0.25772132916644375,-0.06320800544310003,0.976631967872012,1.0263295777185781,0.05752448069991876,0.08062491981477979,0.14370627683040024,0.046600466565139026,0.14340351169181903,0.37203914664106846,-0.2234330914438376,0.09701708055763754,0.6910459404143354,1.2622179953296886,0.9337209428172736,1.1189382126198826,True
157,Aspen,53,13,0.29850393480738474,-0.021502601025557164,0.7474822627614651,1.1469302390757494,0.17126213781331573,0.2522624961537201,0.3670135318982922,0.12010291693798576,-0.04566021640006973,0.6426680860148393,-0.5284430665524831,0.4854378645013688,0.009940957367314707,1.4850235681556154,0.9055743912901832,1.3882860868613156,True
157,Birch,96,24,0.8760161572141925,0.06748917885583201,0.7804965617081291,0.7246891168468819,0.2202542895117226,0.10142360941026891,0.14433016860960562,0.05956272250827773,0.4385721265651674,1.3134601878632175,-0.13394686400969896,0.26892522172136296,0.49384438870934183,1.0671487347069164,0.6063924086728344,0.8429858250209293,True
157,Oak,71,18,0.2598704812680544,-0.12503478785694971,1.1090755890694468,1.0440376486686125,0.045796686206774684,0.05201203935230799,0.09131049241277037,0.041660088726091254,0.16845991301265706,0.35128104952345174,-0.22885125291404892,-0.021218322799850503,0.9268190834033937,1.2913320947354998,0.9608837635418993,1.1271915337953258,True
157,Pine,366,91,0.4332143531545221,-0.44614276047441526,1.549249358769034,0.6862308751282756,0.050386506805832294,0.06079553774853921,0.08103306962656814,0.034758333941181184,0.334127331894062,0.5323013744149823,-0.5656995450843243,-0.32658597586450616,1.3898946822515759,1.708604035286492,0.6178772623747649,0.7545844878817863,True
157,Spruce,6,1,1.9813560727247166,0.12514672044813016,0.3961319862035008,0.8072516683329526,1.6552323142591125,0.25705796324041286,0.18591826286200586,0.3796021015591451,-5.140533762503516,9.10324590795295,-0.9808844267783629,1.2311778676746232,-0.4038097350000735,1.196073707407075,-0.8260443501388951,2.4405476868048,True
158,Alder,92,23,0.21861604530871734,-0.0628451999025383,1.0189627405967083,1.040536174219962,0.051932321547167204,0.08545500467887807,0.1470766497749711,0.04971332923715941,0.11541146904087862,0.32182062157655605,-0.23266906459997283,0.10697866479489622,0.7266788051455848,1.3112466760478318,0.94174137887994,1.1393309695599838,True
158,Aspen,53,13,0.2003578989504082,-0.16674320991027503,1.084452987607779,1.094252258759824,0.08957653481729494,0.2015456612821175,0.3174412238350918,0.07130795574892886,0.020347112753727137,0.38036868514708927,-0.5717643799736558,0.2382779601531057,0.4465309649447784,1.7223750102707798,0.950953556676469,1.237550960843179,True
158,Birch,96,24,0.5893947600559191,-0.1027995636793398,1.047720698340806,0.7532774757966662,0.15255073800691601,0.10696021658498875,0.15854103760813335,0.055282347200816,0.2864158266595865,0.8923736934522517,-0.3152317862969153,0.10963265893823566,0.732844512872058,1.3625968838095541,0.6434819624521839,0.8630729891411484,True
158,Oak,71,18,0.25646019627963346,-0.11435468344417846,1.1245392938295766,1.0196432591709843,0.05553556930072253,0.06195430494152479,0.11097520331237865,0.05001213122650761,0.1456107360098405,0.3673096565494264,-0.23801599367529264,0.00930662678693571,0.9030318609284131,1.34604672673074,0.9198186274402658,1.1194678909017028,True
158,Pine,366,91,0.4449886485324918,-0.41448123135298404,1.4983460064552607,0.698095744826624,0.05069412993498171,0.058361086303638635,0.07769044428064607,0.0346044003204887,0.34529667444893364,0.54468062261605,-0.5292505727093255,-0.2997118899966426,1.3455647324162376,1.6511272804942838,0.6300448485127552,0.7661466411404927,True
158,Spruce,6,1,4.705933955981691,0.1228948039719513,1.2079429935114254,-0.18884410305218166,6.094381185008023,0.2402465431725229,0.8344436968323449,1.1296978318101565,-21.516071885501887,30.92793979746527,-0.9108026408093663,1.156592248753269,-2.3823784564420034,4.798264443464854,-5.049541562821965,4.671853356717602,True
159,Alder,92,23,0.28703904488030274,-0.025320300470794248,0.8918392420497804,1.037705419219013,0.06578109703920727,0.08515589323337876,0.14169874745759117,0.04478813306784106,0.15631293743681052,0.41776515232379496,-0.19454974402413297,0.14390914308254446,0.610242757368038,1.1734357267315227,0.9486984163085826,1.1267124221294431,True
159,Aspen,53,13,0.35142990370347815,0.04595678904489968,0.6882209919013534,1.0951700130244821,0.22038368655335314,0.2921400840505872,0.46383804103472515,0.07987052008821598,-0.09144769546139253,0.7943075028683488,-0.5411206896360152,0.6330342677258145,-0.24389644940056632,1.620338433203273,0.9346641936785698,1.2556758323703945,True
159,Birch,96,24,1.0039872131496432,0.08044188848512049,0.6740743634262297,0.7704771871081794,0.21213778683852075,0.08563163892862016,0.12482858940937731,0.05424785030560228,0.5826632574013617,1.4253111688979248,-0.08962993788911175,0.2505137148593527,0.4261540100359547,0.9219947168165048,0.6627362738922095,0.8782181003241493,True
159,Oak,71,18,0.25239672886093384,-0.12483199807747745,1.1310979088259814,1.0301580038943359,0.05074627836436357,0.06184632014854324,0.1077681943894333,0.04863388382218742,0.151106733309971,0.3536867244118967,-0.24827776975969276,-0.0013862263952621467,0.9159916925264504,1.3462041251255124,0.933084365496554,1.1272316422921176,True
159,Pine,366,91,0.4213793750335186,-0.4542820314190105,1.5585128731066444,0.6942525585718206,0.04871973024021302,0.057598744102302736,0.07787942690654584,0.03472730921167532,0.3255701345811306,0.5171886154859066,-0.5675521972480108,-0.3410118655900103,1.4053599573988993,1.7116657888143896,0.6259599571530308,0.7625451599906103,True
159,Spruce,6,1,3.8231009950156363,0.48873763093354156,0.11738101399151737,0.5503304410851972,13.05794219453089,1.4998734556802706,1.1222430323427108,1.316291335944975,-52.36068963249713,60.0068916225284,-5.964696987347961,6.9421722492150435,-4.7112410325003236,4.946003060483358,-5.11321406859383,6.213874950764225,True
160,Alder,92,23,0.2763565773415592,-0.0997281059467031,1.0454572671410927,0.9795421263095017,0.06088347391811728,0.07592189457677888,0.13265738385447481,0.043819693681851096,0.15536346668837192,0.3973496879947465,-0.25060691755791625,0.05115070566451006,0.7818285927120769,1.3090859415701084,0.8924596931755526,1.0666245594434507,True
160,Aspen,53,13,0.2973292295552031,0.04296242721868756,0.7424531761995093,1.0990013911649978,0.14267332878305722,0.22012537735661958,0.3444988001646825,0.07757818967459065,0.010616441033972912,0.5840420180764332,-0.3993960801809046,0.4853209346182797,0.05015691816782897,1.4347494342311897,0.9431021822536252,1.2549006000763705,True
160,Birch,96,24,0.8875146081991663,0.11397756233879745,0.7325309979608019,0.7203074250718207,0.2240067614648657,0.10334118893638779,0.14865077207303556,0.05810302149327607,0.4426178443492608,1.3324113720490718,-0.09126695898522384,0.31922208366281873,0.4372977335423248,1.027764262379279,0.6049098091105076,0.8357050410331337,True
160,Oak,71,18,0.26213794169459764,-0.11492617437462188,1.1067316084335672,1.032829781443496,0.04884420248263095,0.05440739085253017,0.09588121176066804,0.04449819014916365,0.16464450549356313,0.35963137789563215,-0.22352378103699158,-0.006328567712252181,0.9153519087652053,1.298111308101929,0.9440110221667591,1.1216485407202328,True
160,Pine,366,91,0.4273563167489145,-0.4594114172534978,1.5542429317253317,0.6987351408409008,0.04996291800316554,0.060645562809601705,0.0815881308341212,0.03612571749853148,0.3291022993094431,0.5256103341883859,-0.5786732703250825,-0.34014956418191317,1.3937967057999021,1.7146891576507612,0.627692515250273,0.7697777664315286,True
160,Spruce,6,1,3.8231009950163837,0.4887376309336269,0.11738101399145491,0.5503304410851222,13.057942194079786,1.4998734556283126,1.1222430323045731,1.3162913359002788,-52.360689630555434,60.0068916205882,-5.964696987124318,6.942172248991572,-4.711241032336292,4.946003060319202,-5.113214068401594,6.213874950571838,True
161,Alder,92,23,0.26906517252660245,0.04713509715809436,0.8660755379813652,1.0209656737533335,0.05209835911664698,0.07231844533996189,0.12339164823928236,0.03864655130168429,0.16553063147975539,0.3725997135734495,-0.09658261630635878,0.1908528106225475,0.6208605660306266,1.1112905099321038,0.9441637740408184,1.0977675734658485,True
161,Aspen,53,13,0.28217388797647663,-0.012095812518089617,0.8690085021764128,1.0494798837687405,0.15069374068976443,0.23772424771383482,0.35977013190022417,0.11216264097643124,-0.020656521704048858,0.5850042976570021,-0.4898205739889893,0.4656289489528101,0.14602335405100197,1.5919936503018235,0.8240806179314869,1.2748791496059941,True
161,Birch,96,24,1.1122799356139321,0.17866951717343685,0.5674308906282911,0.7460286757863479,0.2565687337024674,0.0922688692392847,0.13094404750141717,0.0592689500576999,0.6027122842499834,1.6218475869778808,-0.004584421503259523,0.3619234558501332,0.30736470959952766,0.8274970716570546,0.6283154250566902,0.8637419265160056,True
161,Oak,71,18,0.24521050455763088,-0.09910187579964967,1.096032689667313,1.0437394282771442,0.053607667223873764,0.06169149932128601,0.11171800969590415,0.05548062446058391,0.1382091529389708,0.35221185617629097,-0.22223862381728243,0.02403487221798309,0.8730426090192092,1.3190227703154167,0.9329996383672785,1.1544792181870098,True
161,Pine,366,91,0.4463618118535822,-0.5127377786859084,1.6439477337431985,0.6562362137715327,0.05257874130509813,0.05875575322844659,0.07873656820536452,0.034380830579341576,0.3429636763641928,0.5497599473429716,-0.6282832478678986,-0.39719230950391826,1.4891092164035213,1.7987862510828756,0.5886249760309326,0.7238474515121329,True
161,Spruce,6,1,1.625703735599716,0.049865253636595434,0.42454181778798306,0.9070462615226357,1.180851224640871,0.242454077421248,0.17266774498738457,0.339478618180607,-3.4550890094663593,6.706496480665791,-0.9933304444058969,1.0930609516790877,-0.3183875265124645,1.1674711620884306,-0.5536123416656272,2.3677048647108987,True
162,Alder,92,23,0.22198640933443647,-0.12773150411563441,1.0765626735376541,1.0410265834849854,0.04946358155064136,0.07790233233709594,0.13361600367238816,0.04913544192204201,0.1236879350405969,0.32028488362827606,-0.28254601961585457,0.02708301138458577,0.8110289436602729,1.3420964034150353,0.9433802177493108,1.13867294922066,True
162,Aspen,53,13,0.3955612828724843,0.026349833397812907,0.7256854905331219,1.0369461799111164,0.19043996383161954,0.21829554629107997,0.3418259943939507,0.0784599962992206,0.012857847396673672,0.7782647183482949,-0.41233149080434106,0.4650311575999668,0.038760436791960284,1.4126105442742836,0.8792749142429509,1.194617445579282,True
162,Birch,96,24,0.5796936303380829,-0.11379868454587595,1.0471079446609324,0.770690964123309,0.1641222364393953,0.1178802200733276,0.17069694937646682,0.058881356958004206,0.2537327022383817,0.905654558437784,-0.34791897667269983,0.12032160758094794,0.7080890691590319,1.3861268201628327,0.6537475067455016,0.8876344215011163,True
162,Oak,71,18,0.284051316571587,-0.022296178752921527,0.9995406178139776,1.0141080882505205,0.06690978730402175,0.08715559456297604,0.13705878010234243,0.059078966432911134,0.15049882214670388,0.41760381099647015,-0.1962594736006634,0.15166711609482034,0.725970147737186,1.2731110878907692,0.8961859777032498,1.1320301987977912,True
162,Pine,366,91,0.45232580079729034,-0.4209814411848358,1.4839292449346808,0.7072267563425784,0.05417623432751559,0.05951163959199764,0.07906471547371588,0.0348744649466079,0.34578613327660335,0.5588654683179773,-0.5380133902385961,-0.3039494921310756,1.3284454132555716,1.63941307661379,0.6386447674595602,0.7758087452255965,True
162,Spruce,6,1,0.5247190316999343,-0.1482938527284505,0.4282789268562009,1.4210034961530587,0.7128407466773646,0.35002015090185445,0.1749954325604035,0.6476992394256738,-2.5423871528300643,3.591825216229933,-1.65430901045497,1.357721304998069,-0.3246656487341764,1.1812235024465783,-1.3658214043839314,4.207828396690049,True
163,Alder,92,23,0.22094265957444048,-0.05791901921519088,1.01155134027499,1.040270938632825,0.05108210987633185,0.07490448173297884,0.13153859008837618,0.043638464470086596,0.11942770034301405,0.32245761880586693,-0.20677593659357116,0.0909378981631894,0.7501460333581784,1.2729566471918017,0.9535486604746268,1.1269932167910233,True
163,Aspen,53,13,0.2729410675793811,0.014697162029233022,0.8074401638714084,1.097014995970234,0.13775711765627435,0.2283759996652924,0.3610178129995511,0.07326741514416985,-0.0038922248009670146,0.5497743599597291,-0.4442415916527741,0.4736359157112402,0.08194770670495599,1.5329326210378609,0.9497786128080424,1.2442513791324257,True
163,Birch,96,24,0.7882458704534672,0.034667443646903336,0.8262234192533202,0.7430813577881165,0.19571783453919622,0.0966058146396191,0.1392736046520675,0.05830140627015371,0.3995333572918643,1.17695838361507,-0.15720004294676135,0.226534930240568,0.5496140187413877,1.1028328197652528,0.6272897325359553,0.8588729830402776,True
163,Oak,71,18,0.2509541347185303,-0.0936057810367702,1.0907061292679987,1.0372398317042264,0.05062721080215992,0.05666769758283869,0.10183672952678632,0.04714255706154894,0.14990179901641937,0.3520064704206412,-0.2067149788154953,0.01950341674195491,0.8874391663859187,1.2939730921500787,0.9431428939792605,1.1313367694291923,True
163,Pine,366,91,0.4304921844951841,-0.47247432098835374,1.5338465603256126,0.7238433352067191,0.04963721573223897,0.05955605534016957,0.07985042834783063,0.03456973351029512,0.33287867321281245,0.5281056957775558,-0.5895936153347807,-0.35535502664192675,1.376817593784068,1.6908755268671571,0.6558606125206019,0.7918260578928362,True
163,Spruce,6,1,4.705933955981596,0.12289480397194721,1.2079429935114205,-0.1888441030521675,6.094381185102486,0.24024654317214308,0.8344436968462889,1.129697831831162,-21.51607188590842,30.927939797871613,-0.9108026408077362,1.1565922487516307,-2.3823784565020043,4.798264443524846,-5.049541562912329,4.671853356807994,True
164,Alder,92,23,0.22897798668429736,-0.0929518217439908,1.0764269214603968,1.0068799992174202,0.0480070978473298,0.07192331493284189,0.12715933478869185,0.04156654421763303,0.13357396769234062,0.3243820056762541,-0.23588429655508775,0.04998065306710614,0.823724464216156,1.3291293787046374,0.9242752271776615,1.089484771257179,True
164,Aspen,53,13,0.28136170300796803,-0.11471416267954991,0.9412623172024179,1.0690657450046441,0.12693696717330322,0.20047346907425725,0.31748445561268107,0.07253054429296821,0.026272317100210718,0.5364510889157253,-0.5175806818325717,0.28815235647347187,0.30325341702971675,1.579271217375119,0.9233101592579898,1.2148213307512985,True
164,Birch,96,24,0.6775152034029628,-0.09004572762090224,1.041666984806168,0.7067095970017,0.1787414680688095,0.10533035691483837,0.15784280157791974,0.05716992444553883,0.32251921939974293,1.0325111874061825,-0.2992409082490416,0.11914945300723709,0.7281775563630293,1.3551564132493066,0.5931651923192854,0.8202540016841146,True
164,Oak,71,18,0.30089061232131126,-0.10690151050577607,1.0576608381726957,1.031439819106716,0.05574390113138992,0.054947122420098346,0.09771993421720775,0.04983783489903035,0.1896253199770968,0.4121559046655257,-0.216576425885943,0.0027734048743908862,0.8626110331203467,1.2527106432250448,0.9319630843017179,1.130916553911714,True
164,Pine,366,91,0.42184167346766543,-0.4855502734202921,1.5811991242299828,0.7022606286310059,0.0476927022698033,0.057210601622541296,0.07743032368376813,0.03384795620675006,0.3280521233806214,0.5156312235547095,-0.5980571419980576,-0.37304340484252657,1.4289293874406532,1.7334688610193123,0.6356973090262988,0.768823948235713,True
164,Spruce,6,1,1.3357045592739212,0.10250233263305131,0.3970170598943896,0.9411255805007543,1.0543582680943206,0.24479046169762342,0.17748645566834512,0.35962243207376476,-3.2008329210198045,5.872242039567647,-0.9507460155938069,1.1557506808599096,-0.36664552307110876,1.160679642859888,-0.606204858521395,2.4884560195229035,True
165,Alder,92,23,0.23789782425705366,-0.02230919940679908,0.9142736719604905,1.0690145028204994,0.051569983423298216,0.07621291854090753,0.13099622204846695,0.044354152784017095,0.13541331887042174,0.3403823296436856,-0.1737663599923481,0.12914796117874996,0.6539462075523987,1.1746011363685822,0.980869944529649,1.1571590611113498,True
165,Aspen,53,13,0.2874167196465977,-0.037668816435777526,0.8198453287822414,1.104581091943099,0.14198992109261063,0.2309354628100504,0.36267733937057645,0.0856124459034705,0.0020772902969526386,0.5727561489962427,-0.5017510038738353,0.4264133710022802,0.09101792851521351,1.5486727290492692,0.932536440665418,1.27662574322078,True
165,Birch,96,24,0.8473684751414313,0.08234309308936807,0.750798506368864,0.7505269687391427,0.2095582970003442,0.10326132496657554,0.14299024049668282,0.05750808543102713,0.4311676088654667,1.263569341417396,-0.1227428114969917,0.2874289976757278,0.4668075462608509,1.034789466476877,0.636310947150523,0.8647429903277624,True
165,Oak,71,18,0.2538530338869652,-0.07983425396975276,1.073706973983914,1.0357632889002018,0.05164821485927172,0.05845341748485865,0.10394549723813021,0.04759002848573749,0.1507627655573654,0.35694330221656495,-0.19650776359085892,0.03683925565135342,0.8662308931332927,1.2811830548345353,0.9407731944743679,1.1307533833260357,True
165,Pine,366,91,0.3935493471465788,-0.46398152816919447,1.5574934202649828,0.7236079852916883,0.04583876817888057,0.057452773903806924,0.07714141767644375,0.03571397151057899,0.30340563040516944,0.48369306388798816,-0.576964637937383,-0.35099841840100604,1.405791828352224,1.7091950121777417,0.6533750741672643,0.7938408964161124,True
165,Spruce,6,1,0.5247190316999273,-0.14829385272845383,0.42827892685620167,1.421003496153065,0.7128407466723766,0.35002015089961963,0.17499543256022745,0.647699239421175,-2.54238715280861,3.5918252162084645,-1.6543090104453577,1.35772130498845,-0.32466564873341813,1.1812235024458215,-1.3658214043645684,4.207828396670699,True
166,Alder,92,23,0.23493913509749179,-0.06355000657483004,1.0379213145642996,1.0042475808797122,0.05290434556682511,0.07570611546613933,0.13720460777516677,0.04525103151081169,0.12980286534701446,0.3400754048479691,-0.21400000254642693,0.08689998939676685,0.7652559881245748,1.3105866410040243,0.9143206645851203,1.0941744971743042,True
166,Aspen,53,13,0.472186464611485,0.2660691542224644,0.37711535256209566,1.092144009647989,0.2701231702563808,0.27599423950587604,0.43313298927265725,0.07659373443174704,-0.07064636931058338,1.0150192985335533,-0.28856203507886063,0.8207003435237894,-0.49329797706400097,1.2475286821881924,0.938223137614697,1.2460648816812812,True
166,Birch,96,24,0.9157777053787413,0.08932096363501509,0.7502428050446285,0.7185035464254044,0.23557195056875413,0.1046726128511301,0.1484839971337729,0.06106833636608332,0.4479114776966507,1.3836439330608319,-0.1185678805081374,0.2972098077781676,0.45534077005103135,1.0451448400382257,0.5972165591697572,0.8397905336810515,True
166,Oak,71,18,0.2749755082652279,-0.09634655076046603,1.0893316807760265,1.015693958800978,0.05995034203896556,0.06747123008839105,0.12763270523246414,0.05121172310662525,0.1553141247287787,0.39463689180167705,-0.23101968967325748,0.038326588152325425,0.8345757348851799,1.344087626666873,0.9134749316561236,1.117912985945832,True
166,Pine,366,91,0.47799664790390883,-0.4349487409951992,1.5170828934854261,0.6748474457921081,0.05306523404345044,0.05867993859460507,0.07882475864635434,0.03334449518609725,0.3736418055625454,0.5823514902452722,-0.5503451177571839,-0.3195523642332146,1.3620709462206502,1.672094840750202,0.6092742018251005,0.7404206897591157,True
166,Spruce,6,1,1.3357045592739354,0.10250233263305396,0.39701705989438896,0.9411255805007495,1.0543582680948207,0.24479046169766908,0.1774864556683498,0.3596224320739209,-3.2008329210219415,5.872242039569812,-0.9507460155940007,1.1557506808601086,-0.36664552307112963,1.1606796428599075,-0.6062048585220718,2.4884560195235705,True
167,Alder,92,23,0.17330645040895948,-0.1922744224621263,1.2952067338302342,0.9812911297315413,0.035127085175813165,0.07138385738102579,0.12640175126739267,0.04090257271510169,0.10349875005800477,0.2431141507599142,-0.3341348387479925,-0.05041400617626013,1.0440098146396344,1.546403653020834,0.9000058615292998,1.0625763979337828,True
167,Aspen,53,13,0.45109114536358447,0.12522335080594005,0.5519439983681178,1.0680934579915096,0.21283785470529307,0.21131721195198666,0.33045386463675447,0.07140372980349607,0.023377463024116474,0.8788048277030525,-0.29943448551196333,0.5498811871238434,-0.11212790501956171,1.2160159017557972,0.9246022907397368,1.2115846252432823,True
167,Birch,96,24,0.6185018513679071,-0.08299140588876425,0.931868557016952,0.834057552829552,0.1455034580851303,0.098187115924784,0.14774947554441056,0.05672595129092,0.3295194241959576,0.9074842785398567,-0.27799949332787216,0.11201668155034367,0.6384253453014925,1.2253117687324115,0.7213949171546195,0.9467201885044845,True
167,Oak,71,18,0.2632958280787885,-0.11371532638414146,1.1064867439077002,1.0304709948875839,0.047019962188854104,0.05278283743938175,0.09490392057907535,0.04751865586251001,0.16944359074388216,0.3571480654136948,-0.2190703108623066,-0.008360341905976315,0.9170577256021126,1.2959157622132877,0.9356233608139608,1.125318628961207,True
167,Pine,366,91,0.44864894367883357,-0.4738301039795457,1.5835881226589643,0.670587561715273,0.05086486339166456,0.0581359878132232,0.07769385069514718,0.033897825930095375,0.34862121562611464,0.5486766717315525,-0.5881567804178478,-0.3595034275412436,1.4308001497736131,1.7363760955443155,0.6039261713640383,0.7372489520665078,True
167,Spruce,6,1,3.823100995016452,0.48873763093363587,0.11738101399144693,0.5503304410851163,13.057942192936506,1.4998734555018172,1.1222430322157555,1.3162913357845512,-52.36068962563623,60.00689161566914,-5.9646969865800425,6.942172248447314,-4.711241031954149,4.946003059937043,-5.113214067903663,6.213874950073897,True
168,Alder,92,23,0.2311976202789275,-0.08313106585091391,1.0452164734622487,1.015300488261912,0.05026023941621068,0.07910313173812104,0.1418307067708185,0.04581911153303716,0.131315955883104,0.331079284674751,-0.24033191783048663,0.07406978612865882,0.7633577473747597,1.3270751995497376,0.9242446322967385,1.1063563442270858,True
168,Aspen,53,13,0.3230404633969328,-0.03677651367418965,0.862555091125037,1.0385029802321253,0.1654344623278751,0.22933024821932163,0.34104234135007255,0.10067556754290785,-0.009412535464955019,0.6554934622588207,-0.4976329016204403,0.424079874272061,0.1772048471353539,1.54790533511472,0.8361878527139655,1.2408181077502851,True
168,Birch,96,24,0.7814904882839552,0.031490163412892395,0.8199784696987794,0.7508684879760915,0.18557837932734592,0.09363549513780235,0.13446841035331877,0.05638119105030383,0.412915808379947,1.1500651681879632,-0.15447801226124092,0.21745833908702572,0.5529125998338833,1.0870443395636755,0.6388905758976756,0.8628464000545074,True
168,Oak,71,18,0.25610470357725756,-0.1118003802356108,1.0928784116968548,1.0493505662380551,0.041946511374511455,0.04862510168429192,0.08600442213162977,0.041147246665095456,0.1723791164515156,0.3398302907029995,-0.20885648941278695,-0.014744271058434635,0.9212128666390038,1.2645439567547059,0.967220318149385,1.1314808143267252,True
168,Pine,366,91,0.42236362490890705,-0.45320892434437193,1.5478536687324773,0.7029007296747322,0.04921387034359382,0.060316323523185736,0.0796679950075574,0.03497651160561828,0.32558263876440313,0.5191446110534109,-0.5718233155806166,-0.3345945331081273,1.391183464435276,1.7045238730296786,0.6341180620760831,0.7716833972733812,True
168,Spruce,6,1,2.072070429411429,0.21010171517462767,0.38023606704226864,0.7289473018853558,1.423271762903537,0.22680209952699817,0.15456612740641218,0.32694263895221476,-4.051773706344914,8.195914565167772,-0.765748957456027,1.1859523878052824,-0.2848083029614924,1.0452804370460296,-0.6777733360564511,2.1356679398271625,True
169,Alder,92,23,0.31133274879242595,0.022179303507936763,0.8823654232321672,0.9824052480759502,0.06342784025486513,0.0698666060305452,0.12187641770142549,0.038891650879559196,0.18528324470580204,0.43738225287904986,-0.11666589454671794,0.16102450156259146,0.6401616535721942,1.1245691928921402,0.90511626445645,1.0596942316954503,True
169,Aspen,53,13,0.33612999571232094,0.08321149636936083,0.6558803714843048,1.1013533788814345,0.18153554695275484,0.24888724541132723,0.39332740657521553,0.07995373208480948,-0.028679344102647608,0.7009393355272895,-0.4169461488465504,0.5833691415852721,-0.1345406448535128,1.4463013878221225,0.9406803387677358,1.2620264189951331,True
169,Birch,96,24,0.492044412280372,-0.12544880163004554,1.121454487016467,0.7693131401057882,0.12432322081451139,0.10027276842059314,0.14600983995332042,0.05592155562698084,0.245127764541377,0.738961060019367,-0.32459917495299495,0.07370157169290387,0.831466341744953,1.4114426322879812,0.6582481036524201,0.8803781765591563,True
169,Oak,71,18,0.28726310864981836,-0.09735985766270021,1.0566989868228764,1.0334917310145633,0.056536821224935654,0.05954824480804345,0.10560470323051784,0.04930481469882186,0.1744151411748121,0.4001110761248246,-0.21621865176709842,0.021498936441697994,0.8459111169504007,1.2674868566953523,0.9350789089820456,1.1319045530470808,True
169,Pine,366,91,0.43017690919413876,-0.4213814547278524,1.4958496531096346,0.7119006726749725,0.05200371306475936,0.06508386316439091,0.08562364127203205,0.03686188994791642,0.32790958905766476,0.5324442293306128,-0.5493713977087062,-0.29339151174699857,1.3274674392797647,1.6642318669395044,0.6394103353899288,0.7843910099600162,True
169,Spruce,6,1,1.6257037355997226,0.04986525363659661,0.4245418177879824,0.9070462615226339,1.1808512246467364,0.24245407742219874,0.17266774498755388,0.33947861818225944,-3.4550890094915903,6.706496480691035,-0.9933304444099864,1.0930609516831797,-0.3183875265131937,1.1674711620891585,-0.5536123416727389,2.367704864718007,True
170,Alder,92,23,0.24676941363559157,-0.12248788980798896,1.0843840008687173,0.9972848648620669,0.0574696603867941,0.07996524443764726,0.13915925658188613,0.04685266907932757,0.13256054001362633,0.3609782872575568,-0.28140200961767237,0.03642623000169444,0.8078342206660949,1.3609337810713398,0.9041750304604306,1.0903946992637032,True
170,Aspen,53,13,0.32432399795440137,-0.055034863403054336,0.858285302237131,1.0562085034968178,0.15710949839098654,0.21873843700150564,0.3411360797903178,0.07942759311736107,0.008600640470078691,0.640047355438724,-0.4946062098096343,0.3845364830035256,0.1727466837991638,1.543823920675098,0.8965927792233922,1.2158242277702436,True
170,Birch,96,24,0.8143559047773558,0.0967860716555652,0.7582534620176251,0.7401567370216978,0.19528948551662378,0.09472297539917364,0.13501769031579477,0.0595856620460059,0.42649412974836337,1.2022176798063482,-0.09134193368563208,0.28491407699676247,0.49009667473508,1.02641024930017,0.6218144689456513,0.8584990050977443,True
170,Oak,71,18,0.2977884454777582,-0.09032977309018804,1.0490479104570352,1.026161926768272,0.04627436418768995,0.046348740587306834,0.08322378268858519,0.037626471423712705,0.20542442798192007,0.3901524629735963,-0.18284224650100378,0.0021827003206277146,0.8829325449570333,1.215163275957037,0.9510591754740474,1.1012646780624966,True
170,Pine,366,91,0.43862873300249333,-0.5136345930565652,1.6208414413945595,0.6798839766424563,0.04990129087301683,0.058930590650517034,0.07915591152051737,0.03383287578940493,0.340495907706363,0.5367615582986237,-0.6295238868149361,-0.39774529929819435,1.4651782691498678,1.7765046136392513,0.6133503132637672,0.7464176400211453,True
170,Spruce,6,1,1.6257037355997306,0.04986525363659779,0.42454181778798233,0.9070462615226315,1.1808512246451623,0.24245407742201394,0.17266774498761137,0.3394786181817138,-3.455089009484809,6.706496480684271,-0.9933304444091902,1.0930609516823857,-0.318387526513441,1.1674711620894056,-0.5536123416703939,2.3677048647156567,True
171,Alder,92,23,0.22526488721940055,-0.11430680016666839,1.1016217051154944,1.0031006301321317,0.05281261534470148,0.08449612507359765,0.14669899813036397,0.0505799050237039,0.12031091200964822,0.3302188624291529,-0.2822250931429358,0.05361149280959904,0.8100882729501355,1.3931551372808533,0.9025836975144018,1.1036175627498617,True
171,Aspen,53,13,0.28446670529299783,-0.0430977698814547,0.8232048042057676,1.112613199261863,0.1658631320001733,0.2658079832606558,0.38965318378884817,0.11662797307595804,-0.0488477375272488,0.6177811481132445,-0.5772589108733321,0.4910633711104227,0.04016741499512977,1.6062421934164055,0.8782405126118421,1.346985885911884,True
171,Birch,96,24,0.9587649584037725,0.1336792796952898,0.6108431635884533,0.7967025065735499,0.21450557848072271,0.08908398039594076,0.1289041807181822,0.0585454351637114,0.5327383640735224,1.3847915527340227,-0.04324919482863085,0.3106077542192105,0.3548283340662759,0.8668579931106306,0.6804262188749531,0.9129787942721467,True
171,Oak,71,18,0.27917055015321207,-0.09114867445980789,1.0507730835005593,1.0423567185003038,0.04981782298403016,0.05360560761731541,0.09566745129301413,0.04571384260935198,0.17973375929773444,0.3786073410086897,-0.19814591508657148,0.01584856616695572,0.859820051511395,1.2417261154897237,0.9511115067574396,1.133601930243168,True
171,Pine,366,91,0.44521773112372526,-0.4711690434239096,1.5639073545321502,0.6879978275136672,0.050483367752629474,0.060660764754897595,0.08157550492141692,0.03412455990672026,0.3459402290519721,0.5444952331954784,-0.5904607917109442,-0.3518772951368749,1.4034859579540968,1.7243287511102037,0.6208905559972848,0.7551050990300496,True
171,Spruce,6,1,3.8231009950167345,0.4887376309336678,0.11738101399142425,0.5503304410850874,13.057942194230744,1.499873455646066,1.1222430323181287,1.3162913359146415,-52.3606896312046,60.006891621238076,-5.964696987200663,6.9421722490679985,-4.711241032394648,4.946003060377496,-5.113214068463426,6.213874950633601,True
172,Alder,92,23,0.22500968063400054,-0.07683990071860082,1.043709579836248,1.0249988440479008,0.0512442740934159,0.07381105165253916,0.12876301607794893,0.043415213605266574,0.12317245409752468,0.3268469071704764,-0.2235238555802218,0.06984405414302015,0.7878201430194471,1.2995990166530487,0.9387202300706742,1.1112774580251272,True
172,Aspen,53,13,0.2223942330191086,-0.10568758431230627,0.96012909316197,1.1170621741125797,0.10498672163937664,0.21172804577479307,0.33615406081715354,0.07624269968518325,0.011415516985236795,0.4333729490529804,-0.5311710221070965,0.31979585348248407,0.2846022166833818,1.6356559696405584,0.9638467328133542,1.2702776154118052,True
172,Birch,96,24,1.1066640528834728,0.19698350634726863,0.6500960069082811,0.6535033697786313,0.2707442899883143,0.10035541450400086,0.14201209483989932,0.05870813811130519,0.568942523145033,1.6443855826219127,-0.0023310092310864505,0.3962980219256237,0.36804772850519085,0.9321442853113713,0.536903939982091,0.7701027995751717,True
172,Oak,71,18,0.2839403346677785,-0.10744818897478292,1.125996101287512,0.9843066373611394,0.05877006465852622,0.060759829169003736,0.11024111644485554,0.05471338143952087,0.16663479464275335,0.4012458746928037,-0.22872531558526427,0.01382893763569841,0.9059539119065048,1.346038290668519,0.8750982709308832,1.0935150037913957,True
172,Pine,366,91,0.4393830742743911,-0.41812682899379916,1.509572208438985,0.6917638656714151,0.05038713283688666,0.059464545110181996,0.08089925217365132,0.03411463953221582,0.3402948218995648,0.5384713266492175,-0.535066164921214,-0.3011874930663844,1.3504806891364791,1.668663727741491,0.6246761029565304,0.7588516283862998,True
172,Spruce,6,1,1.3357045592739432,0.10250233263305562,0.39701705989438885,0.9411255805007465,1.0543582680980779,0.24479046169815666,0.17748645566839152,0.35962243207500044,-3.200832921035948,5.872242039583835,-0.950746015596097,1.1557506808622082,-0.36664552307130927,1.160679642860087,-0.6062048585267196,2.4884560195282126,True
173,Alder,92,23,0.2491954627067272,-0.08765808952062679,1.0674463737944129,0.9810779687209619,0.05164860761785751,0.07002518333268226,0.1253798528944625,0.04253815374236704,0.14655470825511707,0.35183621715833735,-0.22681842664061075,0.051502247599357176,0.8182802628832246,1.316612484705601,0.8965423269201258,1.065613610521798,True
173,Aspen,53,13,0.35078172253788753,0.011455111862807956,0.7690731450416458,1.0523702060379434,0.1815001441256719,0.23669378503522556,0.3647016487890194,0.08656198945447238,-0.013956472632450756,0.7155199177082259,-0.4641988573263727,0.48710908105198863,0.03617774269502749,1.5019685473882642,0.8784173755535933,1.2263230365222935,True
173,Birch,96,24,0.66608929325612,-0.1187758406413006,0.9614089211869828,0.8105202321644909,0.13943943938328515,0.08760366207639896,0.13177200223463592,0.04969096268791513,0.3891505306536408,0.9430280558585992,-0.2927642752060472,0.05521259392344598,0.6996983505915186,1.223119491782447,0.7118296910938935,0.9092107732350883,True
173,Oak,71,18,0.27896769691946965,-0.09501787209063725,1.0434738577326081,1.053468215901922,0.055775528016228204,0.05850424264820799,0.10491690117526555,0.05501336775175886,0.1676392770489062,0.3902961167900331,-0.21179282916238343,0.021757084981108926,0.8340588465083317,1.2528888689568847,0.9436610742863455,1.1632753575174986,True
173,Pine,366,91,0.44781903022086833,-0.4227701609586447,1.48060938725629,0.7155657914246254,0.04806039236407591,0.05362664621892316,0.07256708348762037,0.03264099301796252,0.3533064032924618,0.5423316571492749,-0.5282290421328908,-0.3173112797843986,1.337903401067243,1.623315373445337,0.6513760117759396,0.7797555710733112,True
173,Spruce,6,1,1.9813560727247046,0.12514672044812863,0.3961319862035011,0.8072516683329555,1.65523231425864,0.2570579632402305,0.18591826286184635,0.37960210155917096,-5.140533762501495,9.103245907950905,-0.9808844267775796,1.231177867673837,-0.4038097349993869,1.1960737074063892,-0.8260443501390035,2.4405476868049143,True
174,Alder,92,23,0.1884817576851497,-0.23366630409953937,1.3226632557228417,0.9655415446662033,0.0372121220516585,0.07343099525844107,0.12720452118691405,0.0415497316926797,0.1145304846830283,0.2624330306872711,-0.37959497674110493,-0.08773763145797381,1.0698710000073857,1.5754555114382978,0.8829701839868865,1.04811290534552,True
174,Aspen,53,13,0.23066913501557085,-0.13711729901512568,0.9666149067417242,1.129351740414314,0.1370250325923649,0.2540548851337948,0.37406756827278076,0.11753858811992363,-0.04469297734887262,0.5060312473800144,-0.6476597050517132,0.3734251070214618,0.2148979845275928,1.7183318289558556,0.8931491043213825,1.3655543765072455,True
174,Birch,96,24,0.881389082122238,0.04451208154136154,0.8353013290417862,0.6864470690228849,0.2202139043746564,0.09944274906671981,0.14373818682512532,0.05894215999122756,0.44402525984134833,1.3187529044031276,-0.1529898017000554,0.2420139647827785,0.5498248829650396,1.1207777751185328,0.5693828515727635,0.8035112864730063,True
174,Oak,71,18,0.23529680223293648,-0.10391271602867075,1.1071901454879078,1.0501107038006303,0.05091559148022745,0.06373294658546812,0.11429116517860541,0.052678321136939946,0.1336688562882633,0.33692474817760965,-0.23112420983991308,0.023298777782571584,0.8790640250001264,1.3353162659756892,0.9449643347352709,1.1552570728659899,True
174,Pine,366,91,0.4373020985608977,-0.4726130454609465,1.5801732673412532,0.6796426438890283,0.04856581111225606,0.05432484552849691,0.07307750685677625,0.03270220413714159,0.34179554604762474,0.5328086510741706,-0.5794449626763369,-0.36578112824555603,1.4364635137859492,1.7238830208965572,0.6153324901987197,0.7439527975793369,True
174,Spruce,6,1,2.072070429411412,0.21010171517462442,0.3802360670422708,0.7289473018853592,1.4232717629109943,0.22680209952794142,0.15456612740653497,0.3269426389539148,-4.051773706377018,8.19591456519984,-0.7657489574600888,1.1859523878093376,-0.2848083029620185,1.04528043704656,-0.6777733360637626,2.135667939834481,True
175,Alder,92,23,0.21141716872193536,-0.18460504523373408,1.1981828195021367,0.998473866812139,0.04991687829160665,0.0840906668425723,0.14691477356172805,0.049313722234611106,0.11221786240901446,0.31061647503485623,-0.3517175751768724,-0.017492515290595728,0.9062205790089484,1.490145059995325,0.9004732064181968,1.0964745272060812,True
175,Aspen,53,13,0.30803263474507636,-0.012823408785310653,0.8304635630384092,1.0551172041949728,0.14058952467865624,0.21245279009871987,0.3338116358301349,0.07798033761956938,0.025507407351078648,0.5905578621390741,-0.4397632748267142,0.4141164572560929,0.15964396580856643,1.501283160268252,0.8984098487317085,1.211824559658237,True
175,Birch,96,24,1.165227265277621,0.19483340015475664,0.641590371412457,0.6436846380334442,0.2963234832147106,0.10537610828349309,0.1465676410570241,0.061401501279662554,0.5767032498735865,1.7537512806816555,-0.014452646640649602,0.4041194469501629,0.35049438500129676,0.9326863578236173,0.5217359565016492,0.7656333195652393,True
175,Oak,71,18,0.25802601079727516,-0.09958745529064576,1.0929946715584578,1.0322447059849986,0.05575869478325523,0.06263863347300143,0.11152882517856948,0.052075596197725185,0.14673119020035102,0.3693208313941993,-0.22461469098748515,0.025439780406193643,0.8703822047874062,1.3156071383295092,0.9283013809334912,1.136188031036506,True
175,Pine,366,91,0.45364031989185594,-0.46748567097943944,1.570876668792477,0.6730405686570657,0.051189644328349604,0.05525697236100266,0.07431658008046173,0.03459802779053653,0.3529738975215826,0.5543067422621293,-0.5761506517891343,-0.35882069016974455,1.4247302296512538,1.7170231079337,0.6050022041706818,0.7410789331434496,True
175,Spruce,6,1,2.0720704294114225,0.21010171517462653,0.3802360670422692,0.7289473018853573,1.4232717629088734,0.22680209952753788,0.15456612740645437,0.3269426389534118,-4.051773706367882,8.195914565190726,-0.7657489574583504,1.1859523878076035,-0.28480830296167337,1.0452804370462117,-0.6777733360616002,2.135667939832315,True
176,Alder,92,23,0.19949043944952738,-0.19467076037218978,1.2159586964262992,1.0073095879256435,0.04505146597942704,0.08073123848165764,0.14334275190813678,0.04992514615195211,0.10996011771282581,0.28902076118622894,-0.35510713238205605,-0.03423438836232351,0.9310950983622502,1.500822294490348,0.9080938509776543,1.1065253248736329,True
176,Aspen,53,13,0.27770103195817325,-0.0521118620450665,0.8475639642480511,1.1010266802492559,0.12758592543717912,0.20324596163723319,0.31900218477499326,0.07249103874965475,0.02130751559340055,0.534094548322946,-0.46054991359776976,0.3563261895076367,0.2065050731340985,1.4886228553620038,0.9553504838641735,1.2467028766343382,True
176,Birch,96,24,0.9238124416008794,0.109736534271378,0.7175812160359918,0.726878816211232,0.244216337363607,0.1037435115046852,0.14936131239307673,0.06181762137129273,0.4387777155870985,1.4088471676146603,-0.09630703440053942,0.3157801029432954,0.4209367572102388,1.0142256748617449,0.6041036842592418,0.8496539481632222,True
176,Oak,71,18,0.2984715399263343,-0.09347195319337251,1.0476745114393398,1.029743819735769,0.053869704146187976,0.052455052535735645,0.09410722955416764,0.04474528815316524,0.19094716042167198,0.4059959194309966,-0.19817267626553664,0.011228769878791636,0.8598356950750449,1.2355133278036345,0.940431850778782,1.119055788692756,True
176,Pine,366,91,0.4762426381455429,-0.48593634509007844,1.5790936285011024,0.6688402814501714,0.056480027835946064,0.06258272765196929,0.08330111766911248,0.036416991734480667,0.3651724712745192,0.5873128050165666,-0.6090077080104085,-0.3628649821697484,1.415278747479344,1.7429085095228607,0.5972248537694653,0.7404557091308774,True
176,Spruce,6,1,1.981356072724711,0.12514672044812905,0.3961319862035006,0.8072516683329547,1.6552323142565535,0.25705796323974944,0.1859182628616767,0.3796021015587436,-5.140533762492511,9.103245907941933,-0.9808844267755094,1.2311778676717675,-0.4038097349986575,1.1960737074056587,-0.8260443501371655,2.440547686803075,True
177,Alder,92,23,0.2503119072425425,-0.13036521479323432,1.0878659636092187,0.9985055568691791,0.05538611131989,0.07848504141760243,0.13988656699291693,0.04687438697479097,0.14024364956411423,0.36038016492097075,-0.28633774214329016,0.025607312556821527,0.8098708067981686,1.3658611204202689,0.9053525627140029,1.0916585510243553,True
177,Aspen,53,13,0.29976684442813273,0.0976719775808767,0.6963351925579752,1.0914596779577594,0.1457189464219212,0.220121576877763,0.3492060599369115,0.07454897230383792,0.006933658118077446,0.592600030738188,-0.34467889247051603,0.5400228476322695,-0.005420658146711221,1.3980910432626614,0.9416479092625333,1.2412714466529857,True
177,Birch,96,24,0.7581618673019078,0.08788401459985967,0.7731686528086683,0.7612316439320954,0.1995582778556606,0.0972634544965858,0.14016907632514575,0.06049955804236947,0.3618219022184486,1.154501832385367,-0.10528960151520825,0.2810576307149276,0.49478076825961775,1.051556537357719,0.6410742995225547,0.8813889883416361,True
177,Oak,71,18,0.3059615641445434,-0.09186540830544282,1.0401144895991807,1.0280402581527404,0.05441255244384037,0.05237638533238085,0.09482462536818995,0.04940579492877139,0.1973536549027985,0.4145694733862883,-0.196409110982523,0.012678294371637353,0.8508437451969546,1.2293852340014069,0.929425878737652,1.1266546375678286,True
177,Pine,366,91,0.40364749064481215,-0.44843116614446576,1.5545808428147563,0.7035650612964214,0.04676569103644451,0.061299360691574656,0.08160558193943362,0.0343347201746241,0.3116809441278008,0.4956140371618235,-0.568978738126487,-0.32788359416244456,1.3941002986134086,1.715061387016104,0.6360445014563587,0.771085621136484,True
177,Spruce,6,1,2.072070429411468,0.21010171517463339,0.38023606704226703,0.7289473018853466,1.4232717629059568,0.22680209952724514,0.1545661274064869,0.3269426389526293,-4.051773706355288,8.195914565178223,-0.7657489574570839,1.1859523878063507,-0.2848083029618154,1.0452804370463495,-0.677773336058244,2.135667939828937,True
178,Alder,92,23,0.26442704231977154,-0.07767333039065019,1.0024655801356122,1.01041791806941,0.06349992426510744,0.07864078060376126,0.1408823923815825,0.04806562831380105,0.1382342864101767,0.3906197982293664,-0.23395535664691652,0.07860869586561614,0.7224914296225253,1.282439730648699,0.9148975820746511,1.105938254064169,True
178,Aspen,53,13,0.366205328860858,0.06455491864959262,0.6634612744615346,1.086783938752275,0.20446886324540314,0.2552195674097312,0.39518190857194135,0.08187595851963049,-0.044690235481069096,0.7771008932027851,-0.4483280040478399,0.5774378413470251,-0.13068650316610997,1.4576090520891791,0.9222480399950048,1.2513198375095453,True
178,Birch,96,24,0.8967357667983086,0.07770009407340454,0.7865530995650521,0.7004286781996009,0.22625425888762826,0.09779256889501022,0.1319147997647657,0.06307633199976712,0.4473752790696715,1.3460962545269457,-0.11652438890847593,0.271924577055285,0.5245589207489029,1.0485472783812013,0.5751536382913967,0.8257037181078051,True
178,Oak,71,18,0.3070633696408381,-0.005851304859732076,0.9711969670126017,1.0023208223449103,0.07393743355581296,0.09233259712464854,0.1428881719750777,0.05466293678731774,0.15948363458824516,0.454643104693431,-0.1901479400693826,0.17844533034991847,0.6859909820589434,1.25640295196626,0.8932131438618673,1.1114285008279532,True
178,Pine,366,91,0.4360205522624455,-0.49307380847060206,1.6200538888609304,0.66547405159505,0.04958557931421678,0.05956004313398578,0.07959054699773786,0.03397653660915443,0.33850858600025346,0.5335325185246376,-0.610200944968345,-0.3759466719728592,1.463535989080991,1.7765717886408698,0.5986578736384865,0.7322902295516135,True
178,Spruce,6,1,2.072070429411433,0.21010171517462792,0.3802360670422691,0.7289473018853546,1.4232717628984868,0.2268020995263201,0.154566127406351,0.326942638950954,-4.05177370632318,8.195914565146047,-0.7657489574531093,1.1859523878023652,-0.2848083029612287,1.045280437045767,-0.6777733360510277,2.135667939821737,True
179,Alder,92,23,0.1921557105876797,-0.10764010868466067,1.0955464350461726,1.0473172270829072,0.04256086891325076,0.07527943307304942,0.1338788837870116,0.043736337224983234,0.10757492715796849,0.27673649401739087,-0.2572421630609681,0.04196194569164674,0.8294902861813345,1.3616025839110106,0.9604004473908598,1.1342340067749546,True
179,Aspen,53,13,0.39309021797906407,0.08635820357018516,0.6795093522688502,1.038427710846683,0.21791692584829728,0.2470716584369696,0.38780002124932944,0.0826623520443162,-0.04483023995700286,0.831010675915131,-0.41015088302120256,0.5828672901615729,-0.09980396739199515,1.4588226719296955,0.8723114951355656,1.2045439265578004,True
179,Birch,96,24,0.979971127565717,0.03569910329911104,0.7993910273727891,0.6891850923946595,0.21854192683525087,0.09119784951935703,0.12580388284585514,0.05635999319451047,0.5459279969980904,1.4140142581333437,-0.14542769776665215,0.2168259043648742,0.5495336570333132,1.049248397712265,0.5772492810875834,0.8011209037017356,True
179,Oak,71,18,0.2621194960897142,-0.15783811457541758,1.2277858956511245,0.9659750076185347,0.04915234805398871,0.06528402185759817,0.1360471143723482,0.07183706179325573,0.16401099875399372,0.36022799342543466,-0.28814556758755355,-0.0275306615632816,0.9562347188228826,1.4993370724793664,0.8225876321505649,1.1093623830865047,True
179,Pine,366,91,0.4588156074334866,-0.4629449952934527,1.5518467539895746,0.6825632739459631,0.05244661624517238,0.06067240666255061,0.079159321487124,0.033483827166705525,0.35567730100254635,0.5619539138644268,-0.5822596378437387,-0.34363035274316667,1.3961768759132016,1.7075166320659476,0.6167160282312655,0.7484105196606606,True
179,Spruce,6,1,2.0720704294114247,0.2101017151746272,0.38023606704226937,0.7289473018853563,1.4232717628991838,0.22680209952632033,0.15456612740623044,0.3269426389512863,-4.0517737063261885,8.195914565149039,-0.765748957453111,1.1859523878023654,-0.28480830296070964,1.0452804370452484,-0.6777733360524558,2.1356679398231684,True
180,Alder,92,23,0.20862505801235276,-0.12132495572683974,1.0783690825038148,1.0522408926837779,0.0489472121420324,0.07964447952374912,0.13969076209624648,0.04916404614091934,0.11135275941075065,0.3058973566139549,-0.2796016226741399,0.036951711220460454,0.8007630467794021,1.3559751182282276,0.9545376820738369,1.1499441032937188,True
180,Aspen,53,13,0.2542278325063623,-0.029821991734220954,0.8767335045156953,1.0947930802205097,0.13008440413274475,0.23767457353735283,0.3769310666853737,0.07435318866487611,-0.007186564775514104,0.5156422297882386,-0.5074469292101377,0.44780294574169577,0.11926216680005819,1.6342048422313324,0.9453747534779762,1.2442114069630432,True
180,Birch,96,24,0.9090535300223815,0.09479336147761158,0.7419686467305365,0.7229237953152906,0.23441643619493643,0.10182189327280353,0.1471485250520231,0.058828045120721824,0.44348225362717064,1.3746248064175925,-0.10743370751756182,0.297020430472785,0.44971897456517285,1.0342183188959002,0.6060862198480413,0.8397613707825399,True
180,Oak,71,18,0.30167060912202537,-0.09931899221123468,1.0795376021625795,1.002805963243786,0.058363894797310335,0.06077513431077228,0.1145316743974295,0.04713417690830344,0.1851757875331404,0.41816543071091034,-0.22062666801254555,0.021988683590076205,0.8509314232648051,1.308143781060354,0.9087257523747061,1.096886174112866,True
180,Pine,366,91,0.4175371109444311,-0.43367810933693834,1.5208349100473388,0.7110155404193378,0.04870452652613342,0.06174851652521872,0.08109311313026402,0.035444177936406265,0.32175776918587495,0.5133164527029872,-0.5551089636986858,-0.3122472549751909,1.3613621556494238,1.680307664445254,0.6413131888298902,0.7807178920087854,True
180,Spruce,6,1,2.072070429411419,0.2101017151746259,0.3802360670422697,0.7289473018853578,1.4232717629122398,0.22680209952809985,0.15456612740661033,0.32694263895415293,-4.05177370638237,8.195914565205207,-0.765748957460769,1.1859523878100207,-0.2848083029623439,1.0452804370468833,-0.6777733360647884,2.1356679398355043,True
181,Alder,92,23,0.22219740770808316,-0.09739897088195557,1.0889009557725813,1.0081940893980939,0.04482577187207723,0.0721471610908771,0.12477232521204476,0.042160966836029636,0.13311560558346996,0.31127920983269636,-0.2407762928941973,0.04597835113028617,0.8409421784672662,1.3368597330778964,0.9244080273133691,1.0919801514828187,True
181,Aspen,53,13,0.39235899073545555,0.048957748986947956,0.6876095083931816,1.0597060165257552,0.19793581692840195,0.2350388046887424,0.36907397130904007,0.0772293082545952,-0.005407925504807565,0.7901259069757187,-0.4233704126800046,0.5212859106539005,-0.05407240501841282,1.429291421804776,0.9045079110766999,1.2149041219748105,True
181,Birch,96,24,0.9372674824705083,0.10034530170152205,0.7413384228678078,0.7101418658675714,0.24579736371100971,0.11190784486665777,0.15483153420913742,0.06185315082377833,0.4490927016614117,1.4254422632796049,-0.1219133377476367,0.3226039411506808,0.4338296313424892,1.0488472143931264,0.5872961693561508,0.8329875623789921,True
181,Oak,71,18,0.3115922481544755,-0.08053072625476669,1.0759512143398042,0.9788825169685474,0.06936538936000869,0.0908460632035051,0.14972825699114994,0.050189025878580686,0.17313835151168078,0.45004614479727023,-0.26186022733927294,0.10079877482973958,0.7770923625518225,1.374810066127786,0.8787048020345086,1.0790602319025864,True
181,Pine,366,91,0.40854690408039435,-0.5203515865152003,1.657197112107558,0.6761984193371434,0.049023963977498704,0.06274795478420167,0.08254859425958168,0.0355108790749357,0.3121393761755592,0.5049544319852295,-0.643747875003945,-0.3969552980264556,1.494862097577964,1.8195321266371518,0.606364897369939,0.7460319413043478,True
181,Spruce,6,1,1.6257037355997135,0.049865253636594574,0.4245418177879829,0.907046261522637,1.1808512246416059,0.2424540774214558,0.17266774498746282,0.33947861818082925,-3.455089009469524,6.70649648066895,-0.993330444406792,1.0930609516799812,-0.3183875265128013,1.167471162088767,-0.5536123416665822,2.367704864711856,True
182,Alder,92,23,0.2827421360261625,0.026814584989097466,0.8626139974777393,1.02518975600993,0.06609056476067184,0.0764590878014632,0.13413930719018582,0.042024932361233856,0.15140102651631135,0.4140832455360136,-0.1251317852729868,0.17876095525118174,0.5960403118232083,1.1291876831322702,0.9416740338582344,1.1087054781616255,True
182,Aspen,53,13,0.27705021796547913,-0.03671249159116082,0.8546870332928872,1.0880012867358477,0.155168798391249,0.25303839081352336,0.39969646345833015,0.07996021554134182,-0.03477315685667426,0.5888735927876325,-0.5452121758130483,0.4717871926307266,0.05146691795889491,1.6579071486268795,0.9273152176284506,1.2486873558432448,True
182,Birch,96,24,1.1095386239633818,0.16480630961228931,0.6623836818313404,0.6678667182509543,0.2779209062849407,0.10096060950014443,0.14237014268060857,0.05965461227755606,0.5575637147962037,1.66151353313056,-0.035710175466993815,0.36532279469157247,0.3796242895110037,0.9451430741516772,0.5493875090634753,0.7863459274384333,True
182,Oak,71,18,0.2786225986330296,-0.10249647605780936,1.0411431927911878,1.064233609090742,0.0486956024190647,0.05969523069239808,0.11491000811680087,0.05365628527210122,0.18142576940028202,0.37581942786577716,-0.2216486552153032,0.016655703099684477,0.8117818566289388,1.270504528953437,0.9571352154416636,1.1713320027398206,True
182,Pine,366,91,0.4156109687534988,-0.4660607581309375,1.5644409230751575,0.7042361018656136,0.048121211691566766,0.0609874407464908,0.08220177821763569,0.034852413841234824,0.32097873825703077,0.5102431992499669,-0.5859949274345554,-0.3461265888273196,1.4027879357528514,1.7260939103974635,0.6356974773371704,0.7727747263940568,True
182,Spruce,6,1,1.9813560727247053,0.12514672044812838,0.3961319862035015,0.8072516683329553,1.6552323142578986,0.2570579632399818,0.18591826286172472,0.37960210155906043,-5.140533762498304,9.103245907947715,-0.9808844267765099,1.2311778676727667,-0.40380973499886325,1.1960737074058663,-0.8260443501385283,2.4405476868044387,True
183,Alder,92,23,0.2703985806394302,-0.02635652307130302,0.9481389753709842,1.0085338797435006,0.06051211576824347,0.08019464390321188,0.13735700081100805,0.045994176882770625,0.15014346627370956,0.3906536950051508,-0.18572652611390067,0.13301347997129465,0.6751707997956613,1.2211071509463072,0.9171301181831185,1.0999376413038828,True
183,Aspen,53,13,0.3005877230270367,0.03133132164752195,0.7777959655923076,1.0741592495521965,0.15656881245770102,0.2402641600842166,0.3796874076552179,0.07451683797746778,-0.014049085394691296,0.6152245314487647,-0.45149758482737523,0.5141602281224191,0.014785553318586775,1.5408063778660284,0.9244120572035056,1.2239064419008874,True
183,Birch,96,24,0.7867265458420726,0.004852131096284952,0.8458186448480899,0.7525593844725703,0.19036263399248077,0.10014535716375708,0.14101229501349638,0.056448434169453596,0.40864992321083043,1.1648031684733147,-0.1940451924728368,0.20374945466540673,0.5657560551999087,1.125881234496271,0.6404479217553019,0.8646708471898388,True
183,Oak,71,18,0.2636397583272276,-0.09947478342418435,1.089732202511036,1.0294327433727317,0.05784601378171301,0.06321107591727956,0.11261996825889142,0.05343646173076764,0.148178631571866,0.37910088508258916,-0.22564461902200156,0.02669505217363287,0.8649418050362251,1.314522599985847,0.9227731193485664,1.136092367396897,True
183,Pine,366,91,0.4570122110505535,-0.4633250758354908,1.571921498064954,0.6663676218747363,0.04970380218506419,0.056168516051471426,0.07411390122817528,0.03384149779302242,0.3592677549243137,0.5547566671767933,-0.5737826426917909,-0.35286750897919067,1.4261736347532272,1.717669361376681,0.5998170029912918,0.7329182407581808,True
183,Spruce,6,1,2.072070429411443,0.21010171517462922,0.38023606704226853,0.7289473018853526,1.4232717629128526,0.22680209952814273,0.15456612740661096,0.32694263895424935,-4.051773706384983,8.195914565207868,-0.7657489574609502,1.1859523878102085,-0.2848083029623478,1.045280437046885,-0.6777733360652086,2.1356679398359137,True
184,Alder,92,23,0.2672637949003448,-0.03799154252688,0.9834640479555171,0.9936070928219269,0.05761640655356927,0.07430177027250989,0.12789619292325516,0.042574894076595655,0.15276329410844444,0.3817642956922451,-0.18565069752845276,0.10966761247469275,0.7292972400086403,1.237630855902394,0.9089984373272478,1.0782157483166062,True
184,Aspen,53,13,0.21578790154188654,-0.10751724410289742,0.9354456711196736,1.1527394121998018,0.12860740522644712,0.26329977609766597,0.39561899561005087,0.1104848319477533,-0.04265835531262713,0.4742341583964002,-0.6366379540904402,0.42160346588464537,0.14041953420377395,1.7304718080355732,0.9307118298392113,1.3747669945603924,True
184,Birch,96,24,0.9840255438141745,0.10345259736735982,0.6246942982488253,0.8018716949278564,0.22329199105464356,0.09516740676873545,0.13563554926797747,0.057251043595016475,0.5405483756957727,1.4275027119325763,-0.08555808703574802,0.29246328177046765,0.35531038975554435,0.8940782067421063,0.6881661806126215,0.9155772092430913,True
184,Oak,71,18,0.2567134025590986,-0.10701586009823325,1.1114696344144106,1.0241028893480346,0.05479526792916312,0.06379040692656845,0.11374151579057996,0.05047340139049152,0.1473415900114346,0.36608521510676256,-0.234342045230337,0.020310325033870508,0.8844406186969128,1.3384986501319083,0.9233575585165416,1.1248482201795278,True
184,Pine,366,91,0.4477887591723804,-0.47970746225209615,1.5801627675422494,0.678788460722467,0.049927932976468345,0.059474122604481726,0.0791527254981063,0.03547920323822577,0.3496035411457658,0.5459739771989951,-0.5966656326937779,-0.3627492918104144,1.4245058607342866,1.7358196743502121,0.6090172305175714,0.7485596909273626,True
184,Spruce,6,1,0.5247190316999378,-0.14829385272844917,0.4282789268562012,1.421003496153055,0.7128407466731516,0.35002015089999416,0.17499543256027095,0.6476992394218514,-2.5423871528119335,3.5918252162118094,-1.6543090104469647,1.3577213049900663,-0.32466564873360565,1.181223502446008,-1.3658214043674886,4.207828396673599,True
185,Alder,92,23,0.25854391576783975,-0.03962315832437633,0.9659049568113077,1.0184258689436594,0.0613436159000382,0.08110228696930574,0.14374342287696595,0.049362346240270256,0.13663636961759767,0.3804514619180818,-0.2007969112331066,0.12155059458435397,0.6802451093917725,1.251564804230843,0.9203285785560833,1.1165231593312355,True
185,Aspen,53,13,0.23238713386546234,-0.1758513920393045,1.0744443633091263,1.0693491102754549,0.10418030457514642,0.20433252522626721,0.3223648097069992,0.0690114958232856,0.023028973594666047,0.4417452941362586,-0.5864729748740968,0.23477019079548778,0.4266280244000611,1.7222607022181915,0.9306653171917322,1.2080329033591775,True
185,Birch,96,24,0.7965109858863949,0.027888102837233072,0.8379443613567843,0.7348006620105134,0.19378378449344932,0.0917957685204294,0.1334581788390652,0.05735114658424501,0.41163966305694866,1.181382308715841,-0.15442621697520503,0.21020242264967115,0.5728848984793,1.1030038242342686,0.6208963345180859,0.8487049895029409,True
185,Oak,71,18,0.253011117408257,-0.09491761299178215,1.087345880282789,1.0385803559445403,0.05346415104243098,0.0620488741194113,0.11047543166443746,0.052233437751516516,0.1462962252866945,0.3597260095298195,-0.2187676840919911,0.02893245810842679,0.866835995766021,1.3078557647995568,0.9343219778330532,1.1428387340560275,True
185,Pine,366,91,0.5220413807469202,-0.47556732386023615,1.5668175651921095,0.642902318039399,0.056642944570722144,0.055930080384279726,0.0741913688091758,0.032918015013605584,0.41065083179375195,0.6334319297000884,-0.5855559977227172,-0.36557864999775513,1.4209173588756339,1.712717771508585,0.5781677638843622,0.7076368721944358,True
185,Spruce,6,1,4.705933955981854,0.12289480397195329,1.2079429935114478,-0.18884410305221414,6.094381185274245,0.240246543174131,0.8344436968608662,1.1296978318609368,-21.516071886647183,30.927939798610893,-0.9108026408162835,1.15659224876019,-2.3823784565646977,4.798264443587593,-5.049541563040487,4.671853356936058,True
186,Alder,92,23,0.21986493332701193,-0.13235632157256838,1.069455250389086,1.0552625989795177,0.05022360411658846,0.07928403492467646,0.13592279407525418,0.0486703187004626,0.1200560738908227,0.3196737927632012,-0.2899166806212984,0.025204037476161595,0.7993372593237993,1.3395732414543726,0.9585405679079855,1.15198463005105,True
186,Aspen,53,13,0.3679717925942529,0.08632499495714478,0.6578834247775459,1.0734982538193143,0.21288395930220524,0.28236605380604035,0.44218485844014144,0.08483209786569704,-0.05983454040148761,0.7957781255899934,-0.4811108345773764,0.653760824491666,-0.2307203169772606,1.5464871665323523,0.9030217706346853,1.2439747370039433,True
186,Birch,96,24,1.1503016734340832,0.18815238927283284,0.6845055206447836,0.6185389439272391,0.2652654436970113,0.09636832918649112,0.13260225478659962,0.05755296894438855,0.6234616053474786,1.6771417415206877,-0.003243430711899392,0.37954820925756505,0.42114599681625065,0.9478650444733167,0.5042337798068757,0.7328441080476025,True
186,Oak,71,18,0.2878042881378485,-0.08225759959979148,1.1226766684336316,0.9582804035596402,0.0722765510979988,0.10121695409964182,0.17680002421935784,0.07183177156078946,0.14353968834610667,0.4320688879295903,-0.2842874855516715,0.11977228635208856,0.7697823430999187,1.4755709937673445,0.8149035874398677,1.1016572196794125,True
186,Pine,366,91,0.4425299708453962,-0.4962973603045309,1.5739804440519245,0.7036404335719104,0.04951585450959853,0.05822728509855665,0.07789014001687,0.033391033861160914,0.3451551211176806,0.5399048205731117,-0.610803576397918,-0.3817911442111438,1.4208064605969244,1.7271544275069246,0.6379756694941074,0.7693051976497134,True
186,Spruce,6,1,1.6257037355997235,0.04986525363659744,0.4245418177879806,0.9070462615226348,1.1808512246420557,0.24245407742140582,0.1726677449873906,0.3394786181810012,-3.45508900947145,6.706496480670896,-0.9933304444065739,1.0930609516797687,-0.3183875265124929,1.1674711620884541,-0.5536123416673243,2.367704864712594,True
187,Alder,92,23,0.23784617809624983,-0.06123081774801079,0.9980095472390568,1.031774402903004,0.05709079615834973,0.07951991612673981,0.13995163048353873,0.0470771035570841,0.12439021751561918,0.3513021386768805,-0.21925994111890543,0.09679830562288386,0.7198850904125234,1.2761340040655902,0.9382185521384034,1.1253302536676046,True
187,Aspen,53,13,0.4225793852195301,0.05810008483383493,0.6764441814451805,1.0343807767265103,0.20145557047785723,0.20867048352400405,0.32648380854236203,0.07834617640048154,0.017739259405483876,0.8274195110335762,-0.3612389515757886,0.4774391212434585,0.02035040447480596,1.332537958415555,0.8769382407083434,1.1918233127446771,True
187,Birch,96,24,0.8399493033117985,0.08054520775705132,0.7649054656662523,0.7364893021869191,0.21049926749023165,0.10550218623427499,0.15010305927055612,0.05980926489220916,0.4218795884212136,1.2580190182023834,-0.1289912407312721,0.29008165624537474,0.46678783351649633,1.0630230978160082,0.6177029395575969,0.8552756648162413,True
187,Oak,71,18,0.2697153740640058,-0.10022698949456682,1.0957289907305876,1.018275743369339,0.05825496296668494,0.06356041927799012,0.11331785395480777,0.051458749244109904,0.1534379813190684,0.38599276680894323,-0.2270941173587856,0.026640138369651956,0.8695456075765728,1.3219123738846024,0.9155636499904027,1.1209878367482753,True
187,Pine,366,91,0.4955103852517954,-0.44521061649020055,1.5273231970265888,0.6648900286144673,0.05578360875860545,0.058453028811782506,0.07775796093344992,0.034288331838546696,0.3858097535261343,0.6052110169774565,-0.5601607663573265,-0.3302604666230747,1.3744091488693362,1.6802372451838414,0.5974606932377486,0.732319363991186,True
187,Spruce,6,1,1.3357045592739383,0.10250233263305424,0.3970170598943897,0.9411255805007479,1.0543582680964654,0.24479046169810545,0.17748645566853166,0.3596224320743389,-3.200832921029015,5.872242039576891,-0.9507460155958781,1.1557506808619866,-0.3666455230719114,1.1606796428606907,-0.6062048585238717,2.4884560195253673,True
188,Alder,92,23,0.2331649745908101,-0.08826288345211064,1.0541871661481246,1.0131901536154448,0.05520924606897149,0.08172594289575288,0.1421654049273414,0.0493852139455259,0.12344819943297299,0.3428817497486472,-0.25067602146261125,0.07415025455838994,0.7716632978064,1.3367110344898492,0.9150474184689823,1.1113328887619074,True
188,Aspen,53,13,0.3429295713394778,0.06209288189357665,0.7371115089484924,1.0453148542039727,0.16572915047622486,0.22613761889100292,0.35087110416210315,0.08396108653352305,0.009884374471990809,0.6759747682069648,-0.39234767721315217,0.5165334410003055,0.03200962660013584,1.442213391296849,0.8765887338237396,1.214040974584206,True
188,Birch,96,24,0.8652815511512965,-0.0006217781193044644,0.8601498784538253,0.7146721636752343,0.19002735714858807,0.08658058931538111,0.12274912522852277,0.05398988542592217,0.4878708172721002,1.2426922850304927,-0.1725783018721481,0.17133474563353915,0.6163595204197354,1.1039402364879152,0.607443590977051,0.8219007363734177,True
188,Oak,71,18,0.27602840310233606,-0.11235948635034855,1.1035491201836576,1.0190474117135961,0.052312674437926934,0.05414072801437527,0.09626172595313448,0.04464201388617188,0.17161186790282834,0.3804449383018438,-0.22042483176005298,-0.00429414094064412,0.9114099110083075,1.2956883293590078,0.9299415790562838,1.1081532443709086,True
188,Pine,366,91,0.40195993212324216,-0.43957801582604683,1.537212553908777,0.7136612725939456,0.04763948038819578,0.06223719078420409,0.08218797165887627,0.03532245043194499,0.3082750449320541,0.4956448193144302,-0.5619698670847635,-0.3171861645673302,1.3755867177201386,1.6988383900974156,0.6441983028665711,0.7831242423213202,True
188,Spruce,6,1,3.8231009950164028,0.4887376309336292,0.11738101399145259,0.5503304410851207,13.057942193442214,1.4998734555568118,1.1222430322539307,1.316291335835955,-52.360689627812164,60.00689161784497,-5.964696986816672,6.942172248683931,-4.711241032118398,4.946003060101303,-5.113214068124831,6.213874950295073,True
189,Alder,92,23,0.26774848879992946,-0.13686171116310883,1.1151201082764,0.9589583811534901,0.0624233304318453,0.08997108479399081,0.15478282342492308,0.0460843541547313,0.14369523690371622,0.3918017406961427,-0.31566033610207245,0.04193691377585482,0.8075217720340979,1.422718444518702,0.8673754112145025,1.0505413510924777,True
189,Aspen,53,13,0.3068359458656941,0.01700399748198466,0.7984562498681878,1.0611864078470954,0.1729348797942243,0.25674899957654024,0.40773387327956984,0.08354721496156403,-0.04068970620470075,0.6543615979360891,-0.49895243422473623,0.5329604291887056,-0.020915645213227196,1.6178281449496028,0.8932919935292227,1.229080822164968,True
189,Birch,96,24,0.7049608169584589,-0.045141561734493844,0.9862395569796668,0.7061571758826682,0.1850403661178417,0.11359954798574819,0.16409661174322934,0.05801506809914155,0.33745467772818605,1.0724669561887317,-0.2707600696008216,0.18047694613183393,0.6603295217383969,1.3121495922209367,0.5909342429539752,0.8213801088113613,True
189,Oak,71,18,0.2543057329472151,-0.15596394889635157,1.2460140056009497,0.9550263563346874,0.05312081409445786,0.06849889283892478,0.1328471603505204,0.057972708971433896,0.1482761442420525,0.3603353216523777,-0.292688311244329,-0.019239586548374155,0.9808499637327728,1.5111780474691265,0.8393123449222281,1.0707403677471468,True
189,Pine,366,91,0.4305221995588102,-0.4639608862331098,1.5874177500629303,0.6704219377995536,0.04952957216443599,0.05993476467230982,0.08042203070896659,0.034600030392317446,0.33312037353044016,0.5279240255871803,-0.5818249271798503,-0.3460968452863693,1.4292647052928897,1.7455707948329708,0.6023796351190415,0.7384642404800658,True
189,Spruce,6,1,1.3357045592739367,0.10250233263305315,0.3970170598943908,0.9411255805007482,1.0543582680965493,0.2447904616981372,0.17748645566853372,0.3596224320743477,-3.2008329210293778,5.872242039577252,-0.9507460155960157,1.155750680862122,-0.36664552307191906,1.1606796428607007,-0.6062048585239092,2.4884560195254055,True
190,Alder,92,23,0.267121501889903,-0.08995525820330275,1.0562366319815104,0.9731688667929037,0.06287633452250282,0.0847518283336923,0.14944725088547328,0.05049982520272203,0.142167999555599,0.39207500422420705,-0.25838170767676055,0.07847119127015506,0.7592416249699284,1.3532316389930923,0.8728110759917886,1.0735266575940188,True
190,Aspen,53,13,0.347210486640928,0.03469856451562925,0.6940545042449251,1.1004988600194958,0.16420440650088583,0.20988418759646768,0.3298903643479099,0.08189329148521135,0.017229377509244304,0.6771915957726118,-0.38707950154322013,0.4564766305744786,0.031114997083822704,1.3569940114060275,0.9359281293638082,1.2650695906751834,True
190,Birch,96,24,1.0926994560987382,0.1327001448771634,0.7131399068794441,0.6545195439294468,0.2725219701063556,0.10007940251304048,0.14353856430493506,0.05875637630509203,0.5514473002019404,1.633951611995536,-0.06606618706263084,0.3314664768169576,0.4280599283586027,0.9982198854002855,0.5378243089162719,0.7712147789426217,True
190,Oak,71,18,0.26857581816098774,-0.11197141632184678,1.114381451213379,1.0152281384527457,0.05584803773910397,0.060794056339434834,0.10779460490712943,0.04813039967035031,0.15710266827781622,0.3800489680441593,-0.23331686065044321,0.009374028006749677,0.8992225192998924,1.3295403831268655,0.9191594586281502,1.1112968182773413,True
190,Pine,366,91,0.4506929504011355,-0.46920599367512633,1.5575736965829647,0.6878982377860906,0.05320823961412021,0.05948399538916405,0.07850429398705978,0.0354746575167292,0.34605688205464485,0.5553290187476262,-0.5861835793310735,-0.3522284080191792,1.4031919555087293,1.7119554376572002,0.6181359469189489,0.7576605286532323,True
190,Spruce,6,1,4.705933955981623,0.12289480397195043,1.2079429935114163,-0.1888441030521682,6.094381184992834,0.24024654317202387,0.8344436968326303,1.1296978318086686,-21.516071885436602,30.927939797399844,-0.9108026408072201,1.1565922487511209,-2.38237845644324,4.798264443466072,-5.049541562815549,4.671853356711213,True
191,Alder,92,23,0.21318408472494071,-0.17826956567782523,1.1820607814824786,1.0047328570992555,0.04719424843670306,0.08066814563646248,0.14159285607218097,0.04842928160507199,0.11939543312835649,0.30697273632152494,-0.3385805539158918,-0.01795857743975865,0.900674733677735,1.4634468292872223,0.9084898366044414,1.1009758775940697,True
191,Aspen,53,13,0.3144357218611156,0.10151614942231288,0.6696536071919236,1.0975748796340774,0.15825729523030063,0.23594433755983119,0.3697823676053009,0.07830335097292328,-0.0035942197287478495,0.6324656634509791,-0.37263174867878623,0.575664047523412,-0.07345188187471074,1.412759096258558,0.940218404534651,1.2549313547335037,True
191,Birch,96,24,0.6698550239062211,0.02306199936264259,0.8310038975577592,0.8023704583084648,0.16668328722269984,0.09482577036077433,0.1357201178860466,0.05858210798899274,0.3388076278887818,1.0009024199236602,-0.16527016564524133,0.2113941643705265,0.5614520284892877,1.1005557666262307,0.6860213352133728,0.9187195814035567,True
191,Oak,71,18,0.24586855201503646,-0.10805097676037065,1.1060930793816037,1.042101039980693,0.05187319841718534,0.06240397185589484,0.11071688794434086,0.05213313030156415,0.14232921462432274,0.3494078894057502,-0.2326098259090962,0.01650787238835491,0.8851012461130168,1.3270849126501907,0.9380428763772816,1.1461592035841042,True
191,Pine,366,91,0.43179992580318405,-0.48148869957916146,1.5915706723383862,0.6816789388613482,0.048375292170726725,0.05899233655831894,0.07972841559389635,0.03366345776328179,0.33666803618294683,0.5269318154234213,-0.5974994190617384,-0.3654779800965845,1.434781648613075,1.7483596960636976,0.6154784426065691,0.7478794351161273,True
191,Spruce,6,1,3.823100995016632,0.488737630933656,0.11738101399143258,0.550330441085098,13.057942194101212,1.499873455629819,1.1222430323053199,1.316291335902499,-52.36068963064738,60.00689162068064,-5.96469698713077,6.942172248998082,-4.711241032339527,4.946003060322393,-5.11321406841117,6.213874950581366,True
192,Alder,92,23,0.24346946379635243,-0.05078367559996238,0.9976971247002435,1.0180075802388437,0.05890014452820291,0.08590172772986178,0.14518860094878258,0.04844302706407218,0.12641780353836374,0.3605211240543411,-0.22149530848900328,0.11992795728907851,0.7091652895457108,1.2862289598547763,0.9217372435326711,1.1142779169450163,True
192,Aspen,53,13,0.2093464142095547,-0.11233274557142969,0.8991256689693808,1.1924712959925505,0.09931714578070153,0.2035665336602994,0.30171188234864776,0.09538765554475936,0.009761137426302163,0.40893169099280724,-0.5214150107234032,0.2967495195805438,0.2928129414538877,1.505438396484874,1.0007826254819885,1.3841599665031126,True
192,Birch,96,24,0.5408859567055009,-0.11601301787833729,1.0820965759982277,0.7656064589956765,0.1446448557526293,0.1012221745653319,0.1567787291315785,0.05511490147728133,0.25360878787783386,0.8281631255331678,-0.3170489937545817,0.0850229579979071,0.7707204872810122,1.3934726647154432,0.6561435073115384,0.8750694106798146,True
192,Oak,71,18,0.23880778627738056,-0.10721720704999524,1.1152599382207935,1.0419459104517383,0.05102952384911152,0.06154336344593176,0.11000807161693162,0.05111605173144927,0.1369524303726209,0.3406631421821402,-0.23005827462289008,0.015623860522899602,0.895682908263185,1.334836968178402,0.9399178441709763,1.1439739767325003,True
192,Pine,366,91,0.42716263295561824,-0.46391751303190176,1.5627362049021574,0.6959972526861121,0.050229737987597806,0.05956338298552113,0.08041057622753083,0.03531044482155247,0.32838390366080755,0.5259413622504289,-0.5810512174773169,-0.3467838085864866,1.4046056858144373,1.7208667239898774,0.6265578924575423,0.7654366129146819,True
192,Spruce,6,1,1.9813560727247048,0.12514672044812813,0.39613198620350143,0.8072516683329556,1.655232314258526,0.2570579632398518,0.18591826286163587,0.3796021015592085,-5.140533762501004,9.103245907950413,-0.9808844267759508,1.2311778676722072,-0.40380973499848105,1.196073707405484,-0.8260443501391648,2.440547686805076,True
193,Alder,92,23,0.22863644024729732,-0.1477129899181156,1.1352050088227896,0.9978107043565524,0.05308432921500506,0.0865550154130469,0.15018683277499706,0.04793216293186417,0.12314249081695663,0.334130389677638,-0.31972289479876936,0.024296914962538135,0.8367402382179443,1.433669779427635,0.9025556027626225,1.0930658059504823,True
193,Aspen,53,13,0.2916482609457236,-0.02467857318081225,0.8513625436132353,1.0689314778597638,0.14733798165852838,0.2246603092822373,0.35209100312896224,0.08068819244614231,-0.004438498483857134,0.5877350203753043,-0.47615036748019257,0.4267932211185681,0.1438091825092791,1.5589159047171914,0.9067824843912777,1.23108047132825,True
193,Birch,96,24,0.8841276188490043,0.08629084601870478,0.7731409851479711,0.710939900169604,0.2223601968770227,0.10000888600357359,0.1453911968144729,0.05829707940676984,0.4425010743969901,1.3257541633010184,-0.11233543404651812,0.28491712608392766,0.48438151854959777,1.0619004517463444,0.5951568684416049,0.826722931897603,True
193,Oak,71,18,0.28573105509469204,-0.10613001496213766,1.0637655158402062,1.0392830308969958,0.04975254318469506,0.05285346269031823,0.09225996509412186,0.042682706484529764,0.1864245632640364,0.3850375469253477,-0.21162596803117717,-0.0006340618930981562,0.8796138547702568,1.2479171769101556,0.9540879921814647,1.124478069612527,True
193,Pine,366,91,0.40952518663812276,-0.5004684200142232,1.6243969767345945,0.6853594309223391,0.046098787875657056,0.05734974206672407,0.07784778907933623,0.03391854199992816,0.3188701310709854,0.5001802422052601,-0.613248913675864,-0.38768792635258237,1.4713062780420005,1.7774876754271884,0.6186573016157354,0.7520615602289428,True
193,Spruce,6,1,2.0720704294114305,0.21010171517462725,0.3802360670422695,0.7289473018853552,1.4232717629016924,0.2268020995267337,0.15456612740635575,0.32694263895178916,-4.051773706336977,8.195914565159837,-0.7657489574548895,1.185952387804144,-0.28480830296124876,1.0452804370457878,-0.6777733360546205,2.135667939825331,True
194,Alder,92,23,0.25914958089106827,-0.08554567572039515,1.01762262983449,1.009458436187147,0.06054656419147332,0.0788253804123935,0.13721609777796612,0.048046806896818464,0.13882600752300356,0.37947315425913297,-0.2421945553054061,0.0711032038646158,0.7449344694286552,1.2903107902403246,0.9139755038035994,1.1049413685706946,True
194,Aspen,53,13,0.2564797088797919,-0.09865541203102159,0.940774258965543,1.0910520188687665,0.11290795082590725,0.19898401515391037,0.31122297050063663,0.0647813149965479,0.02958268682504278,0.483376730934541,-0.4985287614688692,0.30121793740682606,0.31534828422165984,1.5662002337094263,0.9608690924230348,1.2212349453144982,True
194,Birch,96,24,0.8189143510979437,0.04890053469044691,0.6939889988103013,0.8449828680337185,0.18261330827033442,0.08416544001022182,0.1232076614032577,0.05847822936419117,0.4562285582490539,1.1816001439468335,-0.1182592940740258,0.21606036345491964,0.4492879483537433,0.9386900492668593,0.7288400568539686,0.9611256792134684,True
194,Oak,71,18,0.2829016392064709,-0.10222934260529172,1.081180861328122,1.0220049344938356,0.05726383204521087,0.061025365430915475,0.10813353248091123,0.04684178289239979,0.16860255206072852,0.39720072635221326,-0.22403648181284552,0.019577796602262082,0.8653454271459574,1.2970162955102864,0.9285083445231663,1.1155015244645048,True
194,Pine,366,91,0.48015451372073364,-0.4813145726113914,1.5733882791597675,0.6662719624640762,0.05446009720978612,0.059851412040577694,0.07813447477385486,0.03367399542009208,0.37305661882463076,0.5872524086168366,-0.5990146973727057,-0.36361444785007696,1.4197338019219115,1.7270427563976236,0.6000507434981868,0.7324931814299656,True
194,Spruce,6,1,3.8231009950165795,0.48873763093364847,0.11738101399143933,0.5503304410851023,13.057942194707824,1.4998734556985787,1.1222430323541797,1.3162913359637012,-52.360689633257465,60.00689162329063,-5.964696987426626,6.9421722492939235,-4.711241032549748,4.946003060532626,-5.113214068674498,6.213874950844703,True
195,Alder,92,23,0.25712578838162553,-0.09815407097144754,1.0396188735601486,1.00536733792017,0.060748501540558844,0.08091816058672736,0.14275283649882894,0.04877625755007774,0.1364009069663923,0.3778506697968588,-0.2589619113862318,0.0626537694433367,0.7559276084101249,1.3233101387101724,0.9084347756465057,1.1022999001938343,True
195,Aspen,53,13,0.41832911399326866,0.10423645765729125,0.6302843437153808,1.0459784120206592,0.23752387365359154,0.2608330416860247,0.40902506613256373,0.08442552898505902,-0.05899298072800313,0.8956512087145405,-0.4199271639400427,0.6284000792546253,-0.19168230054976898,1.4522509879805305,0.8763189595907477,1.2156378644505708,True
195,Birch,96,24,0.8766261692267775,0.06866758544832424,0.812573208604794,0.6923874700916804,0.21555325663393413,0.0972041456454696,0.13921057620126143,0.058559371091393746,0.44851879565186553,1.3047335428016895,-0.12438823816906769,0.2617234090657162,0.536088988036586,1.089057429173002,0.5760835044377998,0.8086914357455611,True
195,Oak,71,18,0.2785170214254145,-0.08466105122957887,1.0255664770449802,1.05872129747868,0.05612446212053646,0.060547999751067755,0.10773932508941865,0.05494202110943555,0.16649212616764744,0.3905419166831816,-0.20551536455223168,0.03619326209307393,0.8105178841094534,1.240615069980507,0.9490565643572124,1.1683860306001475,True
195,Pine,366,91,0.43907613063206924,-0.44466216635605693,1.5614040979839676,0.6706352254487031,0.049268579529328976,0.05649791093797532,0.07558594425062858,0.03404667450512047,0.34218755675041634,0.5359647045137221,-0.5557675010413092,-0.3335568316708046,1.412761404934902,1.7100467910330333,0.6036811185974946,0.7375893322999116,True
195,Spruce,6,1,1.9813560727247,0.12514672044812755,0.3961319862035021,0.8072516683329561,1.6552323142507108,0.25705796323905394,0.18591826286150107,0.3796021015575305,-5.140533762467383,9.103245907916783,-0.9808844267725183,1.2311778676687735,-0.4038097349979003,1.1960737074049046,-0.8260443501319444,2.440547686797857,True
196,Alder,92,23,0.24792043668341543,-0.06823209945626665,1.0221072167554002,1.0084331822595842,0.049457434759072216,0.07001863253463697,0.1209120397887881,0.040136628643940714,0.14963417784616245,0.3462066955206684,-0.20737941824168865,0.07091521932915534,0.7818199455470786,1.262394487963722,0.9286700669469885,1.08819629757218,True
196,Aspen,53,13,0.1903342176691159,-0.186908757846266,0.99452978426288,1.2044342949368896,0.11112235441260865,0.2504058547610744,0.3571293011668039,0.12597841472313034,-0.032974514049961545,0.41364294938819335,-0.6901181628063021,0.31630064711377004,0.2768515841848004,1.7122079843409597,0.9512711922964892,1.45759739757729,True
196,Birch,96,24,0.8443432667399605,0.028071411170124117,0.8299651944762709,0.7205994902548934,0.21593133989461197,0.10022329697278642,0.1464601552575758,0.0587126801960773,0.415484987174348,1.273201546305573,-0.17098070758725661,0.22712352992750487,0.5390826841406615,1.1208477048118803,0.6039910394859367,0.8372079410238502,True
196,Oak,71,18,0.29484400502437064,-0.08233037694182514,1.055438787748345,1.0125154576294528,0.058729746870078814,0.0590743742314603,0.10565735770483181,0.049645984229301346,0.17761893964190234,0.41206907040683893,-0.2002433214166366,0.0355825675329863,0.8445458191052618,1.2663317563914285,0.9134216583639593,1.1116092568949465,True
196,Pine,366,91,0.4266354697369075,-0.4341272032465751,1.5295473286908499,0.6985293128077515,0.049270002202465094,0.05845112272203415,0.0783026880164675,0.03461722434329646,0.32974409811331495,0.5235268413605001,-0.5490736047142307,-0.3191808017789195,1.3755620535826178,1.6835326037990819,0.6304531975552988,0.7666054280602043,True
196,Spruce,6,1,1.981356072724713,0.12514672044812936,0.39613198620350143,0.8072516683329533,1.6552323142658996,0.25705796324114416,0.18591826286208635,0.3796021015606528,-5.140533762532722,9.103245907982148,-0.98088442678151,1.2311778676777687,-0.4038097350004193,1.1960737074074221,-0.8260443501453817,2.4405476868112883,True
197,Alder,92,23,0.2629349060655638,-0.07285205300953493,1.0031229982783059,1.008540956651129,0.06401024196064947,0.08082973766958107,0.14141394611355423,0.04851067166189135,0.1357280009717743,0.3901418111593533,-0.23348417145725553,0.08778006543818567,0.7220924964210584,1.2841535001355533,0.9121361905212997,1.1049457227809583,True
197,Aspen,53,13,0.22770649679862282,-0.06288544046210959,0.9837798381418988,1.056784611048419,0.10317663452260283,0.20375666051324823,0.3214486742320966,0.07464627550099683,0.020365287011666344,0.4350477065855793,-0.4723497798296824,0.34657889890546323,0.3378045423970536,1.6297551338867442,0.9067773042576887,1.206791917839149,True
197,Birch,96,24,0.6807952704123337,0.01622686089322004,0.8445798525644922,0.791865262400321,0.16841834789681714,0.09421120052574827,0.13563524213152725,0.057046779089222226,0.34630189413095,1.0152886466937172,-0.17088471537450772,0.2033384371609478,0.5751965540707125,1.113963151058272,0.6785654350250828,0.9051650897755591,True
197,Oak,71,18,0.27790974465313056,-0.028608172719763934,0.9860318736369302,1.0389732759155719,0.0654446210830798,0.08391358836346578,0.13247501657708657,0.056782186709737156,0.14728173424528326,0.4085377550609779,-0.19610039610948152,0.13888405066995366,0.7216106338494258,1.2504531134244345,0.9256355568831124,1.1523109949480315,True
197,Pine,366,91,0.446472460924055,-0.4791742027454468,1.5859623467501363,0.6772240046633113,0.049202806129515136,0.056861575613185944,0.07657778363902851,0.032904885137643114,0.34971323298596674,0.5432316888621432,-0.5909946981292397,-0.367353707361654,1.435369163048006,1.7365555304522664,0.6125152709189582,0.7419327384076645,True
197,Spruce,6,1,0.5247190316999293,-0.14829385272845275,0.42827892685620145,1.421003496153063,0.7128407466763546,0.3500201509014193,0.17499543256039685,0.6476992394247549,-2.5423871528257234,3.5918252162255824,-1.6543090104531,1.3577213049961945,-0.3246656487341471,1.18122350244655,-1.3658214043799737,4.2078283966861,True
198,Alder,92,23,0.2197442040996427,-0.14858840746902557,1.1323282864646078,1.014131754642756,0.049351834896132124,0.0794785343424054,0.13879815290773329,0.04950296255509729,0.12166780279973813,0.31782060539954726,-0.3065352932393238,0.009358478301272677,0.8564961239337826,1.408160448995433,0.9157550188778942,1.1125084904076177,True
198,Aspen,53,13,0.33157777807508837,-0.0654628991443905,0.8493056442824118,1.0592448161935473,0.1284996051790543,0.16866664065704998,0.2656975277432805,0.06297135169457316,0.07334815352637669,0.5898074026238,-0.40441120353857396,0.2734854052497929,0.3153664719630562,1.3832448166017675,0.9326991471795767,1.1857904852075178,True
198,Birch,96,24,0.7780525442388433,0.03615086993716069,0.8041512673465732,0.7656746329327009,0.1941016977331832,0.09229940258019126,0.13401152253627627,0.05961831656407024,0.39254981827398394,1.1635552702037026,-0.147163710590121,0.21946545046444238,0.5379928161234868,1.0703097185696595,0.6472675101651401,0.8840817557002617,True
198,Oak,71,18,0.24240277668750213,-0.10714783686658312,1.0626010998174789,1.0873988828261194,0.04366692597625928,0.0509513495190855,0.09459761028655823,0.05496947240763146,0.1552432276442844,0.32956232573071986,-0.20884715615554053,-0.005448517577625711,0.8737834794146793,1.2514187202202784,0.977679356684124,1.1971184089681148,True
198,Pine,366,91,0.45002555363847546,-0.45225688062242037,1.5511562109731216,0.680001531612445,0.05245848955569085,0.05728726341515876,0.07653310162939199,0.03532090095178527,0.3468638978815677,0.5531872093953832,-0.5649145075908047,-0.339599253654036,1.4006508961771627,1.7016615257690806,0.6105416089979437,0.7494614542269463,True
198,Spruce,6,1,2.07207042941143,0.21010171517462767,0.38023606704226887,0.7289473018853554,1.4232717629035545,0.2268020995268535,0.1545661274062914,0.32694263895229003,-4.051773706344989,8.195914565167849,-0.7657489574554046,1.18595238780466,-0.28480830296097237,1.04528043704551,-0.6777733360567755,2.1356679398274863,True
199,Alder,92,23,0.23506574287673862,-0.06358794504790675,1.0032189870561996,1.0340365351813474,0.05592046540352404,0.08219573317353233,0.140699853730823,0.04927746067396449,0.12393556874367326,0.346195917009804,-0.22693469251603465,0.09975880242022116,0.7236075937537072,1.282830380358692,0.9361079370193612,1.1319651333433336,True
199,Aspen,53,13,0.3032755549191419,-0.005253936713982903,0.7637810816003899,1.110960982018573,0.16513046799887446,0.23230218863263627,0.34119627258047236,0.11135273548008748,-0.02856654446695861,0.6351176543052424,-0.4720826625210543,0.4615747890930885,0.07812150122187445,1.4494406619789055,0.8871892822111868,1.3347326818259593,True
199,Birch,96,24,0.8858038575471052,0.06972575395933629,0.7722835775455372,0.7254697886626403,0.2285860228419004,0.1078761199476156,0.1506162966280437,0.06090099121904028,0.43181228533452837,1.3397954297596821,-0.14452553179440192,0.2839770397130745,0.473146611702727,1.0714205433883475,0.6045151633137436,0.8464244140115371,True
199,Oak,71,18,0.26617107702771325,-0.09075663914929301,1.099444290025234,1.0101249534366006,0.05301981327535694,0.057241202170012676,0.10624782592965049,0.05835959415453448,0.1603430868012395,0.371999067254187,-0.20501055687508923,0.023497278576503203,0.887372741872626,1.3115158381778418,0.8936387159666239,1.1266111909065772,True
199,Pine,366,91,0.42477176473586375,-0.4571813397093535,1.5631751631067892,0.6914380161798706,0.04891184901453372,0.06074156290753551,0.08139066621820709,0.033948236288188105,0.3285847152571623,0.5209588142145651,-0.5766319806995297,-0.33773069871917727,1.403117259012652,1.7232330672009264,0.6246774919028939,0.7581985404568472,True
199,Spruce,6,1,4.705933955981654,0.12289480397195077,1.2079429935114208,-0.1888441030521746,6.094381185141864,0.24024654317212032,0.8344436968509467,1.1296978318391067,-21.516071886077796,30.927939798041102,-0.9108026408076347,1.1565922487515363,-2.3823784565220447,4.798264443544886,-5.04954156294652,4.671853356842171,True
200,Alder,92,23,0.25927837249107044,-0.0674546332880376,0.9932989567338899,1.0148053545991347,0.059308334408007556,0.08679526569165825,0.14979283747281788,0.04541715065799946,0.14141552062201934,0.37714122436012154,-0.2399419851123985,0.10503271853632333,0.6956171689998564,1.2909807444679235,0.9245483114069821,1.1050623977912872,True
200,Aspen,53,13,0.26447199708190683,-0.01824522628112217,0.8628840355245183,1.081521730181127,0.1450490963745163,0.2498403868392237,0.39808103961508784,0.08081527813340497,-0.027015075160293722,0.5559590693241074,-0.520318280908016,0.4838278283457717,0.06291023594337386,1.6628578351056627,0.9191173484625244,1.2439261118997298,True
200,Birch,96,24,0.9302833179456829,0.07033632964612387,0.7800723206452029,0.6968945759363481,0.22367018517644913,0.09772078496331063,0.1407974666034127,0.057545712346013474,0.4860550236568118,1.374511612234554,-0.12374558425123112,0.26441824354347887,0.5004363987627813,1.0597082425276245,0.5826038240467251,0.8111853278259711,True
200,Oak,71,18,0.24192269296187097,-0.15221115144794084,1.1437107296507476,1.0605389461894772,0.047916016092877885,0.05855312364734602,0.10257342928712654,0.053599742565165476,0.14628192454887617,0.33756346137486576,-0.2690836754023196,-0.035338627493562064,0.93897330789262,1.348448151408875,0.9535534122558016,1.1675244801231528,True
200,Pine,366,91,0.48053280836078294,-0.46990453014652456,1.5632060123489366,0.6648154257736908,0.05201287780746924,0.05711172913566486,0.07776647145744736,0.032113804201787305,0.3782474654020633,0.5828181513195025,-0.5822169621413582,-0.3575920981516909,1.4102752279159283,1.716136796781945,0.6016623833935346,0.727968468153847,True
200,Spruce,6,1,4.705933955981706,0.12289480397195442,1.2079429935114194,-0.18884410305217994,6.09438118503826,0.24024654317168767,0.8344436968416582,1.1296978318202677,-21.51607188563197,30.927939797595382,-0.9108026408057694,1.1565922487496783,-2.382378456482081,4.7982644435049195,-5.049541562865468,4.671853356761108,True
