iter,Species,n_train,n_test,a0,a_DBH_cm,a_H_m,a_BA_sq_m_sq_m,SE_a0,SE_a_DBH_cm,SE_a_H_m,SE_a_BA_sq_m_sq_m,CI95_lo_a0,CI95_hi_a0,CI95_lo_a_DBH_cm,CI95_hi_a_DBH_cm,CI95_lo_a_H_m,CI95_hi_a_H_m,CI95_lo_a_BA_sq_m_sq_m,CI95_hi_a_BA_sq_m_sq_m,success
1,Alder,92,23,0.03152948576113077,0.13743849745570882,0.7195988014494249,1.1253639943454543,0.011942654848344178,0.12479428240550268,0.2247342629474019,0.07301498487149316,0.0077959688218395655,0.055263002700421976,-0.11056391515762531,0.38544091006904296,0.2729866784137502,1.1662109244850996,0.9802620549295349,1.2704659337613737,True
1,Aspen,53,13,0.29950258287893927,0.48527866285422006,-0.3287719107594168,1.0540336481632069,0.18124300244825203,0.3061851510236735,0.47064708728784954,0.09588758260405834,-0.06471886674402216,0.6637240325019007,-0.13002343461963073,1.1005807603280708,-1.274572642800083,0.6170288212812494,0.8613403366139067,1.246726959712507,True
1,Birch,96,24,0.19868912630938107,-0.11572624589013927,0.5502036834444576,0.9737726709920312,0.13343319376645452,0.2658714473127853,0.37104763827877385,0.17598322515570308,-0.06632071405726309,0.4636989666760252,-0.6437698894660554,0.4123173976857769,-0.18672895387804755,1.2871363207669626,0.6242547954973594,1.323290546486703,True
1,Oak,54,13,0.10175453987464118,-0.1438498060020527,0.7757682185619866,1.0878396354929312,0.02833275117458642,0.09958994249076057,0.15543549413977908,0.07151401402021108,0.04484653433204208,0.15866254541724029,-0.34388209246546064,0.05618248046135524,0.4635668404636489,1.0879695966603244,0.9441995109897346,1.2314797599961278,True
1,Pine,297,74,0.1569919720090702,-0.6686614318408411,1.339313528235077,0.6147358925064141,0.03342677783821586,0.13421375157295876,0.17001108411169702,0.07165319406350479,0.09120494940137225,0.22277899461676814,-0.9328066375716686,-0.4045162261100137,1.0047158267112253,1.6739112297589287,0.47371571040617144,0.7557560746066568,True
1,Spruce,6,1,0.10879112766962279,0.10768724797144624,1.0879056110251792,0.6737215350420861,0.22634355725106586,0.2927736110473425,1.3668103165005538,1.8962464794276757,-0.8650865967858108,1.0826688521250563,-1.1520159287843987,1.367390424727291,-4.7930045282427765,6.9688157502931345,-7.485168555844101,8.832611625928273,True
2,Alder,92,23,0.038757563633664435,0.11299593026790275,0.5907677909407416,1.1990708642029764,0.016041255187048555,0.1350172266755593,0.24261549924974626,0.08590782677546027,0.006878939781272422,0.07063618748605645,-0.15532243588204878,0.3813142964178543,0.10862046823076676,1.0729151136507165,1.0283471107424325,1.3697946176635203,True
2,Aspen,53,13,0.6447300926475883,0.795475212107881,-0.8438354062626903,1.0175460954708726,0.3928027815798596,0.3019591994807567,0.4579926326683026,0.11265062431213081,-0.144636650290783,1.4340968355859596,0.18866548220798385,1.402284942007778,-1.7642060596605393,0.07653524713515869,0.7911661904060654,1.2439260005356798,True
2,Birch,96,24,0.18460580893166106,-0.1661899872865046,0.6413824431216686,0.9561319972712181,0.1263361606426189,0.26856707270850055,0.3670083121126035,0.1792673020331273,-0.06630871105678421,0.43552032892010634,-0.6995873755764768,0.3672074010034676,-0.08752774377250283,1.37029263001584,0.6000916616264784,1.3121723329159578,True
2,Oak,54,13,0.15115434025128843,0.04908021719294912,0.4577140906908035,1.0739834653171894,0.03392698852813077,0.07015774555626711,0.13963578558362788,0.06999182762846347,0.08300997829697337,0.2192987022056035,-0.09183576192853787,0.1899961963144361,0.17724736118145962,0.7381808202001474,0.9334007421614532,1.2145661884729255,True
2,Pine,297,74,0.1807591537627835,-0.5738883873443335,1.2503476506728821,0.5687407434193685,0.03539803848159845,0.11592182418305341,0.1507039510508828,0.06439623859335881,0.11109250598931167,0.2504258015362554,-0.8020333705421265,-0.34574340414654037,0.9537481913161078,1.5469471100296563,0.4420029278663357,0.6954785589724013,True
2,Spruce,6,1,0.064790675782989,0.09648750383430778,0.7790454646623465,1.118362993458593,0.05966354184007069,0.28085494730269256,0.19598622385393394,0.3984306287830405,-0.19192082537853114,0.3215021769445091,-1.1119338018262883,1.304908809494904,-0.06421519638562145,1.6223061257103144,-0.5959456390693063,2.8326716259864924,True
3,Alder,92,23,0.04182593364077258,0.18204883049411136,0.5510729687874795,1.1446631967013972,0.016006357126985764,0.1305744699917591,0.2288121040612202,0.08326155212838764,0.010016662349445628,0.07363520493209955,-0.07744049032621309,0.4415381513144358,0.0963569934359218,1.005788944139037,0.9791983580265404,1.3101280353762539,True
3,Aspen,53,13,0.48273845067907306,0.7079509850940322,-0.6395662835192575,0.9972757793183349,0.2830891926696341,0.2882646320850546,0.4427829061726506,0.11879110109717342,-0.08615058080873195,1.051627482166878,0.1286615187157356,1.2872404514723288,-1.5293718471879356,0.25023928014942076,0.7585561241621391,1.2359954344745305,True
3,Birch,96,24,0.1977255621163354,-0.24755714662888179,0.90760140165705,0.7428226171046877,0.13905398802447813,0.2939267918079931,0.40230989385927246,0.16606564852719835,-0.0784476608165669,0.4738987850492377,-0.8313211260240803,0.33620683276631674,0.10857922628908756,1.7066235770250127,0.41300190484920346,1.0726433293601718,True
3,Oak,54,13,0.12409591161593787,-0.040234802022165034,0.6304573310500883,1.061588350069346,0.030637562274656492,0.06948742791796882,0.12722218424056564,0.06906610804793714,0.06255855673662206,0.1856332664952537,-0.1798044085432461,0.09933480449891605,0.3749240536323383,0.8859906084678382,0.9228649894123261,1.2003117107263659,True
3,Pine,297,74,0.1693459887142593,-0.6312465433257735,1.3361719091056605,0.5657707359353609,0.034999932509230065,0.1178058182085584,0.15405965581626577,0.0671222690455442,0.10046285069847986,0.2382291267300387,-0.8630994028300577,-0.3993936838214892,1.0329681091709972,1.6393757090403238,0.4336678376975662,0.6978736341731555,True
3,Spruce,6,1,0.10879112766962337,0.10768724797144637,1.087905611025188,0.6737215350420765,0.226343557251591,0.2927736110476585,1.3668103165022116,1.8962464794314886,-0.8650865967880695,1.0826688521273162,-1.1520159287857579,1.3673904247286506,-4.7930045282499005,6.968815750300276,-7.4851685558605165,8.83261162594467,True
4,Alder,92,23,0.04651220377548284,0.16258243410544937,0.5135751159307482,1.1716381015546289,0.016207975348681437,0.11642427803611534,0.20274886029195802,0.07192116469421236,0.014302258635614788,0.0787221489153509,-0.06878635365600871,0.39395122186690745,0.1106543607664694,0.9164958710950271,1.0287098998909674,1.3145663032182904,True
4,Aspen,53,13,0.5486385401926652,0.7164869678385726,-0.7297164883904557,1.0262391065387433,0.3243436231586526,0.2894664964004381,0.43779236450529974,0.11225765465371593,-0.1031543732277409,1.2004314536130714,0.13478226469369203,1.2981916709834531,-1.609493183104564,0.15006020632365258,0.8006489035684298,1.2518293095090567,True
4,Birch,96,24,0.2525649969051278,0.0077123789856785255,0.585837532395111,0.7380386904261438,0.17536057764911886,0.301882623673254,0.4178683992767623,0.16197621541293636,-0.09571624689643332,0.6008462407066889,-0.5918525692170785,0.6072773271884356,-0.24408517769473803,1.4157602424849602,0.41633994532298213,1.0597374355293054,True
4,Oak,54,13,0.12524543194462046,-0.03551281877610854,0.6384963709621782,1.0470596571757087,0.029409734789157836,0.07197694254373409,0.12961375389800506,0.06632502636807057,0.06617424114939073,0.18431662273985017,-0.18008276258347858,0.1090571250312615,0.3781594845167546,0.8988332574076017,0.9138419211037974,1.18027739324762,True
4,Pine,297,74,0.1522988848452946,-0.7052776581626574,1.420937282387894,0.5850653587983584,0.028557795191042196,0.11766216262294382,0.1517446488816032,0.06347121432626349,0.09609447510672864,0.20850329458386058,-0.9368477900494523,-0.4737075262758626,1.122289632444257,1.719584932331531,0.46014807744896924,0.7099826401477476,True
4,Spruce,6,1,0.09205180577292131,0.09249889699332059,0.7823874089617385,1.0175495903503269,0.05778422579216843,0.19403557354987921,0.1354699207640127,0.2751382449653263,-0.15657365106513038,0.34067726261097303,-0.7423687931992237,0.9273665871858648,0.19950738459473916,1.365267433328738,-0.16627473039354013,2.201373911094194,True
5,Alder,92,23,0.03827238224991799,0.06281614760563176,0.6738731023505787,1.176742200848685,0.013633892532237795,0.1190576806875701,0.2059543359889732,0.06999401446701331,0.011177885802404457,0.06536687869743152,-0.1737859745550819,0.29941826976634545,0.264582137821659,1.0831640668794984,1.0376438052995431,1.3158405963978268,True
5,Aspen,53,13,0.40089645756365416,0.5844829954658337,-0.49295377589673206,1.0297159559583584,0.23828815406788645,0.2849022935313108,0.4392277586919896,0.11332647404787392,-0.07796151615240754,0.8797544312797159,0.01195040138398551,1.157015589547682,-1.3756150032239316,0.38970745143046737,0.8019778800005816,1.2574540319161354,True
5,Birch,96,24,0.405731490725443,-0.0462812435724764,0.5315690028927601,0.6696220931795595,0.24818844110929678,0.2589536796910691,0.3657041853487983,0.1491282179447997,-0.08719217618716263,0.8986551576380486,-0.5605856035310545,0.4680231163861016,-0.19475107568024808,1.2578890814657684,0.37344058004808683,0.965803606311032,True
5,Oak,54,13,0.1313648105468468,-0.10842116512396509,0.7704548375896867,0.9893263288583727,0.02113275135981501,0.04852655213096796,0.08869898712098455,0.0489662922741639,0.0889184302393306,0.17381119085436297,-0.20588961358545338,-0.010952716662476783,0.5922976787737251,0.9486119964056483,0.8909746363253117,1.0876780213914337,True
5,Pine,297,74,0.13989013947258938,-0.4967872088372944,1.1626908220426329,0.6442119321482893,0.027055723015142346,0.11403944343004101,0.14582784993425033,0.06393113297591044,0.08664194814886994,0.19313833079630882,-0.7212274907996263,-0.2723469268749624,0.8756879853681254,1.4496936587171403,0.5183894879157629,0.7700343763808157,True
5,Spruce,6,1,0.010262322410664576,-0.3252886148859593,0.8244722415386124,2.0095868058488047,0.012322668776126566,0.28569970302290043,0.12484723177729834,0.5586645081676441,-0.04275784203607781,0.06328248685740696,-1.554555221970819,0.9039779921989004,0.2872979589370128,1.361646524140212,-0.39415256520306174,4.4133261769006715,True
6,Alder,92,23,0.042274231064309366,0.2029378438367922,0.44283259977542505,1.2199851604606633,0.01770357379851663,0.1393847849180855,0.2507035115677225,0.08176595325021574,0.007092098283226628,0.0774563638453921,-0.07406012654259153,0.4799358142161759,-0.055387947840693674,0.9410531473915438,1.0574925102782504,1.3824778106430762,True
6,Aspen,53,13,0.3719671247483235,0.5723306117132573,-0.48706643653244686,1.0590510960728123,0.19520769015481562,0.2593125491203421,0.3928491810021064,0.09885690000445405,-0.02031741548399124,0.7642516649806382,0.05122253432415824,1.0934386891023564,-1.2765264226007824,0.3023935495358887,0.8603907178045,1.2577114743411246,True
6,Birch,96,24,0.21353804708369536,-0.09578197052114698,0.5535576574304134,0.9276229481254947,0.1354643454964176,0.2642152786535346,0.3619626975183309,0.1668904049328466,-0.055505835941480036,0.48258193010887074,-0.6205363201843621,0.4289723791420681,-0.16533150335746427,1.272446818218291,0.5961641984579347,1.2590816977930548,True
6,Oak,54,13,0.10952936579766223,-0.09538389494852072,0.7242884569057453,1.0679529999276616,0.02267809222670327,0.06057092954645932,0.10848775863552092,0.054787083739016335,0.06397907701065594,0.15507965458466852,-0.2170441874174748,0.02627639752043337,0.5063843807469817,0.9421925330645089,0.9579099036582329,1.1779960961970903,True
6,Pine,297,74,0.1778358713584429,-0.624616942851282,1.2447173741623556,0.6224060656001215,0.03512001915747803,0.1172094112210213,0.15243431839194277,0.06860477776304115,0.10871639159649193,0.24695535112039385,-0.8552960176682598,-0.3939378680343042,0.9447123901709038,1.5447223581538074,0.48738545166187486,0.7574266795383681,True
6,Spruce,6,1,0.07304672542810334,0.06960976071479497,0.7918980219656604,1.0964919788903653,0.06245772547259573,0.2790034828440282,0.1927788638555139,0.38108726007136834,-0.19568717756717294,0.34178062842337964,-1.1308453363387936,1.2700648577683835,-0.03756248282998742,1.6213585267613082,-0.5431941609081312,2.736178118688862,True
7,Alder,92,23,0.06455847961467012,0.15775279320788912,0.4039323175092887,1.1731226646593491,0.022977562268049322,0.12735737492363938,0.22185425844942805,0.07836084829450793,0.018895403000848618,0.11022155622849163,-0.0953432271893627,0.4108488136051409,-0.03695640177689441,0.8448210367954718,1.0173969450441007,1.3288483842745975,True
7,Aspen,53,13,0.4380211381726307,0.6375289457886769,-0.6039139859484643,1.0500450856933126,0.23713042121870714,0.26989036205560496,0.4186030664685603,0.11045214613766766,-0.038510284278509166,0.9145525606237705,0.09516395746188822,1.1798939341154657,-1.4451283425100483,0.2373003706131197,0.8280831879272756,1.2720069834593495,True
7,Birch,96,24,0.12808873048062455,-0.12906603431212285,0.8486211366078876,0.8575623911359562,0.09039209238727605,0.2799785866727171,0.3833729114585443,0.17329249399656427,-0.05143776737032682,0.30761522833157595,-0.6851276743421222,0.42699560571787654,0.0872094428703557,1.6100328303454194,0.5133885399790441,1.2017362422928684,True
7,Oak,54,13,0.14800492460251882,-0.017126275583089396,0.6747300739249044,0.9493362765553904,0.031974163808416826,0.0601960317505391,0.11573830027305639,0.06518030964653565,0.08378292653332083,0.21222692267171683,-0.13803356366794145,0.10378101250176265,0.4422628562924029,0.9071972915574058,0.8184177716852921,1.0802547814254888,True
7,Pine,297,74,0.12863723511152197,-0.5924176563948222,1.2580226146452855,0.6745411094786211,0.02640826057627587,0.12017267724304276,0.1552837465350829,0.06784504697157531,0.07666331037459412,0.18061115984844983,-0.8289287156683,-0.35590659712134454,0.9524096897814276,1.5636355395091435,0.5410157167368604,0.8080665022203818,True
7,Spruce,6,1,0.073046725428103,0.06960976071479438,0.7918980219656597,1.0964919788903678,0.062457725472622835,0.2790034828440282,0.1927788638554577,0.3810872600715948,-0.1956871775672899,0.3417806284234959,-1.1308453363387942,1.2700648577683828,-0.03756248282974628,1.6213585267610657,-0.5431941609091033,2.736178118689839,True
8,Alder,92,23,0.04109427410790592,0.10990788537889662,0.5901779953700129,1.1851199171000122,0.016090236105778817,0.13296998075535804,0.23649902548544072,0.07972371825784963,0.009118310972151142,0.0730702372436607,-0.15434200970302203,0.37415778046081527,0.12018587898034827,1.0601701117596776,1.026685779819532,1.3435540543804925,True
8,Aspen,53,13,0.4321406659553766,0.5855970640832615,-0.5174014652913648,1.0275367521056493,0.250862605685088,0.2825001638198151,0.4311116531538454,0.1134687069942001,-0.0719866143510931,0.9362679462618463,0.017891730386007554,1.1533023977805155,-1.3837527679071822,0.3489498373244527,0.7995128483410314,1.2555606558702672,True
8,Birch,96,24,0.1358974114911457,-0.030405711562688648,0.7106204824941877,0.8640210435461735,0.10072214115642426,0.2861326732532672,0.3995663021586781,0.17544285939170418,-0.06414545487364878,0.33594027785594016,-0.5986898987436512,0.5378784756182738,-0.08295268293792357,1.5041936479262992,0.5155763811015288,1.2124657059908182,True
8,Oak,54,13,0.11221614457649494,-0.12064131805710501,0.7234041458500773,1.0861259492368165,0.030654873040611444,0.09716690758841506,0.15766412677170072,0.06816891626017316,0.05064402000048286,0.173788269152507,-0.3158067956884687,0.07452415957425865,0.40672642737136827,1.0400818643287864,0.949204651320412,1.223047247153221,True
8,Pine,297,74,0.1398482110702512,-0.6141206837669179,1.2672029638495488,0.6593270456677242,0.02746095162937729,0.11671477017023696,0.14993061309530936,0.06608762631883786,0.08580249196401596,0.19389393017648643,-0.8438262587704186,-0.38441510876341717,0.9721255058598501,1.5622804218392474,0.5292604210062268,0.7893936703292215,True
8,Spruce,6,1,0.010347798005421783,-0.7528633181806728,1.405877433641551,1.8291750543783782,0.0493025175617157,2.072150855721552,1.5273722874144207,1.8318950554028894,-0.20178381376238624,0.22247940977322983,-9.668608853893204,8.162882217531859,-5.165875108064347,7.9776299753474476,-6.052833206267729,9.711183315024485,True
9,Alder,92,23,0.058219587658688496,0.14988375421612624,0.4792673005094975,1.148269909292329,0.020679992518413574,0.1291979764496681,0.22030063995823523,0.07692858917474439,0.017122448122060797,0.0993167271953162,-0.10687007493899522,0.40663758337124767,0.04146607150467618,0.9170685295143188,0.9953905037095987,1.3011493148750592,True
9,Aspen,53,13,0.5189213491570336,0.7930724353531662,-0.8251419854066224,1.0680348936598387,0.2832201700703261,0.2859734298696906,0.4334238199010322,0.10530471168452314,-0.05023089127182567,1.0880735895858928,0.21838731221012075,1.3677575584962116,-1.6961397610617,0.04585579024845521,0.8564171527055869,1.2796526346140906,True
9,Birch,96,24,0.26389965575745983,-0.11805956711079964,0.6263396647593497,0.7884572344052937,0.1912513605535962,0.3022328478635795,0.4090171827938822,0.17182406560762747,-0.11594205453632467,0.6437413660512443,-0.7183200907858275,0.4822009565642282,-0.18600376538547903,1.4386830949041784,0.4471998087790715,1.129714660031516,True
9,Oak,54,13,0.12489208441052309,-0.031991495514626156,0.6532335075373779,1.0298471201461075,0.03012178057479601,0.06960681353753302,0.1267989220880906,0.06765390503674677,0.06439070756431686,0.1853934612567293,-0.17180089510973673,0.10781790408048442,0.398550377172789,0.9079166379019667,0.8939602527153502,1.1657339875768649,True
9,Pine,297,74,0.16708853870312343,-0.49373283602218915,1.131209681980362,0.6212727776671776,0.03416477690294405,0.12323060669577585,0.16155008753072303,0.07023667751825169,0.09984906496804741,0.23432801243819945,-0.7362621862303588,-0.2512034858140195,0.8132640124307027,1.4491553515300215,0.48304043250526535,0.7595051228290899,True
9,Spruce,6,1,0.10879112766962047,0.10768724797144578,1.0879056110251646,0.6737215350421063,0.2263435572532851,0.29277361104764976,1.366810316513284,1.8962464794473477,-0.8650865967953616,1.0826688521346026,-1.152015928785721,1.3673904247286124,-4.793004528297565,6.968815750347894,-7.485168555928724,8.832611626012937,True
10,Alder,92,23,0.04948275681399472,0.17140618285729783,0.4900963196964567,1.1608929510372434,0.016058409576341377,0.1082713564641037,0.18823507848818133,0.07103651697052257,0.01757004221762372,0.08139547141036572,-0.043760386495338116,0.3865727522099338,0.11601865601119432,0.864173983381719,1.0197228008288166,1.3020631012456703,True
10,Aspen,53,13,0.40245849780812576,0.6517486424131945,-0.5666302797507579,1.0351540919424034,0.20172104651702738,0.25136981052825597,0.37533822897096064,0.10213932189531869,-0.002915122080287935,0.8078321176965395,0.1466020958137425,1.1568951890126464,-1.3209006902387448,0.18764013073722918,0.8298974399243986,1.2404107439604082,True
10,Birch,96,24,0.20121748856607663,-0.03657767487254673,0.4674156033319804,0.9716055443079523,0.13936357677927916,0.2820307015668282,0.39335368034486623,0.1713826517442345,-0.07557060435661794,0.4780055814887712,-0.5967149922145518,0.5235596424694584,-0.3138187589233271,1.2486499655872878,0.6312248047159275,1.3119862838999772,True
10,Oak,54,13,0.11398628524740548,-0.12555533680135805,0.7557215163164146,1.0561587876521548,0.030623184930102923,0.10182237853341665,0.15472531275345147,0.07220933614087677,0.05247780811450054,0.17549476238031042,-0.330071603020425,0.07896092941770888,0.44494657951282957,1.0664964531199996,0.9111220675676499,1.2011955077366596,True
10,Pine,297,74,0.1637182264166593,-0.5214823119939678,1.1420375069266373,0.6411109221590285,0.033843102536447275,0.1223070978019933,0.15682438783701974,0.06851290856735195,0.0971118378961817,0.2303246149371369,-0.762194110394789,-0.28077051359314653,0.8333924560035038,1.4506825578497708,0.5062711153833211,0.7759507289347359,True
10,Spruce,6,1,0.08147453897880312,0.21275200767592853,0.7510200813198713,0.9693389875562216,0.046278432395791366,0.1926765142953183,0.12613533769267615,0.26043565323965956,-0.11764548449500696,0.2805945624526132,-0.6162681225051605,1.0417721378570175,0.20830352628533355,1.2937366363544092,-0.15122518676559749,2.089903161878041,True
11,Alder,92,23,0.050332477666320034,0.166480555008092,0.47413230562672076,1.1766454946917155,0.01888296812570224,0.1285883794027922,0.2187315631218005,0.0808666835596783,0.012806546492181957,0.08785840884045812,-0.08906182811414198,0.422022938130326,0.03944928711608753,0.908815324137354,1.0159399540510576,1.3373510353323734,True
11,Aspen,53,13,0.42778968427986475,0.7086775631918312,-0.7106904598698499,1.0904793499348553,0.2590333628942196,0.30821430023025537,0.4746691913967898,0.11058071686204382,-0.09275734738267094,0.9483367159424004,0.08929773771999305,1.3280573886636693,-1.6645739127289982,0.24319299298929842,0.8682590796248922,1.3126996202448182,True
11,Birch,96,24,0.035482630769986166,-0.6612995518709021,1.6837305754893739,0.9636892894113396,0.027630028417494942,0.2947299828758606,0.43860537872747146,0.16631305039767566,-0.019392990606971423,0.09035825214694376,-1.2466587380558898,-0.07594036568591445,0.8126224342575745,2.5548387167211732,0.6333772156861123,1.2940013631365668,True
11,Oak,54,13,0.10158883174957044,-0.142855719417605,0.7915830939975479,1.072732379305062,0.028523772934566205,0.0970260592584609,0.15405543833425409,0.07102203656980893,0.04429714771035442,0.15888051578878645,-0.337738294852415,0.05202685601720505,0.48215363956260493,1.1010125484324909,0.9300804205928188,1.2153843380173053,True
11,Pine,297,74,0.1381391139695579,-0.8166412589645516,1.528172082646442,0.6174824324446863,0.028543143357166904,0.12183040744270741,0.1595750648386876,0.06999182246640061,0.0819635404093117,0.19431468752980408,-1.056414886190305,-0.5768676317387983,1.2141134423258788,1.8422307229670052,0.4797319849071786,0.7552328799821939,True
11,Spruce,6,1,0.06479067578299011,0.09648750383431198,0.779045464662345,1.1183629934585855,0.05966354184003979,0.28085494730261235,0.19598622385394673,0.3984306287828526,-0.19192082537839708,0.3215021769443773,-1.111933801825939,1.3049088094945631,-0.06421519638567796,1.622306125710368,-0.5959456390685056,2.8326716259856766,True
12,Alder,92,23,0.047077463829166506,0.10425803297731892,0.6539253218154535,1.0961404114876199,0.01657094034519367,0.11661968591053921,0.20558996613742622,0.07101635638332568,0.014146202030441209,0.0800087256278918,-0.12749908687248993,0.3360151528271278,0.2453584657995631,1.0624921778313439,0.9550103262097984,1.2372704967654413,True
12,Aspen,53,13,0.3652104329261342,0.5344937493842518,-0.4274891640002209,1.0382033319153883,0.2440423105330416,0.34337845480107204,0.5233913906467044,0.10673206257021335,-0.1252109511328704,0.8556318169851388,-0.15555109034768455,1.2245385891161882,-1.4792835419704744,0.6243052139700325,0.8237172219665589,1.2526894418642176,True
12,Birch,96,24,0.2262469721699255,-0.1350240029876666,0.533937290343478,0.9563993417265343,0.14961535706491905,0.27557560953998134,0.38416932978810764,0.17635123152665927,-0.0709020413024678,0.5233959856423188,-0.6823409503804908,0.4122929444051576,-0.22905615894096876,1.2969307396279248,0.6061505738139557,1.306648109639113,True
12,Oak,54,13,0.07869043087543981,-0.2705939011048101,0.9364478683953144,1.1432397096641702,0.017567042949286796,0.07993798551860451,0.12539364112070547,0.05687931156861112,0.04340598668698439,0.11397487506389523,-0.43115407032118186,-0.11003373188843829,0.6845873279228287,1.1883084088678,1.028994250123018,1.2574851692053224,True
12,Pine,297,74,0.17583251179800452,-0.594308159934062,1.2296236158922136,0.6118100171967785,0.03504522724623959,0.11670132003252491,0.14940313736193642,0.0670968043676144,0.10686022950687563,0.24480479408913342,-0.823987263809594,-0.36462905605853013,0.9355842794398157,1.5236629523446115,0.47975723582489216,0.7438627985686649,True
12,Spruce,6,1,0.10879112766962266,0.1076872479714475,1.087905611025183,0.6737215350420819,0.22634355724935468,0.2927736110475486,1.3668103164861307,1.8962464794096499,-0.8650865967784482,1.0826688521176935,-1.152015928785284,1.367390424728179,-4.793004528180715,6.96881575023108,-7.485168555766547,8.832611625850712,True
13,Alder,92,23,0.03673768665042598,0.0872662750472828,0.6113619203536409,1.2135524711027401,0.015242643514852373,0.13193062670059766,0.23519334863150684,0.08403994978654414,0.006446135680125316,0.06702923762072666,-0.17491812225563935,0.34945067235020494,0.14396456234254368,1.0787592783647382,1.0465407306510206,1.3805642115544596,True
13,Aspen,53,13,0.5167175729352727,0.7296226156689083,-0.7424225491214909,1.043884264395185,0.27264354846001765,0.26951997833509816,0.41606188154221185,0.10165707828784298,-0.031180150613024704,1.06461529648357,0.18800194129508585,1.2712432900427308,-1.578530203382119,0.09368510513913719,0.8395967171890272,1.2481718116013427,True
13,Birch,96,24,0.12552471429076312,-0.12508356369123136,0.8662715241250107,0.8350281235860687,0.09040539171886587,0.27986301843191586,0.4014780633481733,0.16860992354003396,-0.054028197180683385,0.30507762576220965,-0.6809156752195014,0.4307485478370386,0.06890143595316467,1.663641612296857,0.500154261541031,1.1699019856311064,True
13,Oak,54,13,0.1414283366568349,-0.03807093648580665,0.7016289350326436,0.9586701049657559,0.03206904629997003,0.06435298727621924,0.1201508852453305,0.070032246566025,0.07701576149464891,0.20584091181902092,-0.16732771547036115,0.09118584249874787,0.46029877964616206,0.9429590904191251,0.8180061979846791,1.0993340119468327,True
13,Pine,297,74,0.15389350477034294,-0.6005848877848572,1.278047664398401,0.612863933421936,0.030662233500073983,0.11838318099203099,0.15109831670464707,0.06694454613009974,0.09354736377419523,0.21423964576649066,-0.833574051203117,-0.3675957243665974,0.9806720565804898,1.575423272216312,0.48111081049041937,0.7446170563534527,True
13,Spruce,6,1,0.06479067578299039,0.09648750383431308,0.7790454646623454,1.118362993458583,0.05966354184001877,0.2808549473024227,0.19598622385383951,0.3984306287827129,-0.19192082537830632,0.32150217694428707,-1.1119338018251221,1.3049088094937484,-0.06421519638521633,1.622306125709907,-0.5959456390679068,2.832671625985073,True
14,Alder,92,23,0.0427894500643044,0.14514632901266694,0.46381413441360886,1.2553656503906883,0.015707638518108278,0.14019113650551815,0.23396044820139109,0.0778418458508468,0.01157381923683614,0.07400508089177266,-0.1334540957039122,0.4237467537292461,-0.0011330930683733365,0.928761361895591,1.1006713390715501,1.4100599617098264,True
14,Aspen,53,13,0.3202914778157065,0.4326456311199481,-0.2852056743785979,1.0424376763745065,0.19049780445617503,0.2870906006858805,0.43481468280800795,0.10078826007098572,-0.06252819274691096,0.7031111483783239,-0.1442845308309561,1.0095757930708522,-1.1589984936897757,0.5885871449325798,0.8398960847425119,1.244979268006501,True
14,Birch,96,24,0.2359512790317494,-0.005549143269469966,0.6432095026162928,0.7285594958205303,0.15758809546015,0.2706248373611536,0.38305010731641737,0.15843284626426424,-0.07703228107604304,0.5489348391395419,-0.5430334297795821,0.5319351432406422,-0.11756107423150564,1.4039800794640913,0.4138981876994531,1.0432208039416073,True
14,Oak,54,13,0.13563830116978792,0.0655545288501028,0.3896455316344828,1.1484135370026787,0.02985415372992026,0.07024713839983666,0.14446559758077596,0.0765081115081875,0.07567446866149966,0.1956021336780762,-0.0755410010818924,0.206650058782098,0.0994778392285336,0.679813224040432,0.9947424724832876,1.3020846015220697,True
14,Pine,297,74,0.14944482948766413,-0.6196440120977209,1.2743752911493706,0.6398402763116983,0.030878594128000713,0.12341591063183648,0.15903503993177262,0.06853246416043346,0.08867287055627532,0.21021678841905295,-0.862538057769208,-0.3767499664262338,0.9613794703123929,1.5873711119863483,0.5049619823012839,0.7747185703221127,True
14,Spruce,6,1,0.09205180577292166,0.09249889699332198,0.7823874089617376,1.0175495903503253,0.05778422579211186,0.19403557354982906,0.1354699207640578,0.2751382449650069,-0.15657365106488663,0.34067726261072995,-0.7423687931990066,0.9273665871856505,0.1995073845945442,1.3652674333289312,-0.16627473039216722,2.201373911092818,True
15,Alder,92,23,0.07137404849805977,0.203533929747652,0.3914108242294843,1.1118732752517755,0.025408081612471094,0.12230657676431944,0.21337467206450872,0.07628262381112867,0.020880825424792783,0.12186727157132676,-0.03952469065827538,0.44659255015357935,-0.03262649897598824,0.8154481474349569,0.9602775900891907,1.2634689604143603,True
15,Aspen,53,13,0.5718118907924205,0.8349959990125451,-0.9310586094832514,1.095418199640343,0.3208609328509469,0.28136522054816987,0.432806413040955,0.09330009195289972,-0.07298229442703019,1.216606076011871,0.26957141920953576,1.4004205788155544,-1.8008156596010843,-0.06130155936541848,0.9079246452299146,1.2829117540507713,True
15,Birch,96,24,0.25700879598945964,-0.2115358297652226,0.652126686447805,0.8666079687164672,0.15299927326682647,0.24464451424553557,0.34265942550237005,0.15209077846424623,-0.046860967149251254,0.5608785591281705,-0.6974209520254366,0.2743492924949914,-0.028424509916787244,1.3326778828123973,0.5645425546741821,1.1686733827587523,True
15,Oak,54,13,0.14194954645369537,-0.038614399465615505,0.6484305675026806,1.0060689657268056,0.03426894799084929,0.06848397712567707,0.12838963263308392,0.06783666235546701,0.07311833870456795,0.21078075420282277,-0.17616851575429426,0.09893971682306324,0.39055240097823063,0.9063087340271305,0.8698150194182297,1.1423229120353815,True
15,Pine,297,74,0.1313038862084019,-0.7383825877094297,1.4289529591109242,0.6491913846388979,0.02643670697619122,0.1204009224638741,0.15100619377808194,0.06697544272933682,0.07927397629804822,0.18333379611875555,-0.9753428549076318,-0.5014223205112275,1.131758657821628,1.7261472604002204,0.5173774543127126,0.7810053149650832,True
15,Spruce,6,1,0.10879112766962937,0.10768724797144945,1.0879056110252232,0.6737215350420251,0.22634355725466793,0.29277361104817046,1.366810316521373,1.8962464794593428,-0.8650865968013025,1.0826688521405612,-1.1520159287879577,1.3673904247308566,-4.793004528332309,6.968815750382756,-7.485168555980415,8.832611626064466,True
16,Alder,92,23,0.059473580534815995,0.2726347452751546,0.2980602579414531,1.1946315218303185,0.021756303319137034,0.13359393593779104,0.2291219959173553,0.07780877871740326,0.016237499452502246,0.10270966161712974,0.007144870383077984,0.5381246201672312,-0.15727156235499556,0.7533920782379018,1.040002924490332,1.349260119170305,True
16,Aspen,53,13,0.46798196469006487,0.6930715576999337,-0.6715729513988744,1.0464396186613623,0.2795472675048063,0.2919746613633732,0.44413972614072333,0.11392889902987285,-0.09378930169473726,1.029753231074867,0.10632650835490354,1.279816607044964,-1.564105146876634,0.22095924407888523,0.8174909243775323,1.2753883129451922,True
16,Birch,96,24,0.23165528585946293,-0.16345716265635268,0.8280568993513109,0.6945641715793824,0.15462725620957862,0.2881483071644266,0.3997839742223839,0.15794060855942205,-0.07544779192607781,0.5387583636450037,-0.7357445727682516,0.4088302474555462,0.034051418411890966,1.6220623802907308,0.38088049002857977,1.008247853130185,True
16,Oak,54,13,0.07353671944863031,-0.27529916623137973,0.9637736539236166,1.1415377854647946,0.01646187618740524,0.07639906032300729,0.12123008067653467,0.05534974689793131,0.04047206803014298,0.10660137086711766,-0.42875119499909176,-0.12184713746366771,0.7202758707200525,1.2072714371271807,1.0303645469804839,1.2527110239491053,True
16,Pine,297,74,0.1489592975810028,-0.6748470589205646,1.3764251449135374,0.6049168595890234,0.029774615097221516,0.12728145845611918,0.1624912973709842,0.06712802742735784,0.09036007255199038,0.2075585226100152,-0.9253488639560574,-0.4243452538850719,1.0566270864396587,1.696223203387416,0.47280262831768327,0.7370310908603636,True
16,Spruce,6,1,0.0730467254281045,0.0696097607147999,0.791898021965658,1.0964919788903584,0.06245772547257663,0.279003482843894,0.1927788638554414,0.3810872600712933,-0.19568717756708956,0.3417806284232986,-1.1308453363382112,1.2700648577678109,-0.03756248282967789,1.6213585267609938,-0.5431941609078152,2.736178118688532,True
17,Alder,92,23,0.03915483643190119,0.14717331779846873,0.5888523661395847,1.164122157968192,0.01610564437686107,0.1437877553250463,0.251626327977483,0.0852557112938175,0.0071482525951900786,0.0711614202686123,-0.13857463104581977,0.4329212666427572,0.08879791482524901,1.0889068174539203,0.9946943469950162,1.3335499689413677,True
17,Aspen,53,13,0.4551306232125587,0.708400738954988,-0.6634637794331192,1.0372454809291571,0.2784531081168069,0.2923425275253558,0.45417419288289956,0.11569874968365157,-0.10444184756064734,1.0147030939857649,0.12091643488025994,1.295885043029716,-1.576160990793753,0.2492334319275148,0.8047401385980765,1.2697508232602377,True
17,Birch,96,24,0.2279533447027623,-0.15330525362030187,0.8064216976848082,0.7128207552272764,0.13880814739098213,0.26288732111157065,0.36508884284810633,0.1476262027229476,-0.04773161751180299,0.5036383069173276,-0.6754221649799302,0.36881165773932645,0.08132374243266283,1.5315196529369537,0.4196223739757765,1.0060191364787763,True
17,Oak,54,13,0.10840958730900174,-0.015677395856572417,0.5819566265483442,1.1184099065625244,0.025120024004439356,0.06393593554743136,0.1216313293979782,0.0674412531533534,0.05795453419869522,0.15886464041930826,-0.14409650179105263,0.1127417100779078,0.33765291156910593,0.8262603415275825,0.9829501630098623,1.2538696501151865,True
17,Pine,297,74,0.14225330150904408,-0.6520608746533941,1.3258150605389083,0.6405804294271401,0.028778947910033874,0.11985439817496216,0.15409032070425033,0.0687634303022724,0.08561364255218745,0.19889296046590071,-0.8879455309768562,-0.41617621832993207,1.0225509092389753,1.6290792118388413,0.5052475724651808,0.7759132863890994,True
17,Spruce,6,1,0.07304672542810477,0.06960976071480039,0.7918980219656578,1.096491978890357,0.06245772547263151,0.2790034828440656,0.1927788638554777,0.3810872600716096,-0.19568717756732545,0.34178062842353496,-1.1308453363389492,1.2700648577685498,-0.03756248282983421,1.6213585267611499,-0.5431941609091775,2.7361781186898915,True
18,Alder,92,23,0.05232180816223765,0.23378427195392698,0.40074207146187807,1.1737369260571682,0.020497319337776636,0.1389915365352803,0.2417576950731074,0.08495062620695785,0.011587693186066214,0.09305592313840909,-0.042432199899946677,0.5100007438078007,-0.07970054570185253,0.8811846886256087,1.0049154075850197,1.3425584445293166,True
18,Aspen,53,13,0.31404716898004464,0.5070771495551593,-0.3852090935674499,1.0693439836915117,0.2170520130484461,0.32828066093240194,0.48888061198149635,0.15005024685755342,-0.12213518161116527,0.7502295195712545,-0.15262753748301594,1.1667818365933345,-1.3676514653180534,0.5972332781831534,0.767806723281443,1.3708812441015805,True
18,Birch,96,24,0.15721186550967808,-0.11930607319610084,0.8479618715661142,0.7607417557992379,0.11494031595164643,0.29369352315188213,0.41535720036345297,0.17343434829927268,-0.0710695232679266,0.38549325428728276,-0.7026067609052239,0.46399461451302215,0.023026619277131344,1.6728971238550971,0.41628616975271593,1.1051973418457597,True
18,Oak,54,13,0.13409335540355544,-0.0466247130348988,0.7315211225586782,0.9535445513831526,0.029134192518895183,0.06337956005330231,0.11903213077109827,0.06439588867485577,0.07557560754603068,0.1926111032610802,-0.17392630590089656,0.08067687983109897,0.4924380516656194,0.970604193451737,0.8242016024034449,1.0828875003628604,True
18,Pine,297,74,0.17337968324459205,-0.6015177883105673,1.2780443683824503,0.5809044448385001,0.0337667297514606,0.11444641397185648,0.15024437279034628,0.06532677726386493,0.10692360350220992,0.23983576298697418,-0.8267590263316814,-0.3762765502894533,0.9823494019912336,1.573739334773667,0.4523352422205754,0.7094736474564248,True
18,Spruce,6,1,0.0647906757829902,0.09648750383431247,0.7790454646623453,1.1183629934585844,0.05966354184000216,0.28085494730246396,0.195986223853885,0.39843062878262575,-0.19192082537823507,0.32150217694421546,-1.1119338018253002,1.3049088094939252,-0.06421519638541218,1.6223061257101028,-0.5959456390675306,2.832671625984699,True
19,Alder,92,23,0.05567937660194511,0.192575541236471,0.4202801735955193,1.1745045876981437,0.020369188608439424,0.12814127894673794,0.2167738104990534,0.07717089457723747,0.015199894525558935,0.09615885867833128,-0.06207832368088498,0.447229406153827,-0.010512222970081975,0.8510725701611206,1.021143651044845,1.3278655243514423,True
19,Aspen,53,13,0.470361646179298,0.7669970528979096,-0.740351973917347,1.0425497930158958,0.29352949445741877,0.31276687197001746,0.47029934659000383,0.11514107259413316,-0.11950795724939522,1.060231249607991,0.13846849199259126,1.395525613803228,-1.6854538948626803,0.20474994702798643,0.8111651447542256,1.273934441277566,True
19,Birch,96,24,0.1271599022126308,-0.292747119635494,0.9795924845002184,0.863429935824787,0.09022534025941874,0.2822518086998521,0.3896857145841517,0.16800530327573449,-0.05203541151886068,0.3063552159441223,-0.8533235748289782,0.2678293355579902,0.20564301885331138,1.7535419501471254,0.5297569018136259,1.197102969835948,True
19,Oak,54,13,0.10763510272294274,-0.07266315978177255,0.6470218288888708,1.1178818869700937,0.02821404152406906,0.09194052820993076,0.14559893728105977,0.07481439718740063,0.050965532530584584,0.1643046729153009,-0.25733114548918606,0.11200482592564094,0.35457775670081104,0.9394659010769306,0.9676127477830146,1.268151026157173,True
19,Pine,297,74,0.15133787173694396,-0.6192400734966866,1.3282165681032256,0.5907414486044754,0.030718017977499464,0.11447196420848224,0.14831946061335388,0.06792266769190759,0.09088194167601378,0.21179380179787416,-0.8445315967712184,-0.3939485502221549,1.0363100087645383,1.620123127441913,0.4570632910312362,0.7244196061777146,True
19,Spruce,6,1,0.09205180577292175,0.09249889699332166,0.7823874089617378,1.017549590350325,0.05778422579209325,0.19403557354977674,0.13546992076402908,0.2751382449649293,-0.15657365106480647,0.34067726261064996,-0.7423687931987817,0.9273665871854251,0.199507384594668,1.3652674333288075,-0.1662747303918337,2.201373911092484,True
20,Alder,92,23,0.06215843334633977,0.2344383214917243,0.3544946867731636,1.1563213202143834,0.023364051557476426,0.12538668531064995,0.22090246500029123,0.07528916134214267,0.015727290484773976,0.10858957620790556,-0.014741367410905565,0.48361801039435415,-0.0845025430381372,0.7934919165844644,1.0066999329475046,1.3059427074812622,True
20,Aspen,53,13,0.48403908711107835,0.7060418589869181,-0.6761747410456987,1.0360411423096385,0.2605483694639629,0.25698291735830303,0.39437576722499257,0.10645171489365063,-0.03955246423810166,1.0076306384602582,0.18961535189844247,1.2224683660753937,-1.468702516984889,0.11635303489349158,0.8221184121094163,1.2499638725098607,True
20,Birch,96,24,0.16718118219233194,-0.16575096026348418,0.8636643955270292,0.7772879075869404,0.12044317229862263,0.2893817165152908,0.4126471454188928,0.17169205784431435,-0.07202935428014984,0.4063917186648137,-0.7404880278103341,0.40898610728336576,0.04411154628162306,1.6832172447724354,0.4362926607731658,1.118283154400715,True
20,Oak,54,13,0.14621357200548069,0.021800200848149456,0.5032978110911739,1.0688273768743684,0.03379525375077265,0.07644939473651824,0.1503701583585613,0.0722839908842104,0.07833380713860885,0.21409333687235252,-0.1317529275644722,0.17535332926077113,0.20127045933205118,0.8053251628502966,0.9236407083248792,1.2140140454238575,True
20,Pine,297,74,0.13817200868824636,-0.5935620910392352,1.244290359754575,0.665794865665748,0.028841779177871493,0.1203339490405309,0.15374585147016834,0.07122201279257315,0.0814086919245347,0.19493532545195802,-0.8303905482814518,-0.3567336337970186,0.9417041560988896,1.5468765634102604,0.5256232886017456,0.8059664427297504,True
20,Spruce,6,1,0.092051805772921,0.09249889699331985,0.7823874089617386,1.0175495903503284,0.057784225792041614,0.19403557354960965,0.13546992076399283,0.27513824496469436,-0.15657365106458504,0.3406772626104271,-0.7423687931980647,0.9273665871847043,0.19950738459482487,1.3652674333286523,-0.16627473039081941,2.2013739110914763,True
21,Alder,92,23,0.041390264955919846,0.14637115441421703,0.5887687279587847,1.1513759295129236,0.01648446807827023,0.13730870204140194,0.23511049634162287,0.07713033389566917,0.008630848616840485,0.07414968129499921,-0.12650103750578387,0.4192433463342179,0.12153602146365189,1.0560014344539175,0.9980955986910163,1.3046562603348308,True
21,Aspen,53,13,0.4846970086325692,0.7524085549234212,-0.741639186138429,1.0458165199719247,0.2479446815050091,0.2624284621771305,0.39488874065630164,0.10648768415095641,-0.013566483497793269,0.9829605007629316,0.22503881581435248,1.2797782940324898,-1.5351978207824832,0.05191944850562513,0.8318215068429229,1.2598115331009265,True
21,Birch,96,24,0.295364890020076,-0.16387415264556862,0.767788156939132,0.6812835769621651,0.1977801683390291,0.27182869823551037,0.3878591615158691,0.15690733575292726,-0.0974435960823608,0.6881733761225128,-0.7037494107657535,0.3760011054746163,-0.0025336166516738423,1.538109930529938,0.3696520643940195,0.9929150895303107,True
21,Oak,54,13,0.10677066915882663,-0.08736634115833787,0.669396103933681,1.1173969546655718,0.01946924475634324,0.054257240352543236,0.09859203946594697,0.053184784094442175,0.06766554019775345,0.1458757981198998,-0.1963452156658797,0.02161253334920396,0.4713681646837553,0.8674240431836067,1.0105721719475682,1.2242217373835753,True
21,Pine,297,74,0.16621645404067853,-0.5927351403668042,1.2158253931759178,0.6371221791638941,0.0315781502360334,0.11048215835703387,0.14286505718184392,0.06132555181849414,0.10406770331328585,0.2283652047680712,-0.8101743528676222,-0.3752959278659862,0.9346536095190795,1.496997176832756,0.5164277621477142,0.757816596180074,True
21,Spruce,6,1,0.10879112766962379,0.10768724797144619,1.0879056110251937,0.6737215350420702,0.22634355725121438,0.29277361104715427,1.3668103165043333,1.896246479430672,-0.8650865967864487,1.0826688521256964,-1.1520159287835887,1.367390424726481,-4.793004528259024,6.96881575030941,-7.48516855585701,8.83261162594115,True
22,Alder,92,23,0.04003236159904429,0.14476774752978291,0.6125079506808107,1.1422320634646825,0.01561798375682852,0.13149148537421512,0.2317549405978035,0.0828852657065208,0.008994900770001146,0.07106982242808743,-0.11654394866599069,0.4060794437255565,0.15194370610624613,1.0730721952553752,0.9775150149822753,1.3069491119470897,True
22,Aspen,53,13,0.4369075938674789,0.6190632502122035,-0.5933859006427584,1.060505419979232,0.2813034231190975,0.3158157480032706,0.4823953069634952,0.1091329697623513,-0.12839279935234826,1.002207987087306,-0.015592256470617238,1.2537187568950243,-1.5627955640239568,0.37602376273843985,0.8411945063904368,1.2798163335680273,True
22,Birch,96,24,0.33263824011000304,-0.08497872252002038,0.6475452870889695,0.6724399263477657,0.2163022945138076,0.2656001893587711,0.3694169873154945,0.1512755340425353,-0.09695678734900376,0.7622332675690098,-0.6124836243851048,0.4425261793450641,-0.08614873666764322,1.3812393108455823,0.3719936580964115,0.97288619459912,True
22,Oak,54,13,0.10745806609910931,-0.0993924052888273,0.7241839552075111,1.0775460210598324,0.021894090416746077,0.0590133101621017,0.10627675490230293,0.0552549728722782,0.06348249129139602,0.1514336409068226,-0.2179241271501451,0.019139316572490517,0.5107208107439913,0.9376470996710309,0.9665631418083377,1.188528900311327,True
22,Pine,297,74,0.1373346387017969,-0.6676373548659925,1.35016800403499,0.644620246045534,0.02833827524696837,0.11986320950547524,0.1537153050109097,0.06848196716750483,0.08156226472789609,0.19310701267569774,-0.9035393527113468,-0.43173535702063826,1.0476419186657742,1.6526940894042057,0.5098413348362826,0.7793991572547855,True
22,Spruce,6,1,0.010347798057989842,-0.7528633158682002,1.405877431942809,1.8291750524096169,0.049302517813830354,2.0721508558216555,1.5273722874842655,1.831895055473621,-0.20178381479458,0.2224794109105597,-9.668608852011443,8.162882220275042,-5.165875110063606,7.977629973949224,-6.052833208540823,9.711183313360058,True
23,Alder,92,23,0.0436696602801555,0.24031500244965526,0.45344853507499583,1.1722494273937711,0.017013470365153795,0.13505754291026736,0.22893553671263714,0.07995840321230319,0.009858963057879915,0.0774803575024311,-0.028083483744919757,0.5087134886442303,-0.001512736733711939,0.9084098068837037,1.013348903081877,1.3311499517056653,True
23,Aspen,53,13,0.4123984220463233,0.6282341578297653,-0.5894191721723402,1.0689606653726595,0.27142802167049457,0.3112311466865451,0.45608406381712624,0.15445283033180252,-0.13305660896568122,0.9578534530583278,0.0027917524251462877,1.2536765632343845,-1.505954412868509,0.3271160685238286,0.7585760822333453,1.379345248511974,True
23,Birch,96,24,0.2179925706229941,-0.34311040697402523,1.017811056326701,0.6922224677120807,0.14155500882266842,0.2683153188351832,0.3819001195203024,0.16307518670996893,-0.06314789549560412,0.4991330367415923,-0.8760077903409624,0.18978697639291203,0.2593244545054274,1.7762976581479748,0.3683410707531607,1.0161038646710008,True
23,Oak,54,13,0.13740995112268467,-0.043900580178731614,0.7117732674229099,0.9622419104497645,0.03214454851102414,0.06390764322866231,0.12148424480410344,0.0677576847049054,0.07284572530650218,0.20197417693886716,-0.1722628593185458,0.08446169896108258,0.4677649805449484,0.9557815543008714,0.8261465954208764,1.0983372254786525,True
23,Pine,297,74,0.15679292073694653,-0.4944446826309043,1.0868461321874585,0.6768655777743479,0.03188873302214961,0.12249549941661453,0.1600962013853913,0.06831740520008696,0.09403291406168235,0.21955292741221072,-0.7355272730159366,-0.25336209224587203,0.7717618464413738,1.4019304179335432,0.5424105398957323,0.8113206156529634,True
23,Spruce,6,1,0.0647906757829902,0.09648750383431288,0.7790454646623447,1.1183629934585846,0.05966354184000034,0.2808549473024492,0.19598622385389453,0.39843062878256574,-0.19192082537822724,0.32150217694420763,-1.1119338018252363,1.3049088094938621,-0.0642151963854537,1.6223061257101432,-0.5959456390672722,2.8326716259844416,True
24,Alder,92,23,0.0574646670350201,0.19822517925676877,0.41694780088536315,1.1625679291196622,0.017098282628993416,0.10779855263274263,0.18740797099077006,0.06223796834253573,0.02348542326040265,0.09144391080963755,-0.016001791833749973,0.41245215034728755,0.04451383954683208,0.7893817622238942,1.0388830454248579,1.2862528128144666,True
24,Aspen,53,13,0.36124298953627154,0.636039018997071,-0.6120308503003091,1.1177377822217631,0.24991470653229098,0.3021262525642639,0.4507586410638033,0.149183446938527,-0.1409794161054414,0.8634653951779845,0.02889358335727188,1.2431844546368702,-1.5178642533041555,0.2938025527035373,0.8179424214645153,1.417533142979011,True
24,Birch,96,24,0.22726468098896999,-0.022180713354947215,0.6760341393198915,0.7302320230862539,0.14551718260642615,0.26541104763466555,0.3776658851161564,0.1490619136189984,-0.061745004266931997,0.516274366244872,-0.5493099634298211,0.5049485367199267,-0.07404290748854414,1.426111186128327,0.4341821960690099,1.0262818501034978,True
24,Oak,54,13,0.11722050423379773,-0.11465801526413302,0.7463059188037249,1.0460721564389066,0.032873067873296115,0.09961074941120603,0.15500751138552898,0.07400491906505294,0.051193004214182034,0.18324800425341342,-0.3147320936571964,0.08541606312893035,0.43496416936625815,1.0576476682411915,0.8974289019105152,1.194715410967298,True
24,Pine,297,74,0.16881176411275642,-0.6220370648531102,1.2884822944393708,0.5999346226289685,0.033321036145517076,0.12037512074719463,0.15598011414728433,0.06642745960836824,0.10323285103813462,0.23439067718737822,-0.8589465518616475,-0.38512757784457285,0.9814988530372784,1.5954657358414632,0.4691991742953425,0.7306700709625944,True
24,Spruce,6,1,0.10879112766962376,0.1076872479714462,1.0879056110251937,0.6737215350420703,0.2263435572534276,0.29277361104796273,1.3668103165126158,1.89624647944766,-0.8650865967959716,1.082668852135219,-1.1520159287870673,1.3673904247299595,-4.793004528294659,6.968815750345048,-7.485168555930103,8.832611626014243,True
25,Alder,92,23,0.05336003218424321,0.2507248150234495,0.3158669810591478,1.2262686555960025,0.019067600023292178,0.14043760372393324,0.2342878354810759,0.07961736122129716,0.015467183911300107,0.09125288045718633,-0.028365411498299076,0.5298150415451981,-0.14973085984562667,0.7814648219639222,1.0680458805763164,1.3844914306156886,True
25,Aspen,53,13,0.33412195943837314,0.5185004444160443,-0.36549327605435344,1.034708665086538,0.16300065905184463,0.22815888514635613,0.35227580310890755,0.09342941091450155,0.006559871372040116,0.6616840475047061,0.05999799869491268,0.9770028901371759,-1.0734180066218297,0.34243145451312285,0.8469552344931834,1.2224620956798926,True
25,Birch,96,24,0.15452887089812709,-0.08221252876507372,0.7621361104348354,0.8274120713801646,0.1112864505437803,0.2865205783496256,0.397913255999856,0.17112132716335596,-0.06649562578893359,0.37555336758518776,-0.6512671289501892,0.4868420714200418,-0.028153962639950736,1.5524261835096216,0.4875503449625056,1.1672737977978236,True
25,Oak,54,13,0.15028467086208305,-0.013877264020911752,0.5811349626969761,1.0265590963447244,0.033383141004664336,0.06579619830187713,0.12448307070141762,0.06389372917102415,0.08323265880661994,0.21733668291754615,-0.14603281766173568,0.11827828961991219,0.3311033567373604,0.8311665686565917,0.8982247644121657,1.1548934282772831,True
25,Pine,297,74,0.18959356876088243,-0.6153435599583685,1.278369035321988,0.5680414548894083,0.03681013752462917,0.11332857910839021,0.14623104444759352,0.06565395090377396,0.11714777810628121,0.2620393594154836,-0.8383847945035133,-0.39230232541322374,0.990572674165612,1.5661653964783642,0.43882834397288795,0.6972545658059286,True
25,Spruce,6,1,0.10879112766962247,0.10768724797144764,1.0879056110251752,0.6737215350420895,0.2263435572514817,0.2927736110475031,1.3668103165021128,1.8962464794308815,-0.8650865967876001,1.082668852126845,-1.152015928785088,1.3673904247279833,-4.7930045282494875,6.9688157502998385,-7.485168555857893,8.832611625942071,True
26,Alder,92,23,0.06201805867047099,0.12339775328580667,0.42890505115412747,1.191442798950781,0.021779367173610176,0.10516645059195481,0.19406253417290265,0.06300346688217667,0.01873614302391883,0.10529997431702315,-0.08559846809585302,0.33239397466746634,0.04324654384886567,0.8145635584593893,1.066236647766605,1.316648950134957,True
26,Aspen,53,13,0.5900651483336441,0.7426156036626952,-0.7317698970493209,0.9969129744826548,0.34887125172647115,0.2920133275349059,0.4402894478519857,0.11284161473660517,-0.11101788008215385,1.291148176749442,0.15579285173683832,1.329438355588552,-1.6165646686219772,0.15302487452333524,0.7701492597902951,1.2236766891750144,True
26,Birch,96,24,0.21138944113699007,0.2683439760499723,0.44573939973529103,0.7111082305924629,0.1340423918785854,0.2830084021341892,0.38625742175752814,0.1480995890889899,-0.05483031926446971,0.4776092015384499,-0.29373513901094384,0.8304230911108884,-0.3214011804381573,1.2128799799087393,0.41696966315673517,1.0052467980281905,True
26,Oak,54,13,0.08687454092191016,-0.14803291758185833,0.7563796732108947,1.1539050262817598,0.02303848154431045,0.091467202808038,0.14507596237685932,0.072374470530147,0.04060038888712019,0.13314869295670012,-0.3317502012403114,0.035684366076594726,0.4649860270320667,1.0477733193897227,1.0085366240149651,1.2992734285485545,True
26,Pine,297,74,0.1631697526509308,-0.6445921695232806,1.2955796955288736,0.6209984516841024,0.0335273656938011,0.11827258592904932,0.15249141520512074,0.06676224407032177,0.09718476374323608,0.22915474155862553,-0.8773636715221871,-0.41182066752437413,0.9954623396732372,1.5956970513845101,0.4896041162428455,0.7523927871253593,True
26,Spruce,6,1,0.08147453897880301,0.21275200767592764,0.7510200813198717,0.9693389875562224,0.046278432395786974,0.19267651429532268,0.12613533769268886,0.2604356532396302,-0.11764548449498817,0.2805945624525942,-0.6162681225051801,1.0417721378570355,0.20830352628527937,1.2937366363544642,-0.15122518676547037,2.089903161877915,True
27,Alder,92,23,0.047496640724412016,0.18915415977635228,0.46469047019117987,1.1827707824863198,0.01835220336417517,0.130176111165921,0.22681466558066427,0.08161473637679052,0.011025492981466219,0.0839677884673578,-0.0695435065868181,0.4478518261395227,0.013943984087654793,0.9154369562947049,1.0205786440638562,1.3449629209087834,True
27,Aspen,53,13,0.5700314305326205,0.6818664798777385,-0.6747213198010199,1.0040806501738366,0.3246653031132431,0.27131951769091245,0.40939723974408215,0.11068681118810682,-0.0824079229588115,1.2224707840240525,0.13662949577623218,1.2271034639792449,-1.49743587493979,0.14799323533775022,0.7816471753334175,1.2265141250142557,True
27,Birch,96,24,0.22449734417593753,-0.14532481724515947,0.7657293215472358,0.7501852891831517,0.15370131603489262,0.2904377127851478,0.40400633218269677,0.16094279472259718,-0.08076673649834404,0.5297614248502192,-0.7221591845343237,0.4315095500440048,-0.03666212676243119,1.5681207698569029,0.43053900677272694,1.0698315715935767,True
27,Oak,54,13,0.1444829655749897,0.08868856433717578,0.3472272110554234,1.147633239212706,0.03010661051459852,0.06771761238708242,0.13827956253040394,0.06818231807028141,0.08401205869142428,0.20495387245855515,-0.047326263072605984,0.22470339174695755,0.0694845357176736,0.6249698863931732,1.0106850229684898,1.2845814554569221,True
27,Pine,297,74,0.14919563228798746,-0.6482368405500767,1.29710122297729,0.647720339825053,0.03052647980959439,0.11570488225996221,0.14880429008366647,0.06740115250158075,0.08911666724125025,0.20927459733472467,-0.8759548617694215,-0.42051881933073193,1.0042404739324124,1.5899619720221676,0.515068572883371,0.7803721067667349,True
27,Spruce,6,1,0.06479067578298986,0.09648750383431132,0.7790454646623455,1.1183629934585868,0.05966354184007425,0.28085494730271143,0.1959862238539336,0.398430628783104,-0.19192082537854555,0.32150217694452526,-1.111933801826366,1.3049088094949888,-0.06421519638562112,1.622306125710312,-0.5959456390695856,2.8326716259867593,True
28,Alder,92,23,0.039711022266657243,0.1609194527293244,0.5172308977331208,1.2119945324040706,0.013332647229643129,0.11467892707026708,0.19701562749821425,0.07228918954821581,0.01321518755581809,0.0662068569774964,-0.06698081674713016,0.388819722205779,0.12570373799256668,0.9087580574736749,1.068334958678042,1.3556541061300993,True
28,Aspen,53,13,0.583726898356311,0.7989082396646945,-0.8620258017160007,1.052546930783863,0.29718756232358506,0.2577922500144312,0.38598326412569905,0.10914644735322233,-0.01349386767196814,1.1809476643845902,0.2808553177118637,1.3169611616175252,-1.6376882112493205,-0.08636339218268108,0.8332089329621972,1.271884928605529,True
28,Birch,96,24,0.3316819652274104,-0.03130821395055136,0.3795920121924598,0.8736465164945809,0.21244628412784494,0.25411979840273685,0.3516782760214797,0.16375726884318537,-0.0902546927660145,0.7536186232208353,-0.5360120684246067,0.4733956405235039,-0.31887139978276374,1.0780554241676834,0.5484104455438428,1.198882587445319,True
28,Oak,54,13,0.14359670150802803,-0.06353955233353983,0.6242550875116869,1.0497649944786072,0.03762434186413852,0.10412519981275885,0.18107504446846903,0.07085562130249867,0.06802598682001847,0.21916741619603758,-0.27268117121676905,0.1456020665496894,0.2605551569704929,0.9879550180528809,0.9074472906679126,1.1920826982893016,True
28,Pine,297,74,0.1542630184813934,-0.5555518086180063,1.1973351707238102,0.6412616566798554,0.03043907487424911,0.11137956277188044,0.14472302624304847,0.06493291073080018,0.09435607451564146,0.21416996244714534,-0.7747571968720931,-0.3363464203639196,0.9125067303223269,1.4821636111252936,0.5134676202068865,0.7690556931528242,True
28,Spruce,6,1,0.09205180577292145,0.09249889699332135,0.782387408961738,1.0175495903503262,0.05778422579210043,0.19403557354974618,0.1354699207640041,0.275138244964987,-0.15657365106483767,0.34067726261068054,-0.7423687931986506,0.9273665871852933,0.19950738459477568,1.3652674333287003,-0.16627473039208085,2.201373911092733,True
29,Alder,92,23,0.04936157620004085,0.15490965243732863,0.48577420087645773,1.1854971092892195,0.01863852741955485,0.13206942312926326,0.2306282653690986,0.08185046706656422,0.012321419563781653,0.08640173283630004,-0.1075505736015554,0.41736987847621265,0.027448986564854783,0.9440994151880606,1.022836505656139,1.3481577129223,True
29,Aspen,53,13,0.4389860062379468,0.7008527524511933,-0.6865604721343916,1.0752801706120851,0.2695535126953003,0.3118423671658656,0.46991130811176196,0.11543481234378936,-0.10270205795573084,0.9806740704316245,0.07418205350690543,1.3275234513954812,-1.630882600562797,0.2577616562940136,0.8433052302233454,1.307255111000825,True
29,Birch,96,24,0.2416394796317774,-0.10064902583413256,0.6739380864921666,0.7790972467528856,0.1577065716141697,0.27223165629973545,0.3833678160207967,0.15076125386815975,-0.07157938434439853,0.5548583436079533,-0.6413245934519801,0.440026541783715,-0.08746348726617603,1.4353396602505093,0.4796723833189379,1.0785221101868334,True
29,Oak,54,13,0.11978586869827791,-0.038660043558906676,0.6579996332628879,1.0439758249516753,0.03041635392772256,0.06996228793699646,0.13143468473472625,0.06546705944078228,0.058692823859868994,0.18087891353668684,-0.17918343449817808,0.10186334738036473,0.3940052995928627,0.9219939669329131,0.9124813661694499,1.1754702837339006,True
29,Pine,297,74,0.151704998737856,-0.7305954610147027,1.401846289770246,0.6274211291105775,0.03119428219564444,0.12362395435520464,0.155947143360341,0.07005315708874282,0.09031173618744728,0.21309826128826473,-0.9738989561760225,-0.4872919658533829,1.0949277379580664,1.7087648415824255,0.4895499693044153,0.7652922889167396,True
29,Spruce,6,1,0.08147453897880254,0.2127520076759262,0.751020081319872,0.9693389875562253,0.04627843239581299,0.19267651429541657,0.1261353376927176,0.26043565323976636,-0.11764548449510058,0.28059456245270564,-0.6162681225055856,1.041772137857438,0.20830352628515592,1.2937366363545881,-0.15122518676605323,2.089903161878504,True
30,Alder,92,23,0.07551992371205675,0.1822201153901003,0.3621131236810235,1.1370456774585498,0.027774601956552788,0.12507021646953637,0.21656558414199684,0.07548001217495387,0.020323738744079438,0.13071610868003405,-0.06633065819204967,0.43077088897225024,-0.06826546675560857,0.7924917141176555,0.9870450142659307,1.2870463406511687,True
30,Aspen,53,13,0.5441189244381989,0.7852094168372431,-0.8006073731611254,1.0444201415396237,0.2976440113226513,0.2692778905117247,0.4066076819965349,0.10377643355002367,-0.05401911019561623,1.142256959072014,0.24407523615848248,1.3263435975160038,-1.6177161021278825,0.016501355805631723,0.8358735904799082,1.2529666925993392,True
30,Birch,96,24,0.06995508018193985,-0.6423550321454413,1.5296332006681919,0.860067192436244,0.055037389344763925,0.3267705721250592,0.47120305300461657,0.17289651987268134,-0.039353925716407695,0.1792640860802874,-1.2913495942253137,0.0066395299344311765,0.5937832645901249,2.4654831367462586,0.5166797800686425,1.2034546048038455,True
30,Oak,54,13,0.1258906187818109,-0.08517879766189096,0.7082907049676592,1.0338891560242984,0.025145061208604932,0.05803105165689815,0.1057586801013997,0.05382975447672757,0.07538527696693609,0.17639596059668572,-0.2017375952521437,0.03137999992836178,0.4958681443662434,0.9207132655690751,0.9257689121679206,1.1420093998806764,True
30,Pine,297,74,0.15042128673683913,-0.5426992363365366,1.2175118488945154,0.6154551669382978,0.030030351820424392,0.11468639134536268,0.14894258709387673,0.06481248333464822,0.09131874793728041,0.20952382553639787,-0.7684127722552404,-0.3169857004178328,0.9243789184093174,1.5106447793797133,0.4878981428352194,0.7430121910413763,True
30,Spruce,6,1,0.0730467254281033,0.06960976071479504,0.7918980219656598,1.096491978890366,0.062457725472532734,0.2790034828436471,0.192778863855361,0.3810872600710217,-0.1956871775669019,0.3417806284231085,-1.130845336337154,1.270064857766744,-0.03756248282933006,1.6213585267606496,-0.5431941609066391,2.736178118687371,True
31,Alder,92,23,0.04164882450258857,0.14653136711438797,0.5133379569740982,1.2133480812439965,0.013460173187605817,0.10765146458203863,0.18740824242210383,0.0709252255598966,0.01489955874798728,0.06839809025718986,-0.06740329738372897,0.3604660316125049,0.14090345622282857,0.8857724577253678,1.0723990993279495,1.3542970631600435,True
31,Aspen,53,13,0.5132166312041987,0.5889439753717679,-0.5237048363259255,0.9809758527361465,0.29541279133964415,0.266457504747237,0.3874569287962528,0.13585673140098367,-0.08043759900317726,1.1068708614115748,0.05347757208447357,1.1244103786590622,-1.3023286858890222,0.25491901323717125,0.7079615295154114,1.2539901759568817,True
31,Birch,96,24,0.17723974447692228,0.04080083674796293,0.6190339315091267,0.7990058730311216,0.11619140838472482,0.2717762963247493,0.37733845503473973,0.15326427978702756,-0.05352642186326048,0.408005910817105,-0.49897034665427736,0.5805720201502033,-0.1303928108948491,1.3684606739131024,0.4946097840687365,1.1034019619935067,True
31,Oak,54,13,0.11212023684095378,-0.12458700775896336,0.7248841256594207,1.0886914577536164,0.02747770779923071,0.08331936378222693,0.1348115211724483,0.06905260373106753,0.056929636461166784,0.16731083722074078,-0.2919388750981934,0.042764859580266656,0.45410721639233503,0.9956610349265065,0.9499952213152977,1.227387694191935,True
31,Pine,297,74,0.1611969651519503,-0.6560423131579033,1.3332896128576033,0.5988953179898832,0.03252207127070921,0.11816742632894495,0.15222557518644034,0.06809768409623859,0.09719048961636195,0.22520344068753867,-0.8886068512363575,-0.42347777507944906,1.033695455002193,1.6328837707130135,0.46487271177716794,0.7329179242025984,True
31,Spruce,6,1,0.10879112766962529,0.107687247971447,1.0879056110252012,0.6737215350420585,0.22634355725001748,0.29277361104711835,1.3668103164933374,1.8962464794175165,-0.8650865967812974,1.0826688521205479,-1.1520159287834333,1.3673904247263273,-4.793004528211704,6.968815750262107,-7.485168555800418,8.832611625884535,True
32,Alder,92,23,0.026940698231484688,0.06426120016588395,0.7406462311223533,1.2176149976055404,0.011796030340336506,0.14065803980037045,0.24469514820127305,0.080768591290561,0.0034985666908929833,0.05038282977207639,-0.21526709673641142,0.3437894970681793,0.2543660431286025,1.226926419116104,1.0571043947371175,1.3781256004739633,True
32,Aspen,53,13,0.44422267228987417,0.7029022344300533,-0.7015970849301983,1.0783368607787895,0.24228319350107794,0.26645586330316834,0.40838529648025285,0.11120869702931438,-0.042663633742484,0.9311089783222324,0.16743912974811248,1.238365339111994,-1.5222780639445972,0.11908389408420061,0.8548546170752713,1.3018191044823078,True
32,Birch,96,24,0.08769602789641384,-0.5113062784843574,1.1656774103497944,1.0169161507131153,0.06816814861717103,0.3238947063147958,0.4706366300891755,0.1802943184548152,-0.047691799324040635,0.22308385511686832,-1.154589122829078,0.13197656586036333,0.23095243907369245,2.1004023816258965,0.6588360718059771,1.3749962296202534,True
32,Oak,54,13,0.11728504399545875,-0.08940373330582506,0.6978490638515358,1.0674535452098868,0.023453962617129644,0.06185074560924155,0.11187360036718573,0.05461514355432882,0.07017637366595239,0.1643937143249651,-0.21363461198949332,0.034827145377843205,0.4731443244305058,0.9225538032725658,0.9577558009651485,1.177151289454625,True
32,Pine,297,74,0.18245214674597435,-0.5849476304667687,1.233709274045766,0.5863764047592369,0.03528868912019927,0.11723561767091419,0.15090009489150472,0.06468385173569491,0.11300070873472734,0.25190358475722135,-0.8156782820261987,-0.3542169789073386,0.9367237852804795,1.5306947628110525,0.45907253966386674,0.7136802698546071,True
32,Spruce,6,1,0.07304672542810332,0.06960976071479552,0.7918980219656594,1.0964919788903658,0.06245772547254074,0.27900348284371396,0.19277886385538384,0.38108726007106264,-0.19568717756693638,0.341780628423143,-1.1308453363374409,1.2700648577670322,-0.037562482829428756,1.6213585267607475,-0.5431941609068154,2.7361781186875467,True
33,Alder,92,23,0.04884347949683236,0.15865203321672586,0.5303451860828956,1.1446714876654387,0.017937940790003822,0.11818249829106049,0.20808223875501086,0.07737452803463454,0.013195591568916157,0.08449136742474857,-0.0762108478375256,0.3935149142709773,0.11682546195368304,0.9438649102121082,0.9909058723061144,1.298437103024763,True
33,Aspen,53,13,0.3562747366988616,0.5618239924066676,-0.4999747290668456,1.085233255725558,0.215185618303198,0.2958715824253895,0.4494865613761313,0.1128978057479716,-0.07615695322958954,0.7887064266273127,-0.03275221300563791,1.156400197818973,-1.4032517922306913,0.403302334097,0.8583566209682071,1.3121098904829087,True
33,Birch,96,24,0.13165946775609882,-0.1825723072790931,0.8888986290018457,0.849430724207284,0.09376599420689477,0.27263107646850826,0.3807231971001558,0.17340912462411612,-0.05456789033353379,0.31788682584573147,-0.7240411578288546,0.35889654327066833,0.1327494966953381,1.6450477613083532,0.5050252345568538,1.1938362138577143,True
33,Oak,54,13,0.11799148518899007,-0.04267444238873648,0.6616998107898956,1.0492228337046194,0.03016481265950383,0.07032734884343846,0.13316509787091843,0.06551625511391317,0.057403675856931256,0.17857929452104887,-0.18393107973811373,0.09858219496064076,0.3942298400474727,0.9291697815323186,0.9176295625048511,1.180816104904388,True
33,Pine,297,74,0.17173831952836952,-0.5296431024313,1.1861675850981441,0.5978631030433831,0.03341020498630904,0.11677154082466319,0.1500342862798842,0.06606978879360577,0.10598391384200168,0.23749272521473735,-0.7594604073880815,-0.29982579747451843,0.8908860885926649,1.4814490816036234,0.46783158429850713,0.727894621788259,True
33,Spruce,6,1,0.10879112766961839,0.10768724797144381,1.087905611025158,0.6737215350421197,0.2263435572524309,0.292773611047885,1.3668103165063878,1.8962464794384954,-0.8650865967916884,1.0826688521309251,-1.152015928786735,1.367390424729623,-4.7930045282678995,6.968815750318215,-7.485168555890622,8.832611625974861,True
34,Alder,92,23,0.037150868480484066,0.1908992098657081,0.537328294704121,1.187731309149849,0.015002802666264628,0.13093606752459105,0.23357918615090803,0.08241254424446706,0.007335950797754332,0.0669657861632138,-0.06930871006676129,0.45110712979817746,0.07313874543090854,1.0015178439773336,1.0239536952378692,1.3515089230618287,True
34,Aspen,53,13,0.6437977646339195,0.7311562393140157,-0.7565943695662513,0.9922244212624866,0.3957923511328075,0.2784406624046896,0.4080222905553473,0.137049290699623,-0.1515767432477314,1.4391722725155702,0.17160877913568906,1.2907036994923424,-1.5765458608630287,0.06335712173052632,0.7168135604063977,1.2676352821185755,True
34,Birch,96,24,0.09151339196032883,-0.41651376515485733,1.2186945712161057,0.8610817324957176,0.06948685365863003,0.3145766459395996,0.45111447581950764,0.1603929457858242,-0.04649349729906184,0.2295202812197195,-1.0412901372878764,0.20826260697816174,0.3227422834124002,2.1146468590198113,0.5425274975350078,1.1796359674564274,True
34,Oak,54,13,0.14400492528745126,0.018317759859362258,0.5123619058980028,1.068408060592178,0.0344276474085988,0.07496431090158286,0.14940209226047135,0.07282684945606267,0.07485496037671799,0.21315489019818454,-0.13225248988436641,0.16888800960309094,0.21227897212131447,0.812444839674691,0.9221310285116129,1.214685092672743,True
34,Pine,297,74,0.1448783887685241,-0.7453472443601317,1.4517708977693193,0.608653957046639,0.028730555558177308,0.11488048723332091,0.14943959336142526,0.06520102543861518,0.08833397048251633,0.20142280705453186,-0.9714427791251188,-0.5192517095951446,1.1576598125030164,1.7458819830356223,0.4803322457726514,0.7369756683206268,True
34,Spruce,6,1,0.09205180577292237,0.09249889699332452,0.7823874089617362,1.017549590350322,0.05778422579207281,0.19403557354964868,0.1354699207639557,0.27513824496487244,-0.15657365106471793,0.34067726261056264,-0.7423687931982279,0.9273665871848769,0.19950738459498218,1.3652674333284902,-0.16627473039159213,2.201373911092236,True
35,Alder,92,23,0.04509273189432334,0.20171990285755437,0.4576299214301562,1.1901910774192723,0.01669314353796085,0.12485429825360844,0.21674390446110073,0.07602459802394457,0.011918616929161824,0.07826684685948486,-0.0464017786424496,0.44984158435755833,0.0268969568306755,0.8883628860296369,1.0391081642884235,1.3412739905501212,True
35,Aspen,53,13,0.43035723094482403,0.5770538698302093,-0.5151721705842711,1.034781620041153,0.22119487289517026,0.25611983977631814,0.392804595567158,0.09565545352011723,-0.01415050820525976,0.8748649700949078,0.06236178207821197,1.0917459575822068,-1.3045425588665978,0.2741982176980555,0.8425547893507586,1.2270084507315475,True
35,Birch,96,24,0.3007332316023243,-0.03556933241883373,0.5731854748789074,0.7374106652013986,0.19554861569038096,0.2821720668713944,0.38707512550783413,0.15271145907942724,-0.08764319831907635,0.6891096615237249,-0.5959874134579294,0.5248487486202619,-0.19557913552434336,1.341950085282158,0.4341125258821058,1.0407088045206914,True
35,Oak,54,13,0.11002539794437276,-0.1338030122515166,0.7605235824247718,1.069657812751438,0.03022217338126822,0.09772480241324831,0.15716156026355116,0.06964481469548302,0.049322376211937406,0.1707284196768081,-0.330089054616893,0.06248303011385972,0.44485529848544325,1.0761918663641004,0.9297720855842566,1.2095435399186194,True
35,Pine,297,74,0.14977669626749213,-0.6407780310857658,1.325724380257608,0.6143523998891457,0.03104951221662444,0.12009324882085376,0.15552224314297136,0.06899639345857145,0.0886683545649378,0.21088503797004646,-0.8771327678015763,-0.4044232943699553,1.0196420717812775,1.6318066887339384,0.4785610496645578,0.7501437501137336,True
35,Spruce,6,1,0.0814745389788028,0.21275200767592725,0.751020081319871,0.9693389875562243,0.04627843239578192,0.19267651429526417,0.1261353376926664,0.2604356532395859,-0.11764548449496665,0.28059456245257225,-0.6162681225049288,1.0417721378567832,0.20830352628537518,1.2937366363543668,-0.15122518676527774,2.0899031618777264,True
36,Alder,92,23,0.03648581142035767,0.04952838278991441,0.7142697214442038,1.1617557380403218,0.014654218071287431,0.13356140118914878,0.22931735914159657,0.08216964683633816,0.007363632370262399,0.06560799047045295,-0.21589683612593064,0.3149536017057594,0.2585496577922597,1.1699897850961478,0.9984608316857104,1.3250506443949333,True
36,Aspen,53,13,0.5757167828238422,0.7794939907886294,-0.807234789174215,1.0321722198202303,0.3884406734040996,0.3390050825529121,0.5143981738708915,0.12262606414399896,-0.20488397554284277,1.3563175411905273,0.09823777162934355,1.460750209947915,-1.8409566214096595,0.2264870430612297,0.7857459178898283,1.2785985217506324,True
36,Birch,96,24,0.109930914929395,-0.3179731477825503,1.125522508655848,0.7996471437854954,0.08167115652193291,0.3160401223261488,0.4485587127353498,0.1642564148129726,-0.05227505152838999,0.27213688138717995,-0.9456561103420758,0.3097098147769752,0.23464618694295714,2.016398830368739,0.4734197258540016,1.1258745617169892,True
36,Oak,54,13,0.12288645452119736,-0.06638369555026638,0.657876264212596,1.0686721158458274,0.023349250696722855,0.057663778861627414,0.1049194389836228,0.05245629506091662,0.07598810427356961,0.1697848047688251,-0.18220480402095138,0.049437412920418616,0.44713936900554063,0.8686131594196514,0.9633105464141772,1.1740336852774778,True
36,Pine,297,74,0.14826305107492518,-0.6137040227079513,1.2777477679381912,0.6370112087938063,0.030543017239002747,0.12041400134038212,0.15573442690734154,0.06808230276042498,0.08815153882164517,0.2083745633282052,-0.8506900303573773,-0.3767180150585253,0.971247861984438,1.5842476738919444,0.5030188744873993,0.7710035431002134,True
36,Spruce,6,1,0.010262322410664564,-0.32528861488595995,0.8244722415386129,2.009586805848805,0.01232266877610118,0.28569970302231257,0.12484723177724359,0.5586645081664782,-0.04275784203596859,0.06328248685729772,-1.55455522196829,0.9039779921963702,0.28729795893724885,1.3616465241399769,-0.39415256519804487,4.413326176895655,True
37,Alder,92,23,0.04222497623739295,0.15277498530957268,0.5771644636050993,1.1535353937319155,0.014677385445287306,0.11994606468698359,0.20484710950800805,0.070315003513202,0.013056756899752973,0.07139319557503293,-0.08559261336925358,0.39114258398839896,0.1700738790398743,0.9842550481703243,1.0137990999045612,1.2932716875592698,True
37,Aspen,53,13,0.48017169819205796,0.6693795650999157,-0.6982276065592803,1.0810587724132215,0.28066093023817623,0.29206773697417865,0.44175861012448814,0.10891159078418995,-0.08383755724423803,1.044180953628354,0.08244747331223024,1.2563116568876012,-1.5859747702540818,0.18951955713552127,0.8621927365369602,1.2999248082894828,True
37,Birch,96,24,0.031064239042986753,-0.9098345659552509,1.934473835770552,0.9895030625395048,0.027342815226629145,0.34493994871054096,0.4950991603649419,0.19345893859547209,-0.023240952145544405,0.08536943023151791,-1.5949150782590809,-0.22475405365142098,0.9511641678357476,2.9177835037053566,0.6052769117031489,1.3737292133758607,True
37,Oak,54,13,0.12565983048336363,-0.12272965880548264,0.7478286347795912,1.0339744068174812,0.032934016516254834,0.09334351245691194,0.1442579907718025,0.0708918804102898,0.05950991151156301,0.19180974945516424,-0.31021562130630403,0.06475630369533875,0.4580779329215397,1.0375793366376427,0.8915838744454362,1.1763649391895261,True
37,Pine,297,74,0.17162687174921834,-0.6514872344639591,1.3625549057955877,0.5560680803813381,0.03420247457176758,0.1167187157692306,0.1489417324854702,0.06719985455951116,0.10431320547894929,0.2389405380194874,-0.881200574775006,-0.4217738941529121,1.0694236572595992,1.6556861543315762,0.423812486601482,0.6883236741611942,True
37,Spruce,6,1,0.08147453897880275,0.2127520076759267,0.7510200813198725,0.9693389875562235,0.04627843239584243,0.1926765142954749,0.12613533769271473,0.2604356532399361,-0.11764548449522705,0.28059456245283254,-0.616268122505836,1.0417721378576894,0.2083035262851688,1.2937366363545761,-0.15122518676678554,2.0899031618792323,True
38,Alder,92,23,0.05803097872232834,0.17320804645125376,0.43675398284151934,1.1609265670542106,0.021715757594208625,0.12369747589623846,0.21614451762812698,0.07978301703105703,0.01487547374822705,0.10118648369642963,-0.07261469370253876,0.4190307866050463,0.007212173620320672,0.866295792062718,1.0023745859227384,1.3194785481856828,True
38,Aspen,53,13,0.48923866945241096,0.7724671167975768,-0.7813735901903767,1.0642890318920213,0.25386722308210674,0.26406568710866296,0.4032868129352144,0.10640092278207934,-0.020926615572155305,0.9994039544769773,0.24180725100848988,1.3031269825866638,-1.5918087829257554,0.02906160254500212,0.8504683722614543,1.2781096915225882,True
38,Birch,96,24,0.1031358086723126,-0.3896853337009842,1.2174467903757964,0.8038084175255884,0.07954217656779995,0.31223967505977357,0.45402594299775734,0.16794412428024386,-0.054841819829505686,0.2611134371741309,-1.0098202799464675,0.23044961254449908,0.3157120774471168,2.119181503304476,0.470256890280256,1.1373599447709208,True
38,Oak,54,13,0.09922504625745922,-0.09091882446194237,0.6693942720671099,1.1385211527285872,0.026038252812860017,0.0945818749277726,0.1496834093242192,0.07242958555639144,0.046925676307005955,0.1515244162079125,-0.2808921111876945,0.0990544622638098,0.36874629633864137,0.9700422477955783,0.9930420486736156,1.284000256783559,True
38,Pine,297,74,0.17103394449152706,-0.5359664589647637,1.1782434198830487,0.6101566712178799,0.033204519075942754,0.11545397168687467,0.14795725474270632,0.0643922383134504,0.10568434789866035,0.23638354108439377,-0.7631906647280058,-0.3087422532015216,0.8870497155469064,1.469437124219191,0.4834267285895437,0.736886613846216,True
38,Spruce,6,1,0.07304672542810318,0.06960976071479437,0.79189802196566,1.0964919788903669,0.062457725472529445,0.27900348284364923,0.192778863855382,0.3810872600709972,-0.19568717756688786,0.34178062842309426,-1.1308453363371638,1.2700648577667524,-0.03756248282942032,1.6213585267607402,-0.5431941609065327,2.7361781186872665,True
39,Alder,92,23,0.035361880542345084,0.08616038765368318,0.6475614715249183,1.1983980821105356,0.014427412643976054,0.13306761944440754,0.23181025642505285,0.08178881207542057,0.006690429619234415,0.06403333146545576,-0.1782835438053989,0.35060431911276524,0.1868872983674964,1.10823564468234,1.0358600048164712,1.3609361594045999,True
39,Aspen,53,13,0.3629328519638906,0.5921664906052879,-0.47743961864075046,1.0368132279570843,0.23378118174940352,0.318454191863552,0.48406190538594474,0.1136775018991795,-0.10686802178652088,0.832733725714302,-0.04779116752371004,1.232124148734286,-1.450198436941942,0.495319199660441,0.8083697351217811,1.2652567207923875,True
39,Birch,96,24,0.11588099878347845,-0.17718734217921547,0.9108029262004911,0.8631747791272942,0.08778066514432477,0.2958098278731812,0.4117427374813727,0.18084817636802694,-0.058458979152533966,0.2902209767194909,-0.7646911937378097,0.4103165093793787,0.09304630918473555,1.7285595432162466,0.5039946905971913,1.2223548676573972,True
39,Oak,54,13,0.11680016652746149,-0.11094609387372102,0.7424747618825822,1.0495542175530455,0.022370291532599448,0.058710566757775355,0.10362330797751843,0.0547499582686552,0.07186811362930837,0.1617322194256146,-0.22886973771165076,0.006977549964208712,0.534341222418314,0.9506083013468504,0.9395856899854016,1.1595227451206893,True
39,Pine,297,74,0.16911584499457694,-0.5898664338561159,1.2369691565598204,0.6113497348503724,0.03399538741597869,0.11823987932871333,0.15381400695433387,0.06676075295223804,0.10220974559975085,0.23602194438940302,-0.8225735662090415,-0.3571593015031903,0.9342488165419844,1.5396894965776564,0.47995833406885324,0.7427411356318915,True
39,Spruce,6,1,0.06479067578298986,0.09648750383431083,0.7790454646623458,1.118362993458587,0.05966354183995287,0.28085494730232363,0.19598622385388623,0.39843062878225666,-0.19192082537802335,0.32150217694400307,-1.111933801824698,1.3049088094933199,-0.06421519638541684,1.6223061257101086,-0.5959456390659397,2.8326716259831137,True
40,Alder,92,23,0.042231507834422796,0.15928560430293692,0.5006753831586364,1.2100211364838453,0.01627535040967777,0.1271006044893862,0.2225999377120824,0.08173939068469006,0.009887668918694352,0.07457534675015123,-0.09330013881273524,0.4118713474186091,0.05830478303136549,0.9430459832859073,1.0475812738186856,1.372460999149005,True
40,Aspen,53,13,0.5046992762783559,0.6292362537467592,-0.6070701509547859,1.01909801694,0.2946229170613765,0.28189891195917566,0.4324946236978615,0.11011293457878836,-0.08736764213896808,1.0967661946956797,0.06273918089992414,1.195733326593594,-1.476200636929537,0.2620603350199654,0.7978177903228348,1.2403782435571649,True
40,Birch,96,24,0.20183063957262792,0.016902276727274058,0.653564329148112,0.7457527087899019,0.13765679869088912,0.28387189446394884,0.3978440007837005,0.16248652071066394,-0.07156764474264321,0.47522892388789906,-0.54689180863457,0.5806963620891181,-0.13658819708949022,1.4437168553857143,0.4230404533174558,1.0684649642623478,True
40,Oak,54,13,0.15371435782130813,-0.029406674117152372,0.7167779074922895,0.9120208590553998,0.0333056275473154,0.06072561875245132,0.1141899754935189,0.0672579116966457,0.08681803612691366,0.2206106795157026,-0.15137766900034533,0.09256432076604057,0.48742059170421953,0.9461352232803595,0.7769293676562337,1.0471123504545659,True
40,Pine,297,74,0.12776007424896765,-0.5482086582479747,1.1959408749564755,0.6882108129274104,0.025679071648568436,0.11666648606214959,0.1514022857771491,0.0649332525838349,0.0772212614664301,0.1782988870315052,-0.7778192056144799,-0.31859811088146944,0.897967027597155,1.493914722315796,0.5604161036557221,0.8160055221990986,True
40,Spruce,6,1,0.010347798008509615,-0.7528633180448333,1.4058774335417643,1.8291750542627316,0.04930251757635101,2.07215085571976,1.5273722874127849,1.8318950554006774,-0.20178381382226906,0.22247940983928832,-9.668608853749655,8.16288221765999,-5.165875108157095,7.977629975240624,-6.052833206373858,9.711183314899321,True
41,Alder,92,23,0.059227027752766524,0.17711063063018204,0.4536591314025352,1.131838867557432,0.024303781845543194,0.13048913675395366,0.2343031431162611,0.08102830461236962,0.010928368414050774,0.10752568709148227,-0.08220910831151843,0.4364303695718825,-0.011969130210497336,0.9192873930155678,0.9708121390368172,1.2928655960780469,True
41,Aspen,53,13,0.6293369136292928,0.719712731745094,-0.7634289929654021,1.0128762688399247,0.3408888043650337,0.26985046810646274,0.4095106992870782,0.10115589062615775,-0.05570478623727282,1.3143786134958584,0.1774279133106128,1.2619975501795753,-1.586371553592193,0.05951356766138871,0.8095958959478442,1.216156641732005,True
41,Birch,96,24,0.19485088615790797,-0.21625335239984647,0.8776548795652725,0.7614228206934065,0.11970493568657734,0.257856084960139,0.35207972002206017,0.14687563156965017,-0.042893448680718316,0.43259522099653425,-0.7283777944817666,0.29587108968207376,0.17839416515347406,1.5769155939770712,0.46971513853936886,1.053130502847444,True
41,Oak,54,13,0.12272071099849835,-0.09821397949233182,0.7171125354610874,1.0428573415392253,0.03405056287530239,0.0981820545479125,0.15358215988391447,0.07098358214955279,0.05432814266314984,0.19111327933384686,-0.2954184397993155,0.09899048081465181,0.40863368877013506,1.0255913821520397,0.9002826208031881,1.1854320622752625,True
41,Pine,297,74,0.12719192694142276,-0.49542067398569745,1.1309144213312865,0.6988315027073303,0.027664900367895564,0.1233536050958301,0.15811600666687486,0.07065368579521954,0.07274481765822666,0.18163903622461886,-0.7381920965397044,-0.2526492514316905,0.8197273438457524,1.4421014988168206,0.5597784462858029,0.8378845591288577,True
41,Spruce,6,1,0.081474538978803,0.2127520076759273,0.7510200813198721,0.9693389875562225,0.046278432395787286,0.19267651429528418,0.12613533769267468,0.2604356532396081,-0.11764548449498954,0.2805945624525955,-0.616268122505015,1.0417721378568696,0.20830352628534066,1.2937366363544034,-0.15122518676537522,2.08990316187782,True
42,Alder,92,23,0.048663233141028495,0.18926458753618372,0.5256262790115077,1.127317329604701,0.01631174662471989,0.1139962927969258,0.19745210695666823,0.07179736092877007,0.016247064396028632,0.08107940188602836,-0.03727908976747332,0.4158082648398408,0.133231708066961,0.9180208499560545,0.9846351619093309,1.2699994973000712,True
42,Aspen,53,13,0.540307834780592,0.7744233123801353,-0.7822670243331394,1.0334858615923919,0.2856157196289605,0.2526389069368804,0.3838724826612122,0.10572362491600124,-0.03365844272061469,1.1142741122817985,0.26672642106438194,1.2821202036958885,-1.553687659704435,-0.010846388961843978,0.8210262829816559,1.2459454402031278,True
42,Birch,96,24,0.1638488676687287,0.06985735264627789,0.6137401712037912,0.8079351222531558,0.11701071035746617,0.3026698935197776,0.4145655690188815,0.1674664769703233,-0.06854450310896673,0.39624223844642414,-0.5312711814264078,0.6709858867189636,-0.20962283290366857,1.4371031753112509,0.47533224379438516,1.1405380007119263,True
42,Oak,54,13,0.11736953753288851,-0.0119474263091801,0.5810060306207494,1.0934752365774085,0.02620469793879491,0.06666267432140466,0.1221958573763238,0.06578323936978632,0.06473585270807396,0.17000322235770304,-0.14584334825444287,0.12194849563608266,0.33556842782656926,0.8264436334149295,0.9613457117177187,1.2256047614370984,True
42,Pine,297,74,0.13611645335858447,-0.6031192742648417,1.266382224576136,0.6602678862749802,0.027955588475020676,0.11624757463247322,0.15145324979883137,0.06732578897766797,0.08109724271498248,0.19113566400218646,-0.8319053647893466,-0.37433318374033675,0.9683080752594202,1.5644563738928519,0.5277644417912821,0.7927713307586783,True
42,Spruce,6,1,0.010347798057989842,-0.7528633158682002,1.405877431942809,1.8291750524096169,0.049302517813830354,2.0721508558216555,1.5273722874842655,1.831895055473621,-0.20178381479458,0.2224794109105597,-9.668608852011443,8.162882220275042,-5.165875110063606,7.977629973949224,-6.052833208540823,9.711183313360058,True
43,Alder,92,23,0.043966073578627446,0.1271783101706191,0.5350687621605583,1.1967604849887241,0.016616163436451593,0.13856986736449173,0.24294385120590667,0.0805019286165324,0.010944940388988945,0.07698720676826595,-0.14820018281383468,0.40255680315507286,0.05226890893600844,1.0178686153851082,1.036779818149727,1.3567411518277213,True
43,Aspen,53,13,0.3509978253535379,0.5337625372294507,-0.42842618389181203,1.0549370659755963,0.21247971201360571,0.29903538236670996,0.4567678576337414,0.09886334991028312,-0.07599614230135637,0.7779917930084321,-0.0671715622001634,1.1346966366590647,-1.3463355597091526,0.48948319192552864,0.8562637261362481,1.2536104058149444,True
43,Birch,96,24,0.15678336145905203,-0.25170575052897803,0.7699583953965211,0.956709164376319,0.10778412624664323,0.26833998270158743,0.37414923614080847,0.17924006486760385,-0.05728521686393925,0.37085193978204334,-0.7846521184635038,0.28124061740554773,0.02686571699954421,1.513051073793498,0.600722924093338,1.3126954046593,True
43,Oak,54,13,0.14177074490638375,0.010404681612415822,0.551569063901301,1.0449884650435834,0.032566417127824154,0.06910519459359701,0.12584216247097554,0.06374749475598847,0.07635917103581825,0.20718231877694926,-0.12839718668204972,0.14920654990688134,0.2988076417837586,0.8043304860188434,0.9169478535778474,1.1730290765093196,True
43,Pine,297,74,0.1367042186250831,-0.6591157325382225,1.3221747406794662,0.6621118712865428,0.02764048567751856,0.11820093305971247,0.1514336743513825,0.06610837684024945,0.08230515973416729,0.19110327751599893,-0.8917462149941211,-0.42648525008232396,1.0241391176727077,1.6202103636862246,0.5320044076597156,0.79221933491337,True
43,Spruce,6,1,0.09205180577292223,0.09249889699332293,0.7823874089617372,1.0175495903503229,0.05778422579211963,0.19403557354982007,0.13546992076402575,0.27513824496507916,-0.1565736510649195,0.340677262610764,-0.7423687931989669,0.9273665871856127,0.19950738459468176,1.3652674333287926,-0.16627473039248075,2.2013739110931265,True
44,Alder,92,23,0.04291197227671526,0.15894363108997497,0.5751169302305709,1.146335274030108,0.015234627124537894,0.11600879459415593,0.20290317763800053,0.07498628735223879,0.012636352197639089,0.07318759235579143,-0.07159947063827202,0.389486732818222,0.17188950176853413,0.9783443586926076,0.9973157851736862,1.2953547628865298,True
44,Aspen,53,13,0.45000610836396393,0.6488136736162514,-0.6078152018542794,1.0396807944646924,0.2606616630164249,0.28741304312565735,0.43783479651785767,0.11521448757914987,-0.0738131149027701,0.973825331630698,0.07123553932297211,1.2263918079095308,-1.4876771668900857,0.2720467631815269,0.8081486132670985,1.2712129756622863,True
44,Birch,96,24,0.1325608462958535,-0.22128437924966288,0.7713058058508031,0.9920730985724135,0.09310184107479443,0.27788466845849413,0.3902283274677243,0.1802820003637726,-0.05234744634575442,0.3174691389374614,-0.7731873169655794,0.3306185584662536,-0.003721335819568905,1.5463329475211751,0.6340174844573462,1.3501287126874808,True
44,Oak,54,13,0.1429740934556919,0.026468102046451118,0.4995232221440215,1.0737084607759155,0.03399484971864517,0.07778960091690695,0.15407226182497852,0.0710946466538912,0.07469342828881115,0.21125475862257265,-0.12977690970188407,0.1827131137947863,0.19005997673348668,0.8089864675545564,0.9309106604176585,1.2165062611341726,True
44,Pine,297,74,0.14176122933495827,-0.7543288194830156,1.4643623491029067,0.6111583270556429,0.029453307313147253,0.12309716570301348,0.15704134570270226,0.06928250621622109,0.08379436805207865,0.1997280906178379,-0.99659554534701,-0.5120620936190211,1.155290304824815,1.7734343933809984,0.4748038801859955,0.7475127739252903,True
44,Spruce,6,1,0.06479067578298973,0.09648750383431076,0.7790454646623451,1.1183629934585884,0.05966354184008283,0.2808549473027773,0.19598622385396794,0.39843062878314894,-0.19192082537858263,0.3215021769445621,-1.1119338018266502,1.3049088094952717,-0.06421519638576911,1.6223061257104594,-0.5959456390697777,2.832671625986954,True
45,Alder,92,23,0.0599367022373777,0.12878681338965098,0.4265844814956527,1.1958540402933338,0.020437093051419494,0.121315800370064,0.21220646192080314,0.07029235871937363,0.019322274349680237,0.10055113012507516,-0.11230284712965857,0.3698764739089605,0.004868730468759241,0.8483002325225462,1.0561627482352458,1.3355453323514217,True
45,Aspen,53,13,0.3974185971547373,0.6348029570732062,-0.6098089061777666,1.0861617337602678,0.28511782778587563,0.3765301177090052,0.5663492751149976,0.11481434182685347,-0.17554712922783738,0.970384323537312,-0.12186264350816844,1.3914685576545809,-1.747930385014961,0.5283125726594277,0.8554336755577312,1.3168897919628044,True
45,Birch,96,24,0.15634760803433834,-0.12690514659935687,0.7791906435070048,0.8460366639282142,0.12049671771699652,0.31864144513572074,0.42737240671302534,0.18234404012891103,-0.08296927426091125,0.39566449032958795,-0.759754560796946,0.5059442675982322,-0.0696078457082081,1.6279891327222178,0.4838856608505962,1.2081876670058322,True
45,Oak,54,13,0.12776252897925328,-0.057084025695722206,0.6093085737500541,1.0884221372933223,0.03649356799030732,0.11861425410761418,0.19850514556702267,0.07305839017400108,0.05446304045925285,0.2010620174992537,-0.2953277666086058,0.1811597152171614,0.21059925482252267,1.0080178926775856,0.9416800419939197,1.2351642325927248,True
45,Pine,297,74,0.14845521013266222,-0.5987105270624961,1.245391806398727,0.651872972376239,0.02933944235941038,0.11988770144069388,0.15334976471237705,0.06826030332130999,0.09071244571972226,0.20619797454560218,-0.8346607273251977,-0.3627603267997944,0.9435851384977454,1.5471984742997087,0.5175303163313802,0.7862156284210977,True
45,Spruce,6,1,0.010347798007579812,-0.7528633180857343,1.4058774335718083,1.8291750542975558,0.0493025175733482,2.0721508557794204,1.5273722874564846,1.8318950554531854,-0.20178381381027882,0.22247940982543846,-9.668608854047253,8.162882217875786,-5.165875108315076,7.977629975458692,-6.052833206564958,9.711183315160069,True
46,Alder,92,23,0.07842602873452313,0.25048262005525834,0.24679930319370225,1.170845176896206,0.027127289907559502,0.13036788491183518,0.22268353566417007,0.07593230343712787,0.024516240440893275,0.132335817028153,-0.008596156329507998,0.5095613964400247,-0.19573743029647306,0.6893360366838776,1.019945679862317,1.321744673930095,True
46,Aspen,53,13,0.2837640791116697,0.4349388025805635,-0.28648240947614195,1.0805659011155266,0.17499042728828215,0.2769131432391313,0.4015497097167697,0.147306996523791,-0.0678923503015269,0.6354205085248663,-0.12153899290841685,0.9914165980695439,-1.0934267625993968,0.5204619436471127,0.7845414086454332,1.37659039358562,True
46,Birch,96,24,0.167658568068744,-0.19944715792110562,0.8669544383367005,0.7984178763404344,0.12948278938932514,0.31351189327354334,0.4265636319992299,0.18440361048229206,-0.08950542821805965,0.42482256435554766,-0.8221088393531331,0.42321452351092187,0.0197622455140527,1.7141466311593483,0.4321763887651681,1.1646593639157006,True
46,Oak,54,13,0.06953828576556971,-0.2788651819655385,0.9526657586764534,1.1707801230687618,0.014944592930816965,0.07744010920164034,0.1212252713354596,0.05525235441000217,0.03952118745774068,0.09955538407339874,-0.43440821894457116,-0.12332214498650582,0.7091776353187289,1.196153882034178,1.0598025031535312,1.2817577429839924,True
46,Pine,297,74,0.1452566633221964,-0.680320811133563,1.3288284375904467,0.6567077669586264,0.029857568624856036,0.11822937025097567,0.15219812882034356,0.06881594822364859,0.08649417799856948,0.2040191486458233,-0.9130072606393994,-0.44763436162772663,1.0292882967484513,1.628368578432442,0.5212715498194582,0.7921439840977946,True
46,Spruce,6,1,0.010347798025764904,-0.7528633172857677,1.4058774329841537,1.8291750536164928,0.049302517660930564,2.072150855829554,1.5273722874919144,1.8318950554912825,-0.20178381416893024,0.22247941022046006,-9.668608853462993,8.16288221889146,-5.165875109055173,7.97762997502348,-6.05283320740994,9.711183314642925,True
47,Alder,92,23,0.040075076925987066,0.14588944363026865,0.5288025135413161,1.2094113048435173,0.015120285641460188,0.13226264569164517,0.23207764632146047,0.08250195316096424,0.010026686517360984,0.07012346733461315,-0.11695477164849369,0.408733658909031,0.06759695915280511,0.9900080679298271,1.0454560094979573,1.3733666001890774,True
47,Aspen,53,13,0.3472943317479559,0.47014680944158393,-0.34612259633902204,1.0421769851244713,0.1755570830962473,0.25076256880552994,0.3831188298025558,0.09785190837927348,-0.005500835144902905,0.7000894986408146,-0.03377943922892612,0.974073058112094,-1.11602870958817,0.4237835169101259,0.8455362131396442,1.2388177571092984,True
47,Birch,96,24,0.13937693874487286,-0.1376486533144026,0.8145644040387829,0.8493770247076541,0.1042691707210831,0.2954424156635176,0.4137637441236612,0.1793776589288236,-0.06771063450411169,0.3464645119938574,-0.7244227925107031,0.44912548588189793,-0.007206106615689101,1.636334914693255,0.49311751074239085,1.2056365386729173,True
47,Oak,54,13,0.13288114319566624,-0.10116190572011027,0.7847953898193779,0.965340678504098,0.018113357458720586,0.04090383941096062,0.07664985834658732,0.04563453064479434,0.09649939402121471,0.16926289237011777,-0.18331968508890145,-0.019004126351319095,0.6308396183961074,0.9387511612426485,0.8736810261510549,1.0570003308571412,True
47,Pine,297,74,0.1619867110071632,-0.6149010860851825,1.2751316300791202,0.6124748778878559,0.03313579857033477,0.11568570346753541,0.14910870347090088,0.0678310904711915,0.09677236279144867,0.2272010592228777,-0.8425813616487217,-0.38722081052164325,0.9816717670399174,1.5685914931183231,0.478976952843123,0.7459728029325888,True
47,Spruce,6,1,0.06479067578298985,0.09648750383431066,0.7790454646623458,1.1183629934585873,0.05966354184000388,0.2808549473024765,0.19598622385391154,0.3984306287825873,-0.1919208253782428,0.3215021769442225,-1.111933801825356,1.3049088094939774,-0.06421519638552575,1.6223061257102174,-0.5959456390673621,2.8326716259845366,True
48,Alder,92,23,0.03325174663449767,0.07476292483603747,0.7112489907709232,1.1696128627447855,0.013315905916920582,0.1347752877355338,0.24308096493604273,0.07992189662926052,0.006789181764756,0.05971431150423934,-0.1930746385104934,0.34260048818256833,0.2281766528201447,1.1943213287217016,1.0107848875953718,1.3284408378941992,True
48,Aspen,53,13,0.45672078066935773,0.5780302933362479,-0.4812924806262628,0.9880823368965516,0.24804044102337294,0.25833683239730104,0.3932553070273304,0.10345555863015268,-0.04173514741782813,0.9551767087565436,0.05888299211222503,1.0971775945602706,-1.2715686074980423,0.3089836462455167,0.7801806081300245,1.1959840656630787,True
48,Birch,96,24,0.22273159893147318,-0.10882377599898997,0.7664980658238568,0.7296703491647054,0.15452975740610156,0.29582738772664263,0.4099541298437329,0.16346024147191224,-0.0841778378145627,0.5296410356775091,-0.6963625029422715,0.4787149509442916,-0.04770622203638808,1.5807023536841016,0.4050242002118129,1.0543164981175979,True
48,Oak,54,13,0.13565408451851765,-0.03465306326384418,0.6604578100336221,1.0033899053829478,0.03141746659419707,0.0690721691174052,0.12649612672728616,0.06789974978267178,0.07255024571162186,0.19875792332541345,-0.17338859793717318,0.10408247140948482,0.4063828620500789,0.9145327580171654,0.8670092442476007,1.139770566518295,True
48,Pine,297,74,0.17310285440712847,-0.6482971479658246,1.3500072215779964,0.5616888843352892,0.03314833320350267,0.11245875098550932,0.14440718742507028,0.06644537525812118,0.10786383686194441,0.23834187195231255,-0.8696264794773676,-0.42696781645428167,1.065800381486279,1.6342140616697136,0.4309181763286839,0.6924595923418945,True
48,Spruce,6,1,0.06479067578299057,0.09648750383431368,0.7790454646623443,1.1183629934585828,0.05966354184005628,0.28085494730268684,0.19598622385398953,0.39843062878292035,-0.19192082537846755,0.3215021769444487,-1.1119338018262581,1.3049088094948853,-0.06421519638586293,1.6223061257105513,-0.5959456390687996,2.8326716259859652,True
49,Alder,92,23,0.049448506500866345,0.13871628062829994,0.5596527499459187,1.1288330794527708,0.018734302915839003,0.1265307844756493,0.23157303299083679,0.07985798542561609,0.012218016191542475,0.08667899681019021,-0.11273706494929492,0.3901696262058948,0.09945000851501484,1.0198554913768225,0.9701321143906088,1.2875340445149328,True
49,Aspen,53,13,0.3965299256236094,0.565357442566521,-0.4809391989010922,1.0406136523643412,0.20280636971754454,0.24809272768503987,0.3777050387178565,0.09764872203257312,-0.011024732892845446,0.8040845841400642,0.06679644049881711,1.063918444634225,-1.2399658916474374,0.27808749384525294,0.8443811986303659,1.2368461060983165,True
49,Birch,96,24,0.19802486494507557,-0.0933071294156215,0.6876848456458923,0.8154778093292147,0.14342091663143075,0.3017582796773654,0.4162204801268523,0.17192025827470786,-0.0868214551411978,0.48287118503134896,-0.6926251197095492,0.5060108608783063,-0.13896495476887882,1.5143346460606635,0.4740293367631131,1.1569262818953163,True
49,Oak,54,13,0.11772727240712295,-0.12375663684486633,0.8058863286315294,0.9998381937031279,0.03034336441387307,0.09184613627523978,0.14312796183258622,0.07545523065019355,0.05678083132184423,0.1786737134924017,-0.30823503077174746,0.060721757082014785,0.5184053566962784,1.0933673005667806,0.848281902625017,1.1513944847812387,True
49,Pine,297,74,0.1475998420430954,-0.5893471205241302,1.275195412805629,0.618452334683459,0.03153122769061533,0.12410954717338021,0.15862964497956988,0.07001640983643005,0.08554343927012327,0.20965624481606754,-0.8336063077315715,-0.34508793331668886,0.9629974471198325,1.5873933784914258,0.48065349690397763,0.7562511724629403,True
49,Spruce,6,1,0.10879112766963267,0.10768724797145303,1.0879056110252343,0.6737215350420029,0.22634355725456642,0.29277361104801014,1.366810316520795,1.8962464794585414,-0.8650865968008625,1.082668852140128,-1.1520159287872644,1.3673904247301705,-4.793004528329812,6.96881575038028,-7.48516855597699,8.832611626060995,True
50,Alder,92,23,0.07141445644514013,0.3357479987209161,0.22503220373589836,1.1480492056341705,0.02719914188653162,0.1344765481257215,0.22609551201102454,0.07887749550326162,0.017361877441930927,0.12546703544834933,0.06850411757318886,0.6029918798686433,-0.22428511576742452,0.6743495232392213,0.9912967582572725,1.3048016530110684,True
50,Aspen,53,13,0.515137440448155,0.7028031298971525,-0.7598755346787326,1.0784403365230602,0.3178678674074368,0.28833098273743624,0.42124554635427713,0.1529779473395387,-0.1236419545729105,1.1539168354692206,0.12338032689086242,1.2822259329034427,-1.606400153383265,0.08664908402579996,0.7710196417226622,1.385861031323458,True
50,Birch,96,24,0.15287505609480806,-0.20371427658837754,0.8784742006687477,0.8298293331912892,0.11674778258353405,0.30437051012444405,0.41715574014070095,0.18542493523866294,-0.07899611742873436,0.3847462296183505,-0.8082203820299712,0.4007918288532161,0.049966893137680324,1.706981508199815,0.46155940649223126,1.198099259890347,True
50,Oak,54,13,0.16250112730573346,0.07265088188086237,0.3968017423571432,1.0861619183983349,0.035053145334188615,0.07227321185626523,0.14638235615145237,0.07036230303709223,0.09209481283695664,0.23290744177451028,-0.07251413635382793,0.21781590011555269,0.10278412705836465,0.6908193576559218,0.9448350734847882,1.2274887633118816,True
50,Pine,297,74,0.16729162770425127,-0.5904898118192393,1.240414078494122,0.6141095274778774,0.033423420636398096,0.11977815611755122,0.1527078900303029,0.06719016178373668,0.1015112123834702,0.23307204302503232,-0.8262244166486918,-0.35475520698978685,0.9398706799523737,1.5409574770358703,0.48187300998656135,0.7463460449691934,True
50,Spruce,6,1,0.06479067578298917,0.09648750383430905,0.7790454646623466,1.118362993458591,0.059663541840003435,0.28085494730241595,0.195986223853848,0.398430628782615,-0.1919208253782416,0.3215021769442199,-1.1119338018250968,1.3049088094937151,-0.06421519638525164,1.6223061257099447,-0.5959456390674776,2.8326716259846596,True
51,Alder,92,23,0.07042440971581224,0.1869538588691324,0.383521396286499,1.1368045073911335,0.024307652094519627,0.11151936317564767,0.20095384768897917,0.06341870957469727,0.022118059070531243,0.11873076036109323,-0.03466744130225849,0.40857515904052333,-0.015832148524635714,0.7828749410976337,1.010773148612666,1.2628358661696009,True
51,Aspen,53,13,0.5853908539898666,0.7994862419465375,-0.8579117622208506,1.047669867231151,0.31351443471703394,0.2669049663368551,0.4044963868893423,0.10720856235630459,-0.0446399905000564,1.2154216984797896,0.26312063092918014,1.335851852963895,-1.6707776848219213,-0.045045839619779926,0.8322261951116954,1.2631135393506068,True
51,Birch,96,24,0.4088835345966619,-0.032634101791052694,0.5425247581829369,0.6571829132497662,0.24835410962356724,0.2614611360506121,0.36802912398203536,0.14637002691517076,-0.08436916428528596,0.9021362334786097,-0.5519184865156712,0.4866502829335659,-0.1884128491972945,1.2734623655631683,0.36647940558177694,0.9478864209177554,True
51,Oak,54,13,0.12727765361266766,-0.02038516293885437,0.5913767734106005,1.0703092529914573,0.029535934926624704,0.06799281787822062,0.12649811122338836,0.06663011048823403,0.06795298238138048,0.18660232484395484,-0.15695275684556192,0.11618243096785319,0.33729783944932823,0.8454557073718727,0.9364787374300343,1.2041397685528803,True
51,Pine,297,74,0.1500978292805234,-0.6262400908265464,1.2699908802896795,0.6511167506314322,0.029960886889014285,0.11795202711406999,0.1510287275299989,0.06771133520115395,0.09113200395766402,0.20906365460338278,-0.8583807031204921,-0.39409947853260074,0.9727522304707712,1.567229530108588,0.5178545151495845,0.7843789861132798,True
51,Spruce,6,1,0.01034779803376689,-0.7528633169337574,1.4058774327255663,1.8291750533168054,0.049302517699743496,2.0721508558634794,1.5273722875163342,1.831895055518083,-0.2017838143279268,0.2224794103954606,-9.668608853256954,8.16288221938944,-5.165875109418829,7.977629974869963,-6.05283320782494,9.711183314458552,True
52,Alder,92,23,0.055037933532817856,0.20412306784889186,0.38031370500373485,1.1970372760282257,0.02048102081068713,0.12618413921948357,0.22298776856148256,0.07946081638127594,0.014336208454343066,0.09573965861129265,-0.04664139312443302,0.4548875288222167,-0.06282762743981779,0.8234550374472875,1.0391256009825056,1.3549489510739459,True
52,Aspen,53,13,0.42541058503532203,0.6305958519110354,-0.5697301197102597,1.0381298047316787,0.31804424146188026,0.34438995594720423,0.48922156505914965,0.1625866804864581,-0.21372324691802513,1.064544416988669,-0.06148167547649597,1.3226733792985668,-1.5528576623227381,0.4133974229022188,0.7113996377390488,1.3648599717243086,True
52,Birch,96,24,0.17131088547678627,-0.2065912801458428,0.8700653433451307,0.7881431066237284,0.1275789140253389,0.2958504809034546,0.41365610033466504,0.17783112918083652,-0.08207185000042397,0.42469362095399654,-0.7941758721316057,0.38099331183992,0.048508622547088764,1.6916220641431727,0.4349551342297002,1.1413310790177567,True
52,Oak,54,13,0.13018930141731413,-0.03366734629070741,0.6347160679448095,1.0373045461256087,0.0316089645425631,0.06973893887777417,0.13116424147867156,0.06554312687045549,0.06670082766127915,0.1936777751733491,-0.17374212744189876,0.10640743486048393,0.3712649355410391,0.8981672003485799,0.9056573014143792,1.1689517908368383,True
52,Pine,297,74,0.16105728110573123,-0.4961483599551096,1.0965821131633124,0.6650963103878341,0.03117985555310408,0.11656002374641827,0.15045599067229293,0.06609610509386077,0.09969241153605038,0.22242215067541207,-0.7255493795350665,-0.26674734037515263,0.8004706630041658,1.392693563322459,0.5350129987047274,0.7951796220709408,True
52,Spruce,6,1,0.010262322410664588,-0.32528861488595934,0.8244722415386125,2.0095868058488042,0.012322668776092113,0.2856997030221156,0.12484723177721721,0.5586645081660593,-0.042757842035929555,0.06328248685725874,-1.5545552219674421,0.9039779921955235,0.287297958937362,1.361646524139863,-0.3941525651962432,4.413326176893852,True
53,Alder,92,23,0.0392345167833321,0.1518163660769497,0.5794563331281638,1.1718915752209487,0.01648070997186586,0.1384962619432575,0.24559380674721792,0.0783876701244711,0.006482568891021091,0.0719864646756431,-0.12341585159988866,0.42704858375378807,0.09139025011411284,1.0675224161422148,1.0161125528548582,1.327670597587039,True
53,Aspen,53,13,0.4901943156223011,0.6567377176962119,-0.6186282764922626,1.021114148964189,0.28920961210744756,0.28964982379955456,0.44366310739218046,0.1068107477708696,-0.09099415920857823,1.0713827904531805,0.07466460434977962,1.2388108310426442,-1.5102026707353988,0.27294611775087374,0.8064699151845924,1.2357583827437857,True
53,Birch,96,24,0.183362514852354,0.005455960423732655,0.6830117260326113,0.7637320671350496,0.12855824500933222,0.2773443677007028,0.39057462410954397,0.1692040443772085,-0.07196525649193164,0.43869028619663963,-0.5453738933500961,0.5562858141975614,-0.09270319065968491,1.4587266427249075,0.427678229824684,1.0997859044454152,True
53,Oak,54,13,0.1221575325137921,-0.02341582536163541,0.6090235962764329,1.0685793657231524,0.028088644154846458,0.06702107628091301,0.12287736225285516,0.06695281051050286,0.06573983035001947,0.17857523467756475,-0.15803161882846345,0.11119996810519261,0.36221715065255455,0.8558300419003112,0.9341006880915262,1.2030580433547784,True
53,Pine,297,74,0.16393661318356573,-0.545452326668836,1.2056152388155759,0.6090021227703347,0.032960124743054924,0.11326918139530652,0.14601063776532994,0.06697751065093077,0.0990680074771285,0.22880521889000294,-0.7683766609637565,-0.3225279923739156,0.9182526586074905,1.4929778190236611,0.4771841225811997,0.7408201229594698,True
53,Spruce,6,1,0.010262322410664776,-0.3252886148859545,0.8244722415386107,2.0095868058487962,0.012322668776122645,0.2856997030228089,0.12484723177729756,0.5586645081674323,-0.04275784203606074,0.0632824868573903,-1.5545552219704204,0.9039779921985113,0.2872979589370144,1.361646524140207,-0.3941525652021589,4.413326176899751,True
54,Alder,92,23,0.054647698107397294,0.12594579191959793,0.545156309892205,1.1211979253901794,0.021710058930574625,0.1320468753687521,0.2403006004874629,0.0781836739981609,0.011503518029778934,0.09779187818501565,-0.13646962518334765,0.3883612090225435,0.06760936203062606,1.022703257753784,0.96582430245837,1.2765715483219888,True
54,Aspen,53,13,0.42341927274148294,0.6845047758805534,-0.6124470911242667,1.033151338256276,0.23203218822173807,0.27095440588730024,0.41537903565609413,0.11244383146247935,-0.04286686692583275,0.8897054124087986,0.1400015114183697,1.229008040342737,-1.4471825152013769,0.22228833295284367,0.8071869989813438,1.2591156775312082,True
54,Birch,96,24,0.08375295525163226,-0.5710274057228681,1.5101095081689944,0.7605807300073347,0.06230473928446418,0.3118455454784849,0.4566075537353406,0.166697947464186,-0.039989634922449585,0.2074955454257141,-1.1903795765998484,0.048324765154112104,0.6032474934787065,2.4169715228592823,0.42950421748487655,1.0916572425297928,True
54,Oak,54,13,0.1421612151113238,-0.07004998845862409,0.7041755089381132,0.9897815677217809,0.021381025372732836,0.04620963470781105,0.08622547720598742,0.04504006676143207,0.09921616177286369,0.1851062684497839,-0.16286477131784557,0.022764794400597393,0.5309865410007907,0.8773644768754357,0.89931593121848,1.080247204225082,True
54,Pine,297,74,0.17452858975978622,-0.6551970261580391,1.3333590167975722,0.5772532021139017,0.03602265536443219,0.11979826624181422,0.1559751756320641,0.07036777296830674,0.10363263758877372,0.2454245419307987,-0.8909712095913862,-0.419422842724692,1.0263852948549508,1.6403327387401936,0.43876284885505956,0.7157435553727439,True
54,Spruce,6,1,0.07304672542810357,0.06960976071479731,0.791898021965658,1.0964919788903646,0.062457725472588245,0.27900348284394444,0.19277886385544038,0.38108726007136945,-0.1956871775671405,0.34178062842334767,-1.1308453363384308,1.2700648577680256,-0.03756248282967345,1.6213585267609893,-0.5431941609081365,2.7361781186888656,True
55,Alder,92,23,0.04632531978442329,0.18063422313237465,0.5016645167839008,1.1640686365724444,0.017727636262864468,0.1274971164068608,0.21933244027010354,0.08192358991247979,0.011095367911819226,0.08155527165702735,-0.07273950409817953,0.43400795036292883,0.06578738120643629,0.9375416523613653,1.0012627166487884,1.3268745564961004,True
55,Aspen,53,13,0.42797577402708276,0.6558723749498733,-0.6375926861331965,1.0728039613293532,0.2571699987707253,0.28369401758003004,0.44430196473699984,0.11381998740218034,-0.08882668723512388,0.9447782352892894,0.08576790229933773,1.2259768476004087,-1.5304509122765402,0.255265540010147,0.8440741331555696,1.3015337895031367,True
55,Birch,96,24,0.085119170262735,-0.43605955641072575,1.3409334640768074,0.7913695650316337,0.06760097511395269,0.3265841970405484,0.49464232510954254,0.1669462232556611,-0.049142201423640286,0.21938054194911027,-1.0846839614854307,0.21256484866397923,0.3585311103918526,2.323335817761762,0.4597999553568966,1.1229391747063708,True
55,Oak,54,13,0.13730317579560544,0.011107253120951757,0.5364564592965912,1.0680429879736364,0.030081033810875006,0.06548426121132425,0.1220985735185725,0.06281267803232182,0.07688364123336136,0.19772271035784952,-0.12042175643424,0.14263626267614352,0.2912142568813577,0.7816986617118248,0.9418800111563651,1.1942059647909078,True
55,Pine,297,74,0.16297356638957702,-0.647728737082192,1.2910981078628716,0.6258621051757005,0.03201564172414573,0.11470435047225357,0.14736665534931373,0.0685092183504316,0.09996379152882573,0.22598334125032832,-0.8734776182409457,-0.42197985592343834,1.001066758326024,1.5811294573997192,0.49102956109175305,0.760694649259648,True
55,Spruce,6,1,0.10879112766962357,0.10768724797144484,1.0879056110251937,0.6737215350420721,0.2263435572517655,0.2927736110474111,1.3668103165057344,1.8962464794345153,-0.8650865967888202,1.0826688521280674,-1.1520159287846952,1.3673904247275848,-4.793004528265051,6.968815750315439,-7.4851685558735435,8.832611625957687,True
56,Alder,92,23,0.0514433828312774,0.16053598190625068,0.4936795247112645,1.1582365041466343,0.021735208411303938,0.1303665573599177,0.2354108102814239,0.08307017025383796,0.008249223445499908,0.09463754221705489,-0.09854015624804502,0.4196121200605464,0.02585000736729759,0.9615090420552314,0.9931519967313824,1.323321011561886,True
56,Aspen,53,13,0.4068940578302069,0.6238998876061045,-0.4986630200210009,0.9946499189043766,0.2231726929421341,0.26544687834223835,0.405143561429591,0.11304795758484801,-0.041588259509753256,0.8553763751701671,0.09046441411628448,1.1573353610959245,-1.312829488552256,0.3155034485102542,0.7674715427338294,1.2218282950749237,True
56,Birch,96,24,0.33725867732777215,0.019561204573953654,0.4944684430697979,0.7086363517017633,0.23140249147079842,0.2863947526565541,0.40661893535536464,0.15777281200727156,-0.12232664469078114,0.7968439993463254,-0.5492434949238318,0.588365904071739,-0.31311186065272784,1.3020487467923236,0.39528592858721834,1.0219867748163083,True
56,Oak,54,13,0.15478193159100986,-0.0606651285473893,0.7746505895285308,0.8890783196358644,0.0325240507763401,0.0689953509989349,0.14908732077485728,0.077112317081529,0.08945545304176412,0.22010841014025562,-0.19924636948889035,0.07791611239411174,0.47519989288750214,1.0741012861695596,0.7341936725065561,1.0439629667651726,True
56,Pine,297,74,0.15561742929678257,-0.628805692089325,1.267598746935024,0.646271171516263,0.03166543214256901,0.12248274330042831,0.15817764370777598,0.06892591382671638,0.09329689962059942,0.21793795897296572,-0.8698631772456096,-0.38774820693304046,0.9562903619928496,1.5789071318771986,0.5106185317936767,0.7819238112388494,True
56,Spruce,6,1,0.010347797992071306,-0.752863318767963,1.4058774340729756,1.8291750548783743,0.04930251749644996,2.072150855643735,1.5273722873583424,1.8318950553392237,-0.20178381349492092,0.22247940947906353,-9.668608854145676,8.16288221660975,-5.165875107391637,7.977629975537587,-6.052833205493802,9.711183315250551,True
57,Alder,92,23,0.05245953118138922,0.2212742193603587,0.4452488854159409,1.1431247694021531,0.022160795014702667,0.1410890349859428,0.24372024601051717,0.08537060034531571,0.008419607852069515,0.09649945451070893,-0.059110589906015615,0.5016590286267331,-0.03909388933491903,0.9295916601668008,0.973468640581355,1.3127808982229514,True
57,Aspen,53,13,0.5444461361791149,0.6937541212511665,-0.6557217127974156,0.9888176220877817,0.33615388049987643,0.3144844734615272,0.4740558828072566,0.12196705433354289,-0.13108037793833838,1.219972650296568,0.06177391092125395,1.3257343315810792,-1.6083726759023194,0.29692925030748807,0.7437156499534974,1.233919594222066,True
57,Birch,96,24,0.2710496884014148,-0.09194022497135532,0.73334959742805,0.6617771360899461,0.17551602496261118,0.2663666430508266,0.3853279980988721,0.15211345474234864,-0.07754028718248024,0.6196396639853099,-0.6209673700268078,0.4370869200840971,-0.031945067134290905,1.4986442619903908,0.35966668500200255,0.9638875871778898,True
57,Oak,54,13,0.1377163992262668,0.02128805582147347,0.516804501957113,1.073305531981384,0.03328593453933931,0.0768382519267169,0.15092111886775075,0.07280107313685573,0.07085963210248737,0.20457316635004624,-0.13304611524382762,0.17562222688677456,0.21367051344685017,0.8199384904673759,0.9270802731616385,1.2195307908011295,True
57,Pine,297,74,0.15391433089206583,-0.6018457052120683,1.3035422230998095,0.5959258018818119,0.031894221023485464,0.12653972189565893,0.16401513538871032,0.07103128334376718,0.09114352331730423,0.2166851384668274,-0.8508877033793032,-0.3528037070448333,0.9807451090002939,1.626339337199325,0.4561295981972384,0.7357220055663853,True
57,Spruce,6,1,0.0730467254281034,0.06960976071479608,0.7918980219656593,1.096491978890365,0.06245772547259594,0.2790034828439096,0.19277886385544757,0.38108726007138954,-0.19568717756717374,0.3417806284233806,-1.1308453363382822,1.2700648577678744,-0.03756248282970309,1.6213585267610218,-0.5431941609082227,2.7361781186889527,True
58,Alder,92,23,0.06845543528812863,0.24041726976691297,0.376451579212202,1.1047975473394256,0.024736248874636033,0.12344022334445873,0.21839821204422413,0.07771581625711053,0.019297338605623028,0.11761353197063423,-0.004894234998025715,0.48572877453185165,-0.05756897408053313,0.8104721325049371,0.9503536933545884,1.2592414013242628,True
58,Aspen,53,13,0.4539648591499611,0.6338889052474372,-0.5555886465453629,1.0046644090374328,0.2717022154651495,0.29198514150562715,0.4480576117838519,0.1238222761693851,-0.09204118492195645,0.9999709032218786,0.047122795268051965,1.2206550152268225,-1.4559941279934578,0.3448168349027321,0.7558342290424586,1.2534945890324072,True
58,Birch,96,24,0.1103749079799926,-0.22967554240517127,0.6972422820480719,1.1252432580272036,0.0873298291810739,0.2901798351848414,0.4064240583592726,0.21095642596446362,-0.06306967081821781,0.283819486778203,-0.8059977425209189,0.34664665771057634,-0.10995097913902685,1.5044355432351706,0.7062655869462683,1.544220929108139,True
58,Oak,54,13,0.13717922123425372,-0.013725974073724648,0.5662059793561133,1.0661372821844997,0.03129712540283173,0.06685340817484355,0.12608917671862516,0.06497796682312769,0.07431709482383585,0.20004134764467157,-0.14800499623829816,0.12055304809084887,0.3129484145206356,0.819463544191591,0.9356251948361256,1.1966493695328737,True
58,Pine,297,74,0.15394256366269926,-0.5383083198631792,1.1897748202915288,0.6372920824232214,0.03146014395651311,0.1287932669890269,0.16306631942378993,0.06850153736245448,0.092026060321406,0.21585906700399252,-0.7917855053739986,-0.28483113435235974,0.8688450646803746,1.510704575902683,0.5024746552414219,0.772109509605021,True
58,Spruce,6,1,0.09205180577292163,0.092498896993322,0.782387408961737,1.017549590350326,0.05778422579214077,0.19403557354984743,0.13546992076402536,0.27513824496516126,-0.15657365106501106,0.3406772626108543,-0.7423687931990856,0.9273665871857296,0.1995073845946832,1.3652674333287909,-0.16627473039283092,2.2013739110934827,True
59,Alder,92,23,0.05773220565427334,0.19095399254899284,0.45363577784371906,1.1343234252385102,0.01952457074365796,0.11209239758012947,0.19938899640926364,0.06628533723816034,0.018931224100222716,0.09653318720832396,-0.0318060930866243,0.41371407818461,0.057392046120731066,0.8498795095667071,1.002595246358198,1.2660516041188223,True
59,Aspen,53,13,0.3900059621112241,0.5020008081894618,-0.40123860105934595,1.0244657402472401,0.23189446254050172,0.29311701871402135,0.44623353961755247,0.10953689267315916,-0.07600340743756223,0.8560153316600105,-0.0870398941993834,1.091041510578307,-1.2979784722513088,0.495501270132617,0.8043431131791763,1.244588367315304,True
59,Birch,96,24,0.22432721227739535,-0.04827967200677261,0.6926684892903345,0.7367229331368242,0.1551313788260773,0.28260319203505735,0.3957264542318426,0.16711455011963697,-0.08377709653883905,0.5324315210936298,-0.6095540048343127,0.5129946608207674,-0.09327840671511567,1.4786153852957846,0.40481901178076946,1.068626854492879,True
59,Oak,54,13,0.14388872506338535,-0.05651801248600104,0.6892478252297441,0.983569401805539,0.03263750375724298,0.08533158225011958,0.13396254239344998,0.06436350689559395,0.07833436949555213,0.20944308063121858,-0.2279115395644543,0.11487551459245222,0.42017614002519565,0.9583195104342926,0.8542914935436337,1.1128473100674443,True
59,Pine,297,74,0.14307373452979721,-0.5358859987104384,1.1577503989459828,0.6788658581188628,0.02943925247239701,0.12179457417283607,0.15891853226581582,0.0678606838649078,0.08513453448697667,0.20101293457261776,-0.7755891027123698,-0.29618289470850706,0.844983876083562,1.4705169218084035,0.5453096905097141,0.8124220257280115,True
59,Spruce,6,1,0.01034779798353764,-0.7528633191433594,1.4058774343487408,1.8291750551979746,0.049302517457470885,2.0721508557100257,1.5273722874074367,1.8318950553996796,-0.20178381333574116,0.22247940930281643,-9.668608854806298,8.162882216519577,-5.165875107327107,7.977629976024588,-6.052833205434322,9.71118331583027,True
60,Alder,92,23,0.04163649693372072,0.033141708987054014,0.7381853281332308,1.1178934301431362,0.01682806013333254,0.14163595696516107,0.2506677608748891,0.08374856937677952,0.008194263585979515,0.07507873028146192,-0.2483299927854742,0.31461341075958227,0.2400358275066406,1.236334828759821,0.9514607470265524,1.2843261132597201,True
60,Aspen,53,13,0.3623534973757044,0.5679080931712573,-0.5028153964787331,1.079391375249803,0.1895792916015787,0.2505696250162467,0.38842345165442016,0.10239845414669982,-0.01862035249933136,0.7433273472507401,0.06436957956184874,1.071446606780666,-1.2833815464437222,0.2777507534862561,0.8736139774762811,1.2851687730233248,True
60,Birch,96,24,0.25519506442653306,-0.13477839446470005,0.5851203525464522,0.862178876620176,0.1599666470308962,0.26698438919135,0.37771208210390533,0.15971635958012223,-0.062512504410081,0.572902633263147,-0.6650324366771955,0.3954756477477953,-0.16504844546723596,1.3352891505601403,0.5449684002648487,1.1793893529755033,True
60,Oak,54,13,0.11706452887554193,-0.09090148872576358,0.706374190138737,1.061594908239421,0.023456137164783862,0.06246248923679091,0.11020608137426895,0.055365873899962684,0.06995149083853,0.16417756691255386,-0.2163610906468157,0.03455811319528852,0.48501876118553117,0.9277296190919428,0.9503892777182292,1.1728005387606126,True
60,Pine,297,74,0.1665133665209442,-0.664172481925119,1.3471441872181389,0.5872485632474135,0.03289249983557312,0.11807265183084345,0.15302483347277665,0.06845410421813598,0.10177785295216024,0.23124888008972816,-0.8965504949343783,-0.4317944689158597,1.045977014362387,1.6483113600738908,0.45252448892638736,0.7219726375684397,True
60,Spruce,6,1,0.10879112766962883,0.10768724797145193,1.0879056110252128,0.673721535042034,0.22634355725367006,0.2927736110476614,1.3668103165169263,1.8962464794514773,-0.8650865967970096,1.0826688521362673,-1.152015928785765,1.3673904247286688,-4.793004528313188,6.968815750363613,-7.485168555946563,8.832611626030632,True
61,Alder,92,23,0.04933249577116428,0.2116543015065371,0.4372894948693525,1.1761524167637474,0.01990719537456192,0.13452594788223682,0.235897620490468,0.08100651796833036,0.009771128166083456,0.08889386337624511,-0.05568775127663819,0.47899635428971243,-0.031507455469144074,0.906086445207849,1.0151689846200205,1.3371358489074743,True
61,Aspen,53,13,0.4992774700365139,0.6808217028335988,-0.6730347111120736,1.0398458998076137,0.28581408042925605,0.27509026613533194,0.4205445298572692,0.11462044057214682,-0.0750874284169839,1.0736423684900118,0.1280071160327434,1.2336362896344542,-1.5181505844234,0.17208116219925285,0.8095075007649838,1.2701842988502436,True
61,Birch,96,24,0.08992625958011617,-0.4115597298293748,1.2303087014765173,0.8598172744085214,0.06671316994276079,0.3044735970497658,0.4377842553366476,0.15751423061559758,-0.042571854403636436,0.2224243735638688,-1.0162705748028065,0.19315111514405697,0.3608313821757617,2.0997860207772727,0.5469804162577983,1.1726541325592446,True
61,Oak,54,13,0.10978799760783363,-0.1401809588114759,0.7683655614038203,1.0699520698616276,0.029912999554415762,0.09639566821300569,0.15352005857768286,0.0693939877017442,0.04970596978254584,0.1698700254331214,-0.33379735656775017,0.05343543894479835,0.4600114488573728,1.0767196739502678,0.9305701435382812,1.209333996184974,True
61,Pine,297,74,0.12719545195784554,-0.5613964385972127,1.2022735145972787,0.6970828965756977,0.025163052218793634,0.11596255834889033,0.14771904411454867,0.06689094322173193,0.07767221363650523,0.17671869027918585,-0.78962159044009,-0.3331712867543354,0.911548631038773,1.4929983981557844,0.5654352691771846,0.8287305239742108,True
61,Spruce,6,1,0.06479067578299029,0.0964875038343128,0.7790454646623447,1.1183629934585844,0.05966354184005868,0.28085494730270927,0.1959862238539692,0.39843062878298907,-0.19192082537847815,0.32150217694445876,-1.1119338018263554,1.3049088094949808,-0.064215196385775,1.6223061257104643,-0.5959456390690938,2.8326716259862623,True
62,Alder,92,23,0.03731485831878743,0.12925683544250294,0.5713210995044903,1.2114504850186107,0.012754525396097947,0.11684216367484472,0.20262569584786358,0.07674257994110543,0.01196791926839023,0.06266179736918463,-0.10294241221346054,0.36145608309846644,0.16864510779166791,0.9739970912173126,1.0589407337006562,1.3639602363365653,True
62,Aspen,53,13,0.3830247101108309,0.5250135349042374,-0.42119110855907393,1.032479258630213,0.20311149530493516,0.25532762552332033,0.39198461137258445,0.09608900473441662,-0.025143121230258636,0.7911925414519204,0.011913461297565209,1.0381136085109097,-1.2089136769091482,0.3665314597910003,0.839381174155535,1.2255773431048909,True
62,Birch,96,24,0.25505861905125365,0.12491291434935216,0.4971304221399756,0.7205904089822144,0.1689569039107512,0.27900734196416077,0.38042501208180163,0.1588870790686861,-0.08050437596031618,0.5906216140628235,-0.42921974985457234,0.6790455785532766,-0.258426488981659,1.2526873332616102,0.40502695530356464,1.0361538626608642,True
62,Oak,54,13,0.13094555346224465,-0.038574093547761694,0.6446192692626821,1.0321447083242583,0.031005436792653666,0.06904762266550675,0.1268790220708952,0.06614262198922641,0.06866930086769593,0.19322180605679337,-0.17726032522146032,0.10011213812593692,0.389775253347752,0.8994632851776122,0.8992933422295615,1.1649960744189551,True
62,Pine,297,74,0.1729908130626548,-0.736292590388915,1.442094529010975,0.5625158933953235,0.03530007384042905,0.1207975143143771,0.15562715208902556,0.07056437761999805,0.10351696885806294,0.24246465726724664,-0.9740333874114797,-0.4985517933663503,1.1358057499247873,1.7483833080971627,0.42363860380872054,0.7013931829819264,True
62,Spruce,6,1,0.07304672542810182,0.06960976071478936,0.7918980219656618,1.096491978890375,0.06245772547253252,0.2790034828437693,0.19277886385543394,0.38108726007100013,-0.19568717756690246,0.3417806284231061,-1.1308453363376854,1.2700648577672642,-0.03756248282964192,1.6213585267609656,-0.5431941609065372,2.7361781186872873,True
63,Alder,92,23,0.054060227537261855,0.14651510870105855,0.5017904580910111,1.1480342116002151,0.021177662766279647,0.13398143743816723,0.23511733322102407,0.0828275652639249,0.011974072961021896,0.09614638211350182,-0.11974484399532254,0.41277506139743964,0.03454416473473726,0.9690367514472848,0.983431830622575,1.3126365925778554,True
63,Aspen,53,13,0.33340959572498496,0.5785691705501306,-0.44751047457554277,1.0566373646992089,0.18216583612236353,0.25462655055072086,0.38880032692788175,0.10288275006194832,-0.03266635759745995,0.6994855490474299,0.06687795984776534,1.0902603812524958,-1.2288339837575666,0.3338130346064811,0.8498867378469608,1.263387991551457,True
63,Birch,96,24,0.2498474284428334,-0.10859219799113032,0.5097708585167099,0.918637551520926,0.16071087680003132,0.2622852791079182,0.3634127758697963,0.167909384433654,-0.0693382449549276,0.5690331018405944,-0.6295134019650748,0.4123290059828142,-0.21199828304352042,1.23154000007694,0.5851550206095587,1.2521200824322931,True
63,Oak,54,13,0.12302685061886584,-0.10739289045375965,0.7191018387020361,1.0507977998455447,0.03072789339640202,0.08660889084881357,0.13975223992400881,0.0678586169774797,0.06130806034186176,0.18474564089586992,-0.28135196735708434,0.06656618644956507,0.4384012037661765,0.9998024736378959,0.9144997563808723,1.187095843310217,True
63,Pine,297,74,0.15439838802405292,-0.6635748661621564,1.2979839072269037,0.6481391811784096,0.0318169621479435,0.12079666196430604,0.15498816852546296,0.06892013496456949,0.09177963313640715,0.2170171429116987,-0.9013139856801269,-0.425835746644186,0.992952707508536,1.6030151069452714,0.5124979147965785,0.7837804475602408,True
63,Spruce,6,1,0.08147453897880312,0.2127520076759286,0.7510200813198712,0.9693389875562217,0.04627843239581925,0.19267651429538576,0.12613533769270563,0.2604356532397704,-0.11764548449512692,0.2805945624527332,-0.6162681225054506,1.0417721378573077,0.20830352628520665,1.2937366363545357,-0.15122518676607433,2.0899031618785178,True
64,Alder,92,23,0.06470501168107647,0.26956356859951386,0.3599560729013838,1.1209349594836002,0.022886698804731393,0.1267971855040345,0.21559201191858537,0.07426954610415165,0.01922250710699014,0.11018751625516279,0.0175808069582285,0.5215463302407992,-0.06848774732298146,0.7883998931257491,0.9733398432452084,1.268530075721992,True
64,Aspen,53,13,0.4782189651378123,0.6824448259043135,-0.7067487139374256,1.0774292323416157,0.24117204884994684,0.26068441757430294,0.4003699089535705,0.10250452864125627,-0.006434412118764166,0.9628723423943888,0.15857987564153597,1.2063097761670911,-1.5113221686622091,0.09782474078735803,0.8714386698905422,1.2834197947926893,True
64,Birch,96,24,0.20822684825163043,-0.11417731199468374,0.7801707159336574,0.7369424243621354,0.13445452979991224,0.26215151175344276,0.3684568071531388,0.15693380525559764,-0.058811453636073235,0.4752651501393341,-0.6348328424562497,0.40647821846688226,0.048383692859307215,1.5119577390080075,0.4252583410769196,1.0486265076473513,True
64,Oak,54,13,0.1190086692142702,-0.03705504074438622,0.6532558778480908,1.0490718022527126,0.030497357716673088,0.06713380106974946,0.12525162797603925,0.06866253670017107,0.05775292347745,0.18026441495109038,-0.17189724861299133,0.09778716712421888,0.4016805791713626,0.904831176524819,0.911159038503631,1.1869845660017941,True
64,Pine,297,74,0.14561129738104345,-0.5249497597845034,1.115991585163937,0.701304067490753,0.02819221449088768,0.11859631543121041,0.15294447334757627,0.06559998286890466,0.09012638462487903,0.20109621013720785,-0.7583583916970535,-0.29154112787195324,0.814982568544449,1.4170006017834251,0.5721971707103132,0.8304109642711929,True
64,Spruce,6,1,0.010262322410664623,-0.3252886148859591,0.8244722415386134,2.0095868058488024,0.012322668776124245,0.2856997030228618,0.12484723177731948,0.558664508167497,-0.04275784203606777,0.06328248685739701,-1.5545552219706524,0.9039779921987343,0.2872979589369229,1.361646524140304,-0.39415256520243114,4.413326176900036,True
65,Alder,92,23,0.04690803168162791,0.07663360291512386,0.5355863192514885,1.216999638577068,0.019150185911479,0.12703468659812112,0.22557619236017204,0.07974494223700589,0.008851061310113054,0.08496500205314277,-0.17582114224332615,0.3290883480735739,0.08730103842691239,0.9838716000760646,1.0585233230979192,1.375475954056217,True
65,Aspen,53,13,0.4552261867788275,0.7145121348057113,-0.6569924376153257,1.0257125394579747,0.24662293300380284,0.2765566492848219,0.42100029103784464,0.11594006728265191,-0.040381152293798184,0.9508335258514531,0.15875074073949735,1.2702735288719254,-1.5030241973091814,0.18903932207852991,0.7927222512556595,1.2587028276602898,True
65,Birch,96,24,0.16623839000491886,0.03827175352260611,0.6196072190021368,0.8286400567359005,0.1128165995761418,0.27336103513117443,0.37281449871567096,0.1603260876932062,-0.05782511473821103,0.39030189474804877,-0.5046468579390165,0.5811903649842288,-0.12083455565805201,1.3600489936623257,0.5102186077181167,1.1470615057536842,True
65,Oak,54,13,0.13611547623653586,-0.025426101909079242,0.6231370653693904,1.027297173577766,0.03246626297227743,0.07106315747391856,0.12916973795967726,0.06774044239608286,0.0709050679077085,0.2013258845653632,-0.16816065438796965,0.11730845056981118,0.3636920111828131,0.8825821195559678,0.8912364907453771,1.163357856410155,True
65,Pine,297,74,0.14064405159962556,-0.5272086297210632,1.1622356470877442,0.673955739845246,0.02848429412512088,0.11502988881621302,0.15066594052939816,0.06717604394305689,0.0845842988276646,0.19670380437158652,-0.7535982007631609,-0.3008190586789655,0.8657109959894369,1.4587602981860515,0.541747007583738,0.8061644721067541,True
65,Spruce,6,1,0.0814745389788028,0.21275200767592725,0.7510200813198715,0.9693389875562237,0.046278432395792116,0.1926765142953315,0.12613533769268237,0.26043565323966605,-0.1176454844950105,0.2805945624526161,-0.6162681225052186,1.041772137857073,0.20830352628530702,1.293736636354436,-0.15122518676562335,2.0899031618780706,True
66,Alder,92,23,0.04151771718846803,0.2184508653643014,0.5444988511540011,1.1287268913333366,0.016233463578802045,0.12467434736331234,0.21960233565381393,0.07605003080651775,0.009257119547208807,0.07377831482972724,-0.0293132015552498,0.4662149322838526,0.10808535521592422,0.980912347092078,0.9775934358914458,1.2798603467752274,True
66,Aspen,53,13,0.5025777195855784,0.7153965498946675,-0.7644977835417032,1.087706289550723,0.36303731640430487,0.3221175255828616,0.4733287750658839,0.15592940343959852,-0.22697308161436536,1.2321285207855222,0.06807714703800449,1.3627159527513304,-1.7156875689348192,0.186692001851413,0.7743544216581709,1.4010581574432752,True
66,Birch,96,24,0.2520479066401337,-0.20400379370467656,0.8060093572660809,0.7165866347395718,0.17698614956834266,0.3030058545244732,0.422051967688841,0.1633812109826113,-0.0994618633074178,0.6035576765876852,-0.8057995753318175,0.3977919879224643,-0.03222228080302669,1.6442409953351884,0.39209744716010186,1.041075822319042,True
66,Oak,54,13,0.1114284019723076,-0.1347340623702735,0.7832145752992484,1.0467078126083955,0.03042752791964931,0.09851186383225176,0.15617794614957528,0.07157170221887751,0.05031291351059567,0.17254389043401955,-0.33260096412057216,0.06313283938002517,0.469521938451337,1.09690721214716,0.9029518179481069,1.1904638072686842,True
66,Pine,297,74,0.18219949763191948,-0.6561658628206457,1.3318184256944678,0.5675874481960171,0.034680370237638584,0.11244061652874703,0.14431695501972153,0.06529082651255466,0.1139452880305839,0.25045370723325505,-0.8774595040265668,-0.4348722216147246,1.0477891714089373,1.6158476799799983,0.4390890000163652,0.6960858963756691,True
66,Spruce,6,1,0.06479067578299023,0.09648750383431205,0.7790454646623458,1.1183629934585841,0.05966354184006121,0.28085494730259875,0.19598622385388834,0.3984306287830049,-0.1919208253784891,0.3215021769444696,-1.1119338018258806,1.3049088094945047,-0.06421519638542594,1.6223061257101175,-0.595945639069162,2.8326716259863303,True
67,Alder,92,23,0.0418941283802568,0.12474176963239618,0.6117479853625257,1.1430264714363407,0.01590078224263988,0.1297757901125056,0.23066265540405992,0.08097481331631701,0.010294664986571146,0.07349359177394246,-0.1331603427586432,0.3826438820234356,0.153354428082993,1.0701415426420584,0.9821060456262279,1.3039468972464534,True
67,Aspen,53,13,0.45211060905728384,0.7130417453147015,-0.6477078856031249,1.025060493371681,0.28453810307050936,0.31028067251839914,0.4687216654625795,0.11738129393971741,-0.11969011689293907,1.0239113350075066,0.08950938926191965,1.3365741013674834,-1.5896393376227,0.2942235664164504,0.7891739517682363,1.2609470349751255,True
67,Birch,96,24,0.12582471420352667,-0.20104762202793489,0.6348116542437025,1.1089511979053088,0.08890143809234051,0.2717032303083563,0.3860550980430045,0.1833261694277429,-0.05074121554894878,0.3023906439560021,-0.7406736900147829,0.33857844595891307,-0.13192709356873566,1.4015504020561407,0.7448496012658041,1.4730527945448135,True
67,Oak,54,13,0.15252364260151705,-0.01781520806675604,0.586083226676504,1.0216916144270534,0.03572240492846554,0.06789879803862547,0.12464002460030447,0.06397728527215336,0.08077308067629445,0.22427420452673963,-0.15419395756792653,0.11856354143441444,0.33573636953309943,0.8364300838199086,0.8931894551261998,1.1501937737279069,True
67,Pine,297,74,0.14688131996027964,-0.5676904050594617,1.2128653146100299,0.6508425224651239,0.029708519337635665,0.12054706525444643,0.15581425022936043,0.0661170437767788,0.08841217756295829,0.20535046235760102,-0.8049382949269461,-0.3304425151919772,0.90620830889884,1.5195223203212198,0.5207180014972583,0.7809670434329894,True
67,Spruce,6,1,0.07304672542810382,0.06960976071479744,0.7918980219656587,1.0964919788903627,0.0624577254725606,0.2790034828437491,0.19277886385536444,0.3810872600711974,-0.1956871775670213,0.3417806284232289,-1.1308453363375903,1.2700648577671851,-0.03756248282934593,1.6213585267606634,-0.5431941609073985,2.736178118688124,True
68,Alder,92,23,0.04645593774131608,0.1450228224287586,0.502899684732193,1.1945645368900397,0.017823139190916812,0.1279324279422088,0.21996307965195766,0.08093230750647668,0.0110361938677319,0.08187568161490026,-0.10921599500403681,0.39926163986155405,0.06576928590280645,0.9400300835615796,1.033728582445019,1.3554004913350604,True
68,Aspen,53,13,0.3676277217035004,0.5927630687712565,-0.5126705519144522,1.0700254637586917,0.23298533348701783,0.30668923078650434,0.43925212086065696,0.13434456711066134,-0.10057383508630846,0.8358292784933092,-0.02355201491151704,1.2090781524540302,-1.3953807368525284,0.37003963302362397,0.8000499484502593,1.3400009790671241,True
68,Birch,96,24,0.19678083729147625,0.024129677011297385,0.40447552834076866,0.9865879936024847,0.13058661061145158,0.27203098509944756,0.38190795821412,0.17329136762436298,-0.06257544322095296,0.4561371178039054,-0.5161473402814521,0.564406694304047,-0.35402664180303894,1.1629776984845763,0.6424163795179894,1.33075960768698,True
68,Oak,54,13,0.14641277082209264,0.031043370417747095,0.474417117475938,1.085502135498893,0.034454431014695544,0.07701857326569504,0.1532364573735573,0.0723244668242411,0.07720900945527884,0.21561653218890645,-0.12365298671606476,0.18573972755155896,0.16663263471223966,0.7822016002396364,0.9402341686312343,1.2307701023665516,True
68,Pine,297,74,0.14358637775077343,-0.6541625891268549,1.3333209732312612,0.6347850131276275,0.029392280486651844,0.11671443589621336,0.151107233685808,0.06604879120541113,0.08573962296555748,0.20143313253598938,-0.8838675062478383,-0.4244576720058714,1.0359278159611096,1.6307141305014128,0.5047948195985995,0.7647752066566554,True
68,Spruce,6,1,0.010262322410664496,-0.32528861488596117,0.8244722415386131,2.009586805848808,0.01232266877608543,0.2856997030219659,0.1248472317772066,0.5586645081657721,-0.0427578420359009,0.06328248685722988,-1.5545552219667997,0.9039779921948775,0.2872979589374083,1.361646524139818,-0.3941525651950033,4.413326176892619,True
69,Alder,92,23,0.038213509530432344,0.07736768626391426,0.7084625257069426,1.1244818845254005,0.014868127145940208,0.13240646989609647,0.23900661764074843,0.08691168793281673,0.008666231144284192,0.0677607879165805,-0.18576234939867153,0.3404977219265001,0.23348709684190472,1.1834379545719804,0.9517631679611445,1.2972006010896566,True
69,Aspen,53,13,0.5714023674547326,0.8318684674602261,-0.9296817753460322,1.0953936658224563,0.32420890684947706,0.28796354691291537,0.4372084885577612,0.10707294653196855,-0.08011982340671686,1.222924558316182,0.2531840543881273,1.4105528805323249,-1.8082851274144116,-0.051078423277652885,0.8802225239053492,1.3105648077395635,True
69,Birch,96,24,0.2215024692161699,-0.14958298747979684,0.7993000755715228,0.7250273762664956,0.1572332146448649,0.2894240827284653,0.42274257472602794,0.17123353962178042,-0.09077626696023633,0.5337812053925761,-0.7244041979829337,0.42523822302334,-0.040303167684531904,1.6389033188275777,0.3849427862205683,1.0651119663124229,True
69,Oak,54,13,0.11403749193624318,-0.1102035238142364,0.778969010430186,1.0195018935961402,0.028690000141695912,0.0843442667545142,0.13491013524773884,0.07474747777732643,0.056411930725467734,0.17166305314701863,-0.2796139693574732,0.059206921729000384,0.507994028963594,1.049943991896778,0.869367165999942,1.1696366211923384,True
69,Pine,297,74,0.16035521329390873,-0.5839297909063342,1.237217000294447,0.6202295885917419,0.03244127831295904,0.12324365478788131,0.15841812706316516,0.06757948944257908,0.09650774584949141,0.22420268073832605,-0.8264848209791467,-0.3413747608335218,0.9254353216350517,1.5489986789538421,0.4872268378841096,0.7532323392993743,True
69,Spruce,6,1,0.08147453897880268,0.21275200767592672,0.7510200813198727,0.9693389875562236,0.046278432395798125,0.19267651429535126,0.12613533769268875,0.2604356532396974,-0.11764548449503649,0.28059456245264186,-0.616268122505304,1.0417721378571576,0.20830352628528082,1.2937366363544647,-0.15122518676575825,2.0899031618782056,True
70,Alder,92,23,0.037735777525533,0.06863603970719563,0.6112788032808223,1.2216187599801955,0.01364850439948239,0.12869521661072933,0.22508921838453236,0.07746564065379964,0.010612243062338024,0.06485931198872796,-0.1871186599155587,0.32439073932994994,0.16396128090247153,1.058596325659173,1.0676720774362463,1.3755654425241448,True
70,Aspen,53,13,0.32662471667267967,0.5586211883671627,-0.4936663463994527,1.1099714589600724,0.15029418159669247,0.22250524049125156,0.34257174564865,0.08968241646773834,0.024597251051361402,0.6286521822939979,0.11148016694445734,1.005762209789868,-1.182090043395116,0.1947573505962107,0.9297478956205939,1.2901950222995509,True
70,Birch,96,24,0.17440744608989894,-0.16298950441975152,0.7818015235867966,0.8253136891894967,0.12698217410207882,0.295206185882218,0.4068652851367468,0.17445365334747875,-0.07779011239094596,0.42660500457074385,-0.7492944708797564,0.42331546204025344,-0.026268052065716252,1.5898710992393092,0.4788336753339334,1.17179370304506,True
70,Oak,54,13,0.14411891527256207,-0.016279378692421173,0.605153472659894,1.017481787099797,0.03531367689642197,0.06938086892839251,0.12664328272384343,0.066071729941736,0.0731893077604716,0.21504852278465253,-0.15563495518401255,0.12307619779917019,0.35078295315856545,0.8595239921612227,0.8847728118730624,1.1501907623265315,True
70,Pine,297,74,0.15455224087405037,-0.5646490125235643,1.1905574329718804,0.6539397272506455,0.03321704775436815,0.13065487426066452,0.1693120726507809,0.07264004544403573,0.08917798667120386,0.21992649507689688,-0.8217900151171617,-0.30750800992996685,0.8573354513276086,1.5237794146161523,0.5109773294096083,0.7969021250916828,True
70,Spruce,6,1,0.010347798020163581,-0.752863317532171,1.4058774331651618,1.8291750538262714,0.04930251763370384,2.0721508558030877,1.5273722874725157,1.8318950554706368,-0.20178381405738444,0.2224794100977116,-9.668608853595522,8.16288221853118,-5.165875108790698,7.977629975121022,-6.052833207111329,9.711183314763872,True
71,Alder,92,23,0.0464222405258441,0.1918399156326209,0.445709845878383,1.2026384900940323,0.018376050424451236,0.13968022491411053,0.24348698987523462,0.08250517054278912,0.009903701761705658,0.08294077928998254,-0.08574517965652909,0.4694250109217709,-0.03816938131892017,0.9295890730756862,1.0386768008781804,1.3666001793098843,True
71,Aspen,53,13,0.6055659352920896,0.8168243804011006,-0.8414510703478649,1.0186795365197376,0.3813873249816336,0.3182167465271379,0.4851832397203089,0.11109195543758749,-0.1608605887459631,1.3719924593301422,0.1773438865403324,1.456304874261869,-1.8164632943599375,0.13356115366420762,0.7954318938280969,1.2419271792113784,True
71,Birch,96,24,0.06314601128630941,-0.7211930796317448,1.6386514576206115,0.865886541445866,0.047242477673036076,0.2991644720807326,0.4342678499755967,0.16677312329221894,-0.03068162719897681,0.1569736497715956,-1.3153595441491963,-0.12702661511429347,0.7761580228922927,2.5011448923489303,0.5346607232399861,1.197112359651746,True
71,Oak,54,13,0.15362392111758424,0.04562470261952808,0.45902249091944014,1.0722940883091538,0.03512829359886147,0.07329812631969332,0.14511704920117352,0.06880186255932372,0.08306666691704019,0.2241811753181283,-0.10159891689980455,0.19284832213886072,0.1675463194252486,0.7504986624136316,0.9341014803361201,1.2104866962821876,True
71,Pine,297,74,0.1475374772172382,-0.6374985830320549,1.2922906239029217,0.6498175614946308,0.02966302223258541,0.11894742287262895,0.1532886081383766,0.06701206770286232,0.0891578773744823,0.2059170770599941,-0.8715982272012494,-0.4033989388628604,0.9906043178548188,1.5939769299510247,0.5179315497978452,0.7817035731914164,True
71,Spruce,6,1,0.010262322410664887,-0.3252886148859537,0.824472241538613,2.00958680584879,0.012322668776113346,0.28569970302255754,0.12484723177725637,0.5586645081670057,-0.042757842036020614,0.06328248685735038,-1.554555221969338,0.9039779921974305,0.2872979589371939,1.3616465241400322,-0.3941525652003297,4.413326176897909,True
72,Alder,92,23,0.05753124859027329,0.13487697467113263,0.5044303718773566,1.1367539944639875,0.01885426559745684,0.10692658499008537,0.18827506958147042,0.06584299963409464,0.020062357659612326,0.09500013952093425,-0.07761714396067262,0.3473710933029379,0.13027323429771737,0.8785875094569959,1.005904868621069,1.267603120306906,True
72,Aspen,53,13,0.3757617116957329,0.5681630809607168,-0.5167722043088557,1.0767260650760044,0.24750505875712372,0.32428263745034125,0.5009589115881459,0.10969540298320109,-0.1216183254468004,0.8731417488382662,-0.08350727709044803,1.2198334390118815,-1.52348682785561,0.4899424192378984,0.8562848996140506,1.2971672305379582,True
72,Birch,96,24,0.2543982952570775,-0.045683997816324776,0.6939535003591616,0.6973818333966867,0.16390576485307537,0.27741001675230376,0.3907781600106489,0.15462320340400368,-0.0711327015870249,0.5799292921011799,-0.596644236273259,0.5052762406406094,-0.08216565620132743,1.4700726569196507,0.3902868048328436,1.0044768619605298,True
72,Oak,54,13,0.15076755501538014,0.029844521768856887,0.4957038151667423,1.0592530935416906,0.03537800655105619,0.0762503925076456,0.15213913784938407,0.07188227225376402,0.07970873758929581,0.22182637244146447,-0.1233088989036343,0.18299794244134807,0.1901233635322081,0.8012842668012765,0.9148733006078852,1.203632886475496,True
72,Pine,297,74,0.12951097286720567,-0.5067578680579212,1.139571318276418,0.6983425302057616,0.02604336674064524,0.11365251287944737,0.14683296096817186,0.06587057543257786,0.07825519329910702,0.18076675243530432,-0.7304366345369867,-0.28307910157885574,0.8505903291568297,1.4285523073960062,0.5687030819724117,0.8279819784391116,True
72,Spruce,6,1,0.010262322410664739,-0.32528861488595595,0.8244722415386122,2.009586805848797,0.012322668776097587,0.28569970302222714,0.12484723177724345,0.5586645081663246,-0.04275784203595297,0.06328248685728244,-1.5545552219679186,0.9039779921960067,0.28729795893724874,1.3616465241399758,-0.39415256519739206,4.413326176894986,True
73,Alder,92,23,0.05838483784153575,0.15890527752613956,0.4760579952470045,1.1371551528501875,0.023488427606876246,0.1317253987474829,0.23043017967553164,0.07848114521855533,0.011706523717569958,0.10506315196550155,-0.10287127234557755,0.42068182739785664,0.018126434626595245,0.9339895558674137,0.9811903683770093,1.2931199373233657,True
73,Aspen,53,13,0.5721083540470361,0.7296199741269376,-0.8030327459530939,1.069405718278958,0.2935963437680189,0.2564962188473208,0.3899686356262632,0.10396227394577409,-0.01789558810085834,1.1621122961949304,0.2141715243140795,1.2450684239397956,-1.586704059364708,-0.019361432541479928,0.8604857069618841,1.278325729596032,True
73,Birch,96,24,0.054510177393585456,-0.6945093935050788,1.3362479768149604,1.1699726620826083,0.044190916165349786,0.3111884100998431,0.42894914125216477,0.1981994514060588,-0.033256796535950255,0.14227715132312116,-1.312556436798154,-0.07646235021200354,0.48431795670609845,2.188177996923822,0.7763314436178146,1.563613880547402,True
73,Oak,54,13,0.12235650895312117,-0.05205605860740008,0.636426054264604,1.071444621531858,0.034125022223082606,0.09925736652628003,0.15823232599533102,0.06912434459050087,0.05381438461630762,0.19089863328993473,-0.2514203465868849,0.14730822937208476,0.3186070740577837,0.9542450344714242,0.9326042893366145,1.2102849537271014,True
73,Pine,297,74,0.1607169732792531,-0.5173010189284755,1.127341302043324,0.653216676868957,0.03255874633101562,0.11671854053779047,0.1499435772353559,0.06701487753645939,0.09663831779759893,0.22479562876090728,-0.7470140143676725,-0.2875880234892785,0.8322383294144802,1.422444274672168,0.521325135157066,0.785108218580848,True
73,Spruce,6,1,0.09205180577291981,0.0924988969933162,0.7823874089617397,1.0175495903503342,0.05778422579213394,0.19403557354987935,0.13546992076404776,0.2751382449651358,-0.1565736510649835,0.34067726261082315,-0.7423687931992287,0.9273665871858612,0.1995073845945896,1.36526743332889,-0.166274730392713,2.2013739110933814,True
74,Alder,92,23,0.05769163520294312,0.18692317204437506,0.3634594153554587,1.2145031085782994,0.021360120401565,0.12178717457709733,0.21403924103595137,0.07775244940602029,0.015242884417339515,0.10014038598854672,-0.055103245659114675,0.4289495897478648,-0.06189859903144307,0.7888174297423605,1.059986453907917,1.3690197632486818,True
74,Aspen,53,13,0.3084501636044399,0.5869316080673902,-0.551970337266845,1.1466694151781944,0.17260751549786738,0.27225532255694695,0.4191967735497545,0.10053269147031967,-0.03841762528247583,0.6553179524913556,0.039814053680315875,1.1340491624544646,-1.394377792876905,0.29043711834321506,0.9446414078774861,1.3486974224789028,True
74,Birch,96,24,0.255263416283745,-0.1402611311509842,0.7562940169438858,0.7164662748898348,0.18537945245720383,0.2985256356140079,0.4113285242186234,0.17178045441336123,-0.11291617768540008,0.6234430102528901,-0.7331588113031042,0.45263654900113587,-0.06063993677842372,1.5732279706661951,0.37529546485981075,1.0576370849198589,True
74,Oak,54,13,0.13722994246596398,-0.03134834647072682,0.6240114156144875,1.0300807683721744,0.03309193664902949,0.07107075409187442,0.13105246749414157,0.06484796054008082,0.07076283157249467,0.20369705335943328,-0.17409815720583366,0.11140146426438002,0.3607847878658406,0.8872380433631344,0.8998298063282445,1.1603317304161043,True
74,Pine,297,74,0.16622815605590716,-0.570596578542535,1.2297633110024324,0.6061323621205323,0.0339904291660392,0.11839990152804043,0.15252486337813176,0.06873463856233708,0.09933181496032376,0.23312449715149056,-0.8036186495382402,-0.33757450754682966,0.9295801260164888,1.529946495988376,0.47085616999343116,0.7414085542476335,True
74,Spruce,6,1,0.07304672542810327,0.06960976071479548,0.7918980219656593,1.0964919788903662,0.0624577254725366,0.279003482843651,0.19277886385534898,0.38108726007104954,-0.1956871775669186,0.3417806284231251,-1.1308453363371702,1.270064857766761,-0.037562482829278876,1.6213585267605974,-0.5431941609067585,2.7361781186874907,True
75,Alder,92,23,0.06330252278671254,0.14944084607146974,0.49800453604990885,1.1016080726548436,0.0223567848024661,0.1189761102232126,0.2083151002367134,0.07587653973274046,0.01887311093856015,0.10773193463486494,-0.0869991719321567,0.38588086407509614,0.08402204865819923,0.9119870234416185,0.950819394265509,1.2523967510441782,True
75,Aspen,53,13,0.5126592638026006,0.6742161146865238,-0.6175730853895808,0.9951739330577575,0.3126959716427567,0.30339046191883545,0.4683926689649226,0.10939493405742332,-0.1157268175607502,1.1410453451659515,0.06453015523323047,1.283902074139817,-1.5588433941943625,0.323697223415201,0.7753365825085735,1.2150112836069416,True
75,Birch,96,24,0.09261610570637947,-0.25587159098220535,0.9788107382017506,0.9434979722105317,0.07139700846955403,0.29986070726023945,0.4115949614364088,0.18537365952147647,-0.04918451588624574,0.2344167272990047,-0.8514208386630553,0.3396776566986446,0.16134761716687107,1.79627385923663,0.5753298835117697,1.3116660609092936,True
75,Oak,54,13,0.11083380822239139,-0.09754811988959065,0.7073108169679297,1.080402417416381,0.03108981725432747,0.09629310464494883,0.15322813638299013,0.07036394819142186,0.04838807248266448,0.1732795439621183,-0.2909585126566748,0.09586227287749345,0.39954304740565677,1.0150785865302028,0.9390722681131148,1.2217325667196473,True
75,Pine,297,74,0.1595348524945747,-0.5809115815576176,1.246429333255627,0.6132248397822072,0.03240153927275439,0.11885601384309755,0.15319454601410312,0.0688394521759811,0.09576559519500008,0.2233041097941493,-0.8148313242142751,-0.34699183890096,0.9449281502584523,1.5479305162528019,0.4777423646683412,0.7487073148960732,True
75,Spruce,6,1,0.06479067578299018,0.0964875038343125,0.7790454646623456,1.1183629934585844,0.05966354184005398,0.28085494730265037,0.195986223853921,0.3984306287829847,-0.191920825378458,0.3215021769444384,-1.1119338018261022,1.3049088094947272,-0.06421519638556672,1.6223061257102578,-0.5959456390690749,2.8326716259862437,True
76,Alder,92,23,0.045998612905093585,0.13103792313815663,0.5981479664381139,1.12344554014045,0.017578310763872246,0.1447552837270927,0.2542186034328943,0.08146575526210277,0.011065414083197625,0.08093181172698954,-0.15663278509345493,0.4187086313697682,0.09294191238438876,1.1033540204918388,0.9615494703772567,1.2853416099036432,True
76,Aspen,53,13,0.532056292987098,0.7228441910239889,-0.6845282078353072,0.9975009328965974,0.29795746088414377,0.2678569441717777,0.4091565563495056,0.10665227226509869,-0.06671164212358138,1.1308242280977774,0.18456550892327528,1.2611228731247026,-1.506759091584348,0.13770267591373364,0.7831751675690894,1.2118266982241053,True
76,Birch,96,24,0.1747009938406637,-0.03816791082088822,0.4997206966560147,0.9925510534874197,0.11881783791647191,0.27251211552707477,0.3712700555840501,0.17444453030358736,-0.06128148825495833,0.41068347593628574,-0.579400494672617,0.5030646730308406,-0.23765368063315262,1.237095073945182,0.6460891587844981,1.3390129481903412,True
76,Oak,54,13,0.12094940314847898,-0.09240684489586103,0.7408448786404984,1.022383862259019,0.019859756133449497,0.050643819478604836,0.09273344184955222,0.052971683320044746,0.08105990900254001,0.16083889729441794,-0.19412794998119878,0.00931426018947673,0.5545842790171143,0.9271054782638826,0.9159871050432271,1.1287806194748107,True
76,Pine,297,74,0.13162903590729552,-0.5743431192285179,1.2452920672297032,0.6614032726994552,0.027893521179236234,0.12151679394693383,0.15705501578778353,0.06911288745091618,0.07673197950215266,0.18652609231243839,-0.813499525786566,-0.3351867126704697,0.9361931189466657,1.5543910155127407,0.5253826514112567,0.7974238939876537,True
76,Spruce,6,1,0.06479067578298928,0.09648750383430764,0.7790454646623487,1.11836299345859,0.059663541840077286,0.2808549473027371,0.1959862238539508,0.39843062878312846,-0.19192082537855923,0.32150217694453775,-1.1119338018264802,1.3049088094950954,-0.06421519638569173,1.6223061257103892,-0.595945639069688,2.832671625986868,True
77,Alder,92,23,0.03258394525042371,0.1183981707302013,0.7119473110338596,1.1386236190998347,0.012733488781465374,0.13273508872675185,0.22987870195380203,0.07789144940321219,0.007278812051076181,0.057889078449771245,-0.14538492580393858,0.3821812672643412,0.25511169650052373,1.1687829255671953,0.9838307311438212,1.293416507055848,True
77,Aspen,53,13,0.4045946206129702,0.6395480020403992,-0.6394378082108183,1.0988945738440337,0.229599716169788,0.28639071528334337,0.4366093196567553,0.10503299306894053,-0.05680328345373764,0.865992524679678,0.0640243124632619,1.2150716916175366,-1.5168370852928783,0.2379614688712418,0.8878228718911237,1.3099662757969437,True
77,Birch,96,24,0.2779070955730473,-0.030367058630297403,0.597766452250245,0.7327532373496468,0.1768066014553253,0.2707632988355786,0.3741861733094433,0.15239500596729338,-0.07324607632400604,0.6290602674701007,-0.5681263415801899,0.5073922243195951,-0.1453995865519444,1.3409324910524345,0.4300836012263196,1.035422873472974,True
77,Oak,54,13,0.12963574645102563,-0.012765814834751055,0.5910542983237337,1.058188889299983,0.03037206677476205,0.06675962219208427,0.12337023271220118,0.06514713861824899,0.06863165497724455,0.1906398379248067,-0.1468564623090661,0.12132483263956398,0.3432578932476506,0.8388507033998167,0.9273370104010075,1.1890407681989583,True
77,Pine,297,74,0.16139554612165793,-0.5938813747939953,1.2382010340546317,0.6294203975927759,0.03340236488710413,0.12067672776555495,0.15412649985533022,0.0689765446150394,0.09565657048320367,0.2271345217601122,-0.8313844526006509,-0.3563782969873397,0.9348656788043347,1.5415363893049285,0.49366811174718683,0.765172683438365,True
77,Spruce,6,1,0.10879112766962343,0.10768724797144608,1.087905611025187,0.6737215350420775,0.22634355725171673,0.29277361104748395,1.366810316503526,1.8962464794329887,-0.8650865967886106,1.0826688521278574,-1.1520159287850071,1.3673904247278994,-4.7930045282555565,6.9688157503059305,-7.485168555866971,8.832611625951126,True
78,Alder,92,23,0.03994577870880321,0.08317995826823632,0.5658032673051301,1.2325830900513965,0.015923657398817438,0.126158651343882,0.22077594746124038,0.0805265932729839,0.00830085574908946,0.07159070166851697,-0.16753385090822948,0.3338937674447021,0.1270574645169084,1.0045490700933517,1.0725534073906138,1.3926127727121793,True
78,Aspen,53,13,0.4746207113610981,0.6869697464840498,-0.6761348965324723,1.0528178460562136,0.27443311593365644,0.27612155001271665,0.4233133128319069,0.10850979286736553,-0.07687328266739563,1.0261147053895918,0.1320827171407516,1.241856775827348,-1.5268148475466155,0.174545054481671,0.8347592533239329,1.2708764387884943,True
78,Birch,96,24,0.11827753373736173,-0.3534907756695427,1.1204533839281443,0.810167663486868,0.0876587093359773,0.28490886338381455,0.38698983098284956,0.1886203067040582,-0.05582022943641908,0.29237529691114256,-0.9193443708142356,0.21236281947515023,0.35185817581387635,1.8890485920424123,0.4355514532428125,1.1847838737309235,True
78,Oak,54,13,0.10796754014420579,-0.09734865046518647,0.7157249501696111,1.0820019782408885,0.022381891251942614,0.060683138645107895,0.10906676158458409,0.05591693066672176,0.06301218852406815,0.15292289176434343,-0.21923432154169176,0.024537020611318835,0.49665791236157353,0.9347919879776487,0.969689517629538,1.1943144388522389,True
78,Pine,297,74,0.14616997534894477,-0.6067488013595763,1.216235077531472,0.681303339090797,0.027802142483201085,0.11263422306460265,0.14435019941631633,0.06479227042457901,0.09145276075718345,0.2008871899407061,-0.8284234783211116,-0.385074124398041,0.9321403951666649,1.5003297598962793,0.5537860958836854,0.8088205822979085,True
78,Spruce,6,1,0.07304672542810296,0.06960976071479477,0.7918980219656595,1.096491978890368,0.06245772547263077,0.27900348284408555,0.19277886385547996,0.38108726007162314,-0.19568717756732407,0.34178062842353,-1.1308453363390407,1.2700648577686302,-0.0375624828298422,1.6213585267611612,-0.5431941609092248,2.7361781186899607,True
79,Alder,92,23,0.04858677487941306,0.1596422012787516,0.46647323186812256,1.2016807727162204,0.016354355206689333,0.11967825754079549,0.20674865716027982,0.07529749504209961,0.016085930531310494,0.08108761922751563,-0.0781931869727257,0.3974775895302289,0.055603720926044375,0.8773427428102007,1.0520428239718806,1.3513187214605602,True
79,Aspen,53,13,0.5083472470447601,0.6958606906337443,-0.6889838599953682,1.0354582236901553,0.30105720629719696,0.2930146106197494,0.4392961159744395,0.12386272022733028,-0.09664985968939588,1.113344353778916,0.10702578501522952,1.2846955962522593,-1.5717824564246565,0.1938147364339201,0.7865467683178453,1.2843696790624652,True
79,Birch,96,24,0.022127938168382776,-1.059904046147183,2.085612516571189,1.0787483324045177,0.020104889036619937,0.3543839016532925,0.5029805853154992,0.19434323820963903,-0.01780210685106887,0.062057983187834426,-1.763741064168542,-0.3560670281258238,1.086649658384006,3.0845753747583724,0.6927658862043796,1.4647307786046557,True
79,Oak,54,13,0.12146721277614429,-0.036802992656785584,0.6565784361069238,1.0402338724624092,0.029541324750313725,0.06911202148560547,0.12909062760256357,0.06646076381919352,0.06213171576537392,0.18080270978691465,-0.175618573167402,0.10201258785383086,0.39729227974898873,0.9158645924648589,0.9067434996961914,1.173724245228627,True
79,Pine,297,74,0.16648153258341694,-0.7115302249417517,1.3987848609710591,0.5858749727146226,0.034177388044984595,0.12615621673996244,0.15972556711197905,0.06767449196528788,0.09921723894226006,0.23374582622457382,-0.95981744912299,-0.46324300076051333,1.0844300181118172,1.7131397038303011,0.45268524816405864,0.7190646972651866,True
79,Spruce,6,1,0.09205180577292153,0.09249889699332178,0.7823874089617373,1.0175495903503262,0.057784225792047283,0.19403557354959916,0.13546992076398365,0.2751382449647039,-0.1565736510646089,0.340677262610452,-0.7423687931980175,0.9273665871846611,0.19950738459486306,1.3652674333286114,-0.1662747303908627,2.2013739110915154,True
80,Alder,92,23,0.04334233588221519,0.1429071727719227,0.6195266582558996,1.117912993071785,0.016744455792799734,0.12462011471329547,0.21925890350251784,0.07594056265894265,0.010066248593070724,0.07661842317135967,-0.10474911815190704,0.39056346369575246,0.18379566155135058,1.0552576549604487,0.966997082570092,1.268828903573478,True
80,Aspen,53,13,0.4171045995590973,0.7443954348092877,-0.8072062434626353,1.1534779248589637,0.2558513092007459,0.2898320590364871,0.4213754315006531,0.1531343283485419,-0.09704785579781805,0.9312570549160126,0.16195610604338329,1.3268347635751923,-1.6539918761409957,0.03957938921572535,0.8457429706553158,1.4612128790626118,True
80,Birch,96,24,0.12638504965780953,-0.17637775013554413,0.5993910719283405,1.111848495979714,0.08910306870494618,0.2759968624334401,0.37932257470646386,0.18203050157308223,-0.05058133589544053,0.30335143521105956,-0.724531342136043,0.3717758418649547,-0.1539763034068402,1.3527584472635212,0.7503202075376642,1.4733767844217636,True
80,Oak,54,13,0.14621918277366566,0.00788160356660265,0.5712617449326055,1.0216353290123592,0.03400682383582561,0.06918257485416812,0.12551790465958002,0.06522055248022855,0.07791446688461277,0.21452389866271854,-0.13107568755532972,0.146838894688535,0.3191516137968115,0.8233718760683995,0.8906359940319503,1.1526346639927683,True
80,Pine,297,74,0.18316007933470313,-0.5831986790440539,1.2746656382667323,0.5511771809130852,0.03684489740065913,0.11776157189001521,0.15093788765292834,0.0670598256526015,0.11064587799567126,0.255674280673735,-0.814964457658508,-0.3514329004295998,0.977605769815129,1.5717255067183356,0.4191971771081044,0.683157184718066,True
80,Spruce,6,1,0.10879112766963041,0.10768724797145002,1.0879056110252325,0.6737215350420135,0.22634355725258662,0.29277361104782385,1.3668103165080092,1.8962464794401226,-0.8650865967923463,1.0826688521316072,-1.152015928786466,1.3673904247293658,-4.7930045282748015,6.968815750325266,-7.485168555897729,8.832611625981755,True
81,Alder,92,23,0.047903071607991045,0.10151966414370624,0.6311268009477501,1.1093795650122322,0.01862029957665655,0.12915033076522156,0.22764908493362293,0.07915997619020791,0.010899138979181378,0.08490700423680071,-0.15513947922561172,0.35817880751302417,0.1787220817210713,1.0835315201744289,0.9520657466291553,1.2666933833953091,True
81,Aspen,53,13,0.530988411879888,0.7360032812007951,-0.7423233214712202,1.0274211890197598,0.29105356658400605,0.26888005689021793,0.41244406292536195,0.10812454028471964,-0.05390562820547695,1.1158824519652528,0.19566857711631191,1.276337985285278,-1.5711606970270013,0.08651405408456114,0.8101367903376042,1.2447055877019153,True
81,Birch,96,24,0.07586471527057742,-0.8221226698624104,1.7094211825479446,0.8181315416302646,0.05534943883494784,0.30633094622244467,0.43911653617273005,0.15668445712678145,-0.034064047850435986,0.18579347839159083,-1.4305223706135002,-0.2137229691113206,0.8372978385083095,2.58154452658758,0.5069426852518479,1.1293203980086812,True
81,Oak,54,13,0.10988740099520175,-0.08111890787765885,0.6709345667016305,1.1013354522608367,0.022233300929858816,0.059391183114742195,0.10778939916762618,0.05705399344416538,0.0652305018204555,0.154544300169948,-0.20040960990121914,0.03817179414590145,0.4544331868156288,0.8874359465876323,0.9867391338468212,1.2159317706748523,True
81,Pine,297,74,0.14607696622330996,-0.6511908545004977,1.3549087515893297,0.6072410369235696,0.029367229055798444,0.11800957232347122,0.15296746069281605,0.06807229360718298,0.08827951499513693,0.203874417451483,-0.8834447211442993,-0.4189369878566962,1.0538544937261807,1.6559630094524787,0.47326840156612515,0.741213672281014,True
81,Spruce,6,1,0.06479067578299069,0.09648750383431427,0.7790454646623446,1.1183629934585813,0.059663541840112036,0.2808549473028751,0.19598622385399675,0.39843062878333246,-0.1919208253787073,0.3215021769446887,-1.1119338018270672,1.3049088094956958,-0.06421519638589368,1.6223061257105829,-0.5959456390705744,2.8326716259877367,True
82,Alder,92,23,0.051391628827170216,0.16574991780037274,0.43827620163696596,1.2009417414651324,0.019630610307254177,0.12707024459781818,0.2274548475009918,0.07929809402862001,0.012379915923113709,0.09040334173122672,-0.08677549141048896,0.41827532701123443,-0.013742511508474164,0.8902949147824061,1.043353442901627,1.358530040028638,True
82,Aspen,53,13,0.5496349781862082,0.683204276272693,-0.6507345380277124,0.9856946398642139,0.3206844809162631,0.2830569638516754,0.4332769531876743,0.11606634722563042,-0.09480461359475834,1.1940745699671749,0.11438001101937978,1.2520285415260062,-1.5214371739724675,0.21996809791704264,0.752450582615543,1.2189386971128848,True
82,Birch,96,24,0.03919473177889371,-0.6266407983290517,1.6649556327961095,0.9200908989948091,0.03042065523871819,0.3041144797033527,0.439160550024469,0.16636871944928086,-0.021223315343412194,0.09961277890119961,-1.2306384052545927,-0.022643191403510787,0.7927448734477793,2.5371663921444396,0.589668261727911,1.2505135362617072,True
82,Oak,54,13,0.15628315990715888,0.060352937130997965,0.44222391059904365,1.0667409515447612,0.036403861435715355,0.07417313606978915,0.1477454720526566,0.06681517760055805,0.08316385230479931,0.22940246750951845,-0.08862819119506668,0.2093340654570626,0.14546839643605192,0.7389794247620354,0.9325387177485297,1.2009431853409929,True
82,Pine,297,74,0.13879366875431493,-0.6666904691289622,1.3527949647393867,0.6359695159946152,0.028858031824229007,0.12052804770677789,0.1535925669192592,0.06840463586060505,0.08199836526371826,0.1955889722449116,-0.9039009306853941,-0.42948000757253035,1.050510439404743,1.6550794900740302,0.5013428000241607,0.7705962319650697,True
82,Spruce,6,1,0.010347797973789648,-0.7528633195721856,1.4058774346637568,1.8291750555630546,0.04930251740838065,2.072150855592549,1.5273722873220599,1.8318950553002333,-0.2017838131342709,0.2224794090818502,-9.668608854729662,8.162882215585292,-5.165875106644744,7.977629975972258,-6.052833204641359,9.711183315767467,True
83,Alder,92,23,0.03821794843450511,0.08598582312506821,0.6625376105253112,1.164342371214957,0.013230971781521543,0.11534015807318719,0.20783457894150065,0.07124422942365234,0.011924172311220147,0.06451172455779007,-0.14322850402180165,0.31520015027193804,0.2495100582334135,1.075565162817209,1.022759436153626,1.305925306276288,True
83,Aspen,53,13,0.4371118515787139,0.6840587131831284,-0.6264455196787874,1.0355258188391498,0.24452983061803,0.2848751522102434,0.4401640478177938,0.11360905946912854,-0.05428924077068653,0.9285129439281143,0.11158066162800029,1.2565367647382564,-1.5109882904479963,0.2580972510904216,0.807219866216446,1.2638317714618537,True
83,Birch,96,24,0.20564646120203514,-0.027893274828539025,0.6516224965177821,0.7717691347227464,0.14690846385054715,0.2996414684236087,0.41966020403261534,0.17171157524906047,-0.08612642869584627,0.49741935109991653,-0.6230070952558123,0.5672205455987344,-0.18185889248031462,1.485103885515879,0.4307351246584631,1.11280314478703,True
83,Oak,54,13,0.1147785825189313,-0.03403128967698793,0.6362364989188696,1.0710165921419619,0.027978079533872872,0.0689786128355902,0.12590657275762915,0.06762249347170676,0.05858295593209113,0.1709742091057715,-0.17257891102798315,0.10451633167400728,0.3833457049331561,0.889127292904583,0.935192816696391,1.2068403675875328,True
83,Pine,297,74,0.13877584242965868,-0.5838776039055769,1.2599150111060138,0.6439726973541012,0.02726305859685254,0.11463705805856064,0.14854532230957493,0.0655757295083383,0.08511959530506709,0.19243208955425029,-0.8094940473055262,-0.3582611605056275,0.9675639348417818,1.5522660873702456,0.5149135334537976,0.7730318612544048,True
83,Spruce,6,1,0.07304672542810331,0.06960976071479608,0.7918980219656586,1.096491978890366,0.06245772547253599,0.2790034828437542,0.19277886385542817,0.38108726007104626,-0.1956871775669159,0.3417806284231225,-1.1308453363376136,1.2700648577672058,-0.03756248282962027,1.6213585267609374,-0.5431941609067448,2.7361781186874765,True
84,Alder,92,23,0.040552708040783744,0.1391306291505087,0.6226160586776803,1.1348300946471481,0.01448185311996524,0.12151100474576211,0.2067917169807875,0.07448772425134585,0.01177306811150318,0.06933234797006431,-0.10234695904619642,0.38060821734721384,0.21166097539072581,1.033571141964635,0.9868013951881096,1.2828587941061866,True
84,Aspen,53,13,0.43701193782322845,0.6059615645007131,-0.5607002204802967,1.0449664639650134,0.27768718563553635,0.314790930176778,0.47453514089906995,0.11561010065876474,-0.1210213540980557,0.9950452297445126,-0.026634493655419478,1.2385576226568458,-1.5143142887787024,0.392913847818109,0.8126392685191409,1.2772936594108857,True
84,Birch,96,24,0.22113957643219526,-0.062016943982695506,0.6897732532917463,0.7591432189448354,0.16187267667850028,0.3081794250951719,0.4158959767316865,0.17704272092271525,-0.10035353180722842,0.542632684671619,-0.6740878833300821,0.550053995364691,-0.13623205537008176,1.5157785619535744,0.4075210934044331,1.1107653444852377,True
84,Oak,54,13,0.13734757277270665,0.0019533250438861023,0.5702336241062149,1.0446580698621726,0.03237868948761251,0.07049648380087956,0.12809091138349638,0.06816536404503841,0.07231306096448142,0.20238208458093188,-0.13964302986543423,0.14354967995320642,0.3129554568696022,0.8275117913428276,0.9077439067798451,1.1815722329445,True
84,Pine,297,74,0.1493706637661407,-0.6347486908686708,1.2655259927789055,0.6628112361797845,0.030289782057747128,0.11937386789450094,0.15455903017231654,0.06720206086912049,0.08975754201507898,0.20898378551720243,-0.869687618693341,-0.3998097630440006,0.9613393774436607,1.5697126081141504,0.5305513001764317,0.7950711721831374,True
84,Spruce,6,1,0.010347798024880624,-0.7528633173246684,1.40587743301273,1.829175053649611,0.04930251765728327,2.0721508558537245,1.5273722875100912,1.8318950555117586,-0.20178381415412147,0.2224794102038827,-9.668608853605893,8.162882218956558,-5.165875109104805,7.977629975130265,-6.052833207464922,9.711183314764144,True
85,Alder,92,23,0.030885472733778164,0.05391424461774491,0.797072961415936,1.1410601345009508,0.012458527960464842,0.1318723774920018,0.23179711633368916,0.0773571077759488,0.006126766387230649,0.05564417908032568,-0.20815439462330027,0.3159828838587901,0.3364249014289041,1.257721021402968,0.9873291382451553,1.2947911307567463,True
85,Aspen,53,13,0.5806279778351743,0.7184125523146383,-0.7378929970438277,1.0144035433511227,0.311877105599824,0.2543406631382099,0.38622191879487217,0.10691887925874129,-0.04611253060577303,1.2073684862761216,0.20729585387706206,1.2295292507522144,-1.514035001090543,0.03824900700288747,0.7995420112111451,1.2292650754911003,True
85,Birch,96,24,0.3142330848619131,-0.08855410443442364,0.6559364995213729,0.6880077786394021,0.20305719086021093,0.28419465938149924,0.39387437719071805,0.15575372676150487,-0.08905602346408592,0.7175221931879121,-0.6529892287826065,0.47588101991375914,-0.1263320116147605,1.4382050106575064,0.37866743310423223,0.997348124174572,True
85,Oak,54,13,0.15083171292741096,-0.02226279009557244,0.6312736527124702,0.98771880604428,0.034550853888795134,0.06762802704494746,0.12450737313082336,0.06584673941818342,0.08143428051820947,0.22022914533661245,-0.15809768005009836,0.11357209985895347,0.3811932338868254,0.881354071538115,0.8554617375837633,1.1199758745047967,True
85,Pine,297,74,0.13965160012672861,-0.6053905274933795,1.2410606501278878,0.6769524603254702,0.028135176727062193,0.12178779508319935,0.15859889478373015,0.06697909794981717,0.08427894302010484,0.19502425723335237,-0.8450802896133817,-0.36570076537337737,0.9289232037011921,1.5531980965545835,0.5451313361837894,0.808773584467151,True
85,Spruce,6,1,0.10879112766962691,0.10768724797145084,1.087905611025197,0.6737215350420547,0.22634355725163613,0.29277361104753663,1.3668103165028356,1.8962464794321692,-0.8650865967882602,1.082668852127514,-1.1520159287852292,1.3673904247281308,-4.793004528252577,6.96881575030297,-7.485168555863466,8.832611625947575,True
86,Alder,92,23,0.07302020133081909,0.33911695440226713,0.25899206337273606,1.110319371450926,0.03041575020310986,0.13831524211058183,0.23741633680589497,0.07973352597424926,0.012575289220942289,0.1334651134406959,0.06424447560423857,0.6139894332002958,-0.21282301650696223,0.7308071432524343,0.9518657433950477,1.2687729995068044,True
86,Aspen,53,13,0.5237734022607411,0.6424986280084263,-0.6174782199957245,1.0124960644250758,0.27791948954768225,0.25545608637988915,0.38678418015315286,0.10723638673414392,-0.03472672184987968,1.0822735263713619,0.129140402645453,1.1558568533713995,-1.394750130544835,0.15979369055338621,0.7969964771249256,1.227995651725226,True
86,Birch,96,24,0.11931115872170854,-0.016462676828860406,0.7126396702181582,0.8921325533691244,0.08372449854329717,0.2701936657814164,0.37590621414827274,0.1630766790519068,-0.04697292222872877,0.28559523967214584,-0.5530906193641982,0.5201652657064775,-0.03394251815862759,1.459221858594944,0.5682481924903013,1.2160169142479476,True
86,Oak,54,13,0.12685476083113228,-0.05312573325469854,0.6791682528893044,1.0239189175359162,0.029766544461482747,0.06748305682763947,0.1262164646096382,0.06598933586905596,0.06706689671726868,0.1866426249449959,-0.1886694419582673,0.0824179754488702,0.42565502280047235,0.9326814829781365,0.8913754356746463,1.1564623993971863,True
86,Pine,297,74,0.14148798806294802,-0.5593040608658983,1.1859894240734317,0.6811929625035448,0.02858855840746326,0.11658480457622335,0.15101755593055752,0.0674233511696683,0.08522303343956027,0.19775294268633575,-0.7887538514347467,-0.32985427029704995,0.8887727610062399,1.4832060871406234,0.5484975065085415,0.8138884184985481,True
86,Spruce,6,1,0.1087911276696218,0.1076872479714446,1.087905611025183,0.6737215350420868,0.22634355725212052,0.29277361104774385,1.366810316505595,1.8962464794363185,-0.8650865967903495,1.082668852129593,-1.1520159287861271,1.3673904247290163,-4.793004528264463,6.968815750314828,-7.485168555881288,8.832611625965463,True
87,Alder,92,23,0.058167368130168255,0.2030357145092129,0.4255444179493265,1.1462697667652961,0.02356562594144863,0.12834560281111826,0.22746092210386837,0.0805046653772765,0.011335638538324914,0.1049990977220116,-0.05202420115296921,0.458095630171395,-0.026486367192843085,0.8775752030914961,0.9862836611894098,1.3062558723411826,True
87,Aspen,53,13,0.3904526931293819,0.565507269763998,-0.518448528896489,1.0779895503144759,0.2103287272763432,0.27436487405374194,0.4196834088687422,0.09585021310704696,-0.032218708862066625,0.8131240951208305,0.014150412927515621,1.1168641266004804,-1.3618339147930993,0.3249368570001213,0.8853713355809938,1.270607765047958,True
87,Birch,96,24,0.14993409716263412,-0.009469418680981194,0.7320601089658983,0.7871640123523564,0.10869772494343072,0.29172949174783663,0.41388194867326905,0.1697789443325863,-0.06594896703123118,0.36581716135649944,-0.5888693704924671,0.5699305331305048,-0.0899451661271512,1.5540653840589478,0.4499683741069992,1.1243596505977136,True
87,Oak,54,13,0.13949999107958647,-0.036958239453131626,0.7196711092165785,0.9438370433726955,0.030951071183810516,0.061979515566479695,0.11752646396891168,0.06775500774438016,0.07733293502406456,0.20166704713510836,-0.16144776020777538,0.08753128130151214,0.4836122590988392,0.9557299593343178,0.8077471051772631,1.0799269815681278,True
87,Pine,297,74,0.14713989078975087,-0.6806424991922974,1.3471377416887795,0.6404426600186796,0.029956653100565136,0.1224443564078719,0.15587654463889805,0.06946518233057639,0.0881823979582183,0.20609738362128344,-0.9216244353566727,-0.439660563027922,1.0403581347580397,1.6539173486195193,0.5037286894844079,0.7771566305529513,True
87,Spruce,6,1,0.010347798008207723,-0.7528633180581138,1.4058774335515198,1.8291750542740384,0.0493025175767913,2.0721508557987525,1.5273722874704767,1.8318950554700628,-0.20178381382446536,0.22247940984088083,-9.668608854102814,8.162882217986585,-5.165875108395568,7.977629975498607,-6.052833206661093,9.711183315209169,True
88,Alder,92,23,0.03667630502965285,0.06701328527400008,0.6913901748841761,1.1653300185808926,0.014241025598581682,0.13444244370069422,0.2353545403450639,0.08216536482902428,0.008375259192790242,0.06497735086651546,-0.20016282049552458,0.33418939104352474,0.22367248221443214,1.15910786755392,1.0020436218160171,1.328616415345768,True
88,Aspen,53,13,0.6555706538457382,0.8614332136435208,-0.9576474844555681,1.054240017817391,0.40741245149751637,0.30267425095705947,0.4646879227449764,0.11552731832917786,-0.16315531998178812,1.4742966276732645,0.25318653400357294,1.4696798932834687,-1.891472826996898,-0.02382214191423837,0.8220791796911282,1.2864008559436537,True
88,Birch,96,24,0.2780955781171176,0.14021055998831536,0.4632010985729434,0.6996588865223242,0.17949750462954125,0.27006631416934623,0.37847762118549527,0.15277384539791292,-0.07840195975448638,0.6345931159887216,-0.39616445125284827,0.6765855712294789,-0.28848812613578184,1.2148903232816686,0.396236842589522,1.0030809304551265,True
88,Oak,54,13,0.12853596132536715,-0.04332747590982572,0.6747691013293411,1.01445555151019,0.031348879537285386,0.06766204977608381,0.12573522929613853,0.0688501067608631,0.0655698836766035,0.19150203897413082,-0.17923070253099413,0.09257575071134269,0.4222224608145035,0.9273157418441786,0.8761660422065483,1.1527450608138319,True
88,Pine,297,74,0.14985151297660165,-0.5294734023952261,1.1506010977992198,0.6665016562182381,0.03137380603808992,0.11944755784947735,0.15348985900454043,0.07090964273303027,0.0881049307272754,0.2115980952259279,-0.7645573589378138,-0.2943894458526383,0.8485187112390731,1.4526834843593666,0.5269448526232364,0.8060584598132398,True
88,Spruce,6,1,0.010262322410664633,-0.3252886148859584,0.8244722415386129,2.009586805848802,0.012322668776084478,0.28569970302199743,0.12484723177724008,0.5586645081657144,-0.042757842035896665,0.06328248685722593,-1.5545552219669327,0.903977992195016,0.28729795893726395,1.3616465241399618,-0.3941525651947617,4.413326176892365,True
89,Alder,92,23,0.06696947873758041,0.21697828410485642,0.34279458030528304,1.1608795166654706,0.02530133532571533,0.12678206280800483,0.22093365166142773,0.0796380826850137,0.016688391478091515,0.11725056599706932,-0.034974424355880274,0.4689309925655931,-0.09626462644161227,0.7818537870521783,1.0026155620909563,1.319143471239985,True
89,Aspen,53,13,0.4051729559900312,0.6991337601248075,-0.6977180847499538,1.1069581973416667,0.1685893568802441,0.20801623498541424,0.3177350001845165,0.07341155703709179,0.06637995915994865,0.7439659528201138,0.28110948537726205,1.117158034872353,-1.3362304730900125,-0.05920569640989504,0.9594321502008263,1.254484244482507,True
89,Birch,96,24,0.25503196461951744,-0.10720580581922906,0.6490489433145047,0.7744165708437111,0.18080766573357449,0.2857857397280376,0.4014374919545203,0.1649601301559113,-0.10406766629380854,0.6141315955328435,-0.6748009530728416,0.4603893414343834,-0.14824056656754736,1.4463384531965566,0.44679151349857815,1.1020416281888439,True
89,Oak,54,13,0.1254734723747115,-0.06160915191266656,0.6258638853113869,1.0832694524665416,0.03688424037987753,0.11708028974034076,0.19951757675844348,0.07270438652777209,0.05138929526679363,0.19955764948262933,-0.29677183471802526,0.17355353089269215,0.22512103848895226,1.0266067321338217,0.9372383944164892,1.229300510516594,True
89,Pine,297,74,0.1572364929227953,-0.6647463619507193,1.341380380140913,0.6064093747101711,0.032354666500335215,0.12377718491371072,0.16122286160868846,0.06996808464718952,0.09355948561972798,0.2209135002258626,-0.908351429170986,-0.4211412947304527,1.0240787217859582,1.6586820384958678,0.46870564541923376,0.7441131040011084,True
89,Spruce,6,1,0.07304672542810216,0.06960976071479108,0.7918980219656613,1.0964919788903729,0.06245772547261958,0.27900348284403476,0.19277886385544668,0.38108726007158933,-0.19568717756727677,0.34178062842348106,-1.1308453363388256,1.270064857768408,-0.03756248282969732,1.62135852676102,-0.5431941609090745,2.7361781186898204,True
90,Alder,92,23,0.03966820959277781,0.11963722442800082,0.6107236461906234,1.1652746959030011,0.014570209628905042,0.12586654649222329,0.21922660541679617,0.08049513697028497,0.010712979668789313,0.0686234395167663,-0.13049608773729562,0.3697705365932973,0.1750568351444825,1.0463904572367642,1.0053075260337572,1.3252418657722451,True
90,Aspen,53,13,0.3351856288913008,0.48346466301707447,-0.34387675808574747,1.0404053250457923,0.18147066236321502,0.26020661135000245,0.39747035713913187,0.09521656320974102,-0.029493320459257177,0.6998645782418589,-0.03944009968920259,1.0063694257233515,-1.142623345285462,0.454869829113967,0.8490604774549457,1.2317501726366389,True
90,Birch,96,24,0.05158866932194953,-0.7796498487455965,1.780149467198178,0.8423182812127983,0.04032628262758887,0.32252099079183133,0.4808165264103521,0.1603056013142387,-0.028502808818208776,0.13168014746210785,-1.4202043754867741,-0.13909532200441888,0.8252063431306059,2.73509259126575,0.5239375199119657,1.160699042513631,True
90,Oak,54,13,0.13711735221529905,-0.05154996920681407,0.7311034725268187,0.9531103737449743,0.031014728126713315,0.06397030690535607,0.12099366123868006,0.06574111950624173,0.07482243742706125,0.19941226700353687,-0.18003811204544926,0.07693817363182112,0.4880805517394352,0.9741263933142023,0.8210654491210074,1.0851552983689412,True
90,Pine,297,74,0.1531303227788727,-0.6200051016170066,1.308509424619529,0.6076489127045733,0.030511250993027105,0.11737281958863734,0.1512596512389525,0.06670731853896164,0.09308132946631367,0.21317931609143173,-0.8510057793724033,-0.38900442386160994,1.0108162953609598,1.6062025538780982,0.47636267584197145,0.7389351495671752,True
90,Spruce,6,1,0.0647906757829897,0.09648750383430985,0.7790454646623461,1.1183629934585884,0.059663541840098186,0.2808549473028752,0.19598622385401088,0.3984306287832507,-0.19192082537864874,0.3215021769446281,-1.1119338018270721,1.3049088094956918,-0.06421519638595286,1.622306125710645,-0.5959456390702154,2.832671625987392,True
91,Alder,92,23,0.03818835999290321,0.1323741365808019,0.6487117556254773,1.1384248314914427,0.014201752396192658,0.1232746539060226,0.20917307884191644,0.07656684446626057,0.009965361393107771,0.06641135859269864,-0.11260833371720688,0.3773566068788107,0.23302421604740575,1.064399295203549,0.9862643175015386,1.2905853454813467,True
91,Aspen,53,13,0.2901473680462363,0.4542199561684201,-0.3499110151259198,1.1129532479097446,0.1862278998485329,0.28897479813858123,0.4131213933515123,0.1481247368637372,-0.08409160795195952,0.6643863440444322,-0.1264966423252935,1.0349365546621336,-1.1801095371334471,0.4802875068816075,0.8152854447020936,1.4106210511173956,True
91,Birch,96,24,0.34966892305190206,-0.08992327782886074,0.3709617036612796,0.9192079954878412,0.22863461905750074,0.2694406314823433,0.38800880251373143,0.17275413324198868,-0.10441916543953422,0.8037570115433383,-0.6250556292466147,0.4452090735888932,-0.3996572698678356,1.141580677190395,0.5761033752591751,1.2623126157165072,True
91,Oak,54,13,0.08857665954580872,-0.24440011354237876,0.886295711177499,1.1286966077765885,0.020591970535289474,0.09475471121392247,0.15593426981959121,0.058455038775380455,0.04721646949104266,0.12993684960057478,-0.4347205521655789,-0.054079674919178616,0.5730925126425803,1.1994989097124176,1.0112862069960948,1.2461070085570822,True
91,Pine,297,74,0.15650158160034097,-0.633283621663997,1.3020691209536774,0.6161344722183596,0.03158374577188849,0.11631052987567253,0.14888912948114638,0.06768683373364555,0.09434181833546765,0.2186613448652143,-0.8621936139904546,-0.4043736293375394,1.00904140004609,1.5950968418612648,0.4829204579142964,0.7493484865224228,True
91,Spruce,6,1,0.010262322410665032,-0.32528861488594996,0.8244722415386115,2.009586805848784,0.012322668776117462,0.28569970302267106,0.12484723177728452,0.5586645081672108,-0.042757842036038184,0.06328248685736824,-1.5545552219698227,0.9039779921979227,0.28729795893707144,1.3616465241401516,-0.39415256520121833,4.413326176898786,True
92,Alder,92,23,0.03773175044870188,0.13039078653821276,0.6788791005068735,1.1127055860198818,0.014355486580917575,0.12873726591343693,0.23192909925315885,0.07931246404390441,0.009203237461724533,0.06626026343567923,-0.12544747723763558,0.3862290503140611,0.21796875220164869,1.1397894488120983,0.9550887300706441,1.2703224419691195,True
92,Aspen,53,13,0.431114775240784,0.5625941997635917,-0.4742279964715946,1.0021605011188637,0.266395018010816,0.3123745769373365,0.4708605194478345,0.11371845521507068,-0.10422605624834957,0.9664556067299176,-0.0651460147584022,1.1903344142855856,-1.4204576364957737,0.4720016435525845,0.7736347095140672,1.2306862927236601,True
92,Birch,96,24,0.16881386168478482,-0.17333859448434905,0.8204911876579335,0.8140504686251006,0.12610947862646749,0.3082692576910151,0.43304936785301923,0.17346744674463152,-0.08165044825308324,0.4192781716226529,-0.785587949121156,0.4389107601524579,-0.0395822363992846,1.6805646117151516,0.46952914620913905,1.158571791041062,True
92,Oak,54,13,0.15614078254456176,-0.02285062136356744,0.6600773227603257,0.9523946335803748,0.03371649378968055,0.06278921639287903,0.1191642504865664,0.0634113862873116,0.08841921171521017,0.22386235337391336,-0.1489664740911511,0.10326523136401622,0.4207288816088752,0.8994257639117762,0.8250291158420539,1.0797601513186958,True
92,Pine,297,74,0.15528562960508707,-0.6093807487078008,1.2727468865212883,0.6214985915774361,0.031086190613863716,0.11709840264964322,0.15332900106143593,0.06742700488680457,0.09410510138907119,0.21646615782110296,-0.8398413482822576,-0.37892014913334393,0.9709810834257777,1.574512689616799,0.4887959447256589,0.7542012384292134,True
92,Spruce,6,1,0.08147453897880297,0.2127520076759279,0.7510200813198714,0.9693389875562227,0.04627843239578936,0.19267651429533775,0.12613533769271218,0.2604356532396222,-0.11764548449499848,0.2805945624526044,-0.6162681225052449,1.0417721378571005,0.20830352628517868,1.2937366363545642,-0.15122518676543562,2.089903161877881,True
93,Alder,92,23,0.042674285468022384,0.18753419667106636,0.4899374885955643,1.1932173802375152,0.016893740410247538,0.13059385225718387,0.22786358540889903,0.08258501493015334,0.009101526371648697,0.07624704456439607,-0.07199364232889421,0.4470620356710269,0.0371064947483678,0.9427684824427608,1.0290970170798908,1.3573377433951397,True
93,Aspen,53,13,0.5016143984605861,0.6640705564300196,-0.6247105061613599,1.0115001021941814,0.3463999649713075,0.34345536924650805,0.526108915331791,0.1080757729758775,-0.19450239328818952,1.1977311902093617,-0.026128848666842397,1.3542699615268816,-1.681965954445051,0.4325449421223312,0.7943137050882565,1.2286864993001063,True
93,Birch,96,24,0.1584729809660012,-0.14532730339493213,0.8054817259663354,0.830943862190733,0.10890023527967535,0.2802195090381723,0.3954423459755731,0.16384968688790322,-0.05781228623572071,0.37475824816772313,-0.7018674360384096,0.4112128292485453,0.020099093481194874,1.590864358451476,0.5055242410259415,1.1563634833555245,True
93,Oak,54,13,0.14590543427540936,-0.008926873587315731,0.5944700097939635,1.0182712161019822,0.03289420049633606,0.06697544614969143,0.1242017159387506,0.06560041415391739,0.07983548813322419,0.21197538041759453,-0.1434510162382923,0.12559726906366084,0.3450035215066356,0.8439364980812913,0.8865089064955477,1.1500335257084167,True
93,Pine,297,74,0.16222499820501896,-0.6138207651866745,1.2684506003895641,0.6164245188657999,0.0323791423944109,0.12010498600002043,0.1550862914473547,0.06663268673792445,0.09849982005507271,0.2259501763549652,-0.8501986017679559,-0.3774429286053931,0.9632262855910632,1.5736749151880651,0.4852851643621813,0.7475638733694184,True
93,Spruce,6,1,0.10879112766961879,0.10768724797144365,1.0879056110251635,0.6737215350421136,0.22634355725284372,0.29277361104747407,1.366810316511649,1.8962464794439817,-0.8650865967934642,1.0826688521327017,-1.1520159287849672,1.3673904247278545,-4.793004528290531,6.968815750340857,-7.4851685559142345,8.832611625998462,True
94,Alder,92,23,0.04690434220321456,0.20198278590132382,0.4828415618277284,1.1626937025864685,0.017520591429481324,0.12676064359608907,0.22369174568831438,0.0784844904999142,0.012085848429558482,0.08172283597687063,-0.04992735637666004,0.4538929281793077,0.038301222774949906,0.9273819008805069,1.0067222700695508,1.3186651351033862,True
94,Aspen,53,13,0.2975444154139189,0.43196993365818553,-0.3111029973608915,1.0802400357737634,0.16585610435436202,0.2873849833273717,0.44133190616681894,0.08987533150239478,-0.035755904823330076,0.6308447356511679,-0.1455518123593001,1.0094916796756712,-1.197992667348776,0.5757866726269931,0.8996287951577694,1.2608512763897575,True
94,Birch,96,24,0.20822353079496825,-0.18803184094676212,0.9062443421142893,0.674737690159057,0.14017390765914126,0.27623894207951877,0.39789271020975875,0.1593768638610712,-0.07017394920042341,0.4866210107903599,-0.7366662240199502,0.3606025421264259,0.11599507475208626,1.6964936094764922,0.3582014816060005,0.9912738987121136,True
94,Oak,54,13,0.08522491532470382,-0.2407365843145123,0.8893049077293129,1.1339594168786389,0.018704097112428084,0.08287542001270508,0.1268054911102229,0.058378344451246615,0.04765663063591886,0.12279320001348878,-0.4071967643502089,-0.07427640427881574,0.6346085830954626,1.1440012323631632,1.0167030611817305,1.2512157725755473,True
94,Pine,297,74,0.14750847059724703,-0.6827118757769646,1.3633738530076307,0.6256443999145626,0.031119984114005156,0.12440731427412567,0.15844742665974249,0.07116710063469868,0.08626143361485952,0.20875550757963454,-0.9275570964658075,-0.4378666550881216,1.0515345100040454,1.675213196011216,0.48558089510894564,0.7657079047201795,True
94,Spruce,6,1,0.01026232241066463,-0.3252886148859579,0.8244722415386118,2.0095868058488024,0.012322668776127784,0.28569970302294545,0.12484723177732487,0.5586645081676626,-0.042757842036082995,0.06328248685741225,-1.5545552219710113,0.9039779921990954,0.287297958936898,1.3616465241403255,-0.39415256520314346,4.413326176900748,True
95,Alder,92,23,0.04411853700647253,0.0875848432169435,0.6594411071580061,1.1211996729739648,0.01732918280883439,0.14211021681939928,0.2536923179531852,0.08465767611046081,0.00968042764466942,0.07855664636827564,-0.1948293503572086,0.3699990367910956,0.15528093490411476,1.1636012794118975,0.9529603312594863,1.2894390146884434,True
95,Aspen,53,13,0.44110576565796017,0.6080987538620477,-0.5310351704423204,1.0074075429369702,0.2788939621051706,0.3063912378098497,0.4719864471918263,0.1122258427753359,-0.11935263437345117,1.0015641656893715,-0.00761749051400229,1.2238149982380977,-1.4795274469796222,0.4174571060949813,0.7818812683296958,1.2329338175442446,True
95,Birch,96,24,0.2438757439650023,-0.26666283876261715,0.9117705537205804,0.6864968627678875,0.16330007336487176,0.27214702841694927,0.3902618473981745,0.16474941902738846,-0.08045229730208517,0.5682037852320898,-0.8071703281004305,0.2738446505751962,0.13667683857499602,1.6868642688661648,0.3592902959119431,1.0137034296238319,True
95,Oak,54,13,0.13511280674582854,-0.01412344882466616,0.6017989263964052,1.0366506693637059,0.03212465299708998,0.07296159560413538,0.13108147764023545,0.06566944256043211,0.07058854224544844,0.19963707124620864,-0.1606711265087631,0.1324242288594308,0.3385140300544781,0.8650838227383323,0.9047497121223724,1.1685516266050393,True
95,Pine,297,74,0.1403678408085989,-0.5411508940683184,1.1582891960323571,0.6875146363656075,0.027980675301519063,0.11854395157269448,0.15372362638142806,0.06626664350268856,0.08529925694601684,0.19543642467118097,-0.7744564690137661,-0.30784531912287066,0.8557467334283069,1.4608316586364074,0.5570956891566557,0.8179335835745593,True
95,Spruce,6,1,0.0730467254281034,0.06960976071479498,0.7918980219656606,1.0964919788903649,0.06245772547256055,0.2790034828439095,0.19277886385548046,0.3810872600711821,-0.19568717756702148,0.3417806284232283,-1.130845336338283,1.270064857767873,-0.03756248282984331,1.6213585267611645,-0.5431941609073303,2.73617811868806,True
96,Alder,92,23,0.03411468972253813,-0.018730361321004783,0.8593223940168154,1.1126173047879706,0.013859629510726659,0.16566664864280112,0.2916249504183268,0.08744700711960902,0.006571588465556069,0.06165779097952019,-0.3479580131093898,0.31049729046738017,0.27977908571858234,1.4388657023150486,0.9388347538293526,1.2863998557465888,True
96,Aspen,53,13,0.486647860933997,0.6726202815126212,-0.6710186414652514,1.0530822530307546,0.271220381189924,0.2724803631881185,0.418270648312718,0.10924154660349933,-0.058389900910027326,1.0316856227780213,0.12505049104579657,1.2201900719794458,-1.5115649787324825,0.16952769580197968,0.8335531461106626,1.2726113599508466,True
96,Birch,96,24,0.10602967619148922,-0.49581789554283023,1.2638739325184054,0.847953552978657,0.08790797872240384,0.32822096210690427,0.471333387975372,0.1725472170263702,-0.06856315749990814,0.28062250988288656,-1.1476930573198882,0.15605726623422772,0.3277651399383008,2.19998272509851,0.5052598862145862,1.1906472197427278,True
96,Oak,54,13,0.10029626895301569,-0.23760808510608208,0.9291577844017198,1.0488005338809043,0.018029685602786123,0.06369216760345746,0.10019707819407805,0.05014468933973923,0.06408257964722772,0.13650995825880366,-0.36553756871545545,-0.10967860149670872,0.7279060299891319,1.1304095388143078,0.9480819611841091,1.1495191065776995,True
96,Pine,297,74,0.1357098662730891,-0.6066414097679992,1.2606524546466493,0.6706577141846669,0.029860294722536294,0.12860394377837372,0.16468444788628092,0.07369133767007396,0.0769420157344663,0.1944777168117119,-0.859745989507491,-0.3535368300285073,0.9365380710028658,1.5847668382904327,0.5256262749967067,0.8156891533726272,True
96,Spruce,6,1,0.10879112766964269,0.10768724797145701,1.0879056110252978,0.6737215350419141,0.22634355725305566,0.2927736110476229,1.3668103165122414,1.89624647944518,-0.8650865967943522,1.0826688521336376,-1.1520159287855942,1.3673904247285082,-4.793004528292945,6.968815750343541,-7.485168555919588,8.832611626003416,True
97,Alder,92,23,0.033745470026056615,0.0757833165328683,0.7126261225349797,1.1661304886042894,0.011307420235944984,0.12346743303194707,0.21768086680996668,0.0704381535916722,0.011274348393776282,0.05621659165833695,-0.1695822617682412,0.3211488948339778,0.28003114215586933,1.14522110291409,1.026149459874138,1.3061115173344406,True
97,Aspen,53,13,0.38478569272987284,0.6131610090647494,-0.6228929131174705,1.1226747828967547,0.22977418052635354,0.280444356785383,0.4090109840150436,0.14531815820397978,-0.07696281058755078,0.8465341960472965,0.049586974276206286,1.1767350438532924,-1.4448312583079654,0.1990454320730244,0.8306470106648076,1.4147025551287018,True
97,Birch,96,24,0.23876081549100506,-0.13370215359347243,0.568491122141358,0.8975206727961426,0.15584413585555412,0.2703670924918901,0.37897306453416124,0.16739106321342492,-0.070759090308784,0.5482807212907941,-0.670674536545476,0.40327022935853113,-0.18418209582297718,1.3211643401056932,0.5650675725680576,1.2299737730242275,True
97,Oak,54,13,0.14451695716557592,0.012282553921988213,0.5300397487581922,1.0569226173965238,0.03390337221101116,0.07733371833148264,0.1527251128178854,0.07312191848532573,0.07642002998020572,0.2126138843509461,-0.14304679070534493,0.16761189854932135,0.2232823317612117,0.8367971657551726,0.9100529217285338,1.2037923130645138,True
97,Pine,297,74,0.1497683079598175,-0.6031076243153913,1.229187170332973,0.6641145466377507,0.030379105727937276,0.12210706037884442,0.1567585936383964,0.0681237076136414,0.08997938887828488,0.2095572270413501,-0.8434257303734216,-0.36278951825736105,0.9206716085413746,1.5377027321245715,0.5300407237108192,0.7981883695646822,True
97,Spruce,6,1,0.08147453897880223,0.21275200767592567,0.7510200813198712,0.9693389875562275,0.04627843239583392,0.1926765142954519,0.1261353376927038,0.26043565323989887,-0.11764548449519095,0.2805945624527954,-0.6162681225057383,1.0417721378575895,0.20830352628521454,1.2937366363545277,-0.15122518676662122,2.089903161879076,True
98,Alder,92,23,0.04747195633819009,0.22658168643875734,0.5153439800007794,1.1098734654514861,0.016600850794418393,0.11992023972759991,0.20516876068026682,0.07242592610549542,0.01448125380686796,0.08046265886951222,-0.01173459056002607,0.46489796343754075,0.1076141813209135,0.9230737786806453,0.9659421565510239,1.2538047743519483,True
98,Aspen,53,13,0.4936794722369288,0.6990106391179381,-0.7035297218251525,1.0510617257407533,0.2901464427380607,0.2840688738581284,0.4310443466912624,0.118018908717343,-0.08939163423061486,1.0767505787044724,0.12815286457345365,1.2698684136624228,-1.5697457670404642,0.16268632339015932,0.8138938492693646,1.288229602212142,True
98,Birch,96,24,0.16402224546350816,-0.1635207767923091,0.8363354314017399,0.8001946854716852,0.1128365558649203,0.2845412254788527,0.3926008305433745,0.1607792632486408,-0.06008089419170182,0.38812538511871814,-0.7286442113243647,0.40160265773974646,0.056596293835894484,1.6160745689675853,0.48087319068407597,1.1195161802592943,True
98,Oak,54,13,0.1268526826331605,-0.09256733467970144,0.6802110035855369,1.065571153085745,0.023825400191560663,0.0562634100014947,0.10264311940490192,0.05090231026134197,0.07899795797895409,0.1747074072873669,-0.2055757195160647,0.02044105015666184,0.47404623081037467,0.8863757763606991,0.9633308539833465,1.1678114521881435,True
98,Pine,297,74,0.16588179882978973,-0.6212878548757933,1.303565824387404,0.593109498981116,0.034652983885313605,0.12503707390847246,0.15900872383948436,0.0710966004942232,0.09768148812915783,0.23408210953042163,-0.8673725013777586,-0.37520320837382803,0.990621796079359,1.6165098526954491,0.4531847450403821,0.7330342529218499,True
98,Spruce,6,1,0.010347797959044322,-0.7528633202208422,1.4058774351402603,1.829175056115292,0.04930251733919566,2.072150855630131,1.5273722873509437,1.8318950553367601,-0.20178381285133723,0.2224794087694259,-9.66860885554002,8.162882215098337,-5.165875106292518,7.977629976573038,-6.052833204246284,9.711183316476868,True
99,Alder,92,23,0.04066435313093347,0.11885236147202505,0.5419218343004805,1.2196267253579625,0.014773807830302058,0.12950140704265797,0.2288170147728727,0.07976818341875622,0.011304514564810832,0.07002419169705612,-0.13850447222522488,0.376209195169275,0.08719609994142669,0.9966475686595342,1.0611042229138745,1.3781492278020504,True
99,Aspen,53,13,0.4087555524611287,0.6068594977393968,-0.5853835585544692,1.0839069020330105,0.2603500242299631,0.2932297471135046,0.4311192186078773,0.14590862828404136,-0.11443740921740275,0.9319485141396602,0.017592259150428946,1.1961267363283647,-1.4517500645193668,0.2809829474104283,0.7906925357499061,1.377121268316115,True
99,Birch,96,24,0.14710906707636384,-0.278321599172285,0.8045964748868207,0.972530354660339,0.09494508029047564,0.2650618163470606,0.36929804613511447,0.17451179786907628,-0.041460057750376256,0.33567819190310394,-0.8047572457653955,0.2481140474208255,0.07113867858108269,1.5380542711925589,0.6259348607660252,1.3191258485546529,True
99,Oak,54,13,0.11455548981276631,-0.0993885523683243,0.7188577128574304,1.0649939168791214,0.023481758157472738,0.05908703701641216,0.10521688303970927,0.0572293412600665,0.06739099049742805,0.16171998912810456,-0.21806835897467391,0.0192912542380253,0.5075233836811823,0.9301920420336784,0.9500454020116907,1.179942431746552,True
99,Pine,297,74,0.16116459299962743,-0.7070195975244706,1.3827245652005098,0.6037210472932766,0.033166959932950456,0.12087295357324075,0.15500728870233502,0.0697861851016884,0.09588891631017227,0.2264402696890826,-0.9449088660584802,-0.46913032899046103,1.077655735187226,1.6877933952137936,0.4663753133068861,0.7410667812796671,True
99,Spruce,6,1,0.07304672542810323,0.06960976071479458,0.7918980219656602,1.0964919788903662,0.062457725472589015,0.279003482843887,0.19277886385544685,0.3810872600713396,-0.19568717756714413,0.34178062842335055,-1.1308453363381865,1.2700648577677756,-0.037562482829699095,1.6213585267610195,-0.5431941609080067,2.736178118688739,True
100,Alder,92,23,0.04395452907011705,0.12745646955107487,0.5942598478298811,1.1538216439316782,0.014648813338390826,0.11736516222946898,0.20086973032718047,0.0687323379680819,0.014843090790929322,0.07306596734930478,-0.10578212783181476,0.36069506693396447,0.1950734685993052,0.9934462270604569,1.0172305653015585,1.2904127225617978,True
100,Aspen,53,13,0.355807912817134,0.5773698280997651,-0.4923820951621192,1.0715151053309553,0.1807090330865399,0.2567526604647584,0.38695631700621824,0.0977621781958289,-0.007340485199145097,0.718956310833413,0.06140603956273505,1.0933336166367953,-1.2699999276685474,0.285235737344309,0.8750546529008014,1.2679755577611092,True
100,Birch,96,24,0.21057201450966534,-0.25445316111372823,0.8988062875410224,0.7334883388408678,0.13789334667960654,0.26132355985619937,0.36792055652909494,0.16090329340617243,-0.06329607452929975,0.48444010354863043,-0.7734643076410854,0.2645579854136289,0.16808430449354217,1.6295282705885028,0.41392050945449577,1.05305616822724,True
100,Oak,54,13,0.14500314936657183,0.004900680178478186,0.49093236645069516,1.1005662504521225,0.0381700335734146,0.10569636719411565,0.17889517099775235,0.06804676335639658,0.06833638062349795,0.2216699181096457,-0.20739672126521075,0.21719808162216714,0.13161084063233586,0.8502538922690545,0.963890303863668,1.237242197040577,True
100,Pine,297,74,0.14389377348121205,-0.5418551620960751,1.2286973612760064,0.623596690837105,0.02927274476782285,0.12093387310645162,0.1553293111150784,0.07020445890911506,0.08628227616158525,0.20150527080083885,-0.7798643259645375,-0.30384599822761266,0.9229947610605851,1.5343999614914277,0.4854277549088891,0.7617656267653209,True
100,Spruce,6,1,0.09205180577292174,0.0924988969933224,0.7823874089617368,1.0175495903503253,0.057784225792104384,0.19403557354981363,0.13546992076404454,0.27513824496500455,-0.15657365106485438,0.34067726261069786,-0.7423687931989398,0.9273665871855845,0.1995073845946005,1.365267433328873,-0.16627473039215723,2.2013739110928077,True
101,Alder,92,23,0.06013777164329455,0.268854726776041,0.39768010249360086,1.1077899891508134,0.02251222219781994,0.1211441349705829,0.21223844321062085,0.07010429625144238,0.015399460634739723,0.10487608265184938,0.028106215165262405,0.5096032383868196,-0.024099204626411574,0.8194594096136133,0.9684724317292003,1.2471075465724266,True
101,Aspen,53,13,0.46552689487141036,0.6821813065635619,-0.6675549269953761,1.0539696475486833,0.2659245163719131,0.2715574766152678,0.4141819612288532,0.11450708170609736,-0.06886842817515532,0.9999222179179761,0.13646612610021713,1.2278964870269067,-1.4998847399465023,0.16477488595575007,0.8238590516761755,1.284080243421191,True
101,Birch,96,24,0.052235176767261166,-0.8293013446266337,1.5165106949686733,1.130367061833448,0.040640649282664816,0.3116494533356791,0.4359692457568657,0.1815944918271991,-0.02848066068504919,0.1329510142195715,-1.4482640595819256,-0.21033862967134176,0.6506381413594579,2.382383248577889,0.769704726381754,1.491029397285142,True
101,Oak,54,13,0.14802802326900655,0.020034886373079496,0.48444059364162234,1.0849760401124375,0.03267965513841652,0.07328409239407604,0.14390001025413768,0.06888570504440665,0.08238900416042957,0.21366704237758352,-0.12716054517707603,0.167230317923235,0.19540891681428113,0.7734722704689636,0.9466150295520092,1.2233370506728658,True
101,Pine,297,74,0.15937622512883123,-0.568377208224278,1.2062344193828987,0.6331779339316714,0.03147532408792026,0.11794336269770177,0.1520571243467787,0.06576692760777476,0.09742984587030469,0.2213226043873578,-0.8005007681370979,-0.33625364831145793,0.9069717885221255,1.505497050243672,0.5037424743037013,0.7626133935596415,True
101,Spruce,6,1,0.010347798025001145,-0.7528633173193652,1.4058774330088337,1.8291750536450977,0.04930251765579518,2.0721508557665405,1.527372287446206,1.8318950554357003,-0.20178381414759822,0.22247941019760048,-9.668608853225466,8.162882218586736,-5.165875108833824,7.977629974851491,-6.052833207142184,9.711183314432379,True
102,Alder,92,23,0.05489496545049979,0.17802514393191518,0.47948029722095264,1.13450563045274,0.021803241230389788,0.13722441822366307,0.23890621742914211,0.08248882899795387,0.011565605132877098,0.09822432576812248,-0.09467955161132399,0.4507298394751543,0.004704392678866964,0.9542562017630383,0.970576416623315,1.2984348442821654,True
102,Aspen,53,13,0.6770382321271988,0.8219341065628258,-0.8036664946001342,0.9402058028241341,0.44829822110355444,0.3109188341467718,0.43783255483604355,0.16138416637346453,-0.22385077185159297,1.5779272361059906,0.1971193167043802,1.4467488964212714,-1.6835239548076772,0.0761909656074089,0.6158921784152744,1.2645194272329938,True
102,Birch,96,24,0.07643259663197213,-0.598377805722867,1.4832051605041923,0.835991204986554,0.06033333866097901,0.31039016882679094,0.46464724042094574,0.16764701653602518,-0.04339462173857689,0.19625981500252115,-1.2148394729459078,0.018083861500173604,0.5603756340950499,2.4060346869133347,0.5030297593666746,1.1689526506064334,True
102,Oak,54,13,0.13924823848759282,0.005880939034133046,0.5606881886230822,1.0455400229552645,0.03154671281573515,0.06722748263470052,0.12353633152120376,0.06503491890039945,0.07588480100472213,0.20261167597046353,-0.12914943379539034,0.14091131186365646,0.31255816427066796,0.8088182129754965,0.9149135439931332,1.176166501917396,True
102,Pine,297,74,0.13852702308676307,-0.6058684046036369,1.235467926772524,0.6849140349919371,0.027138119525401447,0.1146489572598837,0.14847033002157325,0.06620164484941377,0.08511666773067872,0.19193737844284742,-0.8315082667438023,-0.3802285424634715,0.9432644423393098,1.5276714112057381,0.5546230112069288,0.8152050587769455,True
102,Spruce,6,1,0.07304672542810314,0.06960976071479508,0.791898021965659,1.0964919788903673,0.06245772547250774,0.27900348284357795,0.19277886385536938,0.3810872600708622,-0.19568717756679455,0.34178062842300083,-1.1308453363368565,1.2700648577664464,-0.03756248282936703,1.621358526760685,-0.5431941609059514,2.736178118686686,True
103,Alder,92,23,0.05054790821266094,0.18061181238113722,0.5008813390557372,1.1393826111770724,0.01954259860526797,0.1289732079118961,0.2215870451278977,0.08084033643350867,0.011711100071948165,0.08938471635337372,-0.07569533653693705,0.4369189612992115,0.06052365009517918,0.9412390280162952,0.9787294299132188,1.300035792440926,True
103,Aspen,53,13,0.5304257019828954,0.7199608532536077,-0.7250384652637495,1.0364012986411024,0.29300802190999137,0.27050089118307347,0.41391589847151994,0.10923337052256912,-0.058395963127644945,1.1192473670934358,0.17636896071071217,1.2635527457965032,-1.5568336050862164,0.10675667455871751,0.8168886221707845,1.2559139751114203,True
103,Birch,96,24,0.18903820667436494,-0.2647412703298047,0.8915483872924296,0.792482302354645,0.13311546523509651,0.3037493624530811,0.40806654707699497,0.16643041534524722,-0.07534059740364407,0.45341701075237395,-0.8680137228804985,0.338531182220889,0.0810930017373157,1.7020037728475435,0.46193713171295614,1.1230274729963339,True
103,Oak,54,13,0.13482964297667602,-0.003119663051593168,0.5715237909461159,1.0540902539977544,0.03210001040606494,0.07133141598510302,0.13160305747766346,0.06723833961268723,0.07035487457704503,0.199304411376307,-0.14639302860752174,0.1401537025043354,0.3071912706690348,0.8358563112231971,0.9190380742861659,1.1891424337093428,True
103,Pine,297,74,0.13819984876151556,-0.6929415977291447,1.3350835252107465,0.6730234446766041,0.028557556555776895,0.11910800052685086,0.1518201483350099,0.0686498086461948,0.0819959086794528,0.1944037888435783,-0.9273572737282605,-0.4585259217300288,1.0362872852871785,1.6338797651343144,0.5379142057520543,0.808132683601154,True
103,Spruce,6,1,0.0730467254281035,0.06960976071479455,0.7918980219656613,1.0964919788903642,0.06245772547259133,0.2790034828439306,0.19277886385543835,0.3810872600713807,-0.19568717756715384,0.3417806284233609,-1.1308453363383741,1.2700648577679632,-0.03756248282966146,1.621358526760984,-0.5431941609081856,2.736178118688914,True
104,Alder,92,23,0.06428842304623424,0.13920104658716703,0.568320255735286,1.04469325889751,0.020513445501209954,0.11139835918282867,0.19765022037312996,0.069991504730471,0.023522260708913154,0.10505458538355532,-0.08217978357569056,0.3605818767500246,0.1755319760061178,0.9611085354644542,0.9055998509223622,1.1837866668726578,True
104,Aspen,53,13,0.48540802207413525,0.7299079009800098,-0.7258996185169873,1.0540724283436622,0.25229487587940264,0.2644051633579223,0.3979150444067024,0.10600150949002146,-0.021597512947707398,0.9924135570959779,0.19856583212681778,1.2612499698332018,-1.5255398382378782,0.07374060120390369,0.8410544197741949,1.2670904369131295,True
104,Birch,96,24,0.06252758512091254,-0.5076608356728853,1.3740078350287914,0.921402448059309,0.049950277128663116,0.3167544607587423,0.46428525069606597,0.17508427719202832,-0.03667797681224226,0.16173314705406733,-1.1367625360190572,0.12144086467328641,0.45189725145910964,2.296118418598473,0.5736699608149427,1.2691349353036754,True
104,Oak,54,13,0.1492851570972352,-0.02133505231041857,0.6210154233034613,0.9996927256020052,0.035160441582371464,0.06815940267472037,0.12279206391820571,0.06782302472435935,0.07866333177147648,0.2199069824229939,-0.15823724162807315,0.115567137007236,0.3743803044268901,0.8676505421800325,0.863466171281658,1.1359192799223523,True
104,Pine,297,74,0.17915840522769905,-0.573704726424584,1.2171870682011756,0.5992808225435173,0.03525900940970383,0.11882145213852874,0.15444177853497146,0.06513149117405573,0.10976537966035567,0.24855143079504244,-0.8075564484167661,-0.33985300443240196,0.913231215045706,1.5211429213566452,0.47109596120034625,0.7274656838866884,True
104,Spruce,6,1,0.010347798019570762,-0.7528633175582465,1.405877433184316,1.829175053848474,0.049302517629624835,2.0721508557500568,1.5273722874341693,1.8318950554238713,-0.2017838140404267,0.2224794100795682,-9.668608853393424,8.162882218276932,-5.165875108606553,7.977629974975185,-6.052833206887911,9.71118331458486,True
105,Alder,92,23,0.07031135699075186,0.26331809458493804,0.2775833195084375,1.1631551241122111,0.026192262357137286,0.12019268285772172,0.2098261479795212,0.0747989089017613,0.018259739471413988,0.12236297451008973,0.02446039411492068,0.5021757950549555,-0.13940205774783004,0.6945686967647051,1.014508010551311,1.3118022376731113,True
105,Aspen,53,13,0.44354050473315737,0.6331366131020759,-0.6102866744744098,1.051610555073997,0.25159873419101786,0.27367829834124907,0.4203411171434521,0.11029013274777427,-0.06206608119017393,0.9491470906564887,0.08315948181583355,1.1831137443883182,-1.454993774633132,0.23442042568431254,0.8299742354043731,1.2732468747436207,True
105,Birch,96,24,0.14175276520037963,-0.1302570980772498,0.779125035989784,0.8651337989644159,0.10420881872117745,0.2881539537283468,0.40495366708323355,0.17617988808541762,-0.06521494376739165,0.3487204741681509,-0.7025557227524885,0.4420415265979888,-0.025147901203409373,1.5833979731829775,0.5152253339159865,1.2150422640128453,True
105,Oak,54,13,0.11933925611487818,-0.12370393658049561,0.7463024976282614,1.0501354788735464,0.03263781500550275,0.09945698423670132,0.15287778274513958,0.07126080548063468,0.05378427538651667,0.1848942368432397,-0.3234691685311838,0.0760612953701926,0.4392384340577508,1.053366561198772,0.9070039386897778,1.1932670190573151,True
105,Pine,297,74,0.14542614944613383,-0.672176916345559,1.3707979786343687,0.6133453920088198,0.030751128854051173,0.12399019085918402,0.16166631071196766,0.07084078214467533,0.08490505408584961,0.20594724480641804,-0.9162011991724943,-0.42815263351862365,1.0526235710026517,1.6889723862660857,0.47392411248690736,0.7527666715307322,True
105,Spruce,6,1,0.09205180577292112,0.09249889699332042,0.7823874089617372,1.0175495903503287,0.05778422579210569,0.1940355735497574,0.13546992076399617,0.2751382449650139,-0.15657365106486065,0.34067726261070286,-0.7423687931986998,0.9273665871853405,0.199507384594809,1.3652674333286654,-0.1662747303921941,2.201373911092851,True
106,Alder,92,23,0.056865474113446515,0.20883655246920757,0.388112435234454,1.1778173852006564,0.02139072892476169,0.12649010336306418,0.22351829567752576,0.07448875178442495,0.014355895319916684,0.09937505290697635,-0.04253594794565685,0.460209052884072,-0.05608320836982944,0.8323080788387374,1.029786643735544,1.3258481266657687,True
106,Aspen,53,13,0.48522067493279336,0.6751819624075658,-0.6955156072763129,1.069217407100574,0.2746633925046982,0.2882927266207955,0.44002507272653807,0.10451602577579719,-0.06673607719055691,1.0371774270561436,0.09583603794594553,1.254527886869186,-1.5797790971435566,0.18874788259093078,0.8591845898183706,1.2792502243827775,True
106,Birch,96,24,0.15222139726090722,-0.11456018619000223,0.6048786249469251,0.9990432399516054,0.1080829936636714,0.3011365307851744,0.41334537564642154,0.18877754264651134,-0.06244075754962622,0.36688355207144063,-0.7126433295165697,0.4835229571365653,-0.21606096979945755,1.4258182196933078,0.6241147455537108,1.3739717343495,True
106,Oak,54,13,0.12979366253650193,-0.09705496437401365,0.7794975500320999,0.972166543433777,0.02277897864275714,0.05388263423964104,0.09734493741233646,0.05496911863436983,0.08404073741924345,0.1755465876537604,-0.20528142036003713,0.011171491612009837,0.5839744889756732,0.9750206110885266,0.8617578193165657,1.0825752675509883,True
106,Pine,297,74,0.18161300536175873,-0.6763024818034484,1.344708754552577,0.5771530504295829,0.03725285651275206,0.11793201606146529,0.15144931235378192,0.0684277483848865,0.1082959023652542,0.25493010835826324,-0.9084037104757815,-0.44420125313111536,1.0466423544956833,1.6427751546094709,0.4424808468514151,0.7118252540077507,True
106,Spruce,6,1,0.0730467254281031,0.06960976071479484,0.7918980219656592,1.0964919788903675,0.062457725472579925,0.2790034828439435,0.1927788638554669,0.3810872600713243,-0.19568717756710519,0.34178062842331136,-1.1308453363384294,1.270064857768019,-0.03756248282978636,1.6213585267611048,-0.5431941609079396,2.7361781186886747,True
107,Alder,92,23,0.053581535770422434,0.17623720692169154,0.41475149024204205,1.1984731318330395,0.021268615710263918,0.13039332517312158,0.22402119719649646,0.08473230255094882,0.011314631330425977,0.09584844021041888,-0.08289212663648793,0.435366540479871,-0.030443564453900063,0.8599465449379842,1.0300854857497308,1.3668607779163482,True
107,Aspen,53,13,0.49029354260635216,0.7098149493222503,-0.7034974423188946,1.0483756938409334,0.2818167468884762,0.2860274775991575,0.435433179743273,0.11242257409135849,-0.07603841334904826,1.0566254985617527,0.13502121320044513,1.2846086854440555,-1.5785331777554212,0.17153829311763213,0.8224540728526122,1.2742973148292547,True
107,Birch,96,24,0.12696608098197867,-0.19703022839325143,0.8788530823436846,0.8755794648357561,0.09857876960204734,0.301361412114402,0.4285094276652349,0.17780288790558482,-0.06881986446652555,0.3227520264304829,-0.7955600054507358,0.4014995486642329,0.027796371373201567,1.7299097933141678,0.5224475820520785,1.2287113476194338,True
107,Oak,54,13,0.13358818140175155,-0.026711043182817258,0.6379425755980029,1.0201055907162488,0.0316289252582266,0.06698497350072505,0.12191322845616287,0.06578824227487662,0.07005961536838659,0.1971167474351165,-0.16125432208152657,0.10783223571589207,0.3930726496967552,0.8828125014992507,0.8879660172259529,1.1522451642065448,True
107,Pine,297,74,0.16880043279367626,-0.539664162022457,1.1994618606681282,0.6026784071314392,0.03420834736799977,0.11557133343748911,0.1511900782066215,0.07006313862494197,0.1014752083115937,0.23612565727575882,-0.7671193466786789,-0.3122089773662352,0.9019056576389729,1.4970180636972836,0.4647876027292357,0.7405692115336426,True
107,Spruce,6,1,0.09205180577292166,0.09249889699332313,0.782387408961736,1.0175495903503258,0.057784225792119205,0.19403557354977383,0.13546992076399772,0.27513824496507266,-0.15657365106491825,0.3406772626107616,-0.7423687931987677,0.927366587185414,0.1995073845948011,1.365267433328671,-0.1662747303924499,2.2013739110931017,True
108,Alder,92,23,0.03390505222224353,0.08832177553773915,0.6549185721866597,1.2055100996722021,0.013441914901360695,0.13636620276880404,0.23501823522906087,0.07940328877007471,0.007192070974846355,0.0606180334696407,-0.18267739713021722,0.3593209482056955,0.18786921526543948,1.12196792910788,1.04771274866517,1.3633074506792342,True
108,Aspen,53,13,0.4570977690520165,0.6201967154604126,-0.5851915953694428,1.0406597738767163,0.3095688028962851,0.3008032934737331,0.44137973935088615,0.1532300172824953,-0.16500403143610043,1.0791995695401333,0.015709865648679155,1.224683565272146,-1.4721773897395418,0.3017941990006563,0.7327325255609283,1.3485870221925043,True
108,Birch,96,24,0.15965834805167248,-0.24144399560853652,0.9362964211693594,0.7831507770107027,0.1099003318030565,0.27270705181167876,0.3844960646864882,0.16530766947869266,-0.058613197170767156,0.3779298932741121,-0.7830637397477946,0.30017574853072154,0.17265404817396857,1.6999387941647504,0.45483547657199125,1.111466077449414,True
108,Oak,54,13,0.12132920465094019,-0.10124756284942281,0.7786765781112535,0.9958781647568749,0.02233867056920418,0.05326122811985817,0.09789586077339502,0.05631138754729179,0.07646066432694804,0.16619774497493234,-0.20822588791124125,0.005730762212395615,0.5820469549179035,0.9753062013046034,0.8827734141837246,1.108982915330025,True
108,Pine,297,74,0.1600619794796084,-0.5526693258891832,1.2008020972938536,0.6233733319764183,0.0338279475483549,0.11760112373452271,0.15140293255233866,0.07102996456952637,0.09348541739197089,0.22663854156724592,-0.7841193275393172,-0.32121932423904903,0.9028269770205171,1.49877721756719,0.4835797237627938,0.7631669401900428,True
108,Spruce,6,1,0.010347798047717337,-0.7528633163200855,1.4058774322747634,1.8291750527943393,0.04930251776657187,2.0721508558866915,1.5273722875324376,1.831895055533956,-0.20178381460151565,0.22247941069695035,-9.668608852743155,8.162882220102983,-5.16587510993892,7.977629974488446,-6.052833208415702,9.71118331400438,True
109,Alder,92,23,0.04821315827409596,0.18093982843870607,0.449810874145719,1.1964215050173648,0.019043163624417797,0.14205435327196847,0.25303639446447757,0.08955957716580762,0.010368872208968885,0.08605744433922304,-0.10136334807382327,0.4632430049512354,-0.05304578800695897,0.952667536298397,1.0184406650171902,1.3744023450175393,True
109,Aspen,53,13,0.42197392316983,0.586508147651079,-0.5358130078293011,1.0462224824526403,0.28052151547689275,0.3262364708394811,0.5066183526218387,0.11348508419076692,-0.14175516781450043,0.9857030141541605,-0.06908858559637754,1.2421048808985353,-1.5539007039333574,0.4822746882747553,0.818165667479348,1.2742792974259325,True
109,Birch,96,24,0.2925587903618403,-0.24890679691706832,0.8377545129699737,0.6837571892389678,0.193243582109642,0.263225323840153,0.36948412748598186,0.15796239978577328,-0.09123964390474182,0.6763572246284224,-0.7716950108710263,0.27388141703688973,0.10392714303943817,1.5715818829005093,0.3700302284316793,0.9974841500462562,True
109,Oak,54,13,0.13292893602741926,-0.022512441526516543,0.6195494815207847,1.034185608951971,0.031938679065183204,0.07252730235560423,0.13325588870450422,0.06547578987880988,0.06877821116258372,0.19707966089225482,-0.1681878155489524,0.12316293249591931,0.35189715202226785,0.8872018110193016,0.9026736145688926,1.1656976033350492,True
109,Pine,297,74,0.16880839069422204,-0.6617817640054648,1.3400511215749509,0.5917760409642314,0.03397841536964675,0.11586935545146143,0.1529995644607794,0.06614004930131236,0.1019356938726605,0.2356810875157836,-0.8898234838361412,-0.4337400441747885,1.0389336804962666,1.6411685626536352,0.46160624297415587,0.721945838954307,True
109,Spruce,6,1,0.010347798006552566,-0.7528633181309222,1.405877433605004,1.8291750543360272,0.04930251756741675,2.0721508557358574,1.5273722874251119,1.8318950554144628,-0.2017838137857851,0.22247940979889022,-9.668608853905006,8.162882217643162,-5.165875108146894,7.977629975356901,-6.052833206359876,9.711183315031931,True
110,Alder,92,23,0.05311094019356806,0.16004121031930285,0.5054656688899078,1.1397662690408201,0.022335691143529287,0.13921629504708893,0.23850620647255139,0.08380671196481328,0.008723447560033008,0.0974984328271031,-0.11662192184712267,0.43670434248572837,0.03148470206767634,0.9794466357121394,0.9732180397483217,1.3063144983333186,True
110,Aspen,53,13,0.343840725867889,0.5192531295038187,-0.4265363121495657,1.0750282727330756,0.1612978417651031,0.2384067796084782,0.36715004956956293,0.09471358836485669,0.019700577254347373,0.6679808744814306,0.0401567688388928,0.9983494901687446,-1.1643519600753323,0.31127933577620076,0.8846941909354075,1.2653623545307435,True
110,Birch,96,24,0.45743862620062137,0.028152884469738036,0.5142464317023684,0.5980682752459242,0.2757444344233345,0.2650336298651495,0.36305699256850726,0.14314524593960704,-0.09021362198299143,1.0050908743842342,-0.49822678133732573,0.5545325502768018,-0.20681609351137198,1.2353089569161089,0.31376946094866637,0.8823670895431821,True
110,Oak,54,13,0.12728187161605878,-0.08487585761075414,0.7040302211133423,1.0344367316998258,0.02471747982520717,0.05917157113619478,0.10289100847426805,0.054918412442453414,0.07763535228497219,0.17692839094714535,-0.20372545599367653,0.03397374077216826,0.49736754848911463,0.91069289373757,0.9241298539664281,1.1447436094332233,True
110,Pine,297,74,0.16626908214235003,-0.4268907890923894,1.0613321623122387,0.6247998860633543,0.03376888021567389,0.12665062171223435,0.15855747483210048,0.06656964197801449,0.09980877008542949,0.23272939419927058,-0.6761510484625303,-0.1776305297222486,0.7492762342211559,1.3733880904033215,0.49378460953894054,0.7558151625877682,True
110,Spruce,6,1,0.06479067578298997,0.0964875038343112,0.7790454646623454,1.1183629934585866,0.059663541840042696,0.28085494730253635,0.19598622385385714,0.39843062878288904,-0.1919208253784097,0.32150217694438965,-1.1119338018256129,1.3049088094942352,-0.06421519638529216,1.622306125709983,-0.595945639068661,2.832671625985834,True
111,Alder,92,23,0.04192528535489179,0.10644939722118832,0.5870974198740033,1.1822928748169934,0.016614202267106488,0.13147451762257106,0.23087449743759536,0.08246024212179055,0.008908049577216033,0.07494252113256755,-0.1548285791337141,0.36772737357609075,0.12828287106828035,1.0459119686797262,1.0184204713968348,1.346165278237152,True
111,Aspen,53,13,0.47515967009952015,0.7706710534795463,-0.7541744154937062,1.050642212072807,0.2876480280167081,0.27456117290085424,0.38720665500918483,0.15762950841025863,-0.1028906840119142,1.0532100242109546,0.21891971934083,1.3224223876182628,-1.5322953210518087,0.023946490064396087,0.733873855330696,1.3674105688149178,True
111,Birch,96,24,0.2430755694728681,-0.184685512929778,0.5494025322054297,0.9494498249710349,0.15723349704291245,0.26688187275531655,0.36212736222074066,0.16104140432639197,-0.06920372757043627,0.5553548665161725,-0.7147359486514048,0.3453649227918488,-0.16981366689478894,1.2686187313056483,0.6296076953757933,1.2692919545662766,True
111,Oak,54,13,0.1340143589482049,-0.08157424128414204,0.7076167333577384,1.0122050433798735,0.036724667090611805,0.09361759070705918,0.14658040759341615,0.073140701088175,0.060250694224489615,0.2077780236719202,-0.2696107061517253,0.1064622235834412,0.41320132003053883,1.002032146684938,0.8652976217437816,1.1591124650159654,True
111,Pine,297,74,0.14875826814684004,-0.3798090100505016,0.9680413830008103,0.6936382708352845,0.0298986677940715,0.12295621407087283,0.15808933094368446,0.06899322685609649,0.08991489581736944,0.20760164047631063,-0.6217983299301351,-0.1378196901708682,0.6569068058314328,1.2791759601701878,0.5578531527802948,0.8294233888902742,True
111,Spruce,6,1,0.0814745389788024,0.21275200767592542,0.7510200813198731,0.9693389875562254,0.04627843239577004,0.19267651429520757,0.12613533769264998,0.26043565323951434,-0.11764548449491595,0.28059456245252073,-0.6162681225046872,1.041772137856538,0.20830352628544802,1.2937366363542981,-0.15122518676496888,2.0899031618774195,True
112,Alder,92,23,0.04373705351743507,0.14993015797673426,0.5000367387603838,1.2072966753587275,0.016548851185456466,0.12940810684561982,0.22035789167643033,0.07990930228921905,0.010849689281978159,0.07662441775289199,-0.10724126118455501,0.40710157713802353,0.06212173399624921,0.9379517435245184,1.0484937288136325,1.3660996219038226,True
112,Aspen,53,13,0.41870032506371635,0.6815119102903148,-0.6801805356095068,1.0943557460179074,0.26848434701700485,0.3233056692315609,0.4958574849187564,0.10184752626086338,-0.12083917025847024,0.9582398203859029,0.0318048433790733,1.3312189772015564,-1.6766434584474252,0.3162823872284116,0.8896854792812064,1.2990260127546085,True
112,Birch,96,24,0.26511683906359684,-0.12212571296434481,0.7272458530420901,0.7085619925585541,0.18419872140844457,0.2700757311038623,0.3745241130610423,0.1653550344374284,-0.10071772112560812,0.6309513992528017,-0.6585194270502984,0.4142680011216088,-0.016591363276703963,1.4710830693608843,0.38015262122339466,1.0369713638937137,True
112,Oak,54,13,0.14099448988825597,0.051858524954620754,0.43979822277447594,1.106434497780472,0.03316094082501352,0.075990670724575,0.15557929153640096,0.07320620482056166,0.07438878002834093,0.207600199748171,-0.10077322916387288,0.2044902790731144,0.12730801910485695,0.752288426444095,0.9593955080258183,1.2534734875351259,True
112,Pine,297,74,0.15552073800914956,-0.6371373922654011,1.3227170047292764,0.6062361414663626,0.03217174357711061,0.12084278442603523,0.15497881300102115,0.06879802293404115,0.09220374011362631,0.21883773590467281,-0.8749672850983224,-0.3993074994324798,1.017704217557309,1.627729791901244,0.4708352029723082,0.7416370799604171,True
112,Spruce,6,1,0.010347797989492705,-0.7528633188813968,1.4058774341563043,1.829175054974947,0.04930251748668323,2.0721508557481063,1.5273722874344478,1.831895055432041,-0.20178381345547666,0.22247940943446207,-9.668608854708184,8.16288221694539,-5.165875107635763,7.977629975948371,-6.05283320579659,9.711183315746483,True
113,Alder,92,23,0.032435639711662724,0.08679752878630473,0.6527847828942337,1.218268652054728,0.012045793864252054,0.11650497807038981,0.20675745404812776,0.07549417260305474,0.008497155651389133,0.05637412377193632,-0.14473163333535854,0.318326690907968,0.24189778998609324,1.0636717758023742,1.0682398479868622,1.3682974561225936,True
113,Aspen,53,13,0.3297505787237695,0.47209028449940793,-0.32504933331372443,1.0405521710334094,0.1593720443022769,0.22973650470726176,0.355351862694877,0.09166113181312066,0.009480465003249727,0.6500206924442893,0.010417493575069714,0.9337630754237461,-1.0391556370530988,0.38905697042565,0.8563522303345229,1.224752111732296,True
113,Birch,96,24,0.26630886538635834,-0.14603218403247795,0.7404134431099099,0.7203918932675738,0.18289624235975466,0.2891473860609842,0.41325370175224024,0.16560218432168525,-0.09693885898612803,0.6295565897588447,-0.7203038510703846,0.4282394830054287,-0.08034407936961774,1.5611709655894375,0.3914916609290558,1.0492921256060919,True
113,Oak,54,13,0.1347196237431379,-0.014324533007706012,0.6004026495098205,1.038840102218119,0.03233874677601016,0.07124880633820539,0.13062987670381354,0.06621076009592088,0.06976533923226358,0.1996739082540122,-0.15743197220461091,0.1287829061891989,0.33802482034377684,0.8627804786758642,0.9058518767083397,1.1718283277278985,True
113,Pine,297,74,0.1536662467087881,-0.7355217822544114,1.46651656411219,0.5724432190576918,0.029419643420822327,0.1171514828057081,0.1496934403175448,0.06532076611997875,0.09576563911198499,0.2115668543055912,-0.9660868485364871,-0.5049567159723358,1.1719058843135646,1.7611272439108154,0.4438858469326926,0.701000591182691,True
113,Spruce,6,1,0.07304672542810337,0.0696097607147957,0.7918980219656591,1.0964919788903658,0.06245772547254641,0.2790034828438118,0.19277886385545814,0.38108726007106364,-0.1956871775669607,0.3417806284231674,-1.130845336337862,1.2700648577674534,-0.03756248282974883,1.621358526761067,-0.5431941609068198,2.736178118687551,True
114,Alder,92,23,0.05009583497850158,0.18783829462812152,0.5141261838616009,1.122932915760411,0.02082183546195216,0.1358490532311076,0.23677911058276105,0.08891147372602945,0.008716812397781826,0.09147485755922133,-0.08213315200496857,0.4578097412612116,0.043577457196741276,0.9846749105264605,0.94624004515747,1.2996257863633522,True
114,Aspen,53,13,0.4037723423834892,0.6375274033274231,-0.606963467919351,1.0841585387018955,0.18362437339473908,0.23070613695821252,0.3538010357889738,0.08719381758652205,0.03476534867604836,0.7727793360909301,0.1739060634424523,1.1011487432123939,-1.3179532683115487,0.10402633247284676,0.9089360020492567,1.2593810753545343,True
114,Birch,96,24,0.1114194485875428,-0.2117737428074304,0.7513176138541295,1.051231193821368,0.08046546652576343,0.29491276823752727,0.409027349135915,0.18800456387701794,-0.04839191346636515,0.2712308106414507,-0.7974959564981632,0.37394847088330235,-0.061046007523503865,1.5636812352317628,0.677837901980858,1.4246244856618782,True
114,Oak,54,13,0.12500842390369218,-0.027319933936193714,0.5971549650787659,1.0772551022796852,0.02872239972781503,0.0655768165380942,0.12303539649326344,0.06462805059419405,0.06731778620898889,0.1826990615983955,-0.15903484633634274,0.1043949784639553,0.35003109834129154,0.8442788318162402,0.9474458423614078,1.2070643621979626,True
114,Pine,297,74,0.15397554069971914,-0.6666570130015665,1.3310928014280163,0.6270945682020593,0.031330012067832244,0.11548132475419981,0.14958716617358436,0.06621642485401627,0.09231514907652402,0.21563593232291425,-0.893935052157522,-0.43937897384561103,1.036691279076309,1.6254943237797237,0.4967744559867622,0.7574146804173565,True
114,Spruce,6,1,0.010347798029054736,-0.7528633171410446,1.4058774328778407,1.8291750534932818,0.04930251767569396,2.072150855793013,1.527372287465074,1.831895055458165,-0.2017838142291622,0.22247941028727164,-9.66860885316105,8.16288221887896,-5.1658751090460004,7.9776299748016815,-6.052833207390657,9.711183314377221,True
115,Alder,92,23,0.046932172260821164,0.14709750865513496,0.5698398199409711,1.133210561578393,0.015472950298474095,0.11465209041883032,0.20001473152774524,0.07358805219155665,0.016182934953627184,0.07768140956801514,-0.0807494286159133,0.37494444592618326,0.1723525711589557,0.9673270687229865,0.9869697712854453,1.2794513518713406,True
115,Aspen,53,13,0.45671318120068327,0.7234355290986885,-0.6589894236360259,1.0208027565986655,0.284529554198676,0.3067333072512424,0.4632767316623631,0.11417859149123591,-0.11507036514839786,1.0284967275497645,0.107031870443837,1.3398391877535398,-1.5899788715228782,0.2720000242508266,0.7913522865275825,1.2502532266697486,True
115,Birch,96,24,0.048439915129768585,-0.6019058719298699,1.5098937622962583,0.9671623157098876,0.0404562712738478,0.3444648708116931,0.4917511341393732,0.17883354942875296,-0.031909731682083595,0.12878956194162078,-1.2860428385193123,0.08223109465957246,0.5332335634368495,2.486553961155667,0.6119834501776378,1.3223411812421375,True
115,Oak,54,13,0.16414988442655168,-0.011006473072539399,0.7031520592292316,0.8872858465617878,0.03388072103168672,0.05856636431526821,0.11024974010447856,0.06638693154282534,0.09609845347381342,0.23220131537928995,-0.1286404777805842,0.10662753163550542,0.4817089391356405,0.9245951793228228,0.7539437702870365,1.0206279228365391,True
115,Pine,297,74,0.1566669403330233,-0.6707425269453529,1.352475415636292,0.6042466029231366,0.032397599425803746,0.12021624634962855,0.15472907598553132,0.06738558570239586,0.09290543702043683,0.2204284436456098,-0.9073393342922413,-0.4341457195984644,1.0479541342494028,1.656996697023181,0.4716254728970096,0.7368677329492636,True
115,Spruce,6,1,0.10879112766962312,0.10768724797144619,1.0879056110251872,0.673721535042078,0.22634355724943533,0.29277361104702804,1.366810316491351,1.89624647941338,-0.8650865967787948,1.082668852118041,-1.1520159287830456,1.3673904247259379,-4.793004528203172,6.968815750253546,-7.485168555782601,8.832611625866758,True
116,Alder,92,23,0.039482281103606374,0.1560329976669087,0.6485652526925528,1.1028430209270128,0.015478940555771509,0.13350389477213453,0.23442785086098944,0.07956530651863111,0.008721139418797513,0.07024342278841524,-0.10927793932924112,0.42134393466305853,0.18268916064235569,1.11444134474275,0.9447236936903518,1.2609623481636738,True
116,Aspen,53,13,0.3256879229792074,0.44798546330320727,-0.3076724438477551,1.0450659908651063,0.1635061734318612,0.23600688926039598,0.3627804360241759,0.0950325151522184,-0.002890034267219621,0.6542658802256345,-0.026288137146387225,0.9222590637528018,-1.0367070245968875,0.4213621369013772,0.8540910016930989,1.2360409800371137,True
116,Birch,96,24,0.14517150532843473,-0.25992596748191177,0.891885261408376,0.8706517234280303,0.11190014890989647,0.2940454536650782,0.40468345337304085,0.18631848868016324,-0.07707184928630456,0.367414859943174,-0.8439256195678111,0.32407368460398756,0.08814899196764892,1.695621530849103,0.5006071224653441,1.2406963243907165,True
116,Oak,54,13,0.11868275559258373,-0.020494067518196334,0.601573912138431,1.080082929381492,0.028690636290639903,0.06892967893004613,0.12972855159604918,0.06760251054621641,0.061055916639050176,0.17630959454611728,-0.1589434022273203,0.11795526719092765,0.3410064477305527,0.8621413765463093,0.9442992908230012,1.2158665679399827,True
116,Pine,297,74,0.15756916323903924,-0.5961015362238553,1.2783247730351803,0.6025839905896,0.03260681390124107,0.1240282548774819,0.16300279680744645,0.06955487632193341,0.09339590628713795,0.22174242019094054,-0.8402007325959855,-0.3520023398517251,0.957520035869349,1.5991295102010117,0.4656934938981935,0.7394744872810065,True
116,Spruce,6,1,0.08147453897880298,0.21275200767592808,0.7510200813198713,0.9693389875562226,0.046278432395799936,0.1926765142953222,0.126135337692685,0.26043565323968554,-0.11764548449504399,0.28059456245264996,-0.6162681225051777,1.041772137857034,0.20830352628529547,1.2937366363544471,-0.15122518676570817,2.089903161878153,True
117,Alder,92,23,0.03545818454712548,0.07714320971320973,0.6951464669974103,1.163653139137192,0.01273530415138687,0.11816407444514632,0.20831234899300768,0.07220378120112046,0.010149443681532044,0.060766925412718914,-0.15768305781878528,0.31196947724520474,0.2811694471244328,1.1091234868703879,1.0201632965537182,1.307142981720666,True
117,Aspen,53,13,0.5210941033818975,0.7806738499127965,-0.772032447863501,1.031169022597077,0.2742844841939383,0.2547349951769449,0.3859803167446657,0.10670320341846382,-0.030101203983007196,1.0722894107468024,0.2687647115749717,1.2925829882506212,-1.5476889344128817,0.0036240386858796825,0.8167409072849682,1.245597137909186,True
117,Birch,96,24,0.15642447735342366,-0.22622765737016795,0.8734779888851694,0.8394962816622145,0.12155110644981064,0.2866658135306731,0.40958732406119897,0.1827162697899186,-0.0849865119768155,0.3978354666836628,-0.7955707071611019,0.34311539242076605,0.06000220897059372,1.6869537687997451,0.476605998348106,1.2023865649763228,True
117,Oak,54,13,0.16438771341576422,0.01261866853242708,0.5594274518349106,0.995272432331986,0.03695480354048738,0.06452057324904907,0.11931029343678899,0.06405822742508807,0.09016180602862482,0.2386136208029036,-0.11697471678491506,0.1422120538497692,0.31978567478503245,0.7990692288847887,0.8666076959323026,1.1239371687316695,True
117,Pine,297,74,0.16455610822242062,-0.5012800070889936,1.1026671436482804,0.6518086740851933,0.03138744674144829,0.11416990223663191,0.14623386245124043,0.06471646637975562,0.10278267979412475,0.22632953665071648,-0.725977044174422,-0.27658297000356513,0.8148652363973774,1.3904690508991835,0.5244406203223856,0.779176727848001,True
117,Spruce,6,1,0.0814745389788026,0.21275200767592628,0.7510200813198719,0.969338987556225,0.04627843239580355,0.1926765142953638,0.1261353376926927,0.26043565323972495,-0.11764548449505992,0.2805945624526651,-0.6162681225053586,1.0417721378572111,0.20830352628526294,1.2937366363544807,-0.15122518676587537,2.0899031618783255,True
118,Alder,92,23,0.05064229755110651,0.20418968711622965,0.43298702134692274,1.1780798070454164,0.019516413517933075,0.13161981566492717,0.23034775243486746,0.08265241558845474,0.01185752676906409,0.08942706833314892,-0.05737703856562687,0.46575641279808616,-0.024780732453528576,0.8907547751473741,1.0138254992426665,1.3423341148481662,True
118,Aspen,53,13,0.3067548168575524,0.4999702432232555,-0.443405299907281,1.1410744266415795,0.1557373355895087,0.24276060741596875,0.35937231573508555,0.11372514722579312,-0.006211076239610536,0.6197207099547153,0.012124538009671837,0.9878159484368392,-1.1655910065182995,0.27878040670373755,0.9125351869377486,1.3696136663454104,True
118,Birch,96,24,0.15573239278651285,-0.14832208320710155,0.9110863773038907,0.7449212700999311,0.1096127705972017,0.27283585836940777,0.3909501498283027,0.1737545510478898,-0.06196803105969259,0.3734328166327183,-0.6901976482881989,0.3935534818739957,0.13462563411990458,1.687547120487877,0.39982973375573055,1.0900128064441317,True
118,Oak,54,13,0.11181860639197007,-0.10051516122757682,0.7282286064724036,1.064339102647469,0.022779376337698387,0.05899135746279945,0.10607172305001213,0.0547845519500409,0.06606488248091351,0.15757233030302664,-0.2190027897946759,0.01797246733952225,0.5151772806040734,0.9412799323407338,0.9543010916258567,1.174377113669081,True
118,Pine,297,74,0.15808228750023115,-0.49677491417664,1.118731630221259,0.6500949586781035,0.03276720136457075,0.12115800732124916,0.15610386097631831,0.06850885191587415,0.0935933730318582,0.22257120196860408,-0.7352251951257678,-0.2583246332275122,0.8115046434951545,1.4259586169473637,0.5152631357716094,0.7849267815845976,True
118,Spruce,6,1,0.01034779797548997,-0.7528633194973808,1.4058774346088057,1.829175055499373,0.04930251741839933,2.072150855674449,1.52737228738176,1.8318950553714224,-0.2017838131756775,0.22247940912665742,-9.668608855007244,8.162882216012482,-5.165875106956564,7.977629976174175,-6.052833205011342,9.711183316010088,True
119,Alder,92,23,0.05143198323203784,0.17405781507546267,0.4750190421431621,1.1603881552405633,0.01699425114993195,0.11332132797510484,0.19907600989545476,0.07104558648386279,0.017659480161382635,0.08520448630269305,-0.051144511478671995,0.39926014162959733,0.07939730534689532,0.8706407789394288,1.0191999812801964,1.3015763292009301,True
119,Aspen,53,13,0.5402640558985906,0.8483080066559633,-0.8979643387663342,1.0660576415829746,0.3021654609838538,0.27577643288397563,0.4159655079780159,0.11391698672174197,-0.06696017201030335,1.1474882838074847,0.29411451614849216,1.4025014971634344,-1.7338783230988402,-0.062050354433828225,0.8371328859785815,1.2949823971873675,True
119,Birch,96,24,0.06604597892477879,-0.5537662051496968,1.3086245857762862,1.009221193445495,0.04805260127727648,0.2925312637609397,0.41668206136260216,0.17608022355487726,-0.02939063496592842,0.161482592815486,-1.1347585453857212,0.02722613508632754,0.4810580451850308,2.1361911263675415,0.6595106707574573,1.358931716133533,True
119,Oak,54,13,0.13931525921132248,0.002704655195362254,0.5886250948034327,1.0240310385274372,0.029417459828835944,0.06798049215120991,0.14875986778061953,0.07997566354334047,0.08022855221725594,0.19840196620538902,-0.13383818176004467,0.13924749215076918,0.28983210685776495,0.8874180827491005,0.863395190771156,1.1846668862837184,True
119,Pine,297,74,0.14353765964749987,-0.626013294810174,1.2876699136751075,0.6477207239520721,0.029200459407818603,0.11379441097084328,0.14817658586621799,0.06865307795791482,0.0860684266716223,0.20100689262337745,-0.849971329993864,-0.402055259626484,0.9960445451908122,1.5792952821594028,0.5126050507165313,0.782836397187613,True
119,Spruce,6,1,0.08147453897880262,0.2127520076759267,0.7510200813198716,0.9693389875562248,0.046278432395768086,0.1926765142952657,0.12613533769267568,0.2604356532395193,-0.11764548449490729,0.2805945624525125,-0.6162681225049359,1.0417721378567892,0.208303526285336,1.2937366363544074,-0.15122518676499075,2.0899031618774404,True
120,Alder,92,23,0.05976868417379942,0.25559300339800306,0.3594307184328275,1.147825011026107,0.023438737197401915,0.13352741380380456,0.2316704745172795,0.08657126807314797,0.013189119296961274,0.10634824905063757,-0.009764672731415291,0.5209506795274215,-0.10096566755598968,0.8198271044216446,0.9757828073987579,1.3198672146534562,True
120,Aspen,53,13,0.5060045055628805,0.8345619260246706,-0.8747277566156433,1.0838581158382719,0.28593927434206495,0.287951131017338,0.4432291486785157,0.11180947204434803,-0.06861197947763742,1.0806209906033983,0.2559024636288708,1.4132213884204705,-1.7654300781738625,0.015974564942575986,0.859168569541456,1.3085476621350876,True
120,Birch,96,24,0.16925349557203356,-0.15928751361121982,0.8656624620414247,0.7646631990048578,0.12010595718499972,0.287311041253452,0.39041787442481457,0.17519395515990033,-0.06928730257741264,0.4077942937214798,-0.7299120413536826,0.4113370141312429,0.09025886375315595,1.6410660603296936,0.41671288184922994,1.1126135161604855,True
120,Oak,54,13,0.1308047008538131,-0.04797974659130002,0.6248304843977603,1.06033203318264,0.03573770509284688,0.09687112583185778,0.15810788414774934,0.068492246909978,0.059023407644005724,0.2025859940636205,-0.24255112908033738,0.14659163589773733,0.3072614529978269,0.9423995157976938,0.9227613065433485,1.1979027598219316,True
120,Pine,297,74,0.15181867576877353,-0.5231760764676221,1.21986141779751,0.5994833032191176,0.029061590805762236,0.10796623082926109,0.14050761421102204,0.06517732026224136,0.0946227491793864,0.20901460235816066,-0.7356637084736043,-0.3106884444616399,0.943329302216621,1.496393533378399,0.47120824594754596,0.7277583604906892,True
120,Spruce,6,1,0.08147453897880297,0.2127520076759279,0.7510200813198714,0.9693389875562227,0.04627843239578936,0.19267651429533775,0.12613533769271218,0.2604356532396222,-0.11764548449499848,0.2805945624526044,-0.6162681225052449,1.0417721378571005,0.20830352628517868,1.2937366363545642,-0.15122518676543562,2.089903161877881,True
121,Alder,92,23,0.04769771762604433,0.1552784594203772,0.5017662672166638,1.1804996134508539,0.01614817052360236,0.11553393165210481,0.19837854583073486,0.06562014097579574,0.015606622008923932,0.07978881324316472,-0.07432095199594765,0.3848778708367021,0.10753059368729889,0.8960019407460288,1.0500933723608625,1.3109058545408452,True
121,Aspen,53,13,0.5378531775197262,0.7250732585649647,-0.8078451665554556,1.0890233199727328,0.30400296629715806,0.25810978908304705,0.3807887028324945,0.13114860348130006,-0.07306365556487748,1.1487700106043297,0.20638221796302247,1.243764299166907,-1.5730687143462014,-0.04262161876470982,0.8254703340326306,1.352576305912835,True
121,Birch,96,24,0.25148886247602636,-0.1855257958758603,0.7858219248165902,0.7248498540965089,0.17151897261661894,0.2754641683813251,0.38843052188756644,0.15997123670470026,-0.08916262213535608,0.5921403470874088,-0.7326214115083322,0.3615698197566116,0.01436538020950806,1.5572784694236723,0.40713316977155334,1.0425665384214646,True
121,Oak,54,13,0.1798918689467348,0.055020697466186534,0.45214812839479135,1.0247407770350334,0.03943985551888521,0.0692146010460723,0.13753051959436288,0.0667031278359785,0.10067458776434043,0.25910915012912916,-0.08400092015532085,0.19404231508769393,0.1759099500715815,0.7283863067180012,0.8907636018144569,1.15871795225561,True
121,Pine,297,74,0.14533760712929453,-0.5361795078847642,1.1668985727352867,0.6671507845292786,0.029669314378937012,0.1179822441697072,0.14916777678088705,0.06883529927403143,0.08694562375450071,0.20372959050408834,-0.7683795901680688,-0.3039794256014596,0.8733224479014718,1.4604746975691016,0.5316764827145493,0.8026250863440079,True
121,Spruce,6,1,0.10879112766961305,0.10768724797144007,1.0879056110251308,0.6737215350421624,0.2263435572523504,0.29277361104787814,1.3668103165063024,1.8962464794380511,-0.8650865967913474,1.0826688521305734,-1.1520159287867093,1.3673904247295896,-4.793004528267558,6.9688157503178205,-7.485168555888668,8.832611625972993,True
122,Alder,92,23,0.04053875994271566,0.10819048254500943,0.6232344101340503,1.160589056063429,0.017143927753151687,0.13647548817948574,0.2434948520459437,0.08241100307914209,0.006468806075479519,0.07460871380995181,-0.16302587191196857,0.3794068370019874,0.1393395585245814,1.1071292617435193,0.9968145048936797,1.3243636072331784,True
122,Aspen,53,13,0.3836356369908197,0.5452787223633935,-0.4438654172700687,1.0285944598138346,0.2804701252966144,0.36622006649976113,0.5557438900742496,0.12258534215413655,-0.17999018155979174,0.9472614555414312,-0.19066805461434988,1.281225499341137,-1.560674576949155,0.6729437424090177,0.7822499917858666,1.2749389278418026,True
122,Birch,96,24,0.1717476648544672,-0.1580959667145156,0.8333306499075186,0.7892454312286352,0.12499139281865715,0.29093910395646283,0.4072750082439165,0.17357504042169997,-0.07649603015933149,0.4199913598682659,-0.7359261401484687,0.41973420671943756,0.024447328798117396,1.6422139710169197,0.4445104184828576,1.1339804439744128,True
122,Oak,54,13,0.10960099406759387,-0.075384073310521,0.6459881138499353,1.1198192798816435,0.019467882766832728,0.05357345241548728,0.09947674509539194,0.0520443809864702,0.07049860074296262,0.1487033873922251,-0.1829895193263445,0.03222137270530251,0.4461831910464611,0.8457930366534094,1.0152850642176252,1.2243534955456619,True
122,Pine,297,74,0.16697245460495863,-0.7180562198926321,1.3748702286995866,0.6123910274223376,0.03388339409972451,0.11830161681839226,0.14980181425668435,0.07206068188757385,0.10028676852259671,0.23365814068732055,-0.95088485739478,-0.48522758239048425,1.0800462588608992,1.669694198538274,0.4705688712034964,0.754213183641179,True
122,Spruce,6,1,0.1087911276696249,0.10768724797144674,1.0879056110251977,0.6737215350420631,0.2263435572492337,0.2927736110472061,1.3668103164879108,1.89624647941015,-0.8650865967779253,1.0826688521171752,-1.1520159287838112,1.3673904247267048,-4.7930045281883595,6.968815750238755,-7.485168555768718,8.832611625852843,True
123,Alder,92,23,0.04451913370606753,0.1935300751526869,0.5626554803485648,1.1134906526179973,0.01584850379453592,0.13368242415324286,0.2379646031945562,0.07574715143860357,0.013023562742447974,0.0760147046696871,-0.07213565147311413,0.4591958017784879,0.08975083623145247,1.0355601244656771,0.9629591062742286,1.264022198961766,True
123,Aspen,53,13,0.42782293660625786,0.59038904417082,-0.5253875934510742,1.0280623693024988,0.275744089451188,0.33694973065671613,0.513615622628592,0.10770813336865608,-0.12630555733959953,0.9819514305521153,-0.08673679071428375,1.2675148790559239,-1.557536830088209,0.5067616431860605,0.811614771647434,1.2445099669575637,True
123,Birch,96,24,0.24371332476179525,-0.31278444843212566,0.7867018800113758,0.8483827776589475,0.15201953930079787,0.2660463494859556,0.365892165932316,0.16378845747792053,-0.05821060215273394,0.5456372516763244,-0.8411754628209804,0.21560656595672906,0.0600084557735906,1.513395304249161,0.5230847633875175,1.1736807919303776,True
123,Oak,54,13,0.15300149836979265,-0.025391865751202378,0.7057731225800774,0.9184259690271744,0.032545011483967594,0.061229649149657984,0.11337396941557777,0.06428980260193386,0.08763291900024563,0.2183700777393397,-0.14837523548148054,0.09759150397907579,0.4780548032353857,0.9334914419247691,0.7892961001959009,1.047555837858448,True
123,Pine,297,74,0.14941634962593828,-0.6440760512040835,1.3174581059788424,0.6294338509448241,0.031086725799842976,0.12806509329209123,0.16347597189866708,0.0690197768758576,0.08823476811390064,0.21059793113797592,-0.8961201228295474,-0.3920319795786195,0.9957221160140068,1.639194095943678,0.49359647996977396,0.7652712219198742,True
123,Spruce,6,1,0.01034779803104994,-0.7528633170532697,1.4058774328133605,1.8291750534185578,0.04930251768595349,2.072150855825775,1.5273722874887217,1.8318950554864872,-0.20178381427131017,0.22247941033341004,-9.668608853214238,8.162882219107697,-5.165875109212228,7.977629974838949,-6.052833207587242,9.711183314424357,True
124,Alder,92,23,0.04396637621974041,0.13508170720858623,0.5855902520106918,1.1442126754232678,0.017267207778112612,0.12921458291537397,0.22651124655501104,0.08616396795035676,0.009651429208363288,0.07828132323111753,-0.12170512380752316,0.3918685382246956,0.1354467474616443,1.0357337565597393,0.9729798952018861,1.3154454556446495,True
124,Aspen,53,13,0.5674089606507988,0.7908903760443706,-0.836137962763152,1.051874660184924,0.323140180091874,0.29100227018831004,0.44506274487212794,0.11310034456988673,-0.08196554338331408,1.2167834646849118,0.20609941992555036,1.3756813321631909,-1.7305250338269489,0.05824910830064478,0.8245910084264952,1.279158311943353,True
124,Birch,96,24,0.14098964431937788,-0.16136973758076184,0.8907498310066586,0.8109236253771044,0.09909843270431307,0.2704195222067158,0.3855524303303634,0.16897764323074446,-0.05582839690596067,0.3378076855447164,-0.6984462504719824,0.37570677531045865,0.12500942466026999,1.6564902373530472,0.4753194402858731,1.1465278104683356,True
124,Oak,54,13,0.14543839778174847,-0.0338991937663877,0.6959614553692846,0.9503261403499356,0.03020840540550616,0.06065748835092653,0.11737689249402443,0.06765838444277512,0.08476302984248518,0.20611376572101175,-0.15573334471078695,0.08793495717801156,0.46020302840034033,0.9317198823382288,0.8144302757673832,1.086222004932488,True
124,Pine,297,74,0.1435894981903042,-0.6358137407395505,1.308630861744587,0.6363587635342562,0.03025555748747189,0.12055329888391891,0.15640067748094166,0.06975538647600905,0.08404373359192208,0.20313526278868632,-0.8730738989723863,-0.39855358250671485,1.000819712399085,1.616442011090089,0.49907364412141697,0.7736438829470955,True
124,Spruce,6,1,0.010347798013193597,-0.752863317838778,1.405877433390395,1.8291750540873086,0.049302517599328695,2.072150855750689,1.5273722874352471,1.8318950554258777,-0.2017838139164501,0.2224794099428373,-9.668608853676677,8.162882217999123,-5.165875108405111,7.977629975185901,-6.052833206657709,9.711183314832326,True
125,Alder,92,23,0.05856086291187875,0.2279612781768598,0.45513710797653395,1.0960170089751011,0.022736821056115453,0.1359786954919953,0.225475655874897,0.08315156478662517,0.013376208868580597,0.1037455169551769,-0.04226780520734619,0.4981903615610658,0.007051622290190684,0.9032225936628773,0.9307707470297886,1.2612632709204137,True
125,Aspen,53,13,0.5311945976530019,0.7534550429596101,-0.81667410878937,1.0811331632776027,0.2505577325648789,0.2348674478486999,0.35959615395788946,0.09622938998581788,0.027679982819370785,1.034709212486633,0.2814712357551197,1.2254388501641005,-1.5393096351500581,-0.09403858242868168,0.8877529640780506,1.2745133624771547,True
125,Birch,96,24,0.14846210250541983,-0.2855349997318946,1.0121375509992034,0.7701945580124955,0.10405152521210538,0.2896721570104356,0.4005722184496772,0.16681261911745202,-0.0581932079762382,0.3551174129870779,-0.86084890717204,0.2897789077082508,0.2165665489855405,1.8077085530128665,0.43889029768854354,1.1014988183364474,True
125,Oak,54,13,0.13738060005538044,-0.021891512624267393,0.6202704638944556,1.0234970410828268,0.03349157208689957,0.0672334382117336,0.12365354030077022,0.06841551733339914,0.07011079776165881,0.2046504023491021,-0.1569338475823084,0.11315082233377363,0.3719050187798249,0.8686359090090863,0.8860804303337404,1.1609136518319132,True
125,Pine,297,74,0.149288937981771,-0.6189303104502284,1.2601867713209762,0.6529330402074137,0.03040333197049528,0.12523717044158286,0.16019856079219347,0.07040134742859955,0.08945233939087688,0.20912553657266514,-0.8654087656289129,-0.3724518552715439,0.9449010326965436,1.575472509945409,0.5143766092730919,0.7914894711417355,True
125,Spruce,6,1,0.10879112766961972,0.10768724797144343,1.08790561102517,0.6737215350421055,0.22634355725037794,0.2927736110472411,1.366810316495317,1.8962464794209286,-0.8650865967828538,1.0826688521220933,-1.1520159287839649,1.3673904247268518,-4.793004528220253,6.968815750270593,-7.4851685558150525,8.832611625899263,True
126,Alder,92,23,0.04933837943736703,0.12846397982252425,0.5282591984658096,1.1685761046530807,0.018683533203673643,0.12965797362737852,0.22373139590527902,0.07814489219538663,0.012208783262469783,0.08646797561226428,-0.12920399706171207,0.3861319567067606,0.0836400629387189,0.9728783339929004,1.0132795524048646,1.3238726569012969,True
126,Aspen,53,13,0.5565313739629552,0.7912247118905985,-0.8024364599804973,1.026899141870874,0.3261861951397715,0.2834090350691224,0.4356200900273121,0.11634268918890142,-0.09896432648333553,1.2120270744092458,0.22169293303699789,1.3607564907441991,-1.6778478056953938,0.07297488573439914,0.7930997546558339,1.2606985290859138,True
126,Birch,96,24,0.1957506734420031,0.09861064908256485,0.33782513020863186,0.9863446998582762,0.13271513933269433,0.2978893028807095,0.41617202298455963,0.17154597250902467,-0.06783304883892383,0.45933439572293,-0.49302321933492305,0.6902445175000528,-0.4887284301388732,1.1643786905561369,0.6456395911300277,1.3270498085865248,True
126,Oak,54,13,0.14247448958567446,-0.03453399364949498,0.6242813827375402,1.0234937468265488,0.03337990638242873,0.06617952101262624,0.12605424564195672,0.06441682090308008,0.07542897446017689,0.20952000471117205,-0.1674594736138692,0.09839148631487926,0.3710939790344004,0.87746878644068,0.8941087542291045,1.152878739423993,True
126,Pine,297,74,0.13982692226664467,-0.6084486116799279,1.2360632892865837,0.6824590273420275,0.028334316106819763,0.11744345907021739,0.15172344204778396,0.06698079402199805,0.08406234025054857,0.19559150428274077,-0.8395883145365233,-0.3773089088233326,0.9374573763737384,1.534669202199429,0.5506345651717922,0.8142834895122627,True
126,Spruce,6,1,0.073046725428103,0.06960976071479379,0.7918980219656607,1.0964919788903675,0.06245772547253903,0.27900348284375925,0.19277886385541587,0.381087260071062,-0.1956871775669293,0.3417806284231353,-1.1308453363376376,1.2700648577672253,-0.037562482829565313,1.6213585267608868,-0.5431941609068107,2.736178118687546,True
127,Alder,92,23,0.0513724280228512,0.2169815524254801,0.46065989763555126,1.1414480432695064,0.017691767010515957,0.11916783284172612,0.2048315908151144,0.07355225555441597,0.016213758751898406,0.08653109729380398,-0.019839473994777146,0.4538025788457373,0.05360015321142925,0.8677196420596733,0.9952783912707435,1.2876176952682694,True
127,Aspen,53,13,0.4355131306483238,0.6531497024878388,-0.6540315975166145,1.085551569941081,0.2969836967123886,0.31449842043273823,0.4540488714622919,0.15757002392956193,-0.1612979520959928,1.0323242133926405,0.021141464669947485,1.28515794030573,-1.5664769660537134,0.25841377102048435,0.7689027517383715,1.4022003881437903,True
127,Birch,96,24,0.31633737217707897,-0.0005117614842618557,0.4172398546667069,0.8385870780533513,0.18967756891211565,0.2690404988133886,0.3697011904144211,0.15187785436377974,-0.060378652071828964,0.6930533964259868,-0.5348494148832398,0.533825891914716,-0.31701862097591915,1.151498330309333,0.5369445496535519,1.1402296064531507,True
127,Oak,54,13,0.10780231905817225,-0.06474648513019858,0.6251455692099226,1.1292412457685475,0.03133327446169637,0.11238375333311026,0.1911664805050735,0.07712144380205077,0.044867585126177945,0.17073705299016656,-0.2904758969395015,0.1609829266791043,0.24117639286322468,1.0091147455566205,0.9743382670815717,1.2841442244555232,True
127,Pine,297,74,0.14727873052224427,-0.5307054235959123,1.1467970317006735,0.6758159023466128,0.030173767802386165,0.11965798706583473,0.15336288683619506,0.06896820099807853,0.08789393566757642,0.20666352537691213,-0.7662035245014664,-0.29520732269035826,0.8449645382337203,1.4486295251676267,0.5400800375189361,0.8115517671742896,True
127,Spruce,6,1,0.10879112766962355,0.10768724797144538,1.0879056110251943,0.673721535042071,0.22634355725158758,0.29277361104753563,1.36681031650253,1.8962464794316853,-0.8650865967880548,1.0826688521273018,-1.1520159287852303,1.3673904247281212,-4.793004528251265,6.968815750301653,-7.48516855586137,8.832611625945512,True
128,Alder,92,23,0.046005202211606505,0.13280040477190724,0.5475779817665343,1.169155391721448,0.01744657358216995,0.12579856106670098,0.2169711064011047,0.080220981182252,0.011333803355728943,0.08067660106748406,-0.11719780064629251,0.38279861019010697,0.1163935010544137,0.9787624624786548,1.0097330488711465,1.3285777345717493,True
128,Aspen,53,13,0.40290580862149744,0.6611213535184671,-0.610453025391642,1.0680718200352726,0.21306201565327668,0.2527807750056125,0.3903748006708989,0.10778067720740957,-0.025258342008169787,0.8310699592511647,0.15313936764485037,1.169103339392084,-1.3949405580191434,0.17403450723585934,0.8514784400782425,1.2846651999923027,True
128,Birch,96,24,0.27812462667616855,-0.1172736906381683,0.7871295031371801,0.6347663482078734,0.1666606136723256,0.25767132667215426,0.3640219829876154,0.1429602479371929,-0.05287773771311571,0.6091269910654529,-0.6290311868123786,0.394483805536042,0.06415042365606016,1.5101085826183,0.3508349559118735,0.9186977405038732,True
128,Oak,54,13,0.12274005119358096,-0.08326055430213788,0.6948732643829599,1.0507617345763838,0.024721421364065597,0.05957001801218429,0.10841348497485992,0.054167188536128265,0.07308561504870457,0.17239448733845736,-0.2029104567885171,0.036389348184241346,0.4771183712621061,0.9126281575038138,0.9419637344652635,1.1595597346875042,True
128,Pine,297,74,0.16611463768645685,-0.5889740690073986,1.2570366347871857,0.6014348493419835,0.03227895430477862,0.11775371705864297,0.15104343440654755,0.06609805080846558,0.10258663905975277,0.22964263631316092,-0.820724388579657,-0.3572237494351401,0.9597690404608326,1.554304229113539,0.47134770831070233,0.7315219903732648,True
128,Spruce,6,1,0.010347798050013327,-0.7528633162190839,1.4058774322005672,1.829175052708351,0.049302517776915904,2.072150855861866,1.527372287513659,1.8318950555126443,-0.20178381464372647,0.2224794107437531,-9.668608852535339,8.16288222009717,-5.165875109932318,7.9776299743334524,-6.052833208409994,9.711183313826696,True
129,Alder,92,23,0.04855475185843718,0.22971016172103967,0.374044554801782,1.2163140482060821,0.01891790573677123,0.13029016116817113,0.22613015653737206,0.08212483091350836,0.010959389523920289,0.08615011419295407,-0.029214155055686336,0.48863447849776565,-0.07534161341762319,0.8234307230211872,1.0531082040806936,1.3795198923314707,True
129,Aspen,53,13,0.6537779635836831,0.8558537374229013,-0.9795814443946632,1.077057836878983,0.3744277683313753,0.2904112847473591,0.44757669280626555,0.10459500197683833,-0.09866280774861247,1.4062187349159787,0.27225041101172,1.4394570638340825,-1.8790204829743353,-0.08014240581499121,0.8668663109788448,1.287249362779121,True
129,Birch,96,24,0.34579774386119105,-0.035339749094081635,0.6433111594137874,0.6272205010541992,0.23221291826967877,0.2764714595038614,0.3958281078407268,0.1611392685912118,-0.115397155733509,0.8069926434558912,-0.5844359318422093,0.513756433654046,-0.14283762943333644,1.4294599482609112,0.3071840045816805,0.947256997526718,True
129,Oak,54,13,0.15850702742105444,-0.015399735417128893,0.5943353083233058,1.0010841773168686,0.03714864348556159,0.064996445854624,0.11893075702253504,0.0635337758682895,0.08389178104594712,0.23312227379616174,-0.14594893899259764,0.11514946815833986,0.35545585259665147,0.8332147640499602,0.8734728328704483,1.128695521763289,True
129,Pine,297,74,0.15355852709837772,-0.5441661212694611,1.1996898782994485,0.6308952671761403,0.030627777526915954,0.11841794828437249,0.1531936721341874,0.06743991389575549,0.09328019867740817,0.21383685551934728,-0.7772237099681457,-0.3111085325707764,0.8981904151796144,1.5011893414192827,0.4981672141883662,0.7636233201639144,True
129,Spruce,6,1,0.10879112766961646,0.10768724797144412,1.0879056110251413,0.6737215350421399,0.22634355725250407,0.2927736110479732,1.366810316506426,1.8962464794389637,-0.8650865967920052,1.082668852131238,-1.1520159287871143,1.3673904247300026,-4.79300452826808,6.968815750318363,-7.485168555892616,8.832611625976895,True
130,Alder,92,23,0.06057211938232006,0.12197661525248261,0.5069083453526472,1.125916666189512,0.023176258969579793,0.12742095563129802,0.22432372065530168,0.07928179847710189,0.014514174827371662,0.10663006393726845,-0.13124575844069802,0.3751989889456632,0.061112088853147783,0.9527046018521466,0.9683607516103802,1.2834725807686438,True
130,Aspen,53,13,0.4760449687388409,0.7046219283555044,-0.6204094463436356,0.9905499892193946,0.28651832875021294,0.2913391414374386,0.435966859460159,0.1288703608472258,-0.09973516970124169,1.0518251071789235,0.11915400411633459,1.2900898525946742,-1.4965176513237746,0.2556987586365034,0.7315753032609001,1.2495246751778892,True
130,Birch,96,24,0.18773714476323017,-0.2924851099229009,0.9650896223398028,0.7513305744355219,0.12688979758228502,0.28857192528479253,0.39634177471732857,0.1679399402689197,-0.0642769459756447,0.43975123550210504,-0.8656138621872712,0.28064364234146943,0.17792064673758923,1.7522585979420162,0.4177873569978304,1.0848737918732134,True
130,Oak,54,13,0.11376669600696306,-0.0881004274826765,0.6874784986483081,1.0845759173670932,0.021748741594387996,0.05825575395738266,0.10542546131128132,0.055492497969216834,0.07008306290083022,0.1574503291130959,-0.20511055292607744,0.028909697960724415,0.47572522768410774,0.8992317696125085,0.9731159549177898,1.1960358798163968,True
130,Pine,297,74,0.15077549502247628,-0.5895481300615606,1.2677031480898173,0.6192611047778356,0.031169655487134924,0.12495476113627273,0.16220120575969524,0.06798435742666682,0.08943070013584628,0.21212028990910628,-0.8354707773354874,-0.34362548278763383,0.948476017016795,1.5869302791628397,0.485461536041519,0.7530606735141522,True
130,Spruce,6,1,0.09205180577292116,0.09249889699331947,0.7823874089617395,1.0175495903503273,0.05778422579215827,0.19403557354987122,0.13546992076402803,0.27513824496526273,-0.15657365106508683,0.3406772626109291,-0.7423687931991905,0.9273665871858294,0.19950738459467432,1.3652674333288046,-0.16627473039326612,2.2013739110939206,True
131,Alder,92,23,0.04571358811423747,0.1283974895233292,0.561690519178827,1.1637639557422765,0.01681743278897917,0.12445106278065249,0.21866033979069327,0.07725443599592932,0.01229247438021979,0.07913470184825516,-0.11892284620812901,0.37571782525478736,0.12714904207224265,0.9962319962854113,1.010236998074318,1.317290913410235,True
131,Aspen,53,13,0.4979827393631973,0.8293537467712092,-0.8851501154947252,1.0961409504690967,0.2535388463644033,0.25948461987661503,0.40125827712142,0.09743822292765915,-0.011522647941022368,1.007488126667417,0.3078998802512699,1.3508076132911486,-1.691508812891073,-0.07879141809837753,0.9003315105237943,1.291950390414399,True
131,Birch,96,24,0.21046148948664428,-0.07402925200230433,0.695411011288894,0.7697485935306894,0.15410340773351333,0.2973670397726036,0.407926297948824,0.17840961502328262,-0.09560118000842749,0.516524158981716,-0.6646258608069349,0.5165673568023261,-0.1147658273917952,1.5055878499695834,0.415411698320429,1.1240854887409497,True
131,Oak,54,13,0.11484867451066182,-0.07722381426891221,0.6779860205347873,1.0794510099734895,0.02031190813876038,0.052051420832867276,0.09516636751329433,0.051145162763789276,0.07405100633440104,0.1556463426869226,-0.18177216988055916,0.027324541342734737,0.48683874590043014,0.8691332951691444,0.976722927264404,1.182179092682575,True
131,Pine,297,74,0.1588140834969764,-0.5875139198764366,1.2335100294654735,0.6335381423569594,0.03237073701188246,0.12166011737686448,0.15657519205825923,0.0687833028737703,0.09510544792535168,0.2225227190686011,-0.8269524003385476,-0.3480754394143258,0.9253554191229548,1.5416646398079923,0.49816617431714716,0.7689101103967716,True
131,Spruce,6,1,0.010347797990677688,-0.7528633188292725,1.4058774341180147,1.8291750549305676,0.04930251749265274,2.072150855762725,1.5273722874453313,1.8318950554440054,-0.2017838134799764,0.2224794094613318,-9.668608854718956,8.162882217060412,-5.16587510772088,7.977629975956909,-6.052833205892448,9.711183315753583,True
132,Alder,92,23,0.054781666005921714,0.19111259774694067,0.4626490691510175,1.1423633660857613,0.020826028640471148,0.14098976316797698,0.2395151345553838,0.0798484695287773,0.01339431036402975,0.09616902164781369,-0.08907492964172686,0.4713001251356082,-0.013336930224570442,0.9386350685266054,0.9836813118689417,1.301045420302581,True
132,Aspen,53,13,0.5009688492909868,0.6464037131600628,-0.5943669660079683,1.0040841995911864,0.2699485727825886,0.26402530028833654,0.39841509324454316,0.1060387287071779,-0.04151311787128342,1.043450816453257,0.11582500772501025,1.1769824185951154,-1.3950120714907395,0.20627813947480267,0.7909913962045763,1.2171770029777966,True
132,Birch,96,24,0.17443638025031952,-0.1522152210458618,0.5878029527976668,1.0016817664835662,0.11831100611745518,0.27494970857458384,0.373680791886233,0.17578598541619142,-0.060539490144279645,0.4094122506449187,-0.6982890750955436,0.39385863300381996,-0.15435935487504338,1.3299652604703769,0.6525556261366976,1.3508079068304348,True
132,Oak,54,13,0.12261474008318249,-0.08027774612319859,0.6846609526548606,1.0553016789677325,0.03348859136662977,0.09787991063051624,0.15601925766941238,0.07280000518869936,0.05535092474231938,0.18987855542404558,-0.27687533251173013,0.11631984026533294,0.37128705099976583,0.9980348543099553,0.9090785651849878,1.2015247927504773,True
132,Pine,297,74,0.13840770445249806,-0.6761613171809875,1.362437820844918,0.6396543918152965,0.029404058134808078,0.12556414987299652,0.16116686197189561,0.06971416021749542,0.08053777015505781,0.1962776387499383,-0.9232832984377994,-0.4290393359241756,1.0452463750084877,1.6796292666813482,0.5024504095319164,0.7768583740986765,True
132,Spruce,6,1,0.07304672542810321,0.06960976071479413,0.7918980219656611,1.096491978890366,0.062457725472555736,0.2790034828438495,0.19277886385546178,0.3810872600711291,-0.195687177567001,0.3417806284232074,-1.1308453363380258,1.270064857767614,-0.03756248282976249,1.6213585267610846,-0.5431941609071012,2.736178118687833,True
133,Alder,92,23,0.0701056949905235,0.14129013663350826,0.4321617823622196,1.1353122151500554,0.026434642313944504,0.1302607572802933,0.23245690844525596,0.07990112043900352,0.01757239823958443,0.12263899174146259,-0.1175757460948515,0.400156019361868,-0.029797475801024542,0.8941210405254637,0.9765255283129691,1.2940989019871416,True
133,Aspen,53,13,0.3036182184246254,0.468721842024975,-0.3418675519182168,1.0787470593681545,0.16250563300086165,0.2597572768622869,0.3959789890594441,0.09302352216386534,-0.022949077547918362,0.6301855143971691,-0.05327994922160073,0.9907236332715508,-1.1376171227555458,0.4538820189191122,0.8918092927571077,1.2656848259792013,True
133,Birch,96,24,0.22390524059111597,-0.06739985442877856,0.6936977154119669,0.7526859041919866,0.16112391430101575,0.2865653275920913,0.4029650410259009,0.16725305859170825,-0.09610076093573791,0.5439112421179698,-0.6365433304720493,0.501743621614492,-0.1066256387792257,1.4940210696031595,0.4205068930547692,1.084864915329204,True
133,Oak,54,13,0.17051415221085253,0.028345046218433163,0.5584635573185537,0.9695724519763826,0.029739551163662628,0.05177811343689697,0.09938449329923814,0.058026583001031175,0.11078050573129117,0.2302477986904139,-0.07565435533263311,0.13234444776949944,0.3588439277008519,0.7580831869362554,0.8530226299455903,1.086122274007175,True
133,Pine,297,74,0.18227923814892094,-0.5921639848490732,1.2453000393977027,0.5852629961792307,0.0352351124398974,0.11364814055882616,0.14554441696303894,0.0645043018029688,0.11293324405139257,0.2516252322464493,-0.815834146192551,-0.36849382350559534,0.9588550252981112,1.5317450534972943,0.4583125021308885,0.712213490227573,True
133,Spruce,6,1,0.010347798030132763,-0.7528633170936362,1.4058774328430144,1.8291750534529114,0.049302517681960104,2.072150855841704,1.5273722875008466,1.8318950554999394,-0.20178381425504516,0.2224794103153107,-9.668608853323141,8.162882219135868,-5.165875109234744,7.977629974920772,-6.052833207610767,9.71118331451659,True
134,Alder,92,23,0.04681171915168543,0.1692860578905899,0.44293887008847455,1.2234786287737551,0.01885578515396194,0.13606529251059088,0.22996702131957214,0.07991392156790394,0.009339808421782843,0.08428362988158802,-0.1011151188709957,0.4396872346521755,-0.014072260625324517,0.8999500008022736,1.0646665023829467,1.3822907551645636,True
134,Aspen,53,13,0.4450257518651969,0.6350638996955494,-0.5719583192629616,1.020777375183056,0.27297885165216096,0.2915911111978214,0.451949916608416,0.12259824083209278,-0.103545788674962,0.9935972924053558,0.049089623265409,1.2210381761256899,-1.4801856801018594,0.33626904157593607,0.7744069862912755,1.2671477640748365,True
134,Birch,96,24,0.15963460431067966,-0.06827051702156546,0.7537364121067479,0.8076884569843629,0.11495270894175325,0.29390837601320197,0.4084399314264769,0.17347870577280525,-0.06867139801500227,0.3879406066363616,-0.6519979210587137,0.5154568870155827,-0.05746054699583569,1.5649333712093316,0.46314477316660335,1.1522321408021223,True
134,Oak,54,13,0.10246136433991465,-0.09762822161141045,0.6823098530656915,1.1243230336800298,0.026413538432054136,0.09541787739989195,0.1531503787633844,0.0690775066252184,0.049408211039388666,0.15551451764044064,-0.2892806687202767,0.0940242254974558,0.37469826427881286,0.9899214418525701,0.9855767783067467,1.263069289053313,True
134,Pine,297,74,0.1608382742268969,-0.6226016251455773,1.2708775966372443,0.6250058565427982,0.03398396303219605,0.13294405769203754,0.16931107244037732,0.06918714191723042,0.09395465908699437,0.22772188936679943,-0.8842479546624514,-0.3609552956287031,0.937657583500519,1.6040976097739696,0.4888390955256141,0.7611726175599822,True
134,Spruce,6,1,0.010262322410664555,-0.32528861488595967,0.8244722415386123,2.009586805848806,0.012322668776112516,0.2856997030226886,0.12484723177732436,0.5586645081669847,-0.04275784203601738,0.0632824868573465,-1.554555221969908,0.9039779921979885,0.2872979589369008,1.361646524140324,-0.3941525652002231,4.413326176897835,True
135,Alder,92,23,0.04437105646657477,0.1009536633639343,0.583552888011268,1.1786909862597754,0.01747738992816321,0.14172855381516064,0.2432650902651027,0.077571699025856,0.009638416598633674,0.07910369633451586,-0.18070205519011334,0.38260938191798194,0.10011463966018996,1.066991136362346,1.0245335349879579,1.332848437531593,True
135,Aspen,53,13,0.45501978776757157,0.5926757288945304,-0.5494108919584139,1.0255957900947301,0.24190407985894702,0.25848920740857845,0.39963727141689925,0.10756536298602828,-0.03110466087750241,0.9411442364126456,0.07322221862108713,1.1121292391679736,-1.3525120564317115,0.25369027251488374,0.8094351002651896,1.2417564799242706,True
135,Birch,96,24,0.12467435743053379,-0.23029426923071064,0.9007790745106787,0.8896711594114981,0.09424513249785729,0.30892451714982555,0.42140660060416024,0.18320841060409337,-0.06250461066270685,0.3118533255237744,-0.8438450257127138,0.3832564872512926,0.06382919117786623,1.7377289578434914,0.5258034419603439,1.2535388768626523,True
135,Oak,54,13,0.12497574523209833,-0.03458707336444782,0.6399633543650948,1.0451633294708802,0.029938756539812653,0.06989168035902459,0.1284441207585933,0.067191259602541,0.06484198297909137,0.1851095074851053,-0.17496864480960045,0.10579449808070479,0.38197574521965166,0.8979509635105378,0.9102057127426687,1.1801209461990916,True
135,Pine,297,74,0.164599291312518,-0.5736846953219022,1.2393726030734884,0.6024991647811854,0.03368889680700613,0.12064071911554122,0.1557184932233546,0.06719574898505767,0.09829639407851977,0.23090218854651623,-0.8111169047402259,-0.3362524859035786,0.9329040560988671,1.5458411500481097,0.4702516511555307,0.73474667840684,True
135,Spruce,6,1,0.10879112766961735,0.10768724797144322,1.0879056110251517,0.6737215350421287,0.226343557252478,0.292773611047861,1.3668103165067869,1.8962464794389997,-0.8650865967918921,1.0826688521311267,-1.1520159287866323,1.3673904247295188,-4.7930045282696225,6.9688157503199255,-7.485168555892782,8.832611625977039,True
136,Alder,92,23,0.03551604690683,0.09632484922942182,0.6728591572435632,1.1607671654204423,0.013869340936068227,0.12532383900304528,0.22346377290425992,0.07971077064498629,0.007953646232693578,0.06307844758096642,-0.1527299458430632,0.3453796443019069,0.22877186619399342,1.1169464482931328,1.0023587587997793,1.3191755720411054,True
136,Aspen,53,13,0.32061320139063954,0.5458260487200002,-0.37718998804266757,1.030923492761201,0.17849482169277395,0.2540279883738112,0.3939976888640227,0.10355370273683032,-0.03808557223895803,0.6793119750202371,0.035337693746234855,1.0563144036937655,-1.1689579870699585,0.4145780109846232,0.8228245360282245,1.2390224494941775,True
136,Birch,96,24,0.13141332139708786,-0.24170461644598892,0.747274081406488,1.0268507015193429,0.08637688307750462,0.2661130820748519,0.3682212458521075,0.17554513484622897,-0.04013862418403166,0.30296526697820736,-0.7702281675165453,0.2868189346245674,0.01595490340891914,1.478593259404057,0.6782029111939065,1.3754984918447792,True
136,Oak,54,13,0.13825210215701964,-0.030816928971051576,0.6352201876849916,1.0174800772518455,0.033384868044604214,0.06844225171301349,0.1259407378154636,0.06812945327934511,0.07119662123974832,0.20530758307429095,-0.16828723730191875,0.1066533793598156,0.38226077116104923,0.8881796042089338,0.8806380430651738,1.1543221114385172,True
136,Pine,297,74,0.15738057281153722,-0.5796430414544907,1.224131859059521,0.6365940855440624,0.03244335197216448,0.12048307717822483,0.15193538880622387,0.07020055742285336,0.09352902421201457,0.22123212141105986,-0.8167649968081137,-0.34252108610086784,0.9251088151190725,1.5231549029999694,0.4984328281054139,0.7747553429827109,True
136,Spruce,6,1,0.06479067578298968,0.09648750383431098,0.7790454646623449,1.1183629934585886,0.05966354184010002,0.2808549473028093,0.19598622385393516,0.39843062878329033,-0.19192082537865662,0.321502176944636,-1.1119338018267875,1.3049088094954093,-0.06421519638562834,1.6223061257103182,-0.5959456390703857,2.8326716259875626,True
137,Alder,92,23,0.04906060238041478,0.17346921953062472,0.5145612959640713,1.1440769049322035,0.018690376938683785,0.12969546238170093,0.2234181025278487,0.0810886253966293,0.011917405720294282,0.08620379904053527,-0.08427325837512167,0.4312116974363711,0.07056476519066662,0.9585578267374759,0.9829303015283908,1.3052235083360162,True
137,Aspen,53,13,0.3923289841289499,0.6577907968796842,-0.6467555480859241,1.1068303851599077,0.25644735909196015,0.300508942200347,0.43010913501180414,0.15279293552947004,-0.1230212783294432,0.907679246587343,0.05389546809796486,1.2616861256614036,-1.5110922150687225,0.21758111889687437,0.7997814855116003,1.4138792848082151,True
137,Birch,96,24,0.08073414461427993,-0.4739292221585145,1.1818506702865825,1.0005554912989483,0.05724920894086282,0.30012332563609495,0.44370309254408036,0.1697066717327335,-0.032967725919444024,0.19443601514800388,-1.0700000526022309,0.12214160828520193,0.30061802939588356,2.0630833111772815,0.6635033926752492,1.3376075899226474,True
137,Oak,54,13,0.147555716696962,-0.024557039116376047,0.6389066847642046,0.9897384702550147,0.03446484395561747,0.06573776698967715,0.12144520712820014,0.06816535256607298,0.07833104032277569,0.2167803930711483,-0.15659523001264872,0.10748115177989662,0.3949768073658939,0.8828365621625154,0.8528243302288678,1.1266526102811616,True
137,Pine,297,74,0.13995755633301507,-0.6523988227746557,1.3045135230450773,0.6634120610438285,0.02702981072044349,0.1174243238006441,0.14712465384677753,0.06511490097773583,0.08676036282683645,0.19315474983919367,-0.8835008656324884,-0.4212967799168229,1.0149584550809108,1.5940685910092438,0.5352598507574134,0.7915642713302437,True
137,Spruce,6,1,0.10879112766961838,0.10768724797144413,1.0879056110251595,0.6737215350421181,0.22634355725170327,0.2927736110475537,1.366810316503735,1.8962464794330354,-0.8650865967885576,1.0826688521277943,-1.1520159287853091,1.3673904247281974,-4.793004528256484,6.968815750306803,-7.485168555867132,8.832611625951367,True
138,Alder,92,23,0.047581296561736604,0.13909349483416467,0.5410609882449893,1.157140694068903,0.018565612921160296,0.12861136406009657,0.22349070487861158,0.08145856978265822,0.010686042169136156,0.08447655095433705,-0.11649456546457693,0.39468155513290626,0.09692017555575055,0.985201800934228,0.9952589039361839,1.3190224842016223,True
138,Aspen,53,13,0.44436756810690176,0.6516543691843801,-0.5882079673628867,1.0255849994898794,0.3022998984137618,0.3027260655202195,0.4265953399335314,0.16131094747983316,-0.16312682193207867,1.0518619581458821,0.04330356428138327,1.260005174087377,-1.4454833987680415,0.2690674640422682,0.7014185139565513,1.3497514850232073,True
138,Birch,96,24,0.1761646386270484,-0.28398846016969304,0.9197094410415567,0.7924620335205518,0.12804567000833392,0.2963941332088195,0.4095642693239804,0.1672808747677578,-0.07814511452134326,0.43047439177544006,-0.87265279256032,0.30467587222093395,0.10627944982511184,1.7331394322580016,0.4602277770566925,1.124696289984411,True
138,Oak,54,13,0.1299418697097054,-0.08039290121075943,0.6890880249393427,1.0383850617038286,0.023451797397870205,0.05590366661288518,0.10006799203932557,0.05167312095999265,0.08283754835107227,0.17704619106833852,-0.19267872018591303,0.031892917764394194,0.48809554769912894,0.8900805021795566,0.9345965437489505,1.1421735796587067,True
138,Pine,297,74,0.14606411723450075,-0.5455340816028487,1.20579268177482,0.639094978095778,0.030135211701410262,0.12838630943581322,0.16487197317270372,0.0689476581439563,0.08675520438972456,0.20537303007927693,-0.7982103366176682,-0.29285782658802917,0.8813092308426151,1.5302761327070247,0.5033995435247987,0.7747904126667573,True
138,Spruce,6,1,0.10879112766963038,0.10768724797144887,1.087905611025233,0.673721535042014,0.2263435572514465,0.292773611047452,1.3668103165014778,1.8962464794300726,-0.8650865967874408,1.0826688521267016,-1.152015928784867,1.3673904247277646,-4.793004528246698,6.968815750297164,-7.485168555854487,8.832611625938515,True
139,Alder,92,23,0.04693703976514724,0.18217374440840084,0.5290795749100186,1.1334137397300406,0.017809104342556652,0.12896837603733421,0.23089044088919905,0.08463760466234102,0.01154518720346364,0.08232889232683083,-0.07412380217432846,0.43847129099113014,0.07023334184451319,0.987925807975524,0.9652142858009829,1.3016131936590982,True
139,Aspen,53,13,0.5329933407790789,0.761887906542591,-0.8121791569746811,1.0746884104108916,0.33344588922007484,0.32489420514523504,0.49888674467681193,0.11188090987189739,-0.13709126112012315,1.203077942678281,0.10898855719593947,1.4147872558892425,-1.8147296052092199,0.19037129125985774,0.8498553044248383,1.299521516396945,True
139,Birch,96,24,0.0647519670836876,-0.5308878657577117,1.4011012610169762,0.9164260782160184,0.05333436421663177,0.33186553283396103,0.4726708364380356,0.1771063659597094,-0.041174683910252724,0.17067861807762794,-1.1900014595869377,0.12822572807151422,0.46233618034554813,2.3398663416884045,0.5646775481385001,1.2681746082935366,True
139,Oak,54,13,0.14919671501657772,-0.012953749623722303,0.6461401689113612,0.9683643563026464,0.032664510294582665,0.062244006396731125,0.11775349171230039,0.06811221509056677,0.08358811522208459,0.21480531481107085,-0.13797451584553466,0.11206701659809004,0.4096253201509388,0.8826550176717836,0.8315569460371215,1.1051717665681713,True
139,Pine,297,74,0.1575491568975617,-0.446788131047424,1.0708478444245004,0.6448990239839529,0.029853157609973303,0.11286389573939636,0.14786190425416618,0.06198058119609517,0.09879535286344518,0.2163029609316782,-0.668914825296481,-0.22466143679836692,0.7798417987605641,1.3618538900884367,0.5229154479384011,0.7668826000295048,True
139,Spruce,6,1,0.10879112766962229,0.10768724797144612,1.087905611025184,0.6737215350420834,0.22634355724857624,0.29277361104686306,1.3668103164856635,1.8962464794052953,-0.8650865967750992,1.082668852114344,-1.1520159287823357,1.367390424725228,-4.793004528178704,6.968815750229071,-7.485168555747809,8.832611625831976,True
140,Alder,92,23,0.06919776107354846,0.18219489747738704,0.40660589879086423,1.1192534984373776,0.025385840864832664,0.12089013832005743,0.2168855028406757,0.07440316382603605,0.01874873681264959,0.11964678533444732,-0.05804884916410122,0.42243864411887533,-0.02440846283322229,0.8376202604149507,0.9713928450545232,1.2671141518202322,True
140,Aspen,53,13,0.35715584210476187,0.43938514035735027,-0.2855521662832115,1.0056426254985862,0.16216601901240477,0.21836994361818365,0.3370078935526191,0.08508232545975299,0.03127102599360376,0.68304065821592,0.0005543091289401669,0.8782159715857604,-0.9627948838836415,0.3916905513172186,0.834663291137296,1.1766219598598764,True
140,Birch,96,24,0.06517003855602728,-0.7465776987389979,1.6541422291855394,0.8547456428374759,0.050870822593386766,0.3113545964934437,0.44953465805571047,0.1685334810154473,-0.03586380612874658,0.16620388324080115,-1.3649548025544669,-0.1282005949235291,0.7613275958257878,2.546956862545291,0.520023602244553,1.1894676834303988,True
140,Oak,54,13,0.1552555086540871,0.05917680048816856,0.4202921522313271,1.0892609976355407,0.03476470883604514,0.07446712240020284,0.1500775138417482,0.07328732976598852,0.08542853594191879,0.22508248136625542,-0.09039481676068156,0.2087484177370187,0.11885259428305567,0.7217317101795986,0.9420590636325312,1.2364629316385503,True
140,Pine,297,74,0.16672550201931194,-0.5311356385027964,1.1891133116002717,0.6031430373012077,0.03430760111062958,0.12223159885840619,0.15906295158125855,0.06894168589935723,0.09920493689620531,0.23424606714241858,-0.7716988479270595,-0.2905724290785335,0.876062558028687,1.5021640651718564,0.4674593566657216,0.7388267179366937,True
140,Spruce,6,1,0.1087911276696215,0.10768724797144623,1.087905611025173,0.6737215350420953,0.2263435572532616,0.29277361104806254,1.366810316511052,1.8962464794456027,-0.8650865967952596,1.0826688521345025,-1.1520159287874967,1.367390424730389,-4.793004528287952,6.9688157503382975,-7.485168555921226,8.832611626005416,True
141,Alder,92,23,0.04507929977389587,0.14935887469868028,0.4821225730176136,1.2174590289008083,0.01700692898690387,0.13350397767048802,0.22988802884419327,0.0802653939036379,0.011281602166318391,0.07887699738147334,-0.11595222704052724,0.41466997643788783,0.02526842324953288,0.9389767227856942,1.057948425099427,1.3769696327021894,True
141,Aspen,53,13,0.48171084558454186,0.7094175252074197,-0.6852138678442662,1.038024553205469,0.26367840731377334,0.26854846002065025,0.40591314439813037,0.10951136900841789,-0.048170752318894505,1.0115924434879782,0.1697491899807294,1.2490858604341102,-1.5009268712520143,0.13049913556348192,0.81795321786203,1.2580958885489082,True
141,Birch,96,24,0.2541069790023896,-0.009829648057605386,0.600124356191741,0.7409748113489296,0.17941626148169362,0.2906669632803448,0.4015502697263845,0.17285813235430733,-0.10222920296492816,0.6104431609697074,-0.5871193266184347,0.567460030503224,-0.19738914007986685,1.3976378524633488,0.3976636399063124,1.0842859827915468,True
141,Oak,54,13,0.1345063332563447,0.0023211853450593118,0.5176616308638584,1.0991146755485615,0.038747524672642863,0.11426336309434111,0.19461876801497505,0.07065155664242288,0.056679639503758816,0.21233302700893059,-0.22718353377735734,0.23182590446747597,0.12675833098155614,0.9085649307461607,0.9572068476703199,1.241022503426803,True
141,Pine,297,74,0.15734586452436314,-0.6865831323186528,1.3541953229529426,0.6152982475097607,0.0328953298248891,0.12416210656497241,0.16006991325756298,0.06959798591581146,0.09260478127213523,0.22208694777659105,-0.9309457613205637,-0.4422205033167418,1.03916277469912,1.6692278712067652,0.478322907108895,0.7522735879106264,True
141,Spruce,6,1,0.07304672542810343,0.06960976071479608,0.791898021965659,1.0964919788903653,0.06245772547258384,0.27900348284392,0.19277886385545018,0.38108726007133537,-0.19568717756712167,0.3417806284233285,-1.130845336338327,1.2700648577679192,-0.03756248282971464,1.6213585267610324,-0.5431941609079893,2.73617811868872,True
142,Alder,92,23,0.05778107581320861,0.26729518014903286,0.3403997539576264,1.1666286462541855,0.022775451481559815,0.1312219425653211,0.2296613208002442,0.08052689086586023,0.012519651916950758,0.10304249970946647,0.006519143645512482,0.5280712166525532,-0.11600386121243866,0.7968033691276915,1.0065983721900957,1.3266589203182753,True
142,Aspen,53,13,0.506794596567936,0.744276438137675,-0.769670422946883,1.0669487160812363,0.32621851431275045,0.3177561639369846,0.4833180409215296,0.11949592593428651,-0.1487660516880578,1.1623552448239298,0.10572151964473164,1.3828313566306183,-1.7409343896406053,0.20159354374683935,0.8268126623858645,1.3070847697766081,True
142,Birch,96,24,0.20214693651017535,-0.21979279170358043,0.8775175795563875,0.7316114248337722,0.14376997101784553,0.29242907557971465,0.40736749724577354,0.1686662755797381,-0.0833926357168282,0.4876865087371789,-0.8005821773911196,0.36099659398395867,0.06845056730592958,1.6865845918068456,0.3966256427737458,1.0665972068937986,True
142,Oak,54,13,0.07547396730511335,-0.26241023946796205,0.9115624597809744,1.1692086174463425,0.01529019350338334,0.07269263234446785,0.1127246630600327,0.05306914054797373,0.044762709818108884,0.10618522479211782,-0.40841768854603344,-0.11640279038989063,0.6851483106332577,1.1379766089286911,1.0626161116273538,1.2758011232653312,True
142,Pine,297,74,0.1917594965558347,-0.5715103888143497,1.2146397171313608,0.5801256310678267,0.03899955949760247,0.12187896010365072,0.1586548831827679,0.07060796794426175,0.1150047188510634,0.26851427426060603,-0.811379572214216,-0.3316412054144834,0.9023920803030926,1.526887353959629,0.44116255164943996,0.7190887104862134,True
142,Spruce,6,1,0.06479067578298957,0.09648750383431001,0.7790454646623458,1.118362993458589,0.059663541840028665,0.28085494730247834,0.19598622385385106,0.398430628782796,-0.1919208253783497,0.32150217694432887,-1.1119338018253644,1.3049088094939845,-0.06421519638526552,1.6223061257099571,-0.5959456390682585,2.8326716259854363,True
143,Alder,92,23,0.04134465884125192,0.12134210293801692,0.6110526408109151,1.1530768268158653,0.017281647917065063,0.13794704454582132,0.2506103285250777,0.08777229815824837,0.007001015088087842,0.075688302594416,-0.15279866057130756,0.39548286644734143,0.11301727491101865,1.1090880067108118,0.9786478282730389,1.3275058253586918,True
143,Aspen,53,13,0.41971101564074387,0.5783871304585448,-0.5323717323137539,1.0561373189153458,0.22076119930343396,0.250189208917839,0.38754223727389847,0.09700350521902666,-0.023925223798389794,0.8633472550798775,0.07561309162030161,1.081161169296788,-1.3111670156810447,0.24642355105353675,0.8612014769124529,1.2510731609182386,True
143,Birch,96,24,0.17538875731831616,-0.0010642293831317046,0.7102543686342351,0.7702212999095259,0.11161509935924009,0.2642809778218891,0.36832251778036745,0.1553475261092399,-0.046288464284211434,0.3970659789208437,-0.5259490632656506,0.5238206044993873,-0.02126594415434202,1.441774681422812,0.4616877039317561,1.0787548958872957,True
143,Oak,54,13,0.1329223862159993,-0.020153128520998098,0.6172665343795894,1.0332588324362562,0.03223479647537585,0.07191095017850212,0.13242841629214025,0.06478402682345284,0.06817689202866964,0.19766788040332897,-0.16459052276185238,0.12428426571985618,0.35127623213493825,0.8832568366242406,0.9031362850414298,1.1633813798310826,True
143,Pine,297,74,0.16470173906907667,-0.6450647107874391,1.2583487663243849,0.6491151086638597,0.033147492766252305,0.12165525556210834,0.15497308788541417,0.06844390990461063,0.09946437558294244,0.2299391025552109,-0.8844936227437602,-0.405635798831118,0.9533472467149595,1.5633502859338102,0.5144110977045374,0.783819119623182,True
143,Spruce,6,1,0.10879112766962121,0.10768724797144576,1.0879056110251715,0.673721535042098,0.22634355725572872,0.2927736110481178,1.3668103165297973,1.8962464794703735,-0.865086596805875,1.0826688521451173,-1.1520159287877347,1.367390424730626,-4.793004528368609,6.968815750418951,-7.485168556027803,8.832611626112,True
144,Alder,92,23,0.024680087714838116,6.13583657996052e-05,0.95564444767663,1.1099366900368277,0.009462584689274222,0.12498059661294042,0.22227391371948618,0.07544949942281852,0.0058751890667368585,0.043484986362939376,-0.24831131458364963,0.24843403131524883,0.5139217517255374,1.3973671436277226,0.9599966645272753,1.2598767155463801,True
144,Aspen,53,13,0.5933730883477724,0.6962459596938844,-0.7696201027552865,1.0553170304250252,0.34942087201949834,0.29535023394173693,0.4446611830972415,0.107661860957914,-0.10881444339871671,1.2955606200942613,0.10271744328424193,1.2897744761035268,-1.6632002052200938,0.12395999970952087,0.83896242066075,1.2716716401893005,True
144,Birch,96,24,0.1260661779578149,-0.13220299575114258,0.827194178504938,0.8726999329847229,0.08881146346982531,0.2772616448327047,0.3872981440969821,0.17190514232377846,-0.05032105442801027,0.3024534103436401,-0.6828685547687414,0.41846256326645626,0.05798663393335479,1.5964017230765213,0.5312814820019299,1.214118383967516,True
144,Oak,54,13,0.15021515831160046,-0.04040139111069116,0.7243933683942061,0.9228613035017125,0.031224633487290814,0.06220375881440869,0.11693040647768789,0.06376261268613956,0.08749863619869593,0.212931680424505,-0.16534131768428978,0.08453853546290745,0.48953173498180025,0.9592550018066119,0.7947903267796153,1.0509322802238097,True
144,Pine,297,74,0.12882700834599703,-0.5115638456621135,1.169750652287758,0.6764409845580996,0.026886345022223933,0.12221645631187879,0.1584973305346018,0.06816682603332437,0.07591216874116899,0.18174184795082507,-0.752097253139699,-0.2710304381845281,0.8578130937947986,1.4816882107807174,0.5422823005517,0.8105996685644993,True
144,Spruce,6,1,0.09205180577292126,0.09249889699332084,0.7823874089617374,1.0175495903503278,0.057784225792034814,0.19403557354955914,0.13546992076398018,0.27513824496463585,-0.15657365106455556,0.34067726261039805,-0.7423687931978463,0.927366587184488,0.19950738459487805,1.3652674333285968,-0.1662747303905685,2.201373911091224,True
145,Alder,92,23,0.06097312461598365,0.16994319353352993,0.45473689373700976,1.1360691463825894,0.02049828005259767,0.11048731344611643,0.19885201275022238,0.06926596169065476,0.02023710042098538,0.10170914881098192,-0.04962712467036179,0.38951351173742166,0.05956030419721442,0.8499134832768052,0.9984176027369671,1.2737206900282116,True
145,Aspen,53,13,0.5028551346876042,0.7475502559172232,-0.7350730849192361,1.0339340594030841,0.29001570620054357,0.2847067885667826,0.43172240481087465,0.11591153915667123,-0.07995324687155703,1.0856635162467656,0.17541054377082677,1.3196899680636198,-1.602651738941055,0.13250556910258293,0.8010011006163014,1.266867018189867,True
145,Birch,96,24,0.21349947964144017,-0.0554549051846586,0.7200431037483925,0.7326650350082999,0.1437195318864181,0.2846339483470404,0.40182958505436717,0.15938602606908572,-0.0719399161167964,0.49893887539967674,-0.6207624953364903,0.5098526849671732,-0.0780251368742364,1.5181113443710215,0.4161106295192727,1.0492194404973272,True
145,Oak,54,13,0.128322121795916,0.0021927853769507255,0.5426066277755222,1.0889586984878592,0.027951037598750277,0.06631514465776542,0.12352612943855541,0.06621864214629349,0.07218081053427516,0.18446343305755686,-0.1310051026956841,0.13539067344958555,0.29449709490917364,0.7907161606418707,0.9559546414139819,1.2219627555617365,True
145,Pine,297,74,0.15111133520766468,-0.6579340439194519,1.3475200346320018,0.610201975586496,0.030843494323436724,0.12251670320323277,0.15908026375552864,0.06816348612679492,0.09040845597182873,0.21181421444350063,-0.8990583653380997,-0.4168097225008041,1.0344352090835844,1.660604860180419,0.4760498648282696,0.7443540863447224,True
145,Spruce,6,1,0.010262322410664944,-0.32528861488595096,0.8244722415386112,2.009586805848788,0.012322668776125149,0.2856997030228402,0.1248472317773062,0.5586645081675248,-0.042757842036071345,0.06328248685740123,-1.5545552219705514,0.9039779921986496,0.28729795893697785,1.3616465241402445,-0.39415256520256525,4.41332617690014,True
146,Alder,92,23,0.045038791313490194,0.17741908436983617,0.4949993382691847,1.1820898616605677,0.017779042332420548,0.13511592957297794,0.2362228190243835,0.08432748299062356,0.009706680679866533,0.08037090194711385,-0.09109543304778489,0.4459336017874572,0.02555612418017994,0.9644425523581894,1.0145067093865787,1.3496730139345567,True
146,Aspen,53,13,0.4472974639096234,0.6758537887189928,-0.6639231494184206,1.06419355532887,0.23885781614494841,0.2615490548250397,0.4004275066966101,0.10616692409976311,-0.03270528861003369,0.9273002164292805,0.15025128484803518,1.2014562925899503,-1.468612351141331,0.1407660523044899,0.8508431336558064,1.2775439770019335,True
146,Birch,96,24,0.20992458231208097,-0.06424620104166762,0.6918518414173247,0.7723523748105807,0.1465570950719198,0.2932470626820572,0.41529966812834157,0.16417367499685506,-0.08115045886236485,0.5009996234865268,-0.6466601797206117,0.5181677776372766,-0.1329691468867198,1.5166728297213692,0.446289285295745,1.0984154643254165,True
146,Oak,54,13,0.1377731730228655,-0.04078898249382741,0.7117790491061387,0.9579587424026879,0.030612928917558097,0.06498809211331895,0.1225202515705826,0.06710564327537835,0.07628529569741131,0.1992610503483197,-0.1713214070860778,0.08974344209842298,0.4656898813971674,0.9578682168151099,0.8231730911285435,1.0927443936768322,True
146,Pine,297,74,0.13252834218033166,-0.5288173646723983,1.1380045269936574,0.7078408690736628,0.02660808645520391,0.12200686589723508,0.15786786143678916,0.06719586653237075,0.0801611414394088,0.1848955429212545,-0.7689382786271782,-0.2886964507176183,0.8273058225107696,1.4487032314765451,0.5755931241039108,0.8400886140434148,True
146,Spruce,6,1,0.010262322410664665,-0.32528861488595723,0.8244722415386122,2.0095868058488007,0.01232266877610842,0.2856997030224556,0.12484723177723962,0.5586645081668171,-0.042757842035999645,0.06328248685732897,-1.554555221968903,0.9039779921969884,0.2872979589372653,1.3616465241399591,-0.3941525651995077,4.413326176897109,True
147,Alder,92,23,0.05675986483177963,0.1663594932616582,0.4078245536948753,1.195331581327192,0.021474710426584866,0.1211438636129413,0.216933566340386,0.0790489584006053,0.014083390450843301,0.09943633921271597,-0.0743884790828295,0.40710746560614586,-0.02328532403505379,0.8389344314248044,1.0382383874722085,1.3524247751821756,True
147,Aspen,53,13,0.33597840425357867,0.42857403798749694,-0.28061940059517915,1.0235776970680353,0.21284916040343638,0.3191760551700127,0.48387568902585737,0.09443549476323107,-0.09175799773691656,0.763714806244074,-0.21283425876675655,1.0699823347417503,-1.2530040031103906,0.6917652019200324,0.833802465285798,1.2133529288502725,True
147,Birch,96,24,0.11225219264170903,-0.24392640828793458,0.970464405970738,0.8703999529827707,0.09308793585505325,0.30958344172697594,0.43032247944229646,0.19467541584732653,-0.0726284830332367,0.29713286831665475,-0.858785845856519,0.37093302928064986,0.1158068176739091,1.825121994267567,0.48375777332162434,1.2570421326439172,True
147,Oak,54,13,0.12922399925877717,-0.05676824694499074,0.6425407576750609,1.0582778602743999,0.024448291173681337,0.05879681228230138,0.10468478522243582,0.05244325870234029,0.08011816124658691,0.17832983727096743,-0.17486512001708512,0.06132862612710365,0.4322751784182264,0.8528063369318954,0.9529424751395568,1.163613245409243,True
147,Pine,297,74,0.1542103703471372,-0.6490555894649221,1.3198045491073687,0.6203695728543405,0.03321134651292344,0.12759148397438455,0.16471671015876407,0.07155674093842963,0.08884733672025019,0.2195734039740242,-0.9001675536930778,-0.3979436252367665,0.9956266702963423,1.643982427918395,0.479539219518049,0.7611999261906319,True
147,Spruce,6,1,0.07304672542810332,0.06960976071479563,0.7918980219656592,1.096491978890366,0.06245772547259526,0.2790034828439381,0.1927788638554503,0.3810872600714122,-0.19568717756717097,0.3417806284233776,-1.1308453363384054,1.2700648577679967,-0.03756248282971486,1.6213585267610333,-0.5431941609083193,2.7361781186890513,True
148,Alder,92,23,0.04556663698873353,0.15595811618729324,0.5238895245863652,1.1715213100804884,0.0170376785617214,0.1280841050794847,0.22076934649770777,0.07834337521158105,0.01170783106277331,0.07942544291469375,-0.09858212768313715,0.41049836005772367,0.08515683982606997,0.9626222093466603,1.015830314545848,1.3272123056151288,True
148,Aspen,53,13,0.4510527593177049,0.6209913309285207,-0.5792874629134002,1.037042689725866,0.26961216090619383,0.29565417325190946,0.456342017442707,0.11999784082544973,-0.09075316286828633,0.9928586815036962,0.02685202560756539,1.215130636249476,-1.4963410808278637,0.33776615500106344,0.7958980002940661,1.278187379157666,True
148,Birch,96,24,0.14587218198157126,-0.10052337656028733,0.5099684591339777,1.0906518908664848,0.10977144077985512,0.2913450746842814,0.3985808236569526,0.20391881337239026,-0.0721433745433103,0.36388773850645284,-0.6791598429018436,0.478113089781269,-0.2816474609302071,1.3015843791981625,0.6856515258586694,1.4956522558743002,True
148,Oak,54,13,0.10517792810958683,-0.08582875463313984,0.6912257607063759,1.099864302331777,0.02107293554361923,0.058156628126040805,0.1052118997001649,0.0568010114165295,0.06285169140473842,0.14750416481443523,-0.20263977998475452,0.030982270718474827,0.47990144086217834,0.9025500805505734,0.9857761132745673,1.2139524913889865,True
148,Pine,297,74,0.13969941110223197,-0.6047909535010327,1.2773262461906778,0.6440638190626742,0.027665979456563503,0.11569444665722306,0.14892337211350032,0.06600438264138547,0.08525017807169363,0.1941486441327703,-0.8324884364789518,-0.3770934705231137,0.984231132582552,1.5704213597988037,0.5141610257377482,0.7739666123876001,True
148,Spruce,6,1,0.0730467254281034,0.06960976071479553,0.7918980219656597,1.096491978890365,0.06245772547250119,0.27900348284362453,0.19277886385540619,0.38108726007078303,-0.19568717756676607,0.3417806284229729,-1.130845336337056,1.2700648577666473,-0.03756248282952457,1.6213585267608441,-0.543194160905613,2.736178118686343,True
149,Alder,92,23,0.038835824102505884,0.08656309239076601,0.6342640734663352,1.1782012057936797,0.01486492816115442,0.1359100609919946,0.23729919041245273,0.08578978173579924,0.009294903026400281,0.06837674517861149,-0.18352959434721086,0.3566557791287429,0.16268179742702615,1.105846349505644,1.0077120420440477,1.3486903695433117,True
149,Aspen,53,13,0.38761918708104104,0.6160571467656969,-0.5645247983255918,1.0680164367267422,0.26684564026861124,0.3272201839585217,0.4855644834827916,0.1467227308602032,-0.14862720373865723,0.9238655779007393,-0.04151643200622279,1.2736307255376165,-1.5403031603620594,0.41125356371087585,0.7731660700660997,1.3628668033873845,True
149,Birch,96,24,0.26442732394888735,-0.03242893878574305,0.6478160640068885,0.714297594951503,0.16678073535779597,0.25668202535991147,0.36570242937501163,0.14624692597706224,-0.06681361247627876,0.5956682603740535,-0.5422215971603662,0.47736371958888013,-0.07850052705060906,1.3741326550643862,0.42383857637229494,1.004756613530711,True
149,Oak,54,13,0.13577950017629165,-0.03479559111678539,0.6418352943259369,1.0203239982529049,0.03213476367062919,0.0700870632090428,0.12917754421937824,0.06757112716546215,0.0712349277904449,0.2003240725621384,-0.17556960056569032,0.10597841833211953,0.38237456080530574,0.901296027846568,0.8846033950697966,1.156044601436013,True
149,Pine,297,74,0.17385902100335834,-0.5385285368532337,1.191684520035299,0.5931449460793672,0.0315283662149173,0.10991764343551663,0.14139765173055172,0.061471544146746854,0.11180824988197252,0.23590979212474417,-0.7548567312330714,-0.3222003424733959,0.913400727439581,1.469968312631017,0.4721632025178111,0.7141266896409233,True
149,Spruce,6,1,0.09205180577292094,0.09249889699332017,0.7823874089617378,1.017549590350329,0.057784225792093705,0.19403557354969647,0.13546992076399458,0.2751382449649398,-0.15657365106480925,0.3406772626106511,-0.7423687931984378,0.9273665871850781,0.19950738459481643,1.365267433328659,-0.16627473039187501,2.201373911092533,True
150,Alder,92,23,0.04155891586610569,0.08114345432542112,0.619168907529067,1.1800561854827605,0.017163389250746654,0.13508165479939274,0.24346184057991713,0.08209709557235116,0.007450286361944634,0.07566754537026674,-0.18730294918203472,0.349589857832877,0.1353396592714558,1.1029981557866781,1.016905459519751,1.3432069114457699,True
150,Aspen,53,13,0.38267278828243534,0.5422378555606325,-0.45728967309490826,1.046923480426527,0.21678668788821961,0.26679568520148933,0.41245816434574856,0.10268602397468131,-0.05297637143699607,0.8183219480018668,0.00609185320679162,1.0783838579144733,-1.2861553865159068,0.3715760403260903,0.8405681894477481,1.253278771405306,True
150,Birch,96,24,0.35845029622500413,-0.03379200504724753,0.6323681811712935,0.6168346417555584,0.2364800746014773,0.28743948027996347,0.3940194189179108,0.1608284285653801,-0.1112195441725724,0.8281201366225807,-0.6046716237828271,0.537087613688332,-0.1501883953546045,1.4149247576971913,0.29741550040510467,0.936253783106012,True
150,Oak,54,13,0.13962369887072582,-0.023181405158081352,0.6335959028882682,1.0081222617568542,0.034272398899819076,0.06740638716984187,0.12495183905347094,0.06516541513706252,0.0707855597669421,0.2084618379745095,-0.15857111832185908,0.11220830800569638,0.38262274798367135,0.884569057792865,0.8772336733894783,1.13901085012423,True
150,Pine,297,74,0.17011942077158643,-0.6173263764377475,1.2768460684629748,0.6019737527938924,0.034809730774448155,0.11837857225982042,0.15318265262170877,0.06859326115187106,0.10161061754472031,0.23862822399845254,-0.8503064694403184,-0.38434628343517646,0.9753682927735016,1.578323844152448,0.4669758046226868,0.736971700965098,True
150,Spruce,6,1,0.09205180577292241,0.09249889699332439,0.7823874089617356,1.0175495903503224,0.05778422579206125,0.1940355735497105,0.13546992076405925,0.27513824496473704,-0.15657365106466814,0.34067726261051295,-0.742368793198494,0.9273665871851428,0.1995073845945361,1.3652674333289352,-0.16627473039100926,2.201373911091654,True
151,Alder,92,23,0.044939227186660914,0.17223364092202786,0.60205658938472,1.0967833554605597,0.016493100128691124,0.12463141968192575,0.21344178013640072,0.0815544730995244,0.012162656461267393,0.07771579791205444,-0.07544511625138303,0.4199123980954388,0.17788590298812806,1.0262272757813118,0.9347109776382286,1.2588557332828907,True
151,Aspen,53,13,0.21264193511678067,0.21656195467400158,0.012189319820989388,1.08899028024643,0.12979446363894914,0.2802280181202444,0.4149744286238972,0.12003777096903073,-0.04818980492852301,0.4734736751620844,-0.3465773312902454,0.7797012406382486,-0.8217330159834496,0.8461116556254283,0.8477653481868747,1.3302152123059852,True
151,Birch,96,24,0.05348162498217067,-0.6911600038285651,1.5329780389096304,0.9812492135454154,0.04746435532959984,0.3428504909002186,0.4886414341154308,0.19009610200941965,-0.04078668168085402,0.14774993164519534,-1.3720906725654671,-0.010229335091663128,0.5624939727175962,2.5034621051016646,0.6037019464387607,1.35879648065207,True
151,Oak,54,13,0.15178951269919252,-0.016198553844511014,0.6178597839501626,0.9920936086657867,0.037040025918102744,0.06757223687502861,0.12393413583084417,0.06611063952968063,0.0773924311289389,0.22618659426944615,-0.1519213859448808,0.11952427825585876,0.3689307461267871,0.8667888217735381,0.8593064812316379,1.1248807360999356,True
151,Pine,297,74,0.14203284457497908,-0.5851811508480786,1.204464979061674,0.6865309540488574,0.02718891490438289,0.11332709821199875,0.14446424068309974,0.06653131302760885,0.08852251916609478,0.1955431699838634,-0.8082194708507313,-0.362142830845426,0.9201458528263746,1.4887841052969732,0.5555911124807853,0.8174707956169296,True
151,Spruce,6,1,0.010347797999486309,-0.7528633184417688,1.4058774338333522,1.8291750546006698,0.04930251753330988,2.072150855712215,1.5273722874076647,1.8318950553973032,-0.20178381364610132,0.22247940964507396,-9.668608854114126,8.162882217230589,-5.165875107843476,7.977629975510181,-6.052833206021401,9.71118331522274,True
152,Alder,92,23,0.04569621147284132,0.09831075575645189,0.5638036656174581,1.1861980974845658,0.0172294992965136,0.14052824839302627,0.248253178817995,0.08639677096679861,0.011456202144764088,0.07993622080091856,-0.18095960799748623,0.37758111951039,0.0704526394403368,1.0571546917945793,1.0145026701881072,1.3578935247810244,True
152,Aspen,53,13,0.3990673233728721,0.5005403177604492,-0.3792955372134033,1.0026851084525341,0.22602774292029992,0.2915714428749686,0.4444299938610115,0.10437321420629182,-0.055152431703976434,0.8532870784497206,-0.08539443369513045,1.0864750692160288,-1.272411047513992,0.5138199730871855,0.7929392817639843,1.212430935141084,True
152,Birch,96,24,0.17408607339675947,-0.33649506057604284,0.9883745619321321,0.7885054792008336,0.117437461925016,0.27546245716244544,0.38418156095003225,0.1607597019750582,-0.05915486282998414,0.4073270096235031,-0.8835872775801126,0.2105971564280269,0.22535682050434647,1.7513923033599177,0.46922283479102894,1.1077881236106382,True
152,Oak,54,13,0.15622671767645507,-0.010846734840287291,0.6119312510353772,0.9841020382555744,0.0355568269993512,0.06729572040252088,0.12153977286753971,0.06409745041485668,0.08480872880951786,0.2276447065433923,-0.1460141672601557,0.12432069757958113,0.3678114327596234,0.856051069311131,0.8553585201623873,1.1128455563487616,True
152,Pine,297,74,0.15403022661937552,-0.7102080059987814,1.3986806206302738,0.6033425617103318,0.03140374535673977,0.12135638885898246,0.15378534685133396,0.06880216604539437,0.09222472099303668,0.21583573224571434,-0.9490487203534554,-0.4713672916441074,1.096016686373505,1.7013445548870425,0.46793346918594947,0.7387516542347142,True
152,Spruce,6,1,0.010262322410664328,-0.3252886148859651,0.8244722415386139,2.0095868058488158,0.012322668776082952,0.2856997030219838,0.12484723177724354,0.5586645081656417,-0.0427578420358904,0.06328248685721906,-1.5545552219668806,0.9039779921949505,0.2872979589372501,1.3616465241399776,-0.3941525651944353,4.413326176892067,True
153,Alder,92,23,0.04092108861796508,0.12447892071475271,0.6051738778752821,1.155214175511108,0.014979017563559809,0.1254089249056888,0.21880014220602617,0.08087715439614086,0.011153438828774603,0.07068873840715556,-0.12474496470969583,0.37370280613920126,0.17035457284562777,1.0399931829049365,0.9944878262832717,1.3159405247389444,True
153,Aspen,53,13,0.46108775390497536,0.6789039497857232,-0.6011671315977982,1.0000202677926338,0.3076526985376226,0.31944375623807236,0.46258977080051084,0.15924334885243957,-0.15716349071221813,1.0793389985221689,0.03695768759414386,1.3208502119773025,-1.5307760799477954,0.32844181675219897,0.6800087772612382,1.3200317583240293,True
153,Birch,96,24,0.18250983849453398,-0.2050481707503515,0.8232999698484306,0.8131192578799415,0.14081014594157945,0.30801823972119624,0.42506015579868855,0.1842464263705042,-0.09715126564792867,0.46217094263699665,-0.8167989820319924,0.40670264053128935,-0.020906189464460323,1.6675061291613216,0.4471899515183393,1.1790485642415438,True
153,Oak,54,13,0.12649371039330773,-0.034968551678541196,0.6418667030220699,1.0408157356780214,0.03046450386491799,0.06885217321838455,0.1270168524505846,0.0661202957196189,0.06530395355979784,0.1876834672268176,-0.17326221158426747,0.10332510822718509,0.38674584664209033,0.8969875594020496,0.9080092132155839,1.173622258140459,True
153,Pine,297,74,0.1521152472444965,-0.6181398000756543,1.2992550522090993,0.6141841717472656,0.03167121884158833,0.12359590351053702,0.15842114604125074,0.06921870908547946,0.08978332880386078,0.2144471656851322,-0.8613880885532416,-0.374891511598067,0.9874674319187,1.6110426724994986,0.4779552835929308,0.7504130599016003,True
153,Spruce,6,1,0.08147453897880307,0.21275200767592847,0.7510200813198707,0.9693389875562224,0.04627843239580043,0.19267651429539892,0.12613533769272448,0.26043565323969065,-0.11764548449504601,0.28059456245265213,-0.6162681225055073,1.0417721378573643,0.20830352628512516,1.2937366363546163,-0.15122518676573038,2.0899031618781754,True
154,Alder,92,23,0.051482870554573325,0.19372785695515482,0.4080646619476626,1.204896576207337,0.01967267332363669,0.13203096127907946,0.22529709287219699,0.08323287645254696,0.012387566244375627,0.09057817486477102,-0.06865593423867627,0.4561116481489859,-0.03966596729318106,0.8557952911885063,1.0394887244124456,1.3703044280022283,True
154,Aspen,53,13,0.5358758520339776,0.6360575966516203,-0.6077680553927036,0.9985258388448746,0.3162577174753246,0.2774648166161378,0.4226519767338982,0.11320179092433155,-0.09966782555544995,1.1714195296234051,0.07847117200522413,1.1936440212980166,-1.4571190017608688,0.2415828909754617,0.7710383230046564,1.2260133546850929,True
154,Birch,96,24,0.314204084819806,-0.07217086394482802,0.6291209156447736,0.6985090189454846,0.2004468309267922,0.26230208687396217,0.3688127520183079,0.153641655583773,-0.08390062336011256,0.7123087929997245,-0.5931254495929308,0.4487837217032748,-0.10337304465587793,1.361614875945425,0.39336342907683486,1.0036546088141343,True
154,Oak,54,13,0.1124349482165584,-0.10754758274925166,0.7400774840083166,1.0591479166706719,0.02288282398975007,0.05983661122981601,0.10669933129988984,0.05537294797467435,0.066473443581348,0.1583964528517688,-0.22773295347212935,0.01263778797362601,0.525765569870865,0.9543893981457683,0.9479280774522584,1.1703677558890855,True
154,Pine,297,74,0.1319827773583426,-0.6824759886497304,1.3566818200419166,0.6583115319581426,0.02674220034556688,0.12431067464112289,0.15891763042098997,0.0691676953916287,0.07935162794788247,0.18461392676880273,-0.9271310135095908,-0.4378209637898699,1.043917072094393,1.6694465679894401,0.5221830435206727,0.7944400203956126,True
154,Spruce,6,1,0.06479067578299057,0.09648750383431358,0.779045464662345,1.1183629934585821,0.05966354184008699,0.28085494730265576,0.19598622385389197,0.39843062878317,-0.19192082537859967,0.32150217694458083,-1.1119338018261242,1.3049088094947514,-0.06421519638544237,1.6223061257101326,-0.5959456390698743,2.8326716259870386,True
155,Alder,92,23,0.05076611512500597,0.15165002142831827,0.4590870646421593,1.197141147689426,0.020044281038790374,0.12740235679114087,0.22643434867075177,0.08540538414804175,0.010932318568790282,0.09059991168122167,-0.10153539097832046,0.404835433834957,0.009096378479127254,0.9090777508051914,1.0274158933700102,1.366866402008842,True
155,Aspen,53,13,0.5974864959294516,0.7343800085437379,-0.7234475843355057,0.9874023162515563,0.3854077907108101,0.27710814611094275,0.39672487627139924,0.15340860702396242,-0.17701945647968098,1.3719924483385841,0.17751034011239608,1.2912496769750796,-1.520696071643671,0.07380090297265973,0.6791161784137106,1.2956884540894018,True
155,Birch,96,24,0.25293874791519466,-0.09391142990850566,0.7506660611678,0.6915328272243506,0.1767937276376217,0.2816752066183268,0.39041431709226504,0.17032683342662802,-0.09818885546867062,0.60406635129906,-0.6533427035975469,0.46551984378053557,-0.024730471950967337,1.5260625942865673,0.35324903394611035,1.029816620502591,True
155,Oak,54,13,0.1346435772097679,-0.017728819114793792,0.6078307098581658,1.0360920469790256,0.03171225453221694,0.07273795005744224,0.13054090439700203,0.06730434976324597,0.07094763940382492,0.1983395150157109,-0.1638272914981995,0.1283696532686119,0.345631586829693,0.8700298328866385,0.9009072819780412,1.1712768119800099,True
155,Pine,297,74,0.16023462842828312,-0.5689522308127309,1.1924384251897686,0.6458379882485227,0.03398690797705616,0.1253903000897327,0.16317809959658863,0.07001280173295778,0.0933452173616829,0.22712403949488336,-0.8157320594493509,-0.322172402176111,0.8712886757523894,1.5135881746271478,0.5080462515538617,0.7836297249431836,True
155,Spruce,6,1,0.09205180577292187,0.092498896993322,0.7823874089617378,1.0175495903503244,0.05778422579209542,0.19403557354976056,0.13546992076402292,0.275138244964934,-0.1565736510648157,0.34067726261065945,-0.7423687931987117,0.9273665871853558,0.19950738459469453,1.365267433328781,-0.16627473039185459,2.2013739110925035,True
156,Alder,92,23,0.04791015265743249,0.30903485035313705,0.2905045558892466,1.2289292902985427,0.01910669068182261,0.13641996961844466,0.23740903413893688,0.0813383338740448,0.009939619914982274,0.0858806853998827,0.037928827369826,0.5801408733364481,-0.18129601147441965,0.7623051232529129,1.0672864437683998,1.3905721368286856,True
156,Aspen,53,13,0.4362209608697974,0.6198977619514351,-0.5708173652447859,1.044450111022177,0.2416655403281794,0.2828345183325426,0.4263465836012073,0.11287378472770722,-0.049424124641169576,0.9218660463807644,0.05152051770498156,1.1882750061978886,-1.4275929020844234,0.2859581715948515,0.8176217483123202,1.2712784737320342,True
156,Birch,96,24,0.1475680640570556,-0.3171908146224832,1.044530011457933,0.7743163288176357,0.10591928976376867,0.2845280668297947,0.3960888410608821,0.17290598763194495,-0.06279678804394725,0.35793291615805845,-0.8822881149416951,0.24790648569672868,0.25786338392988417,1.8311966389859817,0.43091011266290846,1.117722544972363,True
156,Oak,54,13,0.12147916743914822,-0.0423714123737281,0.5858101186587794,1.1121242709492125,0.02395244362968722,0.0672477508547431,0.12840100076177022,0.06079962361027297,0.07336926852966012,0.1695890663486363,-0.1774424951213041,0.09269967037384791,0.3279091185758691,0.8437111187416897,0.9900046329345021,1.2342439089639228,True
156,Pine,297,74,0.1546231070677396,-0.5638918058412445,1.1945672096232034,0.6523390703929565,0.032444241134983454,0.12713430527980285,0.16429978946302706,0.0710011459483857,0.09076980851269457,0.21847640562278464,-0.8141039996738875,-0.31367961200860156,0.8712098697037454,1.5179245495426614,0.5126021799189142,0.7920759608669987,True
156,Spruce,6,1,0.10879112766962605,0.10768724797144602,1.0879056110252114,0.673721535042048,0.22634355725228306,0.29277361104751337,1.366810316507306,1.8962464794381737,-0.8650865967910446,1.0826688521302967,-1.1520159287851337,1.367390424728026,-4.793004528271796,6.96881575032222,-7.485168555889308,8.832611625973405,True
157,Alder,92,23,0.03926832188365214,0.0759756833660931,0.6541165318936212,1.1699677557006767,0.01507788632013188,0.1366307163642907,0.24400760773433774,0.08196043529476828,0.009304191216577523,0.06923245255072676,-0.19554915448928395,0.3475005212214702,0.1692026861014722,1.1390303776857702,1.007088613322233,1.3328468980791204,True
157,Aspen,53,13,0.4037552261491336,0.6122499867017724,-0.6896101893810862,1.1726399907420015,0.260256813047588,0.2939844130048894,0.42363624348860346,0.14996647297930563,-0.11925042064547331,0.9267608729437405,0.02146619022517149,1.2030337831783733,-1.5409390938462368,0.16171871508406443,0.8712710802431778,1.4740089012408253,True
157,Birch,96,24,0.1690711916641655,-0.08552433995403427,0.7815359351048585,0.7781025074320819,0.12022599806740232,0.295342009499969,0.4101129230794847,0.1694957608502634,-0.06970801803929524,0.4078504013676263,-0.6720990638427734,0.5010503839347048,-0.032983729828137354,1.5960556000378543,0.4414692960261527,1.114735718838011,True
157,Oak,54,13,0.10260238582307382,-0.14869314805253364,0.7841508197201762,1.0830929510210883,0.027702217619076975,0.09609994630522169,0.15222174973005612,0.0698082410269579,0.04696084419887851,0.15824392744726912,-0.3417155708762805,0.044329274771213234,0.4784044372399504,1.0898972022004019,0.9428789724066657,1.2233069296355108,True
157,Pine,297,74,0.1405536182407533,-0.6809336504382664,1.34133109243852,0.6549398553260845,0.029216359761390517,0.12761564548293436,0.16287974488051782,0.07015275277039593,0.08305309188311549,0.1980541445983911,-0.9320931667732058,-0.42977413410332693,1.020768532964417,1.661893651912623,0.5168726819109453,0.7930070287412236,True
157,Spruce,6,1,0.09205180577292113,0.09249889699332031,0.7823874089617385,1.0175495903503275,0.0577842257920993,0.19403557354974504,0.13546992076401046,0.2751382449649625,-0.15657365106483312,0.3406772626106754,-0.7423687931986467,0.9273665871852874,0.19950738459474893,1.3652674333287282,-0.16627473039197405,2.201373911092629,True
158,Alder,92,23,0.05531738564383626,0.2693400649500302,0.3312101927415649,1.1854881890953968,0.021459463161938582,0.13492510904949945,0.2324622698419257,0.08200163583701406,0.012671211997397881,0.09796355929027464,0.0012047632247197404,0.5374753666753407,-0.1307597200709424,0.7931801055540721,1.0225271692969224,1.348449208893871,True
158,Aspen,53,13,0.3684213932159339,0.5389772224146097,-0.44370239086599156,1.0551479946459286,0.15728757938088336,0.20879546412639427,0.32068178896838945,0.08369114745550457,0.05234016858411111,0.6845026178477567,0.11938702808130125,0.9585674167479181,-1.0881365729751715,0.20073179124318846,0.8869643371524147,1.2233316521394424,True
158,Birch,96,24,0.07289278624400145,-0.4065219188903663,1.3389019998004505,0.8243497873644419,0.0527145880074237,0.29814895168100497,0.43731233091775074,0.15431062444136828,-0.0318029357012589,0.1775885081892618,-0.998671472237334,0.1856276344566013,0.4703619631307012,2.2074420364701997,0.5178755676012556,1.130824007127628,True
158,Oak,54,13,0.14102223664884747,-0.0386381356692952,0.7061525186366345,0.9549418935595179,0.03064323191471129,0.06582193062028013,0.12397778976941544,0.06647035399216376,0.07947349396233726,0.20257097933535767,-0.17084537419272297,0.09356910285413259,0.45713579929716264,0.9551692379761064,0.8214322583639941,1.0884515287550416,True
158,Pine,297,74,0.16484291474616608,-0.6304389986653057,1.268369113339095,0.6302779166110539,0.03515792231935336,0.12586002958863887,0.16220265488219662,0.07171845471886187,0.09564883801949228,0.23403699147283988,-0.8781432988532551,-0.3827346984773563,0.9491391302575656,1.5875990964206246,0.4891292954422851,0.7714265377798227,True
158,Spruce,6,1,0.10879112766961756,0.1076872479714428,1.0879056110251535,0.673721535042127,0.2263435572554813,0.2927736110481029,1.3668103165273855,1.8962464794675382,-0.8650865968048141,1.0826688521440493,-1.1520159287876737,1.3673904247305593,-4.793004528358249,6.968815750408556,-7.4851685560155765,8.83261162609983,True
159,Alder,92,23,0.043597060674314056,0.1830816914040249,0.4822103629908446,1.1990050500236706,0.017935193071141158,0.14889602735428026,0.24697662499323614,0.08195407859790235,0.00795463326024503,0.07923948808838308,-0.11281787467076079,0.4789812574788106,-0.008603780708421993,0.9730245066901111,1.0361385402444823,1.361871559802859,True
159,Aspen,53,13,0.2834329640408611,0.35119830359906845,-0.16180869245578416,1.0422750262962108,0.16330634863648508,0.286488633165348,0.4414732937521819,0.08781718682353588,-0.044743430245013704,0.6116093583267359,-0.22452215932901753,0.9269187665271544,-1.0489824914340515,0.7253651065224833,0.865799782261281,1.2187502703311406,True
159,Birch,96,24,0.20772018133565565,-0.24652368052680732,0.7234294138335177,0.9016030271265928,0.1323123785170575,0.26605586184784724,0.37051747484171255,0.16557499468568582,-0.0550636232003309,0.4705039858716422,-0.7749335872874569,0.2818862262338423,-0.012450273140892198,1.4593091008079275,0.5727567957520961,1.2304492585010895,True
159,Oak,54,13,0.12853238124807112,-0.005739291941429816,0.5712650215835104,1.0703419010291257,0.02882222810727099,0.06610058451753927,0.12095004602163309,0.06733942635602598,0.0706412323521653,0.18642353014397695,-0.13850622328931977,0.12702763940646017,0.3283297045377529,0.814200338629268,0.9350866826180916,1.2055971194401598,True
159,Pine,297,74,0.14252392856210663,-0.5467384140847098,1.179092106845975,0.6701899701452287,0.027126812369304365,0.11164232974168369,0.14559341284093072,0.06401742270140201,0.08913582674590542,0.19591203037830784,-0.7664609522916478,-0.3270158758777718,0.8925506642798962,1.4656335494120538,0.5441976996689286,0.7961822406215289,True
159,Spruce,6,1,0.01034779801428367,-0.7528633177908285,1.405877433355172,1.8291750540464835,0.04930251760458918,2.07215085575431,1.527372287437895,1.8318950554285123,-0.20178381393799405,0.2224794099665614,-9.668608853644304,8.162882218062649,-5.165875108451727,7.9776299751620705,-6.05283320670987,9.711183314802836,True
160,Alder,92,23,0.043999794247314046,0.08863563253907888,0.6056466284751764,1.1705547707108728,0.01696935538611979,0.1302843713689651,0.22752513006279138,0.07892562168407867,0.010276766275759977,0.07772282221886812,-0.17027717822836555,0.34754844330652335,0.15348824350699752,1.0578050134433552,1.013706682662604,1.3274028587591415,True
160,Aspen,53,13,0.5470895181052604,0.7947817331022194,-0.8620446456698705,1.0809483290330477,0.3085559376073185,0.27626131564201617,0.42419963373282016,0.10661732988759759,-0.07297685337960147,1.1671558895901222,0.23961383421127902,1.3499496319931599,-1.7145057252186393,-0.009583566121101783,0.8666927830420924,1.295203875024003,True
160,Birch,96,24,0.17731377591251934,0.01180034149760666,0.6721963374260737,0.7785317345692506,0.12931705844577623,0.3047101417176751,0.4280910166152309,0.16847813396744468,-0.07952106441500639,0.4341486162400451,-0.5933803016041075,0.6169809845993208,-0.17802937308313527,1.5224220479352826,0.44391961799104934,1.1131438511474518,True
160,Oak,54,13,0.13512332867518842,0.011440692243950537,0.5137929499926327,1.0920074055676423,0.03206656235157444,0.07493617209081962,0.149324334506138,0.07400583273102866,0.07071574267018636,0.19953091468019046,-0.13907303903501597,0.16195442352291703,0.2138661972619471,0.8137197027233183,0.9433623158871299,1.2406524952481548,True
160,Pine,297,74,0.13829926689029923,-0.658917118238676,1.3014221908479087,0.675623618753832,0.027314372042924296,0.11756253154364281,0.1509213353359741,0.0649355172101766,0.08454203010845918,0.19205650367213928,-0.8902911668506147,-0.4275430696267374,1.0043948989029299,1.5984494827928875,0.547824452485868,0.8034227850217961,True
160,Spruce,6,1,0.01034779802107499,-0.7528633174920838,1.4058774331357131,1.8291750537921398,0.04930251763735529,2.072150855774862,1.527372287452173,1.8318950554450326,-0.20178381407218393,0.22247941011433392,-9.66860885343399,8.162882218449822,-5.165875108732618,7.977629975004045,-6.052833207035295,9.711183314619575,True
161,Alder,92,23,0.04633651986001505,0.2642106585785037,0.45802858187355144,1.1353478596786528,0.015888712676889113,0.12460378451682434,0.21233214768595188,0.06933437233349769,0.014761042192018806,0.0779119975280113,0.01658682048861171,0.5118344966683956,0.03606305679942434,0.8799941069476785,0.9975603642558623,1.2731353551014433,True
161,Aspen,53,13,0.43028963887756494,0.6706153470481107,-0.6099208780327935,1.034657573606934,0.2699355939890324,0.2894774017902194,0.43315344865934463,0.14413962880066855,-0.11216624642256695,0.9727455241776968,0.08888872870197428,1.2523419653942471,-1.4803753223357439,0.2605335662701569,0.7449981448801097,1.324317002333758,True
161,Birch,96,24,0.20881941856821556,-0.13748877434618167,0.6001157247082752,0.9259918209402268,0.1477679338907287,0.28559835019927876,0.3882145472863416,0.18526183165551502,-0.08466045301629987,0.502299290152731,-0.7047117498207862,0.42973420112842287,-0.1709118756985052,1.3711433251150558,0.5580458320359047,1.2939378098445489,True
161,Oak,54,13,0.14796461570878863,-0.011277671376463554,0.6283941726548269,0.9850781991400425,0.03390833738066097,0.07467602595380525,0.15824800528391345,0.07717823690835955,0.07985771568667518,0.21607151573090208,-0.16126888376145201,0.13871354100852493,0.31054369967005313,0.9462446456396006,0.8300611481418856,1.1400952501381993,True
161,Pine,297,74,0.16490485549643552,-0.6093541338920407,1.280598301704004,0.5974418686760007,0.03235821471513392,0.1157977182302351,0.14878893835958665,0.06595875620659018,0.10122086497505416,0.22858884601781687,-0.8372548649766531,-0.3814534028074284,0.9877677662867752,1.5734288371212326,0.4676288724386646,0.7272548649133368,True
161,Spruce,6,1,0.07304672542810338,0.06960976071479573,0.7918980219656591,1.0964919788903658,0.062457725472656656,0.27900348284412907,0.1927788638554967,0.3810872600717576,-0.19568717756743503,0.34178062842364176,-1.130845336339227,1.2700648577688183,-0.0375624828299147,1.6213585267612327,-0.5431941609098054,2.736178118690537,True
162,Alder,92,23,0.04740218744577983,0.13821762601263987,0.5002568232672431,1.1951621760478066,0.017490070560153802,0.12566690793551588,0.215012030947274,0.08211919907317221,0.012644347486404174,0.08216002740515549,-0.11151894647228244,0.3879541984975622,0.0729655933489598,0.9275480531855264,1.0319675240216384,1.3583568280739748,True
162,Aspen,53,13,0.5393616493966203,0.6555434982437135,-0.6607793633994908,1.0192963631234757,0.30018634380419323,0.27019232009324184,0.4121351933369588,0.11155196461351548,-0.06388539363665069,1.1426086924298913,0.11257170252183757,1.1985152939655894,-1.4889960422789148,0.16743731547993324,0.7951242973830378,1.2434684288639137,True
162,Birch,96,24,0.12010015319283164,-0.4024542110479479,1.1788258057258665,0.7949741097658981,0.09378702506443945,0.333255971646291,0.469358455130815,0.16587615001130893,-0.06616897399520423,0.3063692803808675,-1.0643293363769002,0.25942091428100444,0.2466394002452339,2.111012211206499,0.4655297579199044,1.1244184616118917,True
162,Oak,54,13,0.10986287720589086,-0.1722243689338829,0.867364852236502,1.014207063788425,0.02092246666308275,0.06659027674890904,0.10276851110023774,0.0526330978107766,0.0678388661421316,0.15188688826965013,-0.30597487607521556,-0.03847386179255022,0.6609482228290913,1.0737814816439126,0.9084903755824991,1.119923751994351,True
162,Pine,297,74,0.1618041194931938,-0.5920866512293663,1.2131012698698662,0.6487386624592568,0.032862575014331916,0.11489308333131534,0.14992047490138252,0.06730411351440593,0.09712750076916737,0.2264807382172202,-0.8182069762923457,-0.3659663261663869,0.9180437647932571,1.5081587749464753,0.5162778773128887,0.781199447605625,True
162,Spruce,6,1,0.010262322410664701,-0.32528861488595706,0.824472241538613,2.0095868058487985,0.012322668776116059,0.2856997030226703,0.1248472317772776,0.5586645081671648,-0.04275784203603247,0.06328248685736187,-1.5545552219698264,0.9039779921979123,0.28729795893710264,1.3616465241401232,-0.39415256520100606,4.413326176898603,True
163,Alder,92,23,0.04273859334265571,0.17937202634007052,0.551324451193901,1.1491227827417576,0.017804221661590628,0.13161074241538967,0.23130332804738868,0.08000260198049089,0.0073564440833691,0.07812074260194232,-0.08217666816493904,0.44092072084508005,0.09165769166360649,1.0109912107241956,0.9901344226658061,1.3081111428177092,True
163,Aspen,53,13,0.37577940892489986,0.5716554474712425,-0.47381801465023604,1.041904937214834,0.2494898640815455,0.3239570495773233,0.49601070298166255,0.11494715197999945,-0.1255892438481137,0.8771480616979135,-0.07936061725279575,1.222671512195281,-1.4705888407132515,0.5229528114127793,0.8109099870172958,1.272899887412372,True
163,Birch,96,24,0.281372846684163,0.0013871005887189044,0.6169192290069259,0.6878987725983878,0.19263870427101887,0.283849555892859,0.4003263148546912,0.16157293276366666,-0.10122424798370278,0.6639699413520288,-0.5623626184427433,0.5651368196201811,-0.1781633872414463,1.412001845255298,0.36700098164680456,1.0087965635499712,True
163,Oak,54,13,0.13333766200398375,-0.008600357768085229,0.5804978314675475,1.055136422183468,0.03044017322069919,0.06519292512697687,0.12078933368807454,0.06795753492963152,0.07219677470762283,0.1944785493003447,-0.1395442015763773,0.12234348604020685,0.33788531464378596,0.8231103482913091,0.9186396961646509,1.1916331482022853,True
163,Pine,297,74,0.16640804021280248,-0.6815195828367301,1.344978136661638,0.6034366996630285,0.0331514415025086,0.12221370687002606,0.15805523203105823,0.06792345848196567,0.10116290524469586,0.2316531751809091,-0.9220475791558066,-0.4409915865176536,1.033910669338944,1.656045603984332,0.46975698574105357,0.7371164135850035,True
163,Spruce,6,1,0.108791127669623,0.10768724797144526,1.0879056110251906,0.6737215350420761,0.22634355725142138,0.29277361104777055,1.3668103165001737,1.8962464794291976,-0.8650865967873402,1.0826688521265861,-1.1520159287862413,1.3673904247291317,-4.79300452824113,6.968815750291511,-7.48516855585066,8.832611625934813,True
164,Alder,92,23,0.0370135576581888,0.10148095829239154,0.69577849083933,1.1329153918414474,0.012780818498165137,0.11545191926796859,0.20437308062871756,0.06950786150565494,0.011614366592538498,0.0624127487238391,-0.12795547074414879,0.33091738732893183,0.28962993906155626,1.1019270426171037,0.9947831231451708,1.2710476605377241,True
164,Aspen,53,13,0.34772503561266577,0.44937987228169957,-0.35118274059740734,1.056991542202675,0.16537663287014503,0.2284016255713056,0.35104700931488236,0.0913073959256496,0.015388249397008835,0.6800618218283228,-0.009610378586460744,0.9083701231498599,-1.0566381175848725,0.35427263639005785,0.8735024603837344,1.2404806240216157,True
164,Birch,96,24,0.16740959935874766,-0.401758940765048,1.1566397779220254,0.7085854009742251,0.12057968781983591,0.29634112681004887,0.4304241612483399,0.15961129564215243,-0.07207206872246727,0.4068912674399626,-0.9903179978723657,0.18680011634226973,0.30178024078153076,2.01149931506252,0.3915835906685046,1.0255872112799456,True
164,Oak,54,13,0.14256088248756837,0.02593865008296578,0.5099526083490614,1.0653406139821402,0.03433475783950512,0.07827104804160921,0.15481498072373487,0.06968271141561418,0.07359749176725733,0.21152427320787942,-0.13127337667468483,0.1831506768406164,0.19899756812670005,0.8209076485714228,0.9253787690124207,1.2053024589518597,True
164,Pine,297,74,0.14550891474417432,-0.5902385587226585,1.218117960995525,0.6707039930210971,0.02823910341262376,0.11428132196361514,0.14785509690240922,0.06478496111953681,0.08993172020813774,0.20108610928021092,-0.8151548802432624,-0.3653222372020546,0.9271253128360117,1.5091106091550384,0.5432011352093827,0.7982068508328114,True
164,Spruce,6,1,0.06479067578298979,0.09648750383431103,0.7790454646623457,1.1183629934585873,0.05966354183996185,0.2808549473023154,0.19598622385385703,0.39843062878231805,-0.19192082537806204,0.32150217694404165,-1.1119338018246625,1.3049088094932844,-0.06421519638529138,1.622306125709983,-0.5959456390662037,2.8326716259833784,True
165,Alder,92,23,0.03950070928812366,0.09563096374413266,0.5602187705691244,1.2287778128986455,0.014769596714807856,0.12890670551426564,0.2216198140327133,0.07721545147045261,0.010149239429142275,0.06885217914710504,-0.16054402563314363,0.35180595312140894,0.11979596029614475,1.000641580842104,1.0753283287830522,1.3822272970142389,True
165,Aspen,53,13,0.4300541518389119,0.6627370270156543,-0.6080272406013009,1.0447810746276758,0.23187952619485278,0.27103134213919344,0.4170997699136538,0.11185526832924278,-0.03592520199952515,0.896033505677349,0.1180791533668285,1.2073949006644802,-1.4462206096320829,0.23016612842948125,0.8199994972507829,1.2695626520045686,True
165,Birch,96,24,0.2372479837357653,-0.021784185311822208,0.6661325960532921,0.7202460452440393,0.16846057043232016,0.3073323520895551,0.41768586862325585,0.16607085759414889,-0.09732925014564789,0.5718252176171785,-0.6321727645532947,0.5886043939296502,-0.1634275924032037,1.4956927845097878,0.39041498733196056,1.0500771031561182,True
165,Oak,54,13,0.11783722582270191,-0.08458672896514167,0.693024114886937,1.0647336451619762,0.02385389157027087,0.06291131323362278,0.11008291254224024,0.0556803916072187,0.06992527455017082,0.165749177095233,-0.2109478204147599,0.041774362484476565,0.4719160778136292,0.9141321519602449,0.9528962872339584,1.176571003089994,True
165,Pine,297,74,0.17522056042899795,-0.6083512989384565,1.272392575348463,0.586933213066943,0.033770563977012114,0.11583922796505176,0.1469782627791975,0.0665345636627482,0.10875693457241177,0.24168418628558413,-0.8363337250603842,-0.38036887281652887,0.9831256186859322,1.561659532010994,0.455986973945136,0.71787945218875,True
165,Spruce,6,1,0.01026232241066462,-0.32528861488595834,0.8244722415386129,2.0095868058488024,0.012322668776120855,0.2856997030227667,0.12484723177729841,0.5586645081673629,-0.04275784203605319,0.06328248685738243,-1.5545552219702425,0.9039779921983258,0.28729795893701293,1.361646524140213,-0.39415256520185427,4.413326176899459,True
166,Alder,92,23,0.0384089568530295,0.05594943708152699,0.733342896341072,1.12667847489431,0.015027955079599776,0.129516590364868,0.23470479578869277,0.07981286121691229,0.008544054034202785,0.06827385967185622,-0.20143757027806541,0.3133364444411194,0.2669164344429336,1.1997693582392104,0.9680671847147635,1.2852897650738564,True
166,Aspen,53,13,0.4317821622548588,0.6282922321397045,-0.6133439890065002,1.0705030026682398,0.2716257360127119,0.3318543354195422,0.504752098063509,0.10499425355924788,-0.11407019060329099,0.9776345151130086,-0.03859402265338818,1.2951784869327971,-1.6276813061639575,0.400993328150957,0.8595091506747068,1.2814968546617729,True
166,Birch,96,24,0.1844334364495752,-0.06054653964295712,0.7311387931627029,0.7763676218774287,0.131937322055795,0.2978620180485263,0.41323649535761414,0.16967817873155447,-0.07760547358061379,0.4464723464797642,-0.6521262180285857,0.5310331387426716,-0.08958455593189374,1.5518621422572996,0.43937211281350014,1.1133631309413572,True
166,Oak,54,13,0.1399358972080857,-0.009340737719123476,0.5858946207235021,1.0364646832507034,0.03377734694430019,0.07336774083087394,0.13413942999174142,0.06608861501338757,0.07209209922052273,0.20777969519564865,-0.15670418209922238,0.13802270666097544,0.31646764632158775,0.8553215951254164,0.9037217933594446,1.1692075731419622,True
166,Pine,297,74,0.15592043738954295,-0.6385099779923586,1.2994354950882683,0.6218925722395601,0.03185226775570281,0.1204818564507221,0.15344382329035394,0.06778266427843725,0.09323219776642307,0.21860867701266284,-0.8756295308401759,-0.4013904251445414,0.9974437111158015,1.6014272790607351,0.4884899544677252,0.7552951900113949,True
166,Spruce,6,1,0.06479067578298979,0.09648750383431114,0.779045464662345,1.1183629934585877,0.059663541840067086,0.2808549473025871,0.19598622385387485,0.3984306287830138,-0.1919208253785148,0.3215021769444944,-1.1119338018258313,1.3049088094944536,-0.06421519638536866,1.6223061257100588,-0.5959456390691966,2.832671625986372,True
167,Alder,92,23,0.04717457673565376,0.1507780635712218,0.5920058416224612,1.1088169708833597,0.01740252436465322,0.12843780016302855,0.22674970722330953,0.07671919589968763,0.01259071644330094,0.08175843702800659,-0.10446507495397589,0.4060212020964195,0.14138844660414324,1.042623236640779,0.9563536904339135,1.2612802513328059,True
167,Aspen,53,13,0.5603856972460525,0.7244382647501286,-0.771525017836674,1.047460223204806,0.3127779778589785,0.2743140155706198,0.41390499306196166,0.10696230926776783,-0.06816518177870834,1.1889365762708133,0.17318361186192643,1.275692917638331,-1.603298242418142,0.06024820674479381,0.8325114151941404,1.2624090312154717,True
167,Birch,96,24,0.09385026880863273,-0.3831237382979228,0.9848434903889146,1.0478765220425004,0.0678125684207594,0.3085901975315757,0.4426245937086593,0.17775868275491277,-0.04083134544914982,0.22853188306641528,-0.9960105071606317,0.22976303056478609,0.10575284127809315,1.8639341394997362,0.6948324345037113,1.4009206095812894,True
167,Oak,54,13,0.13226600042751316,-0.03214549591417886,0.6299640015222331,1.0356798417403714,0.031958506148447606,0.07063744283314163,0.1301392696552524,0.06609319522022483,0.06807545169392053,0.19645654916110578,-0.1740249753721821,0.10973398354382435,0.3685715856140378,0.8913564174304284,0.9029277522329344,1.1684319312478084,True
167,Pine,297,74,0.14492780448114675,-0.6131254850889889,1.2790480163445483,0.6408297268346853,0.027701603172935074,0.11465080189645613,0.148033181499476,0.0634097837457713,0.09040846064765727,0.19944714831463622,-0.8387689776463151,-0.3874819925316627,0.9877048810555241,1.5703911516335727,0.5160333466085574,0.7656261070608132,True
167,Spruce,6,1,0.010347797970048284,-0.7528633197367751,1.4058774347846652,1.8291750557031754,0.049302517392106116,2.0721508556558668,1.527372287368658,1.8318950553567745,-0.2017838130679886,0.22247940900808516,-9.668608855166687,8.162882215693136,-5.1658751067243305,7.977629976293661,-6.052833204744515,9.711183316150866,True
168,Alder,92,23,0.0500871553435382,0.14655293355567073,0.46053609765049924,1.2017269056996631,0.01895991724003465,0.1365644614320594,0.24421844815170105,0.08261207611047254,0.012408303974379586,0.08776600671269681,-0.12484023654438797,0.41794610365572943,-0.024796749166172583,0.9458689444671711,1.0375527641326598,1.3659010472666664,True
168,Aspen,53,13,0.5409178724263949,0.6734911746163902,-0.611703039940257,0.964001083672417,0.3569392625236992,0.31438589669774675,0.4596597080194816,0.1516515378502519,-0.17637843070040382,1.2582141755531935,0.041709061709927164,1.3052732875228532,-1.5354238066822639,0.3120177268017498,0.6592459085359832,1.2687562588088508,True
168,Birch,96,24,0.24041409185149099,0.017664725946454254,0.601018742496133,0.7353170295249871,0.16309863640797947,0.2807858139830179,0.392910739344294,0.16130689566137402,-0.08351387823178447,0.5643420619347664,-0.5400001371992028,0.5753295890921114,-0.1793359006987213,1.381373385690987,0.4149476112220686,1.0556864478279055,True
168,Oak,54,13,0.11359268243841282,-0.03005702500277022,0.6750482351549781,1.03515158132531,0.0248467690304529,0.05996705672950878,0.11773609082574243,0.06851276806891568,0.06368647809603366,0.163498886780792,-0.15050440322268835,0.0903903532171479,0.4385683371038104,0.9115281332061459,0.8975396367252434,1.1727635259253768,True
168,Pine,297,74,0.16546996909219164,-0.6673561049529778,1.3202768236378486,0.6139688777993509,0.03501515212293394,0.12710196824743344,0.16377507456477636,0.07072803946568064,0.09655687745432924,0.23438306073005405,-0.9175046564839353,-0.41720755342202026,0.9979521716741633,1.642601475601534,0.47476948640580596,0.7531682691928959,True
168,Spruce,6,1,0.08147453897880265,0.2127520076759263,0.7510200813198722,0.9693389875562245,0.04627843239582035,0.19267651429543,0.12613533769272278,0.26043565323980766,-0.11764548449513214,0.28059456245273745,-0.6162681225056433,1.041772137857496,0.20830352628513382,1.2937366363546106,-0.15122518676623187,2.0899031618786807,True
169,Alder,92,23,0.03406468251518336,0.05213692072562109,0.7430055024981999,1.1588668460248663,0.01271685075005892,0.12500944572585307,0.21817172071999055,0.07245386564917097,0.00879261390702062,0.059336751123346104,-0.1962930837735288,0.30056692522477096,0.30943505311858627,1.1765759518778134,1.0148800131524296,1.302853678897303,True
169,Aspen,53,13,0.41477093168660756,0.6314822644024449,-0.6014780909738658,1.0688697633737578,0.2638467681265074,0.3126487632369404,0.482509094403691,0.10998772829862326,-0.11544899993700214,0.9449908633102173,0.00319105188240687,1.2597734769224829,-1.5711164187771778,0.3681602368294462,0.8478411481967456,1.28989837855077,True
169,Birch,96,24,0.05187714044351331,-0.48739430448384813,1.4332374018537641,0.9198187349164775,0.03728099989126104,0.2847368512188585,0.4071732745972717,0.15829077221857793,-0.022166143322776805,0.12592042420980343,-1.0529062686213728,0.07811765965367645,0.6245561325479376,2.2419186711595906,0.6054395981135318,1.2341978717194233,True
169,Oak,54,13,0.15229018013342457,-0.001839804368905339,0.566742252899565,1.0239952746796412,0.0342396230521764,0.06827169322086932,0.12484197136809319,0.061795402271329805,0.08351787325708039,0.22106248700976877,-0.13896753588623018,0.13528792714841947,0.31598977373555914,0.8174947320635709,0.8998755563616296,1.1481149929976529,True
169,Pine,297,74,0.16452672973828664,-0.5279658936852485,1.1873203971036312,0.6053447208725997,0.03240166122948199,0.12280878369714696,0.1564177072941874,0.06416530247781668,0.10075723241647493,0.22829622706009833,-0.7696650568116253,-0.28626673055887164,0.8794757314941797,1.4951650627130828,0.4790614091765535,0.731628032568646,True
169,Spruce,6,1,0.07304672542810316,0.06960976071479485,0.7918980219656597,1.0964919788903666,0.0624577254726596,0.27900348284416326,0.19277886385550583,0.3810872600717839,-0.1956871775674479,0.3417806284236542,-1.130845336339375,1.2700648577689648,-0.037562482829953336,1.6213585267612727,-0.5431941609099178,2.736178118690651,True
170,Alder,92,23,0.07121687595945525,0.17811707120052414,0.3782234382674245,1.1465163192258696,0.026338092000125764,0.12583997270582076,0.21872739060749932,0.07654751378992822,0.01887545266861443,0.12355829925029607,-0.07196343114838441,0.42819757354943266,-0.056451288247827136,0.8128981647826761,0.9943942208931211,1.298638417558618,True
170,Aspen,53,13,0.3715468638737909,0.4720812564154413,-0.32479144867363074,1.0055645349547235,0.18705933152476753,0.24261056464895925,0.3686106377093481,0.09726214943711839,-0.004362936632330894,0.7474566643799126,-0.01546292656904974,0.9596254393999324,-1.0655422583567542,0.4159593610094927,0.8101089279359268,1.2010201419735202,True
170,Birch,96,24,0.16697372615097678,-0.10229634357403418,0.7837592248061489,0.7895492726987868,0.11789012411826828,0.2867595146804587,0.3975128422943358,0.17449500811962668,-0.06716623626398627,0.4011136885659398,-0.6718254919364398,0.4672328047883715,-0.005735592086983932,1.5732540416992817,0.44298712469611995,1.1361114207014538,True
170,Oak,54,13,0.12992780358645523,-0.01669220771055727,0.5943828319550732,1.0580158008399123,0.03007787373227114,0.07077859819533601,0.13164654394652953,0.0668665162140535,0.0695146162288859,0.19034099094402457,-0.1588552060575179,0.12547079063640337,0.3299629665346981,0.8588026973754483,0.9237104504037419,1.1923211512760827,True
170,Pine,297,74,0.1500301364857891,-0.5103824323301814,1.1464548308281177,0.6538216506480539,0.03243826990963877,0.11983202122028062,0.15692825867496055,0.07368898755105689,0.08618858986024945,0.21387168311132876,-0.7462230487156438,-0.2745418159447191,0.8376053523889081,1.4553043092673272,0.5087948367139442,0.7988484645821635,True
170,Spruce,6,1,0.07304672542810424,0.06960976071479999,0.791898021965658,1.0964919788903595,0.06245772547257243,0.27900348284386967,0.19277886385544724,0.3810872600712414,-0.19568717756707177,0.3417806284232803,-1.1308453363381064,1.2700648577677065,-0.03756248282970298,1.6213585267610189,-0.5431941609075908,2.7361781186883096,True
171,Alder,92,23,0.05269723287397055,0.16165842778448936,0.5107388277484307,1.1343523734757548,0.021429431325354364,0.14441646374276407,0.2505247004026852,0.08936428382287082,0.010110741191998257,0.09528372455594285,-0.12533894692626368,0.4486558024952424,0.012873629748309301,1.0086040257485522,0.9567596379566676,1.311945108994842,True
171,Aspen,53,13,0.4478248197579681,0.6381357349363108,-0.6221073755458876,1.063040114799054,0.2994749058593714,0.3138856988457036,0.4590469931395874,0.1490197344410375,-0.15399253519863493,1.0496421747145712,0.0073588072469789045,1.2689126626256426,-1.5445968456378383,0.30038209454606324,0.7635737466227698,1.3625064829753382,True
171,Birch,96,24,0.23470326152971865,-0.07530739730397168,0.5449704396238899,0.8799344971423199,0.15765466853594076,0.27665145546178055,0.3840731300072707,0.17864835968369094,-0.07841251845297914,0.5478190415124164,-0.624761067561229,0.47414627295328565,-0.21783194859214294,1.3077728278399228,0.5251234344287774,1.2347455598558623,True
171,Oak,54,13,0.1575009063304294,-0.02539316073616038,0.6904631213974839,0.9243844610335001,0.03374549032711765,0.07186628026440178,0.15156901924100313,0.07876736165824622,0.08972109424158915,0.22528071841926967,-0.16974083281401167,0.11895451134169091,0.38602778668879145,0.9948984561061763,0.7661755590386936,1.0825933630283067,True
171,Pine,297,74,0.1700497603072684,-0.6999293458384284,1.404729781729347,0.5618456606720205,0.0349147354457464,0.11630713389185525,0.1498432357439542,0.06704102287471458,0.10133429807431903,0.23876522254021776,-0.9288326545513698,-0.47102603712548696,1.1098242905327633,1.6996352729259305,0.42990266249109116,0.6937886588529498,True
171,Spruce,6,1,0.010347798035899696,-0.7528633168399465,1.405877432656654,1.8291750532369295,0.04930251770874394,2.072150855815954,1.5273722874815814,1.8318950554755151,-0.2017838143645198,0.2224794104363192,-9.668608852958656,8.162882219278764,-5.165875109338213,7.977629974651521,-6.052833207721661,9.71118331419552,True
172,Alder,92,23,0.0778015940170076,0.2792911683449282,0.2693880001872569,1.1326921402143044,0.029295109328821456,0.1216721309379927,0.21255118683648228,0.07405610943101182,0.019583720158719696,0.1360194678752955,0.03749337569944436,0.521088960990412,-0.15301281917072052,0.6917888195452343,0.9855211845132267,1.279863095915382,True
172,Aspen,53,13,0.44079077895613206,0.7065932303899133,-0.7314132992823829,1.102455397911151,0.23323759345652004,0.26104971847798913,0.4012565659181194,0.10744245449650187,-0.027917713221707385,0.9094992711339716,0.181994180476987,1.2311922803028397,-1.537768557886952,0.07494195932218639,0.8865417019385958,1.3183690938837065,True
172,Birch,96,24,0.17536841054946775,-0.13059857035075656,0.776724249233002,0.8044165107399283,0.13046548792258633,0.3080352524171582,0.4239894138202944,0.17755036919466088,-0.08374730984793385,0.43448413094686933,-0.7423831703150618,0.4811860296135488,-0.06535532408761513,1.6188038225536192,0.45178615191279087,1.1570468695670657,True
172,Oak,54,13,0.1456751173426365,0.06200566603858935,0.409075424645777,1.114561327412907,0.032869682650203666,0.07605223017470923,0.152428123826961,0.07444505389908994,0.07965441674370963,0.21169581794156336,-0.09074973387440735,0.21476106595158603,0.10291452759271136,0.7152363216988427,0.9650340360530576,1.2640886187727562,True
172,Pine,297,74,0.1768911352828115,-0.6843276051591332,1.3799479896472027,0.5598874721570073,0.035923430622707794,0.11846769635943658,0.15488542065091804,0.06686802760810265,0.106190466676331,0.247591803889292,-0.917483102718635,-0.45117210759963133,1.075119007348004,1.6847769719464014,0.4282849448276422,0.6914899994863724,True
172,Spruce,6,1,0.06479067578299043,0.09648750383431298,0.7790454646623453,1.118362993458583,0.059663541840064026,0.2808549473027119,0.19598622385396935,0.3984306287830255,-0.19192082537850103,0.32150217694448185,-1.1119338018263665,1.3049088094949923,-0.06421519638577511,1.6223061257104656,-0.5959456390692517,2.8326716259864178,True
173,Alder,92,23,0.06839732141441343,0.10550608498784383,0.46878617978926834,1.1426538047245316,0.021985048608765035,0.10803090078197773,0.193374688453505,0.06745248476508098,0.024706657136394083,0.11208798569243278,-0.10918262922476213,0.3201947992004498,0.08449462131073299,0.8530777382678036,1.0086061653932072,1.276701444055856,True
173,Aspen,53,13,0.5491042597829785,0.7063433466115165,-0.6800585610512642,0.9952231771925634,0.3366097192244792,0.2987250128111883,0.44655728061484024,0.12276298567917031,-0.12733829654756101,1.2255468161135181,0.10603295815503766,1.3066537350679954,-1.5774490141346202,0.2173318920320918,0.7485217211356512,1.2419246332494756,True
173,Birch,96,24,0.1005254076182974,-0.5451168364480942,1.268220056974334,0.909950051267172,0.06722525386336631,0.28351269376250576,0.41337405194994276,0.1601424076284393,-0.03298974923330053,0.23404056446989532,-1.108197518211763,0.01796384531557449,0.44722350861390714,2.089216605334761,0.5918934067127184,1.2280066958216256,True
173,Oak,54,13,0.10582874168108901,-0.10938250170838201,0.7115452112798989,1.1008920136616005,0.026434503704667583,0.09164914434015557,0.1475123088316168,0.07090708773304161,0.05273347839121761,0.1589240049709604,-0.2934652256890394,0.07470022227227535,0.41525801922913336,1.0078324033306645,0.9584709364828716,1.2433130908403294,True
173,Pine,297,74,0.13071305340647746,-0.5578180347719446,1.226268086409037,0.6683836786096619,0.026288082622743635,0.11467162031563491,0.14832030581666641,0.0668229262759487,0.0789756501130533,0.18245045669990162,-0.7835024999237518,-0.3321335696201374,0.934359863631244,1.5181763091868299,0.5368699149168162,0.7998974423025075,True
173,Spruce,6,1,0.0920518057729215,0.09249889699332195,0.7823874089617366,1.0175495903503267,0.057784225792121224,0.1940355735498593,0.1354699207640435,0.27513824496509176,-0.1565736510649271,0.3406772626107701,-0.7423687931991367,0.9273665871857806,0.19950738459460482,1.3652674333288686,-0.16627473039253116,2.2013739110931843,True
174,Alder,92,23,0.04392416508901531,0.09391400763972793,0.6330241286942658,1.1415446639348752,0.015645680683232507,0.13069708500052798,0.22640220687343374,0.0781580187508451,0.01283166243884255,0.07501666773918807,-0.16581898474479914,0.353647000024255,0.18309731759928133,1.0829509397892503,0.9862220254160363,1.296867302453714,True
174,Aspen,53,13,0.2624942273107918,0.4105415554929451,-0.31010133646422167,1.1431241108254415,0.16629847379818058,0.2744829162055779,0.40135312106480797,0.13546011155460763,-0.07169506760641758,0.5966835222280011,-0.14105251592880436,0.9621356269146946,-1.1166506299005936,0.4964479569721503,0.8709068250265376,1.4153413966243455,True
174,Birch,96,24,0.23160957827730633,-0.2884103202282294,0.9419000270691062,0.692546476645006,0.15191295227687704,0.2792765526423431,0.38870148189118603,0.15712968432637325,-0.07010265760744916,0.5333218141620618,-0.8430776600764689,0.2662570196200102,0.16990533250639428,1.713894721631818,0.38047336061754566,1.0046195926724664,True
174,Oak,54,13,0.13877893867956206,-0.016853523290123188,0.6137798450111887,1.0217725682569854,0.032704304938387004,0.07024286102186711,0.12609753636112717,0.06742416439847225,0.07309040899064292,0.2044674683684812,-0.15794046185562174,0.12423341527537538,0.36050548933958965,0.8670542006827877,0.8863471484786543,1.1571979880353165,True
174,Pine,297,74,0.1461392027821996,-0.6806289975455386,1.3905396330315896,0.6033279727316027,0.029684364456076976,0.11798469577659093,0.15534119091024148,0.06740751119728483,0.08771759944912425,0.20456080611527497,-0.9128339048202997,-0.44842409027077756,1.0848136522690885,1.6962656137940906,0.47066369128253793,0.7359922541806674,True
174,Spruce,6,1,0.08147453897880265,0.21275200767592692,0.7510200813198714,0.9693389875562247,0.04627843239584103,0.19267651429545737,0.1261353376927164,0.26043565323991846,-0.11764548449522112,0.28059456245282643,-0.6162681225057605,1.0417721378576144,0.20830352628516058,1.2937366363545824,-0.15122518676670837,2.0899031618791577,True
175,Alder,92,23,0.04338427483157882,0.0890187936899147,0.6576833617955854,1.1259670591809519,0.017482618448230673,0.14058604952700868,0.24574847802242564,0.08571976823425757,0.008641244378699585,0.07812730528445805,-0.1903664376717624,0.36840402505159175,0.16930990212393365,1.146056821467237,0.955617032553335,1.2963170858085686,True
175,Aspen,53,13,0.4777619761920318,0.8152490695156794,-0.7939192668351238,1.0412183106734427,0.2394513125941566,0.256121288220631,0.38944078290856526,0.10745473505502394,-0.0034334520952781777,0.9589574044793419,0.3005540710058585,1.3299440680255004,-1.5765298204964004,-0.011308713173847074,0.8252799359945834,1.2571566853523022,True
175,Birch,96,24,0.12946316133457716,-0.2003457015317923,0.8647364538468778,0.8863646279153082,0.10431721246067971,0.3256541619689596,0.44027330723535,0.19037176531620933,-0.07771982695606272,0.33664614962521705,-0.84712297667653,0.4464315736129454,-0.00968433737207186,1.7391572450658275,0.5082698696869532,1.2644593861436633,True
175,Oak,54,13,0.14226030656886654,-0.01574699882099851,0.5760809590852002,1.0491118065696752,0.031874048403248915,0.06493092076375152,0.12065706829562947,0.06490407677157053,0.07823939620898021,0.20628121692875287,-0.14616459137812413,0.11467059373612712,0.33373410512064977,0.8184278130497507,0.9187481317576498,1.1794754813817006,True
175,Pine,297,74,0.16696580601764202,-0.6809655075284667,1.362007034095453,0.5897185184411347,0.033906452709059724,0.1203591699792787,0.15459670824161495,0.06847796768484327,0.10023473843721947,0.23369687359806457,-0.9178436019351034,-0.4440874131218301,1.0577462647987121,1.666267803392194,0.4549474785875236,0.7244895582947457,True
175,Spruce,6,1,0.081474538978803,0.2127520076759279,0.7510200813198713,0.9693389875562226,0.04627843239578702,0.1926765142952792,0.126135337692665,0.2604356532396285,-0.1176454844949884,0.2805945624525944,-0.6162681225049929,1.0417721378568487,0.20830352628538162,1.293736636354361,-0.1512251867654626,2.089903161877908,True
176,Alder,92,23,0.03963674739048942,0.055135329199713416,0.721075958956083,1.1221912772342575,0.014882499641892945,0.13191142673912562,0.23441602962396246,0.08484188586775267,0.010060906688802065,0.06921258809217677,-0.20701091221437018,0.317281570613797,0.2552233591304193,1.1869285587817466,0.9535858573361098,1.2907966971324052,True
176,Aspen,53,13,0.4102208998645832,0.6464717958297554,-0.623663934665483,1.0798663020989834,0.22785544184593318,0.26452459699258496,0.4040438955026117,0.10637578858089289,-0.047671753714145615,0.868113553443312,0.11488971610186494,1.178053875557646,-1.4356205417807657,0.18829267244979975,0.8660961515367257,1.2936364526612412,True
176,Birch,96,24,0.18005033425191733,-0.19057491914140895,0.8261242445397131,0.8026376883870234,0.13552183456938194,0.3058135554236802,0.4259922888678157,0.17798548362886046,-0.08910772703444678,0.4492083955382814,-0.7979470371065562,0.4167971988237384,-0.019933211507348836,1.672181700586775,0.4491431547358143,1.1561322220382326,True
176,Oak,54,13,0.08891688857140771,-0.25130730615256197,0.8841694605156871,1.1370451313368455,0.018369735370705145,0.08233916743879362,0.13812876606625346,0.05236073523474214,0.05202018920569824,0.1258135879371172,-0.4166903911945412,-0.08592422111058276,0.6067296687900794,1.1616092522412949,1.0318754994648087,1.2422147632088822,True
176,Pine,297,74,0.15863369694346727,-0.568543192412994,1.1979184910773424,0.6428825045494441,0.0295979101069277,0.10925008758689998,0.1415252050406186,0.06262802267049788,0.10038224384890862,0.21688515003802591,-0.7835575744978688,-0.3535288103281192,0.9193836616472136,1.476453320507471,0.5196247031771245,0.7661403059217636,True
176,Spruce,6,1,0.09205180577292095,0.0924988969933196,0.7823874089617385,1.0175495903503289,0.05778422579209281,0.1940355735497184,0.13546992076399336,0.27513824496493894,-0.15657365106480536,0.3406772626106473,-0.7423687931985328,0.927366587185172,0.19950738459482242,1.3652674333286545,-0.16627473039187146,2.2013739110925292,True
177,Alder,92,23,0.08093731991457791,0.18381627240163623,0.42310696360123556,1.0643372722423825,0.028615661059081927,0.12473208803637972,0.2226324038749382,0.07751272574110014,0.02406970671642044,0.13780493311273537,-0.0640625419722903,0.4316950867755628,-0.019328156202428615,0.8655420834048997,0.9102970179816561,1.218377526503109,True
177,Aspen,53,13,0.5253955307232346,0.8081658668952799,-0.8184326422436308,1.049509860827362,0.2824131248655206,0.268658905216408,0.4102993081008888,0.10556169149197185,-0.04213489164680351,1.092925953093273,0.26827558373813487,1.3480561500524249,-1.6429599716144374,0.0060946871271758685,0.8373756996156191,1.261644022039105,True
177,Birch,96,24,0.3086777813615221,-0.016137555176746338,0.5780954379867709,0.6998196963912647,0.1912070267422097,0.2528666794963625,0.35326063266963287,0.14405636432681712,-0.07107587815608946,0.6884314408791337,-0.5183526073373387,0.48607749698384606,-0.1235106708758863,1.2797015468494282,0.4137113223320464,0.9859280704504831,True
177,Oak,54,13,0.1368802945142631,-0.03505927480428856,0.6464616445435356,1.0145422191646143,0.03227306063336524,0.07024222110520818,0.13170829786786292,0.06628579496316599,0.07205794450373697,0.2017026445247892,-0.17614492805935084,0.10602637845077373,0.38191774272175827,0.911005546365313,0.8814032816885045,1.1476811566407241,True
177,Pine,297,74,0.14963577675135273,-0.621856007277934,1.3078988605265176,0.6100268681708487,0.02968404234229724,0.11446229391174262,0.14816268048174355,0.06623157649840539,0.09121480736829829,0.20805674613440717,-0.847128498504767,-0.396583516051101,1.0163008591383633,1.5994968619146719,0.47967693610343193,0.7403768002382656,True
177,Spruce,6,1,0.08147453897880272,0.21275200767592695,0.7510200813198713,0.9693389875562245,0.046278432395819774,0.1926765142954202,0.1261353376927162,0.26043565323981105,-0.1176454844951296,0.28059456245273506,-0.6162681225056005,1.0417721378574543,0.20830352628516124,1.2937366363545815,-0.1512251867662463,2.0899031618786954,True
178,Alder,92,23,0.0831336396451847,0.18962369552066125,0.3296846204954956,1.129079998522145,0.030897788902992072,0.12008816319814354,0.2163336776187258,0.07580415980108277,0.0217307769125756,0.1445365023777938,-0.049026294089200784,0.4282736851305233,-0.10023310445785172,0.7596023454488429,0.9784351600374108,1.279724837006879,True
178,Aspen,53,13,0.29787430532561404,0.46476377327882734,-0.31790690044469727,1.0598603886215543,0.18861850070016165,0.3039694539916133,0.4588648248003869,0.10523345784797711,-0.08116876294587494,0.676917373597103,-0.14608571430641448,1.0756132608640692,-1.2400302895532018,0.6042164886638072,0.8483858376127759,1.2713349396303326,True
178,Birch,96,24,0.13868882777519564,-0.17339338572797963,0.8803100316495247,0.8356770781017177,0.10263653538107273,0.28763516229031494,0.3829004477035539,0.18145801279782195,-0.06515619076442344,0.34253384631481476,-0.7446616458267918,0.3978748743708325,0.1198366917110345,1.640783371588015,0.4752858017828204,1.196068354420615,True
178,Oak,54,13,0.12588993030397982,-0.030763347982248654,0.6267756389808263,1.051190711275539,0.03153110695956943,0.07092470654552786,0.1320635905373761,0.06777620254360592,0.06255783810571293,0.18922202250224673,-0.17321981358734112,0.11169311762284383,0.3615181108302357,0.892033167131417,0.9150582020729925,1.1873232204780855,True
178,Pine,297,74,0.1605473387640207,-0.6488922649176032,1.3037061733216284,0.6236817575558902,0.03264495801809692,0.12172779090829426,0.15648371588836094,0.06859617146017644,0.09629901062547701,0.22479566690256436,-0.888463933213841,-0.40932059662136544,0.9957315966301632,1.6116807500130936,0.48867808162596343,0.7586854334858169,True
178,Spruce,6,1,0.08147453897880275,0.21275200767592647,0.7510200813198725,0.9693389875562237,0.046278432395807104,0.19267651429534213,0.1261353376926768,0.26043565323973333,-0.11764548449507506,0.28059456245268055,-0.6162681225052651,1.041772137857118,0.2083035262853321,1.293736636354413,-0.15122518676591268,2.08990316187836,True
179,Alder,92,23,0.02911702296920569,-0.0008202775258498537,0.7565913045972795,1.2332276255309846,0.011518720326449697,0.13232203627352282,0.23536801235068042,0.07906971578647481,0.006225986808627435,0.05200805912978394,-0.26378251910604406,0.26214196405434437,0.2888468391473149,1.2243357700472441,1.0760931807334422,1.390362070328527,True
179,Aspen,53,13,0.32087620998257393,0.4965715744562402,-0.37462243650534044,1.0658361369753933,0.17882059210383308,0.2648705375821817,0.40450054792305135,0.09761753889317999,-0.0384772237980775,0.6802296437632254,-0.03570569891402181,1.028848847826502,-1.1874967210167138,0.4382518480060329,0.8696663481061583,1.2620059258446283,True
179,Birch,96,24,0.2119192196387338,-0.14443698762560583,0.6838547442432743,0.8313746817413978,0.14119391693779448,0.27760225677576483,0.3727854659180606,0.16134453916843966,-0.0685040868281542,0.4923425261056218,-0.6957790313627065,0.40690505611149475,-0.05652936877483772,1.4242388572613862,0.5109305001841742,1.1518188632986215,True
179,Oak,54,13,0.14757664923252986,0.0008090713956468288,0.5523491603394155,1.0429151829869796,0.032954324989605405,0.06707006866707996,0.12305317948301892,0.06509431358062501,0.0813859394915281,0.2137673589735316,-0.13390512617484038,0.135523268966134,0.3051895754158275,0.7995087452630035,0.9121694062986709,1.1736609596752883,True
179,Pine,297,74,0.1452237088023305,-0.6995725036624743,1.3776319092641336,0.6303192684373926,0.02963026217978938,0.1207112609176746,0.1549010323654305,0.06787659391923323,0.08690858380499203,0.20353883379966894,-0.937143545939717,-0.46200146138523146,1.0727722016518177,1.6824916168764494,0.4967317883544943,0.763906748520291,True
179,Spruce,6,1,0.08147453897880343,0.21275200767592842,0.7510200813198719,0.9693389875562202,0.04627843239581029,0.19267651429539248,0.12613533769271318,0.26043565323973494,-0.11764548449508806,0.28059456245269493,-0.6162681225054798,1.0417721378573366,0.2083035262851749,1.2937366363545688,-0.15122518676592334,2.0899031618783637,True
180,Alder,92,23,0.04095907356489481,0.15937822001094204,0.568864059774201,1.1580106961484875,0.016268722220229674,0.1314039557328705,0.23055770886383078,0.08436218081669698,0.008628406782878746,0.07328974034691088,-0.10175952941571509,0.42051596943759917,0.11067906169041469,1.0270490578579872,0.9903585892364111,1.325662803060564,True
180,Aspen,53,13,0.3981655251016698,0.5840784111665247,-0.4921713203206856,1.0285831986045435,0.2567220386313798,0.323590568253022,0.4958106388764151,0.11650228790910072,-0.11773672655728717,0.9140677767606268,-0.06620118176332745,1.2343580040963769,-1.4885401025119573,0.504197461870586,0.7944630857535134,1.2627033114555735,True
180,Birch,96,24,0.22013607037720462,-0.17325626581024184,0.7675580428105235,0.776394975052959,0.15872885067854184,0.2987986780806824,0.4168301382669287,0.16518537224697724,-0.09511312806082639,0.5353852688152356,-0.7666962318693706,0.420183700248887,-0.06030259129427118,1.5954186769153182,0.4483225674727585,1.1044673826331595,True
180,Oak,54,13,0.1440352830381075,-0.01793283973887705,0.5920479915986361,1.0328186625480111,0.03083991411649075,0.06186105739108332,0.11681955329137263,0.06258647928976392,0.08209149252302511,0.2059790735531899,-0.14218443024592559,0.10631875076817149,0.3574090133637091,0.826686969833563,0.9071100192762502,1.158527305819772,True
180,Pine,297,74,0.1474262081672189,-0.592385722679769,1.2535791522383015,0.6377919819622011,0.03026937824823035,0.12729379736580498,0.16548298736729591,0.06995805521497425,0.08785324302007697,0.20699917331436085,-0.8429118118426275,-0.34185963351691034,0.9278931682702232,1.5792651362063799,0.5001079915311408,0.7754759723932614,True
180,Spruce,6,1,0.08147453897880354,0.21275200767593005,0.7510200813198702,0.9693389875562198,0.04627843239579652,0.19267651429534147,0.1261353376927052,0.2604356532396406,-0.11764548449502872,0.2805945624526358,-0.6162681225052586,1.0417721378571188,0.20830352628520743,1.293736636354533,-0.15122518676551755,2.0899031618779573,True
181,Alder,92,23,0.052890245864751315,0.24626348157849703,0.3620368591416799,1.1971689052719923,0.01732461493583628,0.11397312486434724,0.1965913827095685,0.06985679674385203,0.018461214190661185,0.08731927753884144,0.019765845672442467,0.47276111748455163,-0.0286472032301911,0.7527209215135509,1.058343201113364,1.3359946094306205,True
181,Aspen,53,13,0.44507383168727366,0.6673993478743527,-0.6459489535370071,1.0603682015510796,0.265752593160045,0.3032474778957038,0.46421925045934925,0.11177867033672126,-0.08897599873003414,0.9791236621045815,0.05800072557324998,1.2767979701754555,-1.5788324638588118,0.2869345567847976,0.8357405536031719,1.2849958494989873,True
181,Birch,96,24,0.1816465384043849,-0.1313764037314578,0.775206400896711,0.7990880709738906,0.13564031691539905,0.32557094203133286,0.43922680272886766,0.17725793605921977,-0.08774683904820405,0.4510399158569739,-0.7779883968967776,0.5152355894338618,-0.09713594204128628,1.6475487438347083,0.44703850959567587,1.1511376323521052,True
181,Oak,54,13,0.12392937226839686,-0.07204876679232185,0.6430688109113039,1.0849157007892676,0.021129184033146623,0.052154403164861515,0.09381453767899577,0.04895996720093728,0.0814901571473663,0.16636858738942742,-0.1768039685052812,0.03270643492063752,0.4546367664086367,0.831500855413971,0.9865767125396706,1.1832546890388644,True
181,Pine,297,74,0.14346186904185743,-0.5533747757576009,1.1742459301742112,0.6842175297416561,0.029146104581124564,0.11881162204159301,0.15206551229745072,0.06782987853512225,0.08609961144451814,0.20082412663919672,-0.7872071512003644,-0.3195424003148372,0.874966791042639,1.4735250693057833,0.5507219899003661,0.817713069582946,True
181,Spruce,6,1,0.07304672542810332,0.06960976071479613,0.7918980219656587,1.0964919788903658,0.06245772547255981,0.2790034828437755,0.19277886385541373,0.3810872600711795,-0.19568717756701842,0.34178062842322504,-1.1308453363377053,1.2700648577672975,-0.0375624828295581,1.6213585267608757,-0.5431941609073183,2.73617811868805,True
182,Alder,92,23,0.03451781731029665,0.10008225854438976,0.6495502909182674,1.194985554732803,0.015019550235377111,0.13875987380711877,0.24385105397860166,0.07898064771518998,0.004669617353209116,0.06436601726738418,-0.17567383231774933,0.3758383494065288,0.16494756281819406,1.1341530190183409,1.038028114010605,1.351942995455001,True
182,Aspen,53,13,0.2662685237608616,0.4006076715361508,-0.22628704661689142,1.0744424020747894,0.15403416036724019,0.27802607253179973,0.42815756485194145,0.09401765615859504,-0.04327471058513843,0.5758117581068616,-0.1581066391000518,0.9593219821723533,-1.0867018865329094,0.6341277932991267,0.8855068484055454,1.2633779557440334,True
182,Birch,96,24,0.2516011994447296,-0.037989728345691635,0.7196087900034168,0.6756808032577719,0.16216439551279507,0.2682572562012058,0.3706672737126635,0.15443075745718082,-0.07047128757988391,0.573673686469343,-0.57077179430976,0.49479233761837677,-0.016568410458883465,1.455785990465717,0.3689679889556664,0.9823936175598774,True
182,Oak,54,13,0.14250702492797154,-0.03575140874612869,0.7056207604504469,0.9494911471456244,0.03197836356638025,0.06437394756148652,0.12225222357395739,0.06775434126926755,0.0782765913966475,0.2067374584592956,-0.16505028770264904,0.09354747021039164,0.46006994281639524,0.9511715780844985,0.8134025476048524,1.0855797466863963,True
182,Pine,297,74,0.15692655162970173,-0.5880504484462967,1.2420498058718639,0.6262759884471087,0.031505198079155854,0.12317627190490898,0.15967438087052327,0.06575311033342256,0.0949213775646189,0.21893172569478458,-0.8304728627083084,-0.34562803418428506,0.9277957023192984,1.5563039094244293,0.4968677225063252,0.7556842543878923,True
182,Spruce,6,1,0.09205180577292159,0.0924988969933223,0.7823874089617366,1.0175495903503262,0.057784225792112585,0.19403557354976075,0.13546992076400535,0.2751382449650375,-0.15657365106488985,0.340677262610733,-0.7423687931987124,0.9273665871853569,0.1995073845947689,1.3652674333287043,-0.16627473039229823,2.2013739110929507,True
183,Alder,92,23,0.04125209214211673,0.13088764886019114,0.5230864637815934,1.230171321238985,0.014703286333634859,0.12439917155726272,0.2126078675201949,0.07436734807594071,0.01203240023157354,0.07047178405265993,-0.11632956396895092,0.3781048616893332,0.1005730034753422,0.9455999240878445,1.0823818441332964,1.3779607983446738,True
183,Aspen,53,13,0.526263284271083,0.7493626716466387,-0.7577998343350294,1.0382478733271183,0.3258305772693894,0.31396022126810125,0.47949730336438123,0.113422800937506,-0.1285177753090072,1.1810443438511733,0.11843598554264556,1.3802893577506319,-1.721385741446337,0.20578607277627803,0.8103162212372672,1.2661795254169694,True
183,Birch,96,24,0.1805743241674581,-0.1664653972663414,0.8035474494817318,0.8017297351632088,0.1306165271219523,0.3094833849299847,0.42414859173609576,0.16818695394429325,-0.07884137311712752,0.43999002145204374,-0.7811261133995036,0.4481953188668207,-0.03884826491941906,1.6459431638828828,0.46769592724475806,1.1357635430816595,True
183,Oak,54,13,0.14630979101226468,-0.034592766826322445,0.7158365052737798,0.9315179109358234,0.032341816946856006,0.06335234600707361,0.12147233186739534,0.06573640903199458,0.08134933988176224,0.21127024214276713,-0.1618396986717904,0.0926541650191455,0.4718521462333953,0.9598208643141644,0.7994824475778279,1.0635533742938188,True
183,Pine,297,74,0.18026910294751444,-0.6763630667546726,1.3990240819469921,0.5344327668880516,0.033882212161587176,0.11128376851350259,0.14486176762706524,0.06344079413910761,0.11358574302986209,0.2469524628651668,-0.8953799229560413,-0.45734621055330393,1.113922585536009,1.6841255783579752,0.40957535530983336,0.6592901784662699,True
183,Spruce,6,1,0.08147453897880341,0.21275200767592942,0.7510200813198713,0.9693389875562198,0.04627843239579501,0.1926765142952987,0.12613533769265492,0.2604356532396712,-0.11764548449502235,0.28059456245262915,-0.6162681225050752,1.041772137856934,0.20830352628542492,1.2937366363543177,-0.15122518676564944,2.089903161878089,True
184,Alder,92,23,0.03754378984205192,0.16878723583597818,0.5890215528162256,1.1640831655111623,0.014240683166312086,0.1269978586280195,0.2182823845133816,0.07619212663957248,0.009243424517368072,0.06584415516673578,-0.08359432147074655,0.42116879314270295,0.15523118240160222,1.022811923230849,1.012667324460407,1.3154990065619176,True
184,Aspen,53,13,0.3955181927866662,0.5578819915888152,-0.4804664030755874,1.0455443694129118,0.27274423855576474,0.3193577611337955,0.4706000862851366,0.14406252906645414,-0.15258187508466858,0.943618260658001,-0.08389145697069489,1.1996554401483253,-1.4261726830650816,0.46523987691390667,0.7560398784027542,1.3350488604230695,True
184,Birch,96,24,0.18205627423949888,-0.17720641977143528,0.6212633356971191,0.9902768638745094,0.11949660837593465,0.28371867379313104,0.3877189369532811,0.16934214920048268,-0.05527430457801272,0.4193868530570105,-0.7406961956554939,0.38628335611262343,-0.14877993980863025,1.3913066112028685,0.653948738464334,1.326604989284685,True
184,Oak,54,13,0.10412581527744443,-0.14588444733089084,0.8174217830241669,1.045464211274532,0.02832161352743394,0.09352004598440654,0.1510505477566001,0.06933351693304642,0.047240180357520804,0.16101145019736804,-0.3337249878569528,0.0419560931951711,0.5140278289398366,1.1208157371084972,0.9062037440646693,1.1847246784843948,True
184,Pine,297,74,0.16932147050910168,-0.6585861279373736,1.3251922482509113,0.5972043251222257,0.03549627591756025,0.12281410018453748,0.15732333126824546,0.06913562871609986,0.099461482281105,0.23918145873709834,-0.900295754407775,-0.4168765014669722,1.0155652300275229,1.6348192664742998,0.46113894689891344,0.7332697033455379,True
184,Spruce,6,1,0.010262322410664682,-0.32528861488595684,0.8244722415386121,2.0095868058488,0.012322668776060537,0.28569970302149045,0.12484723177721456,0.5586645081646169,-0.04275784203579361,0.06328248685712297,-1.5545552219647498,0.9039779921928361,0.287297958937373,1.3616465241398512,-0.3941525651900415,4.413326176887641,True
185,Alder,92,23,0.04743742732335748,0.1660511366720529,0.44459002593990254,1.2201202652693237,0.017988287382556305,0.12630282933717318,0.22380866887957174,0.08047933556029742,0.011689486122332934,0.08318536852438202,-0.08494919596921219,0.417051469313318,-0.00018267338582544923,0.8893627252656305,1.060184497381998,1.3800560331566494,True
185,Aspen,53,13,0.3903137501329957,0.48617299192109364,-0.4129022659573796,1.0522067271340376,0.19651377708160792,0.24628662523676792,0.37774026418886214,0.09237546616838838,-0.004595470044939098,0.7852229703109305,-0.008758511390844437,0.9811044952330317,-1.171999746937974,0.34619521502321465,0.8665712778037745,1.2378421764643008,True
185,Birch,96,24,0.17123927692696567,-0.22915289464969296,0.9297482752632062,0.760646844787809,0.11828099049630225,0.27124844615259636,0.3835559949742929,0.1641193575985574,-0.06367697985316689,0.4061555337070982,-0.76787572204762,0.309569932748234,0.16797296186018673,1.6915235886662257,0.4346916343145047,1.0866020552611133,True
185,Oak,54,13,0.12903481131750336,-0.04610567307770522,0.7264883311937129,0.9682848209944149,0.029265158277124607,0.06452781136769381,0.12175225161793675,0.06663003344819943,0.07025401099291372,0.18781561164209298,-0.17571359658420568,0.08350225042879525,0.48194173678772145,0.9710349255997044,0.8344544601724555,1.1021151818163744,True
185,Pine,297,74,0.1638098698353723,-0.6827044457322062,1.354267716812119,0.6019149884432199,0.03364147537861475,0.13228903046413226,0.1676031952730739,0.06900366360798188,0.09760030240410805,0.23001943726663654,-0.9430616204505106,-0.4223472710139019,1.0244089655463513,1.684126468077887,0.4661093298851773,0.7377206470012625,True
185,Spruce,6,1,0.10879112766963257,0.10768724797145422,1.0879056110252312,0.673721535042005,0.2263435572536292,0.2927736110480051,1.3668103165140006,1.8962464794494358,-0.8650865967968301,1.0826688521360952,-1.1520159287872416,1.3673904247301498,-4.793004528300581,6.968815750351044,-7.4851685559378085,8.83261162602182,True
186,Alder,92,23,0.04958812276660308,0.1756759799980406,0.4299666180103592,1.2114051271468715,0.01884090861783016,0.12905155079157943,0.22074936532939443,0.08275312973141503,0.012145776026178973,0.08703046950702718,-0.08078685893081003,0.4321388189268912,-0.008726358376659415,0.8686595943973778,1.0469506711485717,1.3758595831451714,True
186,Aspen,53,13,0.4848910532117294,0.8022033204638883,-0.8681846847494179,1.1118913127537946,0.28535483364204317,0.3136814390423094,0.47994736649878283,0.10973022667474118,-0.08855095427045429,1.058333060693913,0.1718368682173983,1.4325697727103783,-1.8326750275907635,0.0963056580919277,0.8913801664636564,1.3324024590439327,True
186,Birch,96,24,0.13595132926754006,-0.18254471652355195,0.8997001918304817,0.8320448828286768,0.10050119730549818,0.3029868020907945,0.4041196496602958,0.1813698409369831,-0.06365272353811566,0.3355553820731958,-0.784302658372859,0.419213225325755,0.09708368522908384,1.7023166984318796,0.47182872343613175,1.1922610422212219,True
186,Oak,54,13,0.10800842903617122,-0.11748348210552535,0.774092725372477,1.0462996047014674,0.027433294029952326,0.0897614442388095,0.14237190178080444,0.07563740141863524,0.052907036337371066,0.16310982173497138,-0.2977746488467105,0.06280768463565982,0.4881303447435276,1.0600551060014263,0.8943774128664446,1.1982217965364903,True
186,Pine,297,74,0.14416527098094362,-0.6666000629288779,1.3579069781821125,0.6260578585831146,0.02967690294030105,0.11844423438906734,0.1536036737316356,0.06741072820838429,0.08575835260821396,0.20257218935367327,-0.8997093851381089,-0.43349074071964677,1.0556005936027506,1.6602133627614744,0.4933872457555678,0.7587284714106614,True
186,Spruce,6,1,0.07304672542810414,0.06960976071479828,0.7918980219656583,1.096491978890361,0.062457725472638816,0.2790034828441011,0.19277886385548523,0.38108726007168237,-0.19568717756735748,0.34178062842356577,-1.130845336339104,1.2700648577687006,-0.037562482829866184,1.6213585267611828,-0.5431941609094866,2.7361781186902085,True
187,Alder,92,23,0.0361024317092503,0.09863086014352677,0.5795694691516661,1.236476676331344,0.014301908968125493,0.12740010274073146,0.22455328299701238,0.07908369788489357,0.007680392969156506,0.06452447044934409,-0.1545500728115785,0.3518117930986321,0.13331700573713812,1.0258219325661941,1.0793144450513248,1.393638907611363,True
187,Aspen,53,13,0.503315921234057,0.708582581567689,-0.7168948647719079,1.0468972926364852,0.27020995463508235,0.2535909849898152,0.38697505915811764,0.10699847642442262,-0.03969131242641977,1.0463231548945338,0.19897241777294372,1.2181927453624344,-1.4945503610426836,0.0607606314988679,0.8318758040034088,1.2619187812695616,True
187,Birch,96,24,0.2135925970742553,0.11463353158548557,0.5463921806112655,0.7431423231449362,0.1457282210116772,0.29945452372646303,0.4175263652976368,0.16289573825704137,-0.07583622867066694,0.5030214228191775,-0.48010900053676014,0.7093760637077313,-0.28285122047271016,1.3756355816952412,0.41961732630297366,1.0666673199868988,True
187,Oak,54,13,0.15238775654786513,-0.009422163953893474,0.6060144597545054,0.9965814603667779,0.03397089747868766,0.06423146325492583,0.11891966971142821,0.06077375391772973,0.08415520087080626,0.220620312224924,-0.13843485475813996,0.11959052685035301,0.3671572735476034,0.8448716459614074,0.8745137831587525,1.1186491375748033,True
187,Pine,297,74,0.14231907289417559,-0.7073825619415669,1.4127947283994517,0.614361887590341,0.029605948401006686,0.12332049080483029,0.16032422819793393,0.06945313176996963,0.08405179968566934,0.20058634610268183,-0.9500888124762669,-0.46467631140686694,1.0972616645765656,1.728327792222338,0.4776716336855007,0.7510521414951814,True
187,Spruce,6,1,0.06479067578299001,0.09648750383431143,0.7790454646623449,1.1183629934585866,0.05966354184004406,0.28085494730258415,0.19598622385391146,0.3984306287828677,-0.19192082537841554,0.3215021769443956,-1.1119338018258185,1.3049088094944412,-0.06421519638552631,1.622306125710216,-0.5959456390685693,2.8326716259857427,True
188,Alder,92,23,0.057684480204967574,0.1595394719988456,0.47533559352068067,1.1414893826984784,0.022395824279044393,0.13095609842907074,0.2279864404066031,0.08195091323525114,0.013177485600682826,0.10219147480925232,-0.10070825514707965,0.41978719914477086,0.022260451181703056,0.9284107358596583,0.9786291634124054,1.3043496019845515,True
188,Aspen,53,13,0.4728215694692846,0.7198773505079085,-0.6656942682509466,1.0169066136217857,0.2681569589959862,0.2859126417909891,0.4333371721585603,0.11750908875574415,-0.06606001499293018,1.0117031539314993,0.14531438558253418,1.2944403154332829,-1.5365179187483995,0.20512938224650645,0.7807632587206202,1.253049968522951,True
188,Birch,96,24,0.21190312738254682,-0.23391748009289812,0.874109383699658,0.7423130326923434,0.14896692048175958,0.28961060239951736,0.3983459068752723,0.171487141910352,-0.08395803506462293,0.5077642898297166,-0.8091091347625536,0.34127417457675735,0.08296002864119056,1.6652587387581255,0.4017247666111366,1.0829012987735502,True
188,Oak,54,13,0.11664200659830859,-0.07564019033803242,0.6759521157941142,1.0756696054652155,0.023211613016904123,0.05715022719613445,0.10445721030371262,0.05279061409292316,0.07002010976664919,0.163263903429968,-0.19042979993145698,0.03914941925539216,0.46614363421396665,0.8857605973742617,0.9696365364954799,1.1817026744349513,True
188,Pine,297,74,0.16574820205829013,-0.623131526037273,1.2829738384563438,0.6061546468197069,0.03242993840175422,0.11755822626363964,0.15331054843906197,0.0654962860556072,0.10192305261886904,0.22957335149771124,-0.8544971014558255,-0.39176595061872044,0.9812443518461123,1.5847033250665754,0.47725183505858193,0.7350574585808318,True
188,Spruce,6,1,0.010347798041135578,-0.7528633166096159,1.405877432487452,1.8291750530408375,0.04930251773544641,2.072150855892266,1.5273722875366356,1.831895055541559,-0.20178381447417534,0.22247941055644652,-9.668608853056671,8.162882219837439,-5.165875109744293,7.977629974719198,-6.052833208201917,9.711183314283591,True
189,Alder,92,23,0.04908111948447014,0.1594842666407909,0.5395139883012319,1.1323980897089199,0.019147497193305132,0.14844648243688904,0.2554294195326829,0.07890077589961382,0.011029492375331594,0.08713274659360867,-0.13552192337587682,0.45449045665745863,0.03190169168422252,1.0471262849182412,0.975599377436302,1.2891968019815379,True
189,Aspen,53,13,0.33840890609661656,0.5564429945958526,-0.4335273657205909,1.0451389631806702,0.23188358501042536,0.3306717719960838,0.515706576716935,0.11480811199188193,-0.12757860423708717,0.8043964164303203,-0.10806681002512342,1.2209527992168285,-1.469878531915634,0.6028238004744522,0.8144234243002237,1.2758545020611167,True
189,Birch,96,24,0.11039592093617137,-0.3372917996016035,1.1939948387891575,0.7649045015169675,0.08078534523042838,0.31661494674135743,0.45251629267922905,0.1608746521785442,-0.05005074783615568,0.2708425897084984,-0.9661164130668243,0.2915328138636173,0.29525842170148786,2.092731255876827,0.44539355608088865,1.0844154469530465,True
189,Oak,54,13,0.13438506279114323,0.04718323304360911,0.4279689239659913,1.135250680891221,0.031014259686989707,0.07194186455907793,0.1486400340596989,0.07222609462698275,0.07209108889178076,0.1966790366905057,-0.09731625455804568,0.1916827206452639,0.12941662913241558,0.726521218799567,0.9901803003967431,1.280321061385699,True
189,Pine,297,74,0.15383709140735183,-0.6840822850342522,1.4003014431144432,0.583357130957445,0.031134146094446886,0.11862307508245046,0.15514763313551674,0.06769232383559153,0.09256218232397992,0.21511200049072374,-0.9175435824412039,-0.45062098762730035,1.0949564021410938,1.7056464840877925,0.45013231161968736,0.7165819502952027,True
189,Spruce,6,1,0.0647906757829889,0.09648750383430692,0.7790454646623475,1.1183629934585935,0.059663541840062916,0.2808549473026418,0.19598622385390754,0.3984306287830106,-0.19192082537849775,0.3215021769444756,-1.111933801826071,1.3049088094946848,-0.06421519638550688,1.6223061257102018,-0.5959456390691773,2.8326716259863645,True
190,Alder,92,23,0.0415437560437408,0.11333081966467809,0.6059143234000488,1.1662353907852607,0.016714811437139893,0.14172681152389718,0.24934505704879073,0.0875866579531192,0.00832658068214858,0.07476093140533302,-0.1683214364516001,0.39498307578095626,0.11039341868123737,1.1014352281188602,0.9921753131405926,1.3402954684299289,True
190,Aspen,53,13,0.45687585695605953,0.6815665585726097,-0.6573287686493651,1.0476439158980624,0.25735494620047905,0.2718849673188378,0.40954692299265705,0.12102375601580968,-0.060298270081150906,0.9740499839932699,0.1351932609009806,1.2279398562442387,-1.4803441235378845,0.16568658623915422,0.8044375727043204,1.2908502590918043,True
190,Birch,96,24,0.16875864725944478,0.02050575753222662,0.6344904268334174,0.8328975056744904,0.11949724483187037,0.2842140550853779,0.39414901700067206,0.16392658851855613,-0.0685731956144921,0.40609049013338167,-0.5439678883580371,0.5849794034224903,-0.14832354267135572,1.4173043963381904,0.5073251512333079,1.1584698601156729,True
190,Oak,54,13,0.11492163533761625,-0.09668729033263075,0.7039149777509458,1.072314679793069,0.03183771369920263,0.10170007154276037,0.15883300019121763,0.06974874810155497,0.05097370537862758,0.17886956529660492,-0.3009578957311414,0.10758331506587988,0.3848895079145737,1.0229404475873178,0.93222019623607,1.2124091633500678,True
190,Pine,297,74,0.1677972162309297,-0.6009904203833605,1.2260978298893954,0.6329269854859888,0.033449933613541705,0.11514893238784334,0.1501597865771915,0.06608171288263559,0.10196462089342115,0.23362981156843823,-0.8276142802993679,-0.37436656046735306,0.9305693370704758,1.521626322708315,0.502871999019564,0.7629819719524136,True
190,Spruce,6,1,0.10879112766962083,0.10768724797144515,1.0879056110251744,0.6737215350420969,0.2263435572496211,0.29277361104706284,1.3668103164919645,1.8962464794147775,-0.8650865967795963,1.082668852118838,-1.1520159287831961,1.3673904247260866,-4.793004528205824,6.968815750256173,-7.485168555788595,8.832611625872788,True
191,Alder,92,23,0.04628317297682379,0.11375449766420744,0.551688815582056,1.1780834930906816,0.01767760825042345,0.13675725874960742,0.24018693224193932,0.086269394914423,0.011152641266301416,0.08141370468734617,-0.15802181659098113,0.385530811919396,0.0743677594727592,1.0290098716913527,1.006641198932131,1.3495257872492321,True
191,Aspen,53,13,0.5811891362518321,0.9287875273645794,-1.0088189145949382,1.0808790289734596,0.30369168423674797,0.27226668973084234,0.41185490062469143,0.10391480085193715,-0.029102152112408852,1.191480424616073,0.38164712978632875,1.4759279249428299,-1.836472324180642,-0.18116550500923445,0.8720544184101903,1.289703639536729,True
191,Birch,96,24,0.14843360396137958,-0.14470809900927284,0.7888884448578323,0.8567900306897736,0.11096174839030015,0.29595911930970276,0.4121407783974272,0.175727496396547,-0.07194600622156963,0.36881321414432877,-0.7325084562471804,0.44309225822863474,-0.02965871577488577,1.6074356054905503,0.5077800545845126,1.2058000067950345,True
191,Oak,54,13,0.12484409268018871,-0.05886245424774584,0.6190452107426988,1.0897849612887127,0.03058536683991992,0.09001191512561442,0.14331889712281673,0.06269877063475883,0.0634115754169231,0.18627660994345432,-0.239656706570939,0.12193179807544732,0.3311807339904337,0.9069096874949639,0.9638507742127522,1.2157191483646732,True
191,Pine,297,74,0.1627921191173582,-0.5133261502857803,1.1336960478867715,0.641971117985758,0.0321480151234664,0.12337874634131266,0.15921219919290072,0.06533695840091112,0.09952182103609442,0.22606241719862197,-0.7561470531604139,-0.2705052474111468,0.8203515610678853,1.4470405347056576,0.5133818779386718,0.7705603580328442,True
191,Spruce,6,1,0.010347798026430237,-0.7528633172565014,1.4058774329626544,1.8291750535915756,0.049302517662403976,2.0721508557582613,1.5273722874397957,1.8318950554286906,-0.20178381417460448,0.22247941022746495,-9.668608853126981,8.162882218613978,-5.165875108852423,7.977629974777732,-6.052833207165545,9.711183314348697,True
192,Alder,92,23,0.07006202372383101,0.27886577135313334,0.25158957757562117,1.1779753893050762,0.026372075529326338,0.13140225037047767,0.22156567264100144,0.07731109627667727,0.017653065309838692,0.12247098213782333,0.017731410975875328,0.5400001317303913,-0.18872563805834164,0.691904793209584,1.0243358312354487,1.3316149473747037,True
192,Aspen,53,13,0.37705476568588914,0.5953405688505758,-0.5887423615583754,1.1145858154963904,0.2390867556143747,0.28190580922071046,0.41252618703697896,0.14460428190103175,-0.10340805792232849,0.8575175892941067,0.028829635437756407,1.1618515022633953,-1.4177447716952334,0.2402600485784826,0.823992631405221,1.4051789995875597,True
192,Birch,96,24,0.10024317086724242,-0.5699672085642384,1.3621506511110038,0.8347462230753125,0.07616634716426157,0.2971896456673174,0.4459501729028441,0.15849763942303052,-0.05102976904784699,0.2515161107823318,-1.1602114973636524,0.020277080235175382,0.47645511466667445,2.247846187555333,0.5199562301481776,1.1495362160024474,True
192,Oak,54,13,0.1300256913149577,-0.021369015258419114,0.5967422587389917,1.0606040953000786,0.029274899582580446,0.0663716865957682,0.12406150916565478,0.06635311004312464,0.07122532500253098,0.1888260576273844,-0.15468047115584527,0.11194244063900705,0.3475573840433437,0.8459271334346397,0.9273299515067361,1.193878239093421,True
192,Pine,297,74,0.1522605108365769,-0.591835201003679,1.2508720070215873,0.6342995813035163,0.030880787993193815,0.11948186867112955,0.1541284698011728,0.06709488391953645,0.09148423417346549,0.21303678749968832,-0.8269866844497167,-0.3566837175576414,0.9475327747337754,1.5542112393093992,0.5022505795529184,0.7663485830541141,True
192,Spruce,6,1,0.09205180577292106,0.09249889699332063,0.7823874089617369,1.017549590350329,0.05778422579204483,0.19403557354961612,0.13546992076399345,0.27513824496470485,-0.1565736510645988,0.34067726261044096,-0.7423687931980917,0.9273665871847329,0.19950738459482042,1.3652674333286532,-0.16627473039086405,2.2013739110915225,True
193,Alder,92,23,0.047916680401713097,0.18998394747691114,0.48335423412436124,1.1622382081849199,0.01859345336304718,0.1414310443819492,0.24489531304656018,0.08236658832014339,0.010966098981118423,0.08486726182230778,-0.09108053359582377,0.471048428549646,-0.003323739437724127,0.9700322076864466,0.9985519220155775,1.325924494354262,True
193,Aspen,53,13,0.5648811913611819,0.7264682149431209,-0.7445850869277065,1.030010927974234,0.3436551415484969,0.29091009247967325,0.44301030199004615,0.11662564474556018,-0.12571967120682126,1.2554820539291849,0.14186249686499242,1.3110739330212493,-1.6348476196000497,0.1456774457446366,0.7956429202793245,1.2643789356691435,True
193,Birch,96,24,0.1486591931628564,-0.18160014457174709,0.9048585937158288,0.7919608718600366,0.1078516444901356,0.2927109601684576,0.41586753026873907,0.16867230274553413,-0.06554348221967965,0.36286186854539243,-0.762949377383948,0.39974908824045374,0.07890978218482625,1.7308074052468312,0.45696311932849276,1.1269586243915803,True
193,Oak,54,13,0.12744918331725685,0.007931975895350708,0.5434339000323111,1.0841679311280978,0.02830016200696958,0.06389937381631897,0.12005104456364767,0.06694558827589013,0.07060663504423034,0.18429173159028336,-0.12041369364094955,0.13627764543165097,0.30230428055678205,0.7845635195078401,0.9497037597816128,1.2186321024745828,True
193,Pine,297,74,0.13792266722565014,-0.5589291048274961,1.1957214052680976,0.6744341804583507,0.027725283026206277,0.12482618889802814,0.16184135193346122,0.06856286218958338,0.0833567192279771,0.19248861522332317,-0.8045987099211368,-0.3132594997338555,0.8772025001544094,1.5142403103817856,0.5394960602857918,0.8093723006309096,True
193,Spruce,6,1,0.08147453897880304,0.21275200767592847,0.7510200813198706,0.9693389875562226,0.04627843239580446,0.192676514295356,0.12613533769267432,0.26043565323973783,-0.11764548449506339,0.28059456245266945,-0.6162681225053227,1.0417721378571796,0.20830352628534077,1.2937366363544005,-0.15122518676593333,2.0899031618783788,True
194,Alder,92,23,0.07833838532830137,0.1320625083935519,0.36167019837096737,1.1722546196009003,0.027472486078448717,0.11785844827450988,0.20468206284487597,0.07333908199485673,0.023742592182884846,0.13293417847371788,-0.10215639134711016,0.36628140813421395,-0.045092390633391044,0.7684327873753258,1.0265086052564993,1.3180006339453012,True
194,Aspen,53,13,0.33315608944533415,0.5313157346959755,-0.4172049779296063,1.0651091971058093,0.1760600084560324,0.25843561556170536,0.39201650028995555,0.0939789804131321,-0.020649743796673115,0.6869619226873414,0.011969921270920447,1.0506615481210306,-1.2049916294583682,0.3705816735991557,0.8762513652569253,1.2539670289546934,True
194,Birch,96,24,0.18078801557010257,-0.12409877885783288,0.5521118675883726,1.0066606178947903,0.1276598325473808,0.2759102355808327,0.38631178288111223,0.18752973454552782,-0.07275543107652296,0.43433146221672814,-0.6720803224516876,0.42388276473602177,-0.21513667846880014,1.3193604136455455,0.63421037809244,1.3791108576971407,True
194,Oak,54,13,0.14645135321010871,-0.06432484644579634,0.6533265282678931,1.0221754442133264,0.024503833560292745,0.05019357926196287,0.09072299479388077,0.04704708698200004,0.09723395503118229,0.19566875138903514,-0.16514161744136366,0.03649192454977099,0.4711040303975739,0.8355490261382121,0.9276785889578332,1.1166722994688196,True
194,Pine,297,74,0.13564283184072362,-0.5331133274874342,1.1969402380977945,0.6543115288176458,0.027078820684350358,0.11740972435112072,0.15149211408978047,0.06508443053590707,0.08234918214546365,0.18893648153598358,-0.7641866372642473,-0.30204001771062117,0.8987896002245186,1.4950908759710704,0.5262192872082943,0.7824037704269973,True
194,Spruce,6,1,0.010347798028030467,-0.7528633171861027,1.4058774329109394,1.8291750535316436,0.049302517671288085,2.0721508558128257,1.5273722874799507,1.8318950554752627,-0.20178381421122948,0.2224794102672904,-9.668608853291353,8.162882218919147,-5.165875109076911,7.9776299748987896,-6.052833207425861,9.711183314489148,True
195,Alder,92,23,0.07348308032971779,0.21255007961086197,0.3784087837234814,1.10819535224684,0.02733545768860452,0.12474357651941971,0.22040260507738646,0.07873788617076447,0.01915960231463277,0.1278065583448028,-0.035351565708972216,0.4604517249306962,-0.05959507952919546,0.8164126469761583,0.9517203490814494,1.2646703554122305,True
195,Aspen,53,13,0.5487925656425972,0.6948620067986759,-0.6779223125902644,1.0054185006766818,0.3636376963886498,0.32789549877759805,0.49850929504422686,0.11981123168395884,-0.18196474430675424,1.2795498755919485,0.035931332089074064,1.3537926815082777,-1.6797142473898967,0.3238696222093679,0.764648816354644,1.2461881849987198,True
195,Birch,96,24,0.18389551203183277,-0.05478908411101768,0.7977089817468754,0.7117615174024832,0.12720363792899197,0.2816749769531229,0.39439579410457576,0.165686048512489,-0.06874189272534395,0.4365329167890095,-0.61421990166514,0.5046417334431046,0.01440489161270242,1.5810130718810484,0.38269472354212763,1.0408283112628387,True
195,Oak,54,13,0.11322574742532379,-0.025736308696573548,0.608426043501282,1.0920597207153433,0.026778990740145663,0.0663399947573631,0.12504334008166648,0.066519148023474,0.059438561561342314,0.16701293328930528,-0.15898410966319193,0.10751149227004482,0.3572691033727365,0.8595829836298277,0.9584520798236152,1.2256673616070712,True
195,Pine,297,74,0.1505218568522614,-0.6674277576857658,1.3560439155235215,0.6129610739614271,0.031677181774125644,0.12538523946865487,0.16116714811561383,0.06980427977606868,0.0881782028031402,0.21286551090138262,-0.914197626547176,-0.4206578888243556,1.038851906529513,1.6732359245175301,0.47557972796486037,0.7503424199579938,True
195,Spruce,6,1,0.09205180577292067,0.0924988969933191,0.7823874089617382,1.0175495903503304,0.05778422579203858,0.1940355735495813,0.1354699207639648,0.2751382449647059,-0.15657365106457233,0.3406772626104137,-0.7423687931979434,0.9273665871845816,0.199507384594945,1.3652674333285315,-0.16627473039086715,2.201373911091528,True
196,Alder,92,23,0.06827645259503747,0.2704057408683343,0.2702312236335828,1.1762953804530345,0.02117025506971114,0.1059554225785369,0.18346494834103075,0.0640305939221946,0.026205019259109848,0.11034788593096509,0.0598416034541043,0.4809698782825643,-0.09436680875632159,0.6348292560234872,1.049048030112337,1.303542730793732,True
196,Aspen,53,13,0.46627892684246497,0.6961584667874351,-0.6641156975214523,1.038987164273646,0.35392690023267653,0.3338441265981656,0.4699920140007854,0.17768131995890524,-0.2449638076190327,1.1775216613039627,0.02527357691472254,1.3670433566601476,-1.6086000105059295,0.28036861546302494,0.6819231835837927,1.3960511449634991,True
196,Birch,96,24,0.27667891728333166,-0.0288556105480543,0.5830156810557189,0.7456504483445523,0.18179676235377468,0.274173507990405,0.38280694677129073,0.15216892265833087,-0.08438514489351656,0.6377429794601799,-0.573387863238289,0.5156766421421805,-0.17727195796058126,1.343303320072019,0.44342983318764656,1.047871063501458,True
196,Oak,54,13,0.14633270110976251,-0.023279536526622933,0.596816750960131,1.0294202915894017,0.03383320478485358,0.0654702592548429,0.12096902756921388,0.06383865117223787,0.07837670934757379,0.21428869287195124,-0.15478042232453681,0.10822134927129096,0.3538433083540182,0.8397901935662437,0.9011965870731814,1.157643996105622,True
196,Pine,297,74,0.15731864670818133,-0.4990238431487961,1.1228080337523287,0.6495465297677543,0.03149946670223247,0.1176092014302198,0.14974842915116512,0.06601674781591246,0.09532475252849626,0.2193125408878664,-0.7304897424589445,-0.2675579438386477,0.8280891307902845,1.417526936714373,0.5196194006238004,0.7794736589117082,True
196,Spruce,6,1,0.09205180577292128,0.0924988969933204,0.7823874089617385,1.017549590350327,0.05778422579205278,0.19403557354959255,0.13546992076395514,0.27513824496477446,-0.15657365106463283,0.3406772626104754,-0.7423687931979905,0.9273665871846313,0.19950738459498685,1.3652674333284902,-0.16627473039116558,2.20137391109182,True
197,Alder,92,23,0.03951182342780704,0.10202240515413688,0.599077722947016,1.1931266778130787,0.01638230677401111,0.13405657805804697,0.235095837020513,0.08391001024581493,0.006955431213259755,0.07206821564235433,-0.1643868737345683,0.3684316840428421,0.13187414877215015,1.0662812971218818,1.0263731648936911,1.3598801907324662,True
197,Aspen,53,13,0.4835369620976216,0.7247952107263147,-0.6969331626685705,1.0340220524626729,0.26753185528036216,0.2703945753083622,0.41304014601174144,0.11176573395650478,-0.054088429417037676,1.021162353612281,0.1814169679325527,1.2681734535200766,-1.5269684120340115,0.13310208669687051,0.8094204011441062,1.2586237037812396,True
197,Birch,96,24,0.15385063043750238,-0.10022808753975695,0.7520080498616757,0.8546944320073813,0.11256849007753644,0.2870502552107755,0.40190191966771255,0.16834894566915684,-0.06972010742534179,0.37742136830034656,-0.670334671691208,0.469878496611694,-0.04620385354676049,1.550219953270112,0.5203388945407197,1.1890499694740428,True
197,Oak,54,13,0.11369393853076169,-0.0763687280801276,0.6700652229435959,1.0859348917237093,0.029393716301433778,0.09207691585270897,0.14464718118811873,0.0705721220097421,0.0546549218150122,0.1727329552465112,-0.2613106564302212,0.10857320026996603,0.3795328091285103,0.9605976367586816,0.9441866130007551,1.2276831704466635,True
197,Pine,297,74,0.16868329509337018,-0.4880112355773111,1.1430651868899966,0.6051682332234285,0.03441139820728714,0.12363740236440321,0.15570347614389468,0.06924909609518483,0.10095844758392426,0.23640814260281612,-0.7313411976774863,-0.2446812734771359,0.8366261949311388,1.4495041788488545,0.46887954059424597,0.741456925852611,True
197,Spruce,6,1,0.010262322410665096,-0.3252886148859483,0.8244722415386112,2.009586805848781,0.012322668776079501,0.28569970302193276,0.12484723177724902,0.558664508165455,-0.04275784203587479,0.06328248685720497,-1.5545552219666443,0.9039779921947478,0.28729795893722376,1.3616465241399986,-0.39415256519366615,4.413326176891228,True
198,Alder,92,23,0.04957237662734691,0.15961532557562905,0.49842559389575364,1.1651151687281855,0.019170713953731593,0.1345488668834843,0.23431806834388066,0.08676228406457014,0.01147461108551865,0.08767014216917518,-0.10777227390643743,0.42700292505769555,0.032767671529142395,0.9640835162623649,0.9926933609570625,1.3375369764993086,True
198,Aspen,53,13,0.5509025160455495,0.6493612634170619,-0.6592004191768694,1.0202460096325887,0.292049323572924,0.25072942678414184,0.3839380061145251,0.10268191194895586,-0.03599257262694333,1.1377976047180423,0.1455016161320417,1.153220910702082,-1.4307527288573936,0.1123518905036548,0.813898982078882,1.2265930371862954,True
198,Birch,96,24,0.32568265953753295,-0.1400367898344696,0.6921406457883881,0.6751866432857023,0.21134690473803622,0.2648315031031471,0.3696674771087952,0.15873430186968146,-0.09407053609265476,0.7454358551677207,-0.6660150144452308,0.38594143477629167,-0.04205087231923521,1.4263321638960114,0.3599266183115378,0.9904466682598668,True
198,Oak,54,13,0.12391900686775606,-0.01638098061023424,0.5948231187943152,1.0699370435499507,0.02968327373443051,0.06906179646036056,0.12962106847799504,0.0675329626326463,0.06429839693148448,0.18353961680402764,-0.15509568118873954,0.12233371996827105,0.3344715405826015,0.8551746970060288,0.9342930960869887,1.2055809910129125,True
198,Pine,297,74,0.13888767754479245,-0.7442169296813668,1.3997377245888742,0.6647484098953613,0.027329773376967074,0.11858057755543618,0.15186206466980387,0.06643449612828674,0.08510012949826022,0.19267522559132466,-0.9775945879836465,-0.510839271379087,1.1008589894012377,1.6986164597765108,0.5339991130329541,0.7954977067577685,True
198,Spruce,6,1,0.08147453897880319,0.21275200767592933,0.7510200813198702,0.9693389875562217,0.04627843239584072,0.19267651429552474,0.12613533769274418,0.26043565323994505,-0.11764548449521925,0.28059456245282566,-0.6162681225060478,1.0417721378579066,0.2083035262850398,1.2937366363547005,-0.15122518676682573,2.089903161879269,True
199,Alder,92,23,0.04958409461097801,0.2415274090103066,0.39116900171574287,1.1910522487971322,0.019508355413101443,0.1313166124773381,0.22454683136342732,0.08279966296805064,0.010815337618997244,0.08835285160295878,-0.019436764049869687,0.5024915820704828,-0.055070640432749896,0.8374086438642356,1.0265053177692884,1.355599179824976,True
199,Aspen,53,13,0.3753131347452135,0.615054454117343,-0.6146821174465773,1.1265472390858746,0.2467140172884987,0.2890112684286743,0.42051609285953834,0.15034944192152866,-0.12047724505042862,0.8711035145408557,0.03426456583176751,1.1958443424029186,-1.4597408444714455,0.23037660957829087,0.8244087236841697,1.4286857544875795,True
199,Birch,96,24,0.2676333566760764,0.15435776753354127,0.4778730334182841,0.7128250068971129,0.17761170093038733,0.29044912854840205,0.3978432749838905,0.15634231610836585,-0.08511881227218215,0.6203855256243349,-0.42249927244681984,0.7312148075139023,-0.31227805131824665,1.2680241181548149,0.4023156721138393,1.0233343416803866,True
199,Oak,54,13,0.14949282642518832,0.007491719431553848,0.5625259078626398,1.0241133256572659,0.03339575858964486,0.06940143322258106,0.12484379517644603,0.06285086444090734,0.08241547120443989,0.21657018164593678,-0.13190516166051383,0.14688860052362154,0.31176976547174806,0.8132820502535315,0.8978736491810717,1.15035300213346,True
199,Pine,297,74,0.15606192498979016,-0.6498572437236645,1.3083951829651774,0.6259452686087731,0.032020961723111856,0.11857820411348202,0.15418619100553635,0.06827357412350868,0.09304167987390534,0.219082170105675,-0.8832302308703739,-0.41648425657695504,1.0049423499529766,1.6118480159773783,0.4915764943849953,0.7603140428325509,True
199,Spruce,6,1,0.10879112766962366,0.10768724797144612,1.087905611025192,0.6737215350420723,0.22634355724892674,0.29277361104715455,1.3668103164857022,1.8962464794072957,-0.8650865967766059,1.0826688521158532,-1.1520159287835898,1.367390424726482,-4.793004528178862,6.968815750229245,-7.485168555756428,8.832611625840572,True
200,Alder,92,23,0.05512352748239278,0.16588320347368776,0.44942287184785257,1.1725084727387152,0.021462112757314068,0.1452780147195082,0.25085191500059695,0.07962456192456543,0.012472088321918796,0.09777496664286675,-0.12282632276118424,0.4545927297085598,-0.04909259640632363,0.9479383401020287,1.0142713878344045,1.3307455576430258,True
200,Aspen,53,13,0.3437726089296176,0.6351123616895631,-0.5286941968341751,1.0600158841578107,0.23019654050673904,0.3267030938547349,0.5058226555216686,0.11532423976209075,-0.11882465854554314,0.8063698764047783,-0.02142208561442205,1.2916468089935482,-1.5451828797494738,0.48779448608112375,0.8282631476911578,1.2917686206244634,True
200,Birch,96,24,0.2592072697113848,-0.22481892407626222,0.8259649033750199,0.7053608668027151,0.16371492725510642,0.2704668223014243,0.3777397032395339,0.15130844979855623,-0.06594470719063167,0.5843592466134013,-0.7619893790383738,0.3123515308858493,0.07574124740180121,1.5761885593482385,0.4048492250187157,1.0058725085867146,True
200,Oak,54,13,0.12102782460961718,-0.01637042621760788,0.5994088901155247,1.072426478733837,0.028771919656403435,0.0695844047547531,0.12971013891169111,0.06832493654348706,0.06323772321111706,0.1788179260081173,-0.15613481644787472,0.12339396401265897,0.338878408672592,0.8599393715584573,0.9351918048557097,1.209661152611964,True
200,Pine,297,74,0.14518291681115725,-0.6692598235146145,1.365959617578244,0.6150931117521108,0.0309347165377255,0.12256260608729642,0.1587156412142475,0.0716060519521143,0.08430050373264027,0.20606532988967424,-0.9104744860988473,-0.4280451609303818,1.0535924032660229,1.6783268318904652,0.4741657097326414,0.7560205137715802,True
200,Spruce,6,1,0.10879112766962006,0.10768724797144474,1.087905611025168,0.6737215350421052,0.22634355725223892,0.2927736110477936,1.3668103165057202,1.896246479437103,-0.8650865967908608,1.082668852130101,-1.1520159287863407,1.3673904247292303,-4.793004528265017,6.968815750315352,-7.485168555884645,8.832611625968855,True
